actor_user_id,target_user_id,persona,card_click,full_profile_open,dwell_time_ms,saved_profile,interaction_type,label,relevance_score,reasoning,created_at
11,13,culture-hiker-cafe,1,1,14200,1,SUPER_LIKE,3,88.0,"Maria Elena shares cafes, hiking, mountains, Romanian origin, and speaks EN/RO/ES — nearly identical Travel DNA. She seeks a travel buddy and friendship, John wants a long-term partner. Budget gap (luxury vs moderate) is the only friction, but the activity and vibe alignment is so strong John would SUPER_LIKE and save her profile.",2026-05-03T01:52:04.513347
11,15,culture-hiker-cafe,1,0,0,0,NO,0,12.0,"Ana's bio is off-putting and self-absorbed. Her experience type is Ultra-Luxury vs John's moderate budget. She seeks couples and relaxation, not a long-term travel partner. Language mismatch (German only). John swipes quickly after a glance at the card — no click-through.",2026-05-03T01:53:04.896656
11,17,culture-hiker-cafe,1,1,6800,0,YES,2,58.0,"Irene shares museums and ambivert social battery. Strict itinerary style clashes with John's flexible approach, and luxury budget is a mismatch. However the cultural interest and travel-openness bio are appealing. John reads the full profile, finds it moderately interesting — a cautious YES, not a super-like. Realistic inconsistency: John sometimes gives benefit of the doubt to profiles with partial overlap.",2026-05-03T01:56:40.400449
11,18,culture-hiker-cafe,1,1,9100,0,YES,2,71.0,"Ty hits the sweet spot on budget (moderate), planning style (flexible), and shares cafe-hopping, museums, and cultural experiences — John's core interests. Introvert vs ambivert is a small mismatch. Geography is far (Brazil) but John is looking for long-term travel buddy, not local meetups. Strong enough to YES with a longer dwell, but not saved — John is keeping options open.",2026-05-03T02:02:45.857010
11,19,culture-hiker-cafe,0,0,0,0,NO,0,18.0,"Jasmine is beach/islands/shopping focused with a luxury budget — almost the opposite of John's mountains/culture/moderate profile. Seeks couple-friendly travel, not a solo long-term partner. Only English spoken — no language bridge. John scrolls past without clicking.",2026-05-03T02:05:10.066826
13,17,social-adventurer-hiker,0,0,0,0,NO,0,22.0,Irene wants couple-friendly travel and strict itinerary; Maria Elena is spontaneous and seeks female travel buddies for friendship. Budget mismatch (luxury vs luxury OK) but vibe is completely off — museums/food/shopping vs adventure/road trips. Instant skip.,2026-05-03T02:15:24.281098
13,20,social-adventurer-hiker,1,1,8400,0,YES,2,63.0,"Ricardo shares hiking and road trips, countryside destinations, adventure vibe. Both enjoy group travel. Budget gap (luxury vs budget) is notable but Maria Elena is open to flexible companions. Cultural trips resonate. Good enough for YES.",2026-05-03T02:16:04.842971
13,21,social-adventurer-hiker,1,0,0,1,SAVE_ONLY,1,48.0,"Eliza seeks long-term travel and mountains/countryside, which aligns. But strict itinerary vs spontaneous and extreme sports are off-putting for Maria Elena. Saves to revisit later — latent interest without committing.",2026-05-03T02:16:51.620833
13,24,social-adventurer-hiker,0,0,0,0,NO,0,19.0,"Dayton is introvert seeking solo buddy for weekend escapes on budget; Maria Elena is extrovert seeking female companion for longer trips. Misaligned on social energy, duration, and gender preference. Skip.",2026-05-03T02:17:22.793014
13,27,social-adventurer-hiker,1,1,11600,0,YES,2,71.0,"Sloane: hiking, road trips, mountains, spontaneous, adventure — strong activity overlap with Maria Elena. Non-binary identity and budget mismatch aside, the travel energy and destinations align very well. Long dwell, solid YES.",2026-05-03T02:18:29.755766
15,27,relaxation-couples-yoga,0,0,0,0,NO,0,14.0,Sloane is hostels/budget/adventure backpacker — complete opposite of Ana's ultra-luxury relaxation and couples preference. No shared language (German vs English). Instant skip.,2026-05-03T02:19:59.853595
15,28,relaxation-couples-yoga,1,1,9700,0,YES,2,67.0,"Melvin: ambivert, moderate budget, couple-friendly, beach+city break, relaxation — strong alignment with Ana's preferences. Both open to diverse experiences. Language (English+French) accessible. A comfortable YES.",2026-05-03T02:21:43.367333
15,24,relaxation-couples-yoga,1,0,0,1,SAVE_ONLY,1,41.0,"Dayton shares hiking and flexible planning, but is introvert/budget/solo-focused — partially overlapping with Ana's yoga+hiking interest. She saves it to think about, not ready to commit. Latent interest.",2026-05-03T02:22:48.979943
15,20,relaxation-couples-yoga,0,0,0,0,NO,0,11.0,Ricardo: budget-friendly backpacker seeking group adventure in countryside — miles away from Ana's couples/relaxation/European capitals vibe. No.,2026-05-03T02:23:55.654154
17,26,luxury-relaxation-couple,1,1,16500,1,SUPER_LIKE,3,91.0,"Chance: luxury budget, food+museums+shopping+beach, relaxation, couple-friendly, ambivert — nearly identical travel DNA to Irene. Both Dutch-adjacent (The Hague), both EN speakers. The only gap is flexible vs strict planning style, but the destination/activity/budget alignment is exceptional. Long dwell, saved, SUPER_LIKE.",2026-05-03T20:45:52.046287
17,28,luxury-relaxation-couple,1,1,10200,0,YES,2,72.0,"Melvin shares food, museums, shopping, beach+city, relaxation, couple-friendly, strict planning, ambivert, EN+FR. Budget gap (moderate vs luxury) is a friction point, but the activity and intent overlap is strong. Irene reads the full profile and gives a solid YES.",2026-05-03T20:46:13.388749
17,29,luxury-relaxation-couple,1,0,0,1,SAVE_ONLY,1,44.0,"Emory: luxury, museums, cultural, long-term travel — partially appealing. But spontaneous style vs strict, solo buddy preference vs couple-friendly, and city-break vs islands create hesitation. Irene glances the card, bookmarks it without going deeper. Latent interest.",2026-05-03T20:46:37.390996
17,30,luxury-relaxation-couple,0,0,0,0,NO,0,16.0,"Mohammed: introvert, moderate budget, mountains/countryside, reading/photography, solo buddy, weekend escapes — nothing aligns with Irene's luxury island vacation with a couple-friendly vibe. Immediate skip.",2026-05-03T20:47:24.049997
17,32,luxury-relaxation-couple,1,0,0,0,NO,0,28.0,"Brayan shares cafes and food, and strict planning — partial overlap. But moderate budget, city-break focus, solo travel buddy vs couple-friendly, and no island/beach intent mean the fit is shallow. Irene clicks the card, sees the mismatch instantly, and swipes away.",2026-05-03T20:48:01.397632
18,33,introvert-cultural-city,0,0,0,0,NO,0,21.0,"Cameron is into festivals, party scene, group travel — the antithesis of Ty's introverted, cultural, solo city-break style. Budget also mismatches (budget-friendly vs moderate). Ty scrolls past without clicking.",2026-05-03T20:48:24.285710
18,29,introvert-cultural-city,1,0,0,1,SAVE_ONLY,1,52.0,"Emory: museums, cultural, city-break, long-term travel — all strong matches for Ty. But luxury budget vs moderate and extrovert vs introvert give pause. Ty saves the profile to revisit, not ready to commit yet. Latent interest.",2026-05-03T20:50:36.367000
18,22,introvert-cultural-city,0,0,0,0,NO,0,18.0,"Cooper: luxury budget, mountains/countryside, beach, extrovert, spontaneous, solo buddy — destination type and energy are misaligned with Ty's introverted city-break cultural focus. The reading activity is a faint overlap but not enough. Skip.",2026-05-03T20:50:56.405190
18,25,introvert-cultural-city,1,0,0,0,NO,0,24.0,"Aubrielle shares museums but is extrovert, spontaneous, adventure/hostels-focused with mountain destinations and group travel — almost the opposite energy from Ty's introverted cafe-cultural city breaks. Card click prompted by museums keyword, but profile body is a mismatch. NO.",2026-05-03T20:51:16.376979
18,31,introvert-cultural-city,1,1,11800,0,YES,2,79.0,"Zaria: cafe-hopping, food, museums, walking tours, cultural, city-break, flexible, introvert, solo travel buddy — an almost perfect mirror of Ty's DNA. The only friction is luxury vs moderate budget. The social and activity alignment is strong enough that Ty reads the full profile and commits to YES.",2026-05-03T21:12:06.384957
19,26,luxury-beach-couple,1,1,12300,0,YES,2,83.0,"Chance: luxury, beach, food, museums, shopping, relaxation, couple-friendly, ambivert — hits almost every checkbox for Jasmine. The only gap is flexible vs spontaneous planning style, a minor friction. Long dwell, confident YES.",2026-05-03T21:13:42.465528
19,22,luxury-beach-couple,1,0,0,1,SAVE_ONLY,1,49.0,"Cooper: luxury, beach, relaxation, spontaneous — partially overlapping. But countryside/mountains destination and solo travel buddy preference don't fit Jasmine's beach+islands couple-friendly intent. Glances the card, bookmarks for later without committing. Latent interest.",2026-05-03T21:14:34.393891
19,28,luxury-beach-couple,1,1,8900,0,YES,2,68.0,"Melvin: beach, food, museums, shopping, relaxation, couple-friendly, ambivert — strong activity and intent match with Jasmine. Budget gap (moderate vs luxury) and strict vs spontaneous planning are noted but don't override the core alignment. Reads full profile, gives YES.",2026-05-03T21:14:54.388293
19,23,luxury-beach-couple,0,0,0,0,NO,0,27.0,"Makenna: budget-friendly, party/nightlife focus, group travel — clashes hard with Jasmine's luxury relaxation couple-friendly intent. Beach destination is a surface overlap but the vibe is entirely different. Instant skip, no card click.",2026-05-03T21:15:04.400479
19,32,luxury-beach-couple,1,0,0,0,NO,0,20.0,"Brayan: moderate budget, city-break only, strict itinerary, solo travel buddy — no beach/islands, no couple-friendly intent. Food is a shared interest but nowhere near enough to overcome the destination and intent mismatch. Card clicked out of mild curiosity, swiped away immediately.",2026-05-03T21:15:42.392361
20,33,budget-adventurer-group,1,1,7800,0,YES,2,66.0,"Cameron: flexible, budget, food, city-break, ambivert, group — shares budget mindset and group travel intent with Ricardo. Festivals and party vibe differ from Ricardo's adventure/countryside focus, but the easygoing energy and budget alignment are convincing enough for YES.",2026-05-03T21:18:42.453375
20,18,budget-adventurer-group,0,0,0,0,NO,0,17.0,"Ty: introvert, moderate, cafe-hopping, city-break cultural — opposite of Ricardo's extrovert group backpacking adventure style. No shared destination type, no shared activity, different budget tier. Instant skip.",2026-05-03T21:20:42.462934
20,27,budget-adventurer-group,1,1,17200,1,SUPER_LIKE,3,89.0,"Sloane: hiking, hostels, road trips, photography, countryside+mountains, adventure, spontaneous, budget — an almost perfect DNA clone of Ricardo. Both prioritize budget travel, outdoor adventure, and group/open social energy. Ambivert vs extrovert is the only minor gap. Maximum dwell, saved, SUPER_LIKE without hesitation.",2026-05-03T21:21:30.384305
20,24,budget-adventurer-group,1,1,9100,0,YES,2,71.0,"Dayton: hiking, hostels, road trips, mountains, adventure, budget, flexible — strong activity and budget overlap. Introvert vs extrovert and solo vs group are friction points, but Ricardo is open to pairing with quieter travelers for specific trails. Confident YES after reading full profile.",2026-05-03T21:21:57.402825
20,19,budget-adventurer-group,0,0,0,0,NO,0,12.0,"Jasmine: luxury, beach/islands, shopping, couple-friendly — completely misaligned with Ricardo's budget backpacking group adventure ethos. No shared activity, destination, or budget tier. Hard pass.",2026-05-03T21:22:07.395907
21,22,adventure-mountains-group,1,0,0,1,SAVE_ONLY,1,46.0,"Cooper: hiking, mountains, luxury, solo buddy — mountains overlap is appealing to Eliza. But luxury vs moderate budget, relaxation vs adventure experience type, and solo buddy vs group create hesitation. Eliza bookmarks without committing — latent interest.",2026-05-03T21:22:26.381117
21,25,adventure-mountains-group,1,1,10400,0,YES,2,74.0,"Aubrielle: museums, photography, mountains, adventure, moderate, spontaneous, group — strong overlap with Eliza on destinations, experience type, and group preference. Strict vs spontaneous planning is a tension but Eliza reads the full profile and decides the adventure/mountains alignment wins. Solid YES.",2026-05-03T21:23:20.380744
21,17,adventure-mountains-group,0,0,0,0,NO,0,14.0,"Irene: luxury, islands, food/shopping, couple-friendly, strict — everything Eliza is not looking for. Adventure vs relaxation, mountains vs islands, group vs couple. No overlap worth exploring. Skip.",2026-05-03T21:23:31.397264
21,27,adventure-mountains-group,1,1,11900,0,YES,2,78.0,"Sloane: hiking, road trips, photography, countryside+mountains, adventure, spontaneous, budget — excellent destination and activity match with Eliza. Budget gap (budget vs moderate) is minor. Spontaneous vs strict is a clash but Eliza is open to it for the right adventure companion. Long dwell, YES.",2026-05-03T21:24:07.368373
21,33,adventure-mountains-group,0,0,0,0,NO,0,22.0,"Cameron: party/festivals, city-break, beach, budget — nothing aligns with Eliza's extreme sports, road trips, countryside+mountains adventure focus. Skip without clicking.",2026-05-03T21:24:26.389782
22,27,luxury-relaxation-solo,1,1,9600,0,YES,2,69.0,"Sloane: hiking, photography, mountains+countryside, adventure, spontaneous, ambivert — strong activity and destination match with Cooper. Budget mismatch (budget vs luxury) is a concern, but the photography and hiking energy resonates deeply. Cooper overlooks the budget gap and gives YES.",2026-05-03T21:25:14.642068
22,28,luxury-relaxation-solo,0,0,0,0,NO,0,23.0,"Melvin: beach+city break, food/shopping, strict itinerary, couple-friendly, moderate — no mountains, no photography, no hiking. Different destination type, budget, and travel intent entirely. Hard pass.",2026-05-03T21:25:54.401380
22,29,luxury-relaxation-solo,1,0,0,1,SAVE_ONLY,1,51.0,"Emory: luxury, museums, walking tours, cultural, solo buddy — the luxury tier and solo travel intent appeal to Cooper. But city-break focus vs countryside+mountains and cultural vs relaxation experience type create doubt. Cooper saves it to revisit without committing.",2026-05-03T22:38:27.388037
22,21,luxury-relaxation-solo,1,1,8700,0,YES,2,65.0,"Eliza: road trips, mountains+countryside, ambivert, long-term travel — destination and exploration energy connect with Cooper's hiking and photography interests. Budget gap (moderate vs luxury) and strict planning vs spontaneous are minor frictions. The mountains overlap and open travel spirit win a YES.",2026-05-03T22:38:51.389810
22,30,luxury-relaxation-solo,1,0,0,0,NO,0,31.0,"Mohammed: introvert, moderate, reading/photography, countryside+mountains, solo, weekend escapes — destination overlaps slightly but the introvert+moderate+weekend-only profile doesn't match Cooper's luxury spontaneous vacation energy. Card clicked, mismatch spotted quickly, swiped away.",2026-05-03T22:39:42.456446
23,29,party-beach-group,0,0,0,0,NO,0,19.0,"Emory: cultural walking tours, luxury, museums, solo buddy, long-term travel — serious cultural traveler vibe clashes entirely with Makenna's party/beach/group spontaneity. No shared activity or intent. Instant skip.",2026-05-03T22:40:11.393287
23,33,party-beach-group,1,1,15400,1,SUPER_LIKE,3,85.0,"Cameron: beach, festivals, food, city-break, flexible, ambivert, budget, group, vacation — near-perfect DNA match with Makenna. Both want group fun, spontaneous/flexible beach and city vibes on a budget. Party+festivals vs nightlife is the same energy. Long dwell, saved, SUPER_LIKE without hesitation.",2026-05-03T22:40:38.399779
23,26,party-beach-group,1,0,0,1,SAVE_ONLY,1,43.0,"Chance: beach, food, shopping, relaxation, ambivert — beach destination is a shared draw. But luxury vs budget, couple-friendly vs group, and relaxation vs party are meaningful clashes. Makenna bookmarks it as a maybe — perhaps for a calmer trip — but doesn't commit now.",2026-05-03T22:41:42.478366
23,20,party-beach-group,1,1,7300,0,YES,2,61.0,"Ricardo: extrovert, budget, group travel, road trips, EN/DE — shared budget, group energy and extrovert spirit resonate with Makenna. Adventure vs party is a style gap but both thrive in social group settings. Makenna sees a potential road-trip party companion and gives YES.",2026-05-03T22:45:29.993424
23,22,party-beach-group,0,0,0,0,NO,0,25.0,"Cooper: luxury, mountains+countryside, solo buddy, relaxation — opposite budget tier, opposite social format, opposite destination. Makenna has no reason to pause on this card. Instant skip.",2026-05-03T22:45:41.387619
24,26,introvert-hiker-solo,0,0,0,0,NO,0,15.0,"Chance: luxury, beach, shopping, couple-friendly, relaxation — every dimension clashes with Dayton's budget mountain hiking solo weekends. Not even worth a click.",2026-05-03T22:45:53.404558
24,27,introvert-hiker-solo,1,1,18100,1,SUPER_LIKE,3,92.0,"Sloane: hiking, hostels, road trips, photography, mountains+countryside, adventure, budget, ambivert — an almost exact mirror of Dayton's DNA. Both are budget-conscious, physically active, and outdoors-focused. Ambivert vs introvert is the only gap. Dayton reads every line, saves it, and SUPER_LIKEs — the best match he's seen.",2026-05-03T22:46:20.392179
24,19,introvert-hiker-solo,0,0,0,0,NO,0,11.0,"Jasmine: luxury, beach+islands, shopping, couple-friendly, spontaneous — zero alignment with Dayton's budget mountain hiking solo weekends. No click, no interest.",2026-05-03T22:46:30.385850
24,30,introvert-hiker-solo,1,1,10800,0,YES,2,76.0,"Mohammed: introvert, flexible, moderate, hiking, photography, mountains+countryside, relaxation, solo buddy, weekend escapes — shared introvert energy, hiking, solo format, and outdoor destinations make this a strong match. Moderate vs budget is the only gap. Dayton reads the full profile and gives a confident YES.",2026-05-03T22:49:42.474283
24,33,introvert-hiker-solo,1,0,0,1,SAVE_ONLY,1,44.0,"Cameron: flexible, budget, food, city-break, ambivert — budget alignment catches Dayton's eye but the party/festivals/city focus is far from mountain hiking weekends. Dayton saves it out of mild curiosity about the budget compatibility, but the activity mismatch holds him back from committing. Latent interest.",2026-05-03T22:55:19.065991
25,33,adventure-photography-group,1,1,8300,0,YES,2,68.0,"Cameron: flexible, budget, food, city-break, ambivert, group — shared budget and group travel intent resonate with Aubrielle. Party/festivals vs adventure is a style gap but the easygoing social energy and budget match make it a comfortable YES.",2026-05-03T23:00:35.393649
25,27,adventure-photography-group,1,1,16800,1,SUPER_LIKE,3,90.0,"Sloane: hiking, hostels, photography, road trips, mountains+countryside, adventure, spontaneous, budget, ambivert — almost identical DNA to Aubrielle. Both love photography and outdoor adventure on a budget. Spontaneous style matches. Aubrielle dwells longest, saves, SUPER_LIKE — clearest match in her feed.",2026-05-03T23:05:42.477456
25,29,adventure-photography-group,1,0,0,1,SAVE_ONLY,1,47.0,"Emory: photography, museums, luxury, spontaneous, cultural, solo buddy — the photography overlap catches Aubrielle's eye. But luxury vs moderate, city-break vs mountains, and solo vs group are significant gaps. She saves it as a maybe without opening the full profile.",2026-05-03T23:08:33.361937
25,28,adventure-photography-group,0,0,0,0,NO,0,21.0,"Melvin: beach+city, food/shopping, strict, couple-friendly, relaxation — nothing aligns with Aubrielle's adventure/photography/mountains group ethos. Instant skip.",2026-05-03T23:09:41.586452
25,30,adventure-photography-group,1,0,0,0,NO,0,33.0,"Mohammed: introvert, moderate, reading/photography/hiking, solo, weekend escapes — mountains and photography overlap sparks a click, but introvert+solo vs extrovert+group and relaxation vs adventure kill the interest immediately. Quick swipe away.",2026-05-03T23:12:14.898643
26,19,luxury-beach-couple,1,1,11200,0,YES,2,80.0,"Jasmine: luxury, beach+islands, food, museums, shopping, relaxation, couple-friendly, ambivert — extremely strong overlap with Chance's DNA. Both luxury beach relaxation couple-friendly profiles. Spontaneous vs flexible is negligible. Long dwell, confident YES.",2026-05-03T23:15:32.043595
26,29,luxury-beach-couple,1,0,0,1,SAVE_ONLY,1,53.0,"Emory: luxury, museums, walking tours, cultural, spontaneous, long-term — luxury tier and museums are appealing to Chance. But solo buddy vs couple-friendly and city-break vs beach are mismatches. Chance saves it speculatively — maybe for a cultural city trip — without committing.",2026-05-03T23:19:27.534147
26,27,luxury-beach-couple,0,0,0,0,NO,0,18.0,"Sloane: budget, hostels, backpacking, adventure, group — polar opposite of Chance's luxury beach couple relaxation profile. No overlap on budget, destination, or travel format. Instant skip.",2026-05-03T23:21:48.034617
26,31,luxury-beach-couple,1,1,9400,0,YES,2,70.0,"Zaria: luxury, cafe-hopping, food, museums, walking tours, cultural, flexible, solo buddy — luxury tier and rich activity overlap are very appealing. Solo vs couple-friendly is a gap but Chance reads the full profile and decides the cultural+food+museums alignment is strong enough. YES.",2026-05-03T23:25:26.389758
26,32,luxury-beach-couple,1,0,0,0,NO,0,26.0,"Brayan: moderate budget, city-break, solo travel buddy, strict — moderate budget vs luxury and solo vs couple-friendly are deal-breakers for Chance. Food overlap is insufficient. Card clicked, profile skipped immediately.",2026-05-03T23:25:42.399561
27,25,budget-adventurer-group,1,1,10600,0,YES,2,77.0,"Aubrielle: museums, photography, mountains, adventure, moderate, spontaneous, group — strong destination and activity match with Sloane. Both love photography and outdoor adventure. Budget gap (budget vs moderate) is minor. Spontaneous style matches perfectly. Solid YES after reading full profile.",2026-05-03T23:39:40.397562
27,24,budget-adventurer-group,1,1,12400,0,YES,2,82.0,"Dayton: hiking, hostels, road trips, mountains, adventure, budget, flexible — nearly identical activity and destination DNA to Sloane. Introvert vs ambivert and solo vs group are mild frictions but Sloane is open to smaller arrangements. Budget match seals it. Long dwell, confident YES.",2026-05-03T23:40:04.397707
27,30,budget-adventurer-group,1,0,0,1,SAVE_ONLY,1,55.0,"Mohammed: hiking, photography, mountains+countryside, flexible, introvert, solo, moderate — shared outdoor destinations and photography interest. Budget gap (moderate vs budget) and introvert+solo vs group create hesitation. Sloane bookmarks it as a potential quiet hiking companion without fully committing.",2026-05-03T23:40:21.392293
27,32,budget-adventurer-group,0,0,0,0,NO,0,20.0,"Brayan: cafe-hopping, city walks, food, shopping, city-break, strict, moderate, solo, long-term — urban foodie with no outdoor activities, no adventure, no budget alignment. Nothing draws Sloane in. Instant skip.",2026-05-03T23:40:42.387086
27,33,budget-adventurer-group,1,0,0,0,NO,0,29.0,"Cameron: beach, festivals, party, city-break — the budget match draws a card click but the party/city/festival vibe is far from Sloane's hiking/nature/photography ethos. Swiped away immediately after seeing activity list.",2026-05-03T23:44:42.469400
28,21,moderate-beach-couple,0,0,0,0,NO,0,16.0,"Eliza: extreme sports, road trips, mountains, strict, adventure, group — adventure/mountains vs beach/city relaxation, group vs couple-friendly, extreme sports vs food/shopping. No shared ground. Instant skip.",2026-05-03T23:46:42.496830
28,22,moderate-beach-couple,1,0,0,1,SAVE_ONLY,1,45.0,"Cooper: luxury, beach, relaxation, spontaneous, solo buddy — beach and relaxation are strong draws for Melvin. But luxury vs moderate, spontaneous vs strict, and solo vs couple-friendly give pause. Saved speculatively for a potential beach trip, no full commitment yet.",2026-05-03T23:50:42.471357
28,29,moderate-beach-couple,1,0,0,0,NO,0,28.0,"Emory: luxury, cultural walking tours, solo buddy, long-term, spontaneous — museums overlap draws a click but luxury vs moderate, solo vs couple-friendly, and cultural vs relaxation mean this is a clear mismatch. Swiped away fast.",2026-05-03T23:52:51.888671
28,31,moderate-beach-couple,1,1,15900,1,SUPER_LIKE,3,87.0,"Zaria: cafe-hopping, food, museums, walking tours, cultural, city-break, flexible, introvert, solo buddy — overlaps strongly on food, museums, city-break, and flexible planning. Budget gap (luxury vs moderate) is the main friction but the activity and destination alignment is exceptional. Melvin dwells longest of the session, saves, and SUPER_LIKEs.",2026-05-03T23:53:15.390666
28,26,moderate-beach-couple,1,1,9800,0,YES,2,74.0,"Chance: beach, food, museums, shopping, relaxation, couple-friendly, ambivert — strong alignment on activities, destination type, and couple-friendly intent. Luxury vs moderate budget is the key gap but the overall vibe and travel intent match well. Melvin reads the full profile and gives a solid YES.",2026-05-03T23:53:35.384686
29,26,cultural-photographer-solo,1,0,0,1,SAVE_ONLY,1,50.0,"Chance: luxury, food, museums, hiking, ambivert, flexible — luxury tier and museums overlap appeal to Emory. But couple-friendly vs solo buddy and beach vs city-break are mismatches. Emory saves it without diving in — perhaps useful for a joint city segment of a longer trip.",2026-05-03T23:54:42.402155
29,31,cultural-photographer-solo,1,1,12700,0,YES,2,81.0,"Zaria: cafe-hopping, food, museums, photography, walking tours, cultural, city-break, flexible, solo buddy — near-perfect cultural and activity alignment with Emory. Budget gap (luxury vs luxury — both match) is non-existent. Introvert vs extrovert is mild friction. Long dwell, strong YES.",2026-05-03T23:55:40.390655
29,28,cultural-photographer-solo,0,0,0,0,NO,0,24.0,"Melvin: moderate, beach+city, food/shopping, couple-friendly, strict — moderate budget, couple-focused and relaxation-oriented vs Emory's luxury cultural solo long-term travel. No compelling overlap. Instant skip.",2026-05-03T23:55:49.390309
29,32,cultural-photographer-solo,1,1,10300,0,YES,2,72.0,"Brayan: cafe-hopping, city walks, food, cultural, city-break, ambivert, EN/ES, long-term travel, solo buddy — strong cultural and city-break alignment with Emory. Both seek long-term solo travel companions and share Spanish. Budget gap (moderate vs luxury) is notable but the activity and intent match is compelling. YES.",2026-05-03T23:59:38.036560
29,33,cultural-photographer-solo,0,0,0,0,NO,0,17.0,"Cameron: party, festivals, beach, budget, group — zero alignment with Emory's luxury cultural solo city photography trips. No shared activity, budget, or intent. Instant skip.",2026-05-03T23:59:46.462281
30,27,introvert-hiker-solo,1,1,11100,0,YES,2,78.0,"Sloane: hiking, photography, road trips, mountains+countryside, adventure, budget, spontaneous — strong destination and activity match with Mohammed. Photography shared, outdoor focus shared. Budget gap (moderate vs budget) is minor. Introvert vs ambivert is manageable for a quiet trail companion. Confident YES.",2026-05-04T00:00:52.359025
30,33,introvert-hiker-solo,0,0,0,0,NO,0,22.0,"Cameron: party, festivals, beach, group, flexible — social party energy is the polar opposite of Mohammed's introverted solo reading/hiking escapes. No shared activity or intent. Instant skip.",2026-05-04T00:01:08.519773
30,24,introvert-hiker-solo,1,1,17600,1,SUPER_LIKE,3,88.0,"Dayton: introvert, flexible, budget, hiking, hostels, road trips, mountains, adventure, solo buddy, weekend escapes — mirrors Mohammed's solo outdoor introvert profile almost exactly. Shared introvert energy, outdoor destinations, and solo format make this the strongest match in the feed. Mohammed reads every line, saves, and SUPER_LIKEs.",2026-05-04T00:01:52.277116
30,29,introvert-hiker-solo,1,0,0,0,NO,0,30.0,"Emory: luxury, extrovert, city-break, walking tours, long-term — luxury budget, extrovert energy and city focus all clash with Mohammed's moderate introvert mountain weekend escapes. Photography is a surface overlap but insufficient. Card clicked, swiped away fast.",2026-05-04T00:02:38.300720
30,31,introvert-hiker-solo,1,0,0,1,SAVE_ONLY,1,46.0,"Zaria: introvert, flexible, solo buddy, food, museums, photography — shared introvert energy and solo format catch Mohammed's eye. But luxury vs moderate, city-break vs mountains+countryside, and cultural vs relaxation are mismatches. Saves it on the strength of the introvert/solo alignment alone.",2026-05-04T00:03:36.648353
31,29,luxury-cultural-solo,1,1,13200,0,YES,2,83.0,"Emory: museums, photography, walking tours, cultural, city-break, luxury, spontaneous, solo buddy, long-term — near-perfect match on activities, destination, budget tier and travel format. Extrovert vs introvert is the main friction but Zaria is open to outgoing companions for city exploration. Long dwell, strong YES.",2026-05-04T00:04:55.666145
31,32,luxury-cultural-solo,1,1,10900,0,YES,2,76.0,"Brayan: cafe-hopping, city walks, food, cultural, city-break, ambivert, solo buddy, long-term — strong activity and destination overlap with Zaria. Budget gap (moderate vs luxury) is notable but the cultural city-break solo format is compelling. Zaria reads the full profile and gives YES.",2026-05-04T00:06:30.396886
31,17,luxury-cultural-solo,0,0,0,0,NO,0,19.0,"Irene: food/shopping/islands, couple-friendly, strict, relaxation — islands vs city-break, couple-friendly vs solo, shopping vs walking tours. Nothing aligns with Zaria's cultural solo city focus. Instant skip.",2026-05-04T00:07:24.652444
31,26,luxury-cultural-solo,1,0,0,1,SAVE_ONLY,1,42.0,"Chance: luxury, food, museums, hiking, ambivert, flexible — luxury tier and museums overlap draw Zaria in. But couple-friendly vs solo and beach vs city-break are mismatches. Bookmarks it speculatively for a potential museum-day companion without committing.",2026-05-04T00:09:32.846389
31,33,luxury-cultural-solo,0,0,0,0,NO,0,13.0,"Cameron: budget, party/festivals, beach, group — every dimension misaligns with Zaria's luxury introvert cultural solo city trips. No hesitation, instant skip.",2026-05-04T00:10:47.448174
32,26,cultural-city-solo,1,0,0,0,NO,0,25.0,"Chance: luxury, beach, couple-friendly, relaxation, shopping — luxury vs moderate, beach vs city-break, couple-friendly vs solo buddy. Food and museums are a surface overlap but the travel format and budget are deal-breakers for Brayan. Card clicked, swiped away immediately.",2026-05-04T00:19:32.194433
32,31,cultural-city-solo,1,1,17300,1,SUPER_LIKE,3,91.0,"Zaria: cafe-hopping, food, museums, photography, walking tours, cultural, city-break, flexible, introvert, solo buddy — almost a perfect DNA match with Brayan. Shared cafe culture, museums, walking tours, city-break focus and solo format. Budget gap (luxury vs moderate) is the only friction. Brayan dwells longest, saves, SUPER_LIKEs — best match in the feed.",2026-05-04T00:19:56.355459
32,27,cultural-city-solo,0,0,0,0,NO,0,14.0,"Sloane: budget, hostels, hiking, road trips, countryside+mountains, adventure — complete opposite of Brayan's cafe-hopping cultural city-break style. No shared activity, destination or budget. Instant skip.",2026-05-04T00:20:07.245754
32,33,cultural-city-solo,1,0,0,1,SAVE_ONLY,1,38.0,"Cameron: flexible, budget, food, city-break, ambivert — food and city-break are partial overlaps with Brayan. Party/festival vibe vs cultural is a mismatch but Brayan saves it on the slim chance of a casual city food adventure together. Latent, non-committal interest.",2026-05-04T00:20:30.846662
32,29,cultural-city-solo,1,1,11600,0,YES,2,75.0,"Emory: museums, photography, walking tours, cultural, city-break, luxury, spontaneous, solo buddy, long-term, EN/ES — strong cultural and city-break overlap with Brayan. Both seek long-term solo companions and share Spanish. Luxury vs moderate is the key gap but the shared language, cultural depth and solo format win a solid YES.",2026-05-04T00:21:01.399522
33,27,party-city-group,1,1,8700,0,YES,2,64.0,"Sloane: hiking, road trips, photography, budget, spontaneous, ambivert — shared budget and spontaneous flexible energy resonate with Cameron. Adventure vs party is a vibe gap but the outdoorsy road trip spirit could complement a festival circuit. Cameron gives a casual YES.",2026-05-04T00:21:42.943520
33,25,party-city-group,1,1,9400,0,YES,2,69.0,"Aubrielle: extrovert, spontaneous, moderate, group, museums, photography — shared group travel, spontaneous style and extrovert energy match Cameron's vibe. Adventure vs party is a difference but both are social and outgoing on a similar budget. A relaxed YES.",2026-05-04T00:22:31.570531
33,19,party-city-group,0,0,0,0,NO,0,16.0,"Jasmine: luxury, beach+islands, couple-friendly, relaxation, spontaneous — luxury vs budget, couple vs group, relaxation vs party. Food is the only faint overlap. Cameron doesn't even click. Instant skip.",2026-05-04T00:22:59.807456
33,32,party-city-group,1,0,0,1,SAVE_ONLY,1,43.0,"Brayan: food, city-break, ambivert, moderate — food and city-break are shared ground. Cultural vs party is a difference but Cameron imagines they could share a food tour. Saves without opening the full profile — latent interest for a possible casual city hangout.",2026-05-04T00:24:03.731770
33,11,party-city-group,1,0,0,0,NO,0,28.0,"John: cafes, hiking, museums, historic cities, culture, long-term partner, moderate — thoughtful cultural solo traveler vs Cameron's budget party group city-breaker. Different intent, different energy, different activities beyond food. Card clicked out of mild curiosity, swiped away once the profile loaded.",2026-05-04T00:25:24.772917
34,45,party-beach-group,0,0,0,0,NO,0,18.0,"Tiffany: extreme sports, strict itinerary, mountains — opposite energy to Jamie's beach/nightlife/party spontaneous vibe. No shared activities or destination type. Skip.",2026-05-04T00:58:42.448855
34,49,party-beach-group,1,1,9200,0,YES,2,67.0,"Kelsey: beach, festivals, food, nightlife, shopping, city-break, party, group — near-perfect activity and vibe match with Jamie. Both spontaneous group party travelers. Introvert vs ambivert is a minor gap. Solid YES.",2026-05-04T01:03:42.474644
34,44,party-beach-group,1,1,16400,1,SUPER_LIKE,3,88.0,"Harrison: beach, nightlife, road trips, beach+city, party, group, spontaneous, budget, extrovert — nearly identical DNA to Jamie. Same budget, same party energy, same destination types, same group preference. SUPER_LIKE with max dwell and save.",2026-05-04T01:14:48.392482
34,38,party-beach-group,0,0,0,0,NO,0,22.0,"Quinton: introvert, strict, museums/food, wants group vacation but energy is quiet and structured — clashes with Jamie's loud spontaneous party scene. Skip.",2026-05-04T01:14:58.388097
34,53,party-beach-group,0,0,0,0,NO,0,19.0,"Kamilah: introvert, photography/road trips, countryside+mountains, weekend escapes — introverted nature photographer seeking quiet adventures is misaligned with Jamie's beach party group lifestyle. Instant skip.",2026-05-04T01:15:08.395272
35,36,budget-introvert-solo,0,0,0,0,NO,0,21.0,"Khalil: luxury, extrovert, beach+photography, mountains — budget clash is severe, extrovert vs introvert is draining. No shared activities beyond outdoor interests. Magdalena skips without clicking.",2026-05-04T01:15:20.390289
35,52,budget-introvert-solo,1,1,8600,0,YES,2,64.0,"Jakob: hiking, museums, road trips, countryside+mountains, spontaneous, moderate, group — shared hiking and countryside destinations. Budget gap (moderate vs budget-friendly) is mild. Magdalena is drawn to the outdoor focus and reads the full profile. YES.",2026-05-04T01:19:13.429658
35,27,budget-introvert-solo,1,1,10100,0,YES,2,71.0,"Sloane: hiking, hostels, photography, countryside+mountains, adventure, budget, spontaneous — shared hiking, budget, and outdoor destinations. Ambivert vs introvert is mild friction. Magdalena finds genuine alignment and gives YES.",2026-05-04T01:19:34.383571
35,18,budget-introvert-solo,1,0,0,1,SAVE_ONLY,1,44.0,"Ty: introvert, flexible, cafe-hopping, museums, cultural, solo buddy — shared introvert energy and solo travel format appeal to Magdalena. City-break vs countryside and moderate vs budget are mismatches. Saves speculatively for a potential quiet museum day.",2026-05-04T01:19:52.395146
35,39,budget-introvert-solo,0,0,0,0,NO,0,28.0,"Gianna: extrovert, hostels, road trips, photography, backpacking solo — extrovert energy and backpacking intensity too high for Magdalena's quiet countryside reading escapes. Skip.",2026-05-04T01:20:02.394075
36,43,luxury-extrovert-solo,1,1,10400,0,YES,2,72.0,"Heaven: luxury, flexible, ambivert, cafe-hopping, hiking, photography, city-break, solo, long-term — luxury tier, photography and hiking overlap strongly with Khalil. City-break vs mountains is a mild gap but the solo format and budget match well. Solid YES.",2026-05-04T01:20:42.418327
36,51,luxury-extrovert-solo,1,0,0,1,SAVE_ONLY,1,46.0,"Kiara: hostels, photography, countryside+mountains, budget, spontaneous — photography and mountains overlap. Budget gap (luxury vs budget) and group vs solo are concerns. Khalil saves without committing — latent interest for a photography hike companion.",2026-05-04T01:22:51.716259
36,52,luxury-extrovert-solo,1,1,9300,0,YES,2,68.0,"Jakob: hiking, photography, road trips, countryside+mountains, spontaneous, moderate — shared photography, hiking and mountain destinations. Budget gap manageable. Khalil reads the full profile and gives YES for the outdoor adventure alignment.",2026-05-04T01:23:19.390758
36,39,luxury-extrovert-solo,0,0,0,0,NO,0,29.0,"Gianna: moderate, hostels, backpacking, road trips — budget gap and hostel/backpacking style clash with Khalil's luxury solo weekend escapes. Skip.",2026-05-04T01:23:29.397341
36,34,luxury-extrovert-solo,0,0,0,0,NO,0,16.0,"Jamie: budget, party/nightlife/beach/festivals, group — completely different budget tier and travel purpose from Khalil's luxury solo photography mountain escapes. Instant skip.",2026-05-04T01:23:38.401678
37,45,cultural-city-solo,0,0,0,0,NO,0,20.0,"Tiffany: extreme sports, festivals, mountains, backpacking — adventure extremes vs cultural city walks. No shared activity or destination type. Skip.",2026-05-04T01:23:49.416423
37,51,cultural-city-solo,0,0,0,0,NO,0,24.0,"Kiara: budget, hostels, countryside+mountains, weekend escapes — budget clash, adventure/outdoor vs cultural city, group vs solo. No alignment. Skip.",2026-05-04T01:24:42.394946
37,53,cultural-city-solo,1,0,0,1,SAVE_ONLY,1,43.0,"Kamilah: photography, road trips, countryside+mountains, introvert, moderate — photography overlap catches Dallas's eye. But adventure/countryside vs cultural city and introvert vs extrovert are gaps. Saves it speculatively without opening the full profile.",2026-05-04T01:31:47.397724
37,40,cultural-city-solo,1,1,10700,0,YES,2,74.0,"Bradley: cafe-hopping, city walks, city-break, ambivert, solo buddy, long-term travel, EN/ES — strong city-break and solo format alignment with Dallas. Strict vs strict planning match. Budget gap (budget vs moderate) is mild. Dallas reads the full profile and gives YES.",2026-05-04T01:32:09.387069
37,52,cultural-city-solo,0,0,0,0,NO,0,31.0,"Jakob: festivals, hiking, road trips, countryside+mountains, adventure, group — outdoor adventure group traveler vs Dallas's structured cultural city-break solo style. No meaningful overlap. Skip.",2026-05-04T01:32:18.386983
38,49,moderate-beach-group,1,1,9800,0,YES,2,69.0,"Kelsey: beach, food, shopping, city-break, group, moderate, flexible — shared beach+city destinations, food, and group format match Quinton well. Introvert vs introvert is fine. Party vs relaxation is a gap but activity overlap wins. YES.",2026-05-04T01:32:42.481407
38,44,moderate-beach-group,1,1,7600,0,YES,2,63.0,"Harrison: beach, road trips, beach+city, group, spontaneous, extrovert — shared beach destination and group intent. Budget gap (budget vs moderate) and party vs relaxation are mild clashes. Activity and destination overlap enough for a YES.",2026-05-04T01:33:34.398229
38,50,moderate-beach-group,0,0,0,0,NO,0,25.0,"Remy: extreme sports, hiking, road trips, mountains+countryside, adventure, long-term — outdoor adventure extremes vs Quinton's beach/food/museum relaxation. No shared destination type or activity. Skip.",2026-05-04T01:33:44.400463
38,36,moderate-beach-group,1,0,0,1,SAVE_ONLY,1,41.0,"Khalil: luxury, beach, photography, mountains, solo, extrovert — beach overlap is appealing but luxury vs moderate and solo vs group are mismatches. Quinton saves speculatively for the beach connection.",2026-05-04T01:34:00.394491
38,53,moderate-beach-group,0,0,0,0,NO,0,17.0,"Kamilah: introvert, photography/road trips, countryside+mountains, weekend escapes — no beach, no food, no museums, introverted vs group orientation. Nothing clicks for Quinton. Skip.",2026-05-04T01:34:09.392349
39,47,adventure-road-solo,1,1,17800,1,SUPER_LIKE,3,91.0,"Tessa: cafe-hopping, extreme sports, road trips, countryside+mountains, adventure, spontaneous, extrovert, moderate, long-term — road trips, cafe culture, mountains+countryside, moderate budget, extrovert energy, and adventure experience all align perfectly with Gianna. SUPER_LIKE with max dwell and save.",2026-05-04T01:36:42.483852
39,48,adventure-road-solo,1,1,11200,0,YES,2,78.0,"Lawrence: festivals, hiking, road trips, countryside+mountains, adventure, budget, flexible, ambivert, group, backpacking — road trips, countryside+mountains and adventure overlap strongly. Budget gap (moderate vs budget) is mild. Group vs solo is a gap but Gianna is open. YES.",2026-05-04T01:37:58.382983
39,51,adventure-road-solo,1,1,8400,0,YES,2,65.0,"Kiara: hostels, photography, countryside+mountains, adventure, budget, spontaneous, ambivert — shared outdoor destinations, adventure, and hostels. Budget gap (moderate vs budget) mild. Photography and spontaneous style align. YES.",2026-05-04T01:38:18.400286
39,38,adventure-road-solo,0,0,0,0,NO,0,23.0,"Quinton: introvert, strict, beach/food/museums, relaxation — structured relaxation vs Gianna's spontaneous adventure backpacking. No shared destination type or activity energy. Skip.",2026-05-04T01:38:28.387735
39,52,adventure-road-solo,1,1,10600,0,YES,2,70.0,"Jakob: festivals, hiking, museums, road trips, countryside+mountains, adventure, spontaneous, moderate, ambivert, group — road trips, outdoor adventure, and shared moderate budget align well with Gianna. Group vs solo is the main gap but Gianna is open to joining groups. YES.",2026-05-04T01:38:51.386299
40,41,budget-city-solo,1,1,11400,0,YES,2,76.0,"Lucille: cafe-hopping, food, museums, shopping, city-break, extrovert, flexible, moderate, solo buddy — shared cafe culture and city-break focus align well with Bradley. Budget gap (budget vs moderate) mild. City exploration intent matches. YES.",2026-05-04T01:47:40.622617
40,43,budget-city-solo,1,1,9600,0,YES,2,71.0,"Heaven: cafe-hopping, city walks, hiking, photography, city-break, flexible, ambivert, luxury, solo, long-term — cafe culture, city walks and solo long-term format match perfectly. Luxury vs budget is the main gap but Bradley reads the full profile and decides the activity alignment wins. YES.",2026-05-04T01:48:13.158066
40,47,budget-city-solo,0,0,0,0,NO,0,26.0,"Tessa: extreme sports, road trips, countryside+mountains, adventure, group — outdoor adventure vs Bradley's cafe-city walks. Completely different destinations and activities. Skip.",2026-05-04T01:48:32.373299
40,44,budget-city-solo,0,0,0,0,NO,0,18.0,"Harrison: beach, nightlife, party, group, spontaneous — party/beach group energy vs Bradley's structured solo city-walk style. Strict vs spontaneous and city-walk vs nightlife are deal-breakers. Skip.",2026-05-04T01:48:51.743634
40,52,budget-city-solo,1,0,0,1,SAVE_ONLY,1,47.0,"Jakob: festivals, hiking, museums, road trips, countryside+mountains, adventure, moderate — museums are a shared interest but outdoor adventure focus vs city-break is a mismatch. Bradley saves it on the museums overlap without fully committing.",2026-05-04T01:49:35.535367
41,34,foodie-city-solo,0,0,0,0,NO,0,22.0,"Jamie: budget, party, nightlife, festivals, beach, group — party beach group vs Lucille's city foodie solo exploration. Budget clash too. Skip.",2026-05-04T01:50:07.889465
41,50,foodie-city-solo,0,0,0,0,NO,0,28.0,"Remy: extreme sports, hiking, road trips, mountains, adventure — outdoor adventure extremes vs Lucille's cafe/museum city foodie focus. No shared activities or destinations. Skip.",2026-05-04T01:50:37.494996
41,38,foodie-city-solo,1,0,0,1,SAVE_ONLY,1,48.0,"Quinton: food, museums, beach+city, moderate, group — food and museums overlap appeal to Lucille. Introvert vs extrovert and group vs solo are mismatches. Saves speculatively without opening the full profile.",2026-05-04T01:51:47.067971
41,40,foodie-city-solo,1,1,10200,0,YES,2,73.0,"Bradley: cafe-hopping, city walks, city-break, ambivert, solo buddy, long-term — cafe culture, city-break and solo long-term match Lucille well. Budget gap (budget vs moderate) mild. Extrovert appreciates the city-stroller energy. YES.",2026-05-04T01:53:17.324908
41,43,foodie-city-solo,1,1,12800,0,YES,2,79.0,"Heaven: cafe-hopping, city walks, hiking, photography, city-break, luxury, ambivert, flexible, solo, long-term — cafe culture, city walks and solo long-term format match Lucille excellently. Budget gap (luxury vs moderate) is friction but activity alignment is compelling. YES.",2026-05-04T01:55:07.003072
42,39,adventure-mountains-group,1,1,8900,0,YES,2,66.0,"Gianna: food, hostels, photography, road trips, countryside+mountains, adventure, moderate, flexible — shared hostels, mountains+countryside and adventure align with Kristian. Extrovert vs introvert is manageable on a group trip. YES.",2026-05-04T01:57:27.020984
42,45,adventure-mountains-group,1,1,10500,0,YES,2,72.0,"Tiffany: extreme sports, festivals, mountains, adventure, moderate, ambivert, group, backpacking — mountains, adventure and group format align strongly with Kristian. Strict vs strict planning is a plus. YES.",2026-05-04T02:00:29.602627
42,48,adventure-mountains-group,1,1,18200,1,SUPER_LIKE,3,87.0,"Lawrence: hiking, road trips, festivals, countryside+mountains, adventure, budget, flexible, ambivert, group, backpacking — hiking, mountains, adventure and group backpacking are an almost perfect match for Kristian. Planning style differs (strict vs flexible) but everything else aligns. Max dwell, saved, SUPER_LIKE.",2026-05-04T17:11:50.045045
42,50,adventure-mountains-group,1,1,9100,0,YES,2,68.0,"Remy: extreme sports, hiking, road trips, countryside+mountains, adventure, moderate, flexible, extrovert, group, long-term — hiking, mountains, adventure and group travel all align strongly. Planning style difference (strict vs flexible) is the only notable gap. YES.",2026-05-04T17:12:07.985295
42,52,adventure-mountains-group,0,0,0,0,NO,0,30.0,"Jakob: festivals, museums, road trips — museums and festivals don't resonate with Kristian's focused hiking/mountains approach. Road trips and adventure overlap partially but strict vs spontaneous and group vs group mismatch on style. Skip.",2026-05-04T17:12:18.894177
43,47,luxury-city-solo,0,0,0,0,NO,0,27.0,"Tessa: extreme sports, road trips, countryside+mountains, adventure, group — outdoor extreme adventure group vs Heaven's luxury cafe/photography city solo. No budget, destination or activity alignment. Skip.",2026-05-04T17:12:30.570133
43,48,luxury-city-solo,0,0,0,0,NO,0,21.0,"Lawrence: budget, festivals, hiking, road trips, countryside+mountains, backpacking, group — budget backpacker group adventurer vs Heaven's luxury solo city-break. Budget and destination type are both deal-breakers. Skip.",2026-05-04T17:12:42.948474
43,36,luxury-city-solo,1,1,11300,0,YES,2,70.0,"Khalil: luxury, flexible, extrovert, beach/photography, mountains, solo, weekend escape — shared luxury tier, photography and flexible solo travel. City-break vs mountains is a gap but Heaven is open to mountain day trips. YES.",2026-05-04T17:13:18.283373
43,39,luxury-city-solo,1,0,0,1,SAVE_ONLY,1,52.0,"Gianna: food, photography, hostels, road trips, countryside+mountains — photography and food interest appeal to Heaven. Budget gap (luxury vs moderate) and backpacking style vs luxury city are hesitations. Saves to revisit without committing.",2026-05-04T17:13:54.152173
43,45,luxury-city-solo,0,0,0,0,NO,0,19.0,"Tiffany: extreme sports, festivals, mountains, strict, backpacking, group — adventure extremes and group format clash with Heaven's luxurious solo city photography. No alignment. Skip.",2026-05-04T17:14:15.735201
44,34,party-beach-group,1,1,15900,1,SUPER_LIKE,3,86.0,"Jamie: beach, cafe-hopping, festivals, food, nightlife, beach+city, party, group, spontaneous, budget, ambivert — near-perfect DNA mirror. Same budget, same party energy, same destinations, same group preference. Harrison SUPER_LIKEs immediately.",2026-05-04T17:15:19.960767
44,46,party-beach-group,1,1,10600,0,YES,2,75.0,"Keenan: beach, festivals, nightlife, beach, party, group, extrovert, luxury, flexible — shared beach+party+group+festivals. Budget gap (budget vs luxury) is the only friction. Activity and vibe alignment is strong. YES.",2026-05-04T17:16:11.378781
44,49,party-beach-group,1,1,8300,0,YES,2,67.0,"Kelsey: beach, festivals, food, nightlife, shopping, city-break, party, group, moderate — shared beach+nightlife+party+group. Introvert vs extrovert is a mild tension but the activity overlap is strong. YES.",2026-05-04T17:16:36.384563
44,38,party-beach-group,0,0,0,0,NO,0,20.0,"Quinton: introvert, strict, museums, relaxation — structured museum-goer vs Harrison's spontaneous beach party group. No shared energy or activity. Skip.",2026-05-04T17:16:45.380949
44,53,party-beach-group,0,0,0,0,NO,0,15.0,"Kamilah: introvert, photography, road trips, countryside+mountains, weekend escapes — quiet introvert photographer vs Harrison's loud party beach group. Completely different energy and destinations. Skip.",2026-05-04T17:16:55.392677
45,47,adventure-mountains-group,1,1,10800,0,YES,2,74.0,"Tessa: extreme sports, road trips, countryside+mountains, adventure, spontaneous, extrovert, moderate, group, long-term — shared extreme sports, mountains, adventure and group. Strict vs spontaneous is a gap but activity overlap is strong. YES.",2026-05-04T17:20:39.452394
45,38,adventure-mountains-group,0,0,0,0,NO,0,21.0,"Quinton: introvert, strict, beach/food/museums, relaxation — structured beach relaxation vs Tiffany's extreme sports mountain adventure. No shared activity or destination. Skip.",2026-05-04T17:27:16.389215
45,52,adventure-mountains-group,1,1,9400,0,YES,2,69.0,"Jakob: festivals, hiking, museums, road trips, countryside+mountains, adventure, moderate, spontaneous, group — festivals, mountains, adventure and group travel align strongly with Tiffany. Strict vs spontaneous is a gap but the outdoor adventure energy is compelling. YES.",2026-05-04T17:27:38.393788
45,48,adventure-mountains-group,1,1,11600,0,YES,2,73.0,"Lawrence: festivals, hiking, road trips, countryside+mountains, adventure, budget, flexible, group, backpacking — festivals, mountains and group adventure align strongly. Budget gap (moderate vs budget) is mild. Solid YES.",2026-05-04T17:28:39.384354
45,50,adventure-mountains-group,1,1,10200,0,YES,2,77.0,"Remy: extreme sports, hiking, road trips, countryside+mountains, adventure, moderate, extrovert, group, long-term — extreme sports, mountains and group adventure are a strong match for Tiffany. Planning difference (strict vs flexible) is mild friction. YES.",2026-05-04T17:49:38.059941
46,44,luxury-party-group,1,1,11800,0,YES,2,72.0,"Harrison: beach, nightlife, road trips, beach+city, party, group, spontaneous, extrovert — shared beach+nightlife+party+group+spontaneous energy. Budget gap (budget vs luxury) is friction but the vibe alignment is very strong. YES.",2026-05-04T17:50:03.049692
46,34,luxury-party-group,1,1,9700,0,YES,2,66.0,"Jamie: beach, cafe-hopping, festivals, nightlife, beach+city, party, group, spontaneous, budget — beach+party+festivals+group are a strong match. Budget gap (luxury vs budget) noted but activity alignment wins. YES.",2026-05-04T17:52:39.116901
46,49,luxury-party-group,1,1,8900,0,YES,2,70.0,"Kelsey: beach, festivals, food, nightlife, shopping, city-break, party, group, moderate — beach+nightlife+party+group align well. Budget gap (luxury vs moderate) mild. Introvert vs extrovert is friction but activity match carries it. YES.",2026-05-04T17:57:39.058692
46,36,luxury-party-group,1,0,0,1,SAVE_ONLY,1,45.0,"Khalil: luxury, beach, photography, mountains, solo, extrovert — shared luxury and beach. Solo vs group and mountains vs beach as primary destination are mismatches. Keenan saves on the luxury+beach overlap without committing.",2026-05-04T18:01:24.416831
46,47,luxury-party-group,0,0,0,0,NO,0,24.0,"Tessa: extreme sports, road trips, countryside+mountains, adventure — outdoor adventure group vs Keenan's luxury beach party scene. No shared destination or budget. Skip.",2026-05-04T18:01:40.906327
47,50,adventure-road-group,1,1,16600,1,SUPER_LIKE,3,90.0,"Remy: extreme sports, hiking, road trips, countryside+mountains, adventure, moderate, flexible, extrovert, group, long-term — near-perfect DNA match. Shared extreme sports, road trips, mountains, moderate budget, extrovert group long-term travel. Planning spontaneous vs flexible is negligible. Max dwell, saved, SUPER_LIKE.",2026-05-04T18:02:10.905872
47,39,adventure-road-group,1,1,10400,0,YES,2,76.0,"Gianna: food, hostels, photography, road trips, countryside+mountains, adventure, moderate, flexible, extrovert — shared road trips, mountains, adventure and moderate budget. Solo vs group is the main gap but Tessa is open to smaller arrangements. YES.",2026-05-04T18:03:38.996113
47,48,adventure-road-group,1,1,9800,0,YES,2,74.0,"Lawrence: festivals, hiking, road trips, countryside+mountains, adventure, budget, flexible, ambivert, group, backpacking — road trips, mountains, adventure and group format align strongly. Budget gap (moderate vs budget) mild. YES.",2026-05-04T18:08:38.951942
47,43,adventure-road-group,0,0,0,0,NO,0,28.0,"Heaven: luxury, cafe/city walks, city-break, solo, long-term — luxury city solo vs Tessa's moderate outdoor adventure group. Budget, destination and format all clash. Skip.",2026-05-04T18:10:38.964001
47,38,adventure-road-group,0,0,0,0,NO,0,19.0,"Quinton: introvert, strict, beach/food/museums, relaxation — structured relaxation vs Tessa's spontaneous outdoor extreme adventure. No shared destination or energy. Skip.",2026-05-04T18:11:33.839922
48,47,budget-adventure-group,1,1,12100,0,YES,2,77.0,"Tessa: extreme sports, cafe-hopping, road trips, countryside+mountains, adventure, moderate, spontaneous, extrovert, group, long-term — road trips, mountains, adventure and group long-term align strongly. Budget gap (budget vs moderate) mild. Lawrence gives YES.",2026-05-04T18:11:59.829127
48,50,budget-adventure-group,1,1,11300,0,YES,2,73.0,"Remy: extreme sports, hiking, road trips, countryside+mountains, adventure, moderate, flexible, extrovert, group, long-term — hiking, road trips, mountains and group adventure align strongly with Lawrence. Budget gap (budget vs moderate) minor. YES.",2026-05-04T18:18:56.506429
48,39,budget-adventure-group,1,1,9600,0,YES,2,71.0,"Gianna: food, hostels, photography, road trips, countryside+mountains, adventure, moderate, flexible, extrovert — hostels, road trips and outdoor adventure overlap well. Budget gap mild. Solo vs group is manageable. YES.",2026-05-04T18:19:19.072638
48,35,budget-adventure-group,1,0,0,1,SAVE_ONLY,1,44.0,"Magdalena: budget, flexible, introvert, hiking, reading, countryside, solo — shared budget and hiking interest. But introvert+solo vs group and relaxation vs adventure are mismatches. Lawrence saves it as a potential quiet hiking companion without committing.",2026-05-04T18:19:48.957499
48,53,budget-adventure-group,0,0,0,0,NO,0,26.0,"Kamilah: introvert, photography/road trips, countryside+mountains, moderate, spontaneous — introvert solo vs group and moderate vs budget are gaps. Photography and countryside overlap partially but insufficient for Lawrence's group backpacking energy. Skip.",2026-05-04T18:20:03.688564
49,46,party-city-group,1,1,10700,0,YES,2,68.0,"Keenan: beach, festivals, nightlife, beach, party, group, luxury, extrovert — shared beach+festivals+nightlife+party+group. Budget gap (luxury vs moderate) and extrovert vs introvert are mild clashes. Activity alignment is very strong. YES.",2026-05-04T18:20:46.030475
49,38,party-city-group,0,0,0,0,NO,0,23.0,"Quinton: introvert, strict, museums, relaxation — museum relaxation vs Kelsey's party city lifestyle. No shared energy. Skip.",2026-05-04T18:21:06.458647
49,39,party-city-group,0,0,0,0,NO,0,20.0,"Gianna: hostels, road trips, countryside+mountains, backpacking, adventure — outdoor backpacking vs Kelsey's city party scene. Destination and activity are entirely different. Skip.",2026-05-04T18:21:29.112565
49,44,party-city-group,1,1,9100,0,YES,2,65.0,"Harrison: beach, nightlife, road trips, beach+city, party, group, spontaneous, extrovert, budget — shared beach+nightlife+party+group. Extrovert vs introvert is mild friction but activity and intent alignment is strong. YES.",2026-05-04T18:22:26.785381
49,52,party-city-group,1,0,0,1,SAVE_ONLY,1,42.0,"Jakob: festivals, hiking, museums, road trips, adventure, moderate, group — festivals and food overlap draw Kelsey in. But outdoor adventure focus vs city party and spontaneous vs city nightlife are mismatches. Saves speculatively for the festivals overlap.",2026-05-04T18:23:32.785834
50,47,adventure-road-group,1,1,17400,1,SUPER_LIKE,3,90.0,"Tessa: cafe-hopping, extreme sports, road trips, countryside+mountains, adventure, moderate, spontaneous, extrovert, group, long-term — near-perfect DNA match. Shared extreme sports, road trips, mountains, moderate budget, extrovert group long-term intent. Max dwell, saved, SUPER_LIKE.",2026-05-04T18:25:05.558348
50,51,adventure-road-group,1,1,7800,0,YES,2,67.0,"Kiara: hostels, photography, countryside+mountains, adventure, budget, spontaneous, ambivert, group — shared outdoor destinations, adventure and group intent. Budget gap (moderate vs budget) mild. Photography adds a creative angle Remy appreciates. YES.",2026-05-04T18:26:55.803993
50,52,adventure-road-group,1,1,10900,0,YES,2,74.0,"Jakob: festivals, hiking, museums, road trips, countryside+mountains, adventure, moderate, spontaneous, ambivert, group — hiking, road trips, mountains and group adventure align strongly. Same moderate budget. YES.",2026-05-04T18:29:13.835650
50,39,adventure-road-group,1,1,9200,0,YES,2,72.0,"Gianna: food, hostels, photography, road trips, countryside+mountains, adventure, moderate, flexible, extrovert — shared road trips, mountains, adventure, extrovert energy and moderate budget. Solo vs group is the only gap. Remy gives YES.",2026-05-04T18:32:24.879787
50,48,adventure-road-group,0,0,0,0,NO,0,34.0,"Lawrence: budget, festivals, hiking, group — hiking and group overlap but budget vs moderate gap and backpacking hostels vs Remy's moderate adventure style are friction. After four strong matches Remy is selective and passes. NO.",2026-05-04T18:32:35.615489
51,43,budget-adventure-group,0,0,0,0,NO,0,24.0,"Heaven: luxury, city-break, cafe/city walks, solo, long-term — luxury city solo vs Kiara's budget outdoor group weekend escapes. Budget, destination and format all clash. Instant skip.",2026-05-04T18:32:47.745867
51,47,budget-adventure-group,1,1,9400,0,YES,2,67.0,"Tessa: extreme sports, road trips, countryside+mountains, adventure, spontaneous, extrovert, moderate, group — mountains, adventure and group format align strongly with Kiara. Budget gap (budget vs moderate) mild. Spontaneous style matches perfectly. YES.",2026-05-04T18:33:15.667495
51,52,budget-adventure-group,1,1,11100,0,YES,2,71.0,"Jakob: festivals, hiking, museums, road trips, countryside+mountains, adventure, moderate, spontaneous, group — hiking, mountains, adventure and group format align well. Budget gap (budget vs moderate) mild. Spontaneous style matches. YES.",2026-05-04T18:33:45.814225
51,50,budget-adventure-group,1,1,10300,0,YES,2,69.0,"Remy: extreme sports, hiking, road trips, countryside+mountains, adventure, moderate, extrovert, group — shared outdoor adventure, mountains and group format. Budget gap (budget vs moderate) mild. Extrovert vs ambivert manageable. YES.",2026-05-04T18:34:26.001806
51,36,budget-adventure-group,1,0,0,1,SAVE_ONLY,1,46.0,"Khalil: luxury, beach, photography, mountains, solo, flexible — photography and mountains draw Kiara in. Luxury vs budget and solo vs group are notable gaps. Saves speculatively on the photography+mountains overlap without committing.",2026-05-04T18:35:14.456584
52,48,adventure-group-long-term,1,1,11700,0,YES,2,75.0,"Lawrence: festivals, hiking, road trips, countryside+mountains, adventure, budget, flexible, ambivert, group, backpacking — festivals, hiking, road trips and mountains+countryside all align. Budget gap (moderate vs budget) mild. Strong YES.",2026-05-04T18:36:19.664456
52,39,adventure-group-long-term,1,1,10200,0,YES,2,73.0,"Gianna: food, hostels, photography, road trips, countryside+mountains, adventure, moderate, flexible, extrovert — road trips, mountains, adventure and moderate budget align well. Photography and food are added shared interests. YES.",2026-05-04T18:37:36.785907
52,50,adventure-group-long-term,1,1,17100,1,SUPER_LIKE,3,89.0,"Remy: extreme sports, hiking, road trips, countryside+mountains, adventure, moderate, flexible, extrovert, group, long-term — near-perfect match. Shared hiking, road trips, mountains, moderate budget, group long-term adventure. Max dwell, saved, SUPER_LIKE.",2026-05-04T18:39:19.044710
52,43,adventure-group-long-term,0,0,0,0,NO,0,26.0,"Heaven: luxury, city-break, cafe/city walks, hiking, photography, solo — luxury city solo vs Jakob's moderate outdoor group adventure. Budget and format misalign significantly. Skip.",2026-05-04T18:40:14.369093
52,34,adventure-group-long-term,0,0,0,0,NO,0,18.0,"Jamie: budget, beach/nightlife/festivals/party, city-break, group — party beach city scene vs Jakob's outdoor mountain adventure. Festivals are shared but the overall travel DNA is too different. Skip.",2026-05-04T18:41:16.210957
50,39,adventure-road-group,1,1,9200,0,YES,2,72.0,"Gianna: food, hostels, photography, road trips, countryside+mountains, adventure, moderate, flexible, extrovert, solo backpacker — road trips, mountains, adventure and moderate budget align strongly. Extrovert shared energy. Solo vs group is mild friction. YES.",2026-05-04T18:43:24.339504
51,43,budget-adventure-group,0,0,0,0,NO,0,24.0,"Heaven: luxury, cafe/city walks, city-break, solo, long-term — luxury city solo vs Kiara's budget outdoor group adventure. Budget and destination are both deal-breakers. Skip.",2026-05-04T18:43:38.415661
51,47,budget-adventure-group,1,1,9400,0,YES,2,67.0,"Tessa: extreme sports, road trips, countryside+mountains, adventure, moderate, spontaneous, extrovert, group — shared outdoor destinations, adventure and group intent. Budget gap (budget vs moderate) mild. Spontaneous style matches. YES.",2026-05-04T18:44:03.302608
51,52,budget-adventure-group,1,1,10800,0,YES,2,71.0,"Jakob: festivals, hiking, museums, road trips, countryside+mountains, adventure, moderate, spontaneous, ambivert, group — hiking, mountains, adventure and group weekend energy align well with Kiara. Budget gap (budget vs moderate) mild. YES.",2026-05-04T18:44:33.982188
51,50,budget-adventure-group,1,1,8600,0,YES,2,69.0,"Remy: extreme sports, hiking, road trips, countryside+mountains, adventure, moderate, flexible, extrovert, group — shared outdoor destinations, adventure and group intent. Budget gap (budget vs moderate) minor. YES.",2026-05-04T18:45:08.958771
51,36,budget-adventure-group,1,0,0,1,SAVE_ONLY,1,46.0,"Khalil: luxury, beach, photography, mountains, extrovert, flexible, solo — photography and mountains overlap appeal to Kiara. Budget gap (luxury vs budget) and solo vs group are mismatches. Saves speculatively on the photography+mountains hook without committing.",2026-05-04T18:45:50.555248
52,48,adventure-road-group,1,1,11600,0,YES,2,75.0,"Lawrence: festivals, hiking, road trips, countryside+mountains, adventure, budget, flexible, ambivert, group — festivals, hiking, road trips and group adventure are a strong match. Budget gap (moderate vs budget) mild. YES.",2026-05-04T18:46:50.967360
52,39,adventure-road-group,1,1,9800,0,YES,2,73.0,"Gianna: food, hostels, photography, road trips, countryside+mountains, adventure, moderate, flexible, extrovert — shared road trips, mountains, adventure and moderate budget. Photography adds creative overlap. YES.",2026-05-04T18:48:01.694249
52,50,adventure-road-group,1,1,17900,1,SUPER_LIKE,3,89.0,"Remy: extreme sports, hiking, road trips, countryside+mountains, adventure, moderate, flexible, extrovert, group, long-term — near-perfect DNA match. Shared hiking, road trips, mountains, moderate budget, extrovert group long-term intent. Max dwell, saved, SUPER_LIKE.",2026-05-04T18:49:32.887679
52,43,adventure-road-group,0,0,0,0,NO,0,26.0,"Heaven: luxury, cafe/city walks/hiking, city-break, solo, long-term — luxury city solo vs Jakob's moderate outdoor adventure group. Budget and destination are both deal-breakers. Skip.",2026-05-04T18:50:23.717750
52,34,adventure-road-group,0,0,0,0,NO,0,18.0,"Jamie: budget, party/nightlife/festivals/beach, group — beach party nightlife vs Jakob's outdoor adventure hiking focus. Festivals overlap but the overall vibe is completely different. Skip.",2026-05-04T18:51:25.979833
53,39,introvert-photo-road,1,1,10300,0,YES,2,71.0,"Gianna: food, hostels, photography, road trips, countryside+mountains, adventure, moderate, flexible, extrovert — shared photography, road trips and mountain destinations. Extrovert vs introvert is friction but the activity overlap is strong enough. YES.",2026-05-04T18:53:49.779305
53,48,introvert-photo-road,1,1,10900,0,YES,2,74.0,"Lawrence: festivals, hiking, road trips, countryside+mountains, adventure, budget, flexible, ambivert, group, backpacking — shared road trips, mountains and adventure. Budget aligns (both modest). Ambivert vs introvert is manageable on a small group road trip. YES.",2026-05-04T23:03:26.997939
53,52,introvert-photo-road,1,1,11700,0,YES,2,77.0,"Jakob: festivals, hiking, museums, road trips, countryside+mountains, adventure, moderate, spontaneous, ambivert, group — road trips, mountains and adventure overlap strongly. Shared moderate budget, spontaneous style and outdoor focus. Group vs group aligns. YES.",2026-05-04T23:03:51.459521
53,36,introvert-photo-road,0,0,0,0,NO,0,23.0,"Khalil: luxury, extrovert, beach, solo, weekend escape — luxury solo extrovert vs Kamilah's moderate introvert group mountain road trips. Budget, social energy and destination all clash. Instant skip.",2026-05-04T23:04:16.012787
53,35,introvert-photo-road,1,0,0,1,SAVE_ONLY,1,48.0,"Magdalena: budget, flexible, introvert, hiking, reading, countryside, solo — shared introvert energy, hiking and budget. Solo vs group and relaxation vs adventure are mismatches. Kamilah glances the card and saves it as a quiet hiking companion possibility without committing.",2026-05-04T23:05:35.166860
54,60,luxury-cultural-solo,1,1,8700,0,YES,2,72.0,"Ruben: luxury, strict, ambivert, beach+food, beach+city, party, group — shared luxury and city-break destination. Party vs cultural is a gap, but Kason appreciates the food focus and city exploration energy. YES.",2026-05-04T23:29:19.505212
54,71,luxury-cultural-solo,1,1,16800,1,SUPER_LIKE,3,89.0,"Rosalia: luxury, strict, ambivert, food/photography/walking tours, city-break, cultural, solo, long-term — near-perfect DNA match with Kason. Shared luxury, strict planning, city-break, cultural focus, photography and solo format. Max dwell, saved, SUPER_LIKE.",2026-05-04T23:41:28.924044
54,67,luxury-cultural-solo,1,1,10400,0,YES,2,76.0,"Marceline: budget, strict, introvert, cafe/food/museums/shopping, city-break, cultural, solo — shared introvert+strict+museums+city cultural focus. Budget gap (luxury vs budget) is friction but activity and format alignment is strong. YES.",2026-05-04T23:41:49.836885
54,37,luxury-cultural-solo,0,0,0,0,NO,0,22.0,"Dallas: moderate, extrovert, museums/photo/walking, city — museums and city overlap but moderate budget vs luxury and extrovert vs introvert are deal-breakers for Kason. Skip.",2026-05-04T23:41:59.859366
54,55,luxury-cultural-solo,1,1,9100,0,YES,2,68.0,"Elyse: luxury, flexible, ambivert, cafe/food/museums/shopping, city-break, foodie, solo — shared luxury, food, museums and city-break solo format. Flexible vs strict and ambivert vs introvert are mild gaps. Strong YES.",2026-05-04T23:42:27.240123
55,57,luxury-foodie-solo,0,0,0,0,NO,0,19.0,"Skylar: luxury, strict, introvert, beach/food/nightlife, party, group — party/nightlife/beach group vs Elyse's city foodie solo. Group vs solo and party vs foodie are clear mismatches. Skip.",2026-05-04T23:42:46.948659
55,61,luxury-foodie-solo,1,1,9800,0,YES,2,74.0,"Nalani: moderate, flexible, ambivert, cafe/food/shopping, city-break, cultural, solo — shared cafe/food/shopping/city solo format. Budget gap (luxury vs moderate) mild. Elyse appreciates the cultural foodie city energy. YES.",2026-05-04T23:43:22.265939
55,65,luxury-foodie-solo,0,0,0,0,NO,0,28.0,"August: extrovert, food/hiking/road trips, mountains, adventure, backpacking, solo — hiking/mountains/adventure vs Elyse's city foodie shopping. Extrovert vs ambivert and outdoor adventure vs urban relaxation. Skip.",2026-05-04T23:43:43.988330
55,30,luxury-foodie-solo,0,0,0,0,NO,0,21.0,"Mohammed: introvert, moderate, beach/hiking/photography/reading, mountains+countryside, relaxation — outdoor relaxation vs Elyse's luxury urban foodie. Budget and destination entirely misaligned. Skip.",2026-05-04T23:44:09.376138
55,67,luxury-foodie-solo,1,1,8300,0,YES,2,70.0,"Marceline: budget, strict, introvert, cafe/food/museums/shopping, city-break, cultural, solo — shared cafe/food/museums/city solo. Budget gap (luxury vs budget) is friction but the full activity and format alignment wins. YES.",2026-05-04T23:45:09.884405
56,58,budget-party-group,0,0,0,0,NO,0,23.0,"Roland: moderate, strict, introvert, beach/food/museums/shopping, islands+city, relaxation, group — relaxation vs party, museums vs festivals, moderate vs budget. Despite shared beach+city and group intent, the vibe is completely different. Skip.",2026-05-04T23:45:44.454450
56,73,budget-party-group,1,0,0,1,SAVE_ONLY,1,44.0,"Jazmine: budget, flexible, extrovert, cafe/hiking/photography, mountains, adventure, group — shared budget, extrovert and group intent. Hiking/mountains vs beach/festivals is a destination gap. Roger saves it speculatively — maybe for a mixed weekend trip.",2026-05-04T23:47:01.856901
56,68,budget-party-group,0,0,0,0,NO,0,18.0,"Amias: moderate, spontaneous, introvert, food/museums/shopping, beach, relaxation — relaxation vs party, introvert vs extrovert, moderate vs budget. No shared energy. Skip.",2026-05-04T23:47:48.303845
56,40,budget-party-group,1,1,7600,0,YES,2,62.0,"Bradley: budget, strict, ambivert, cafe/city walks, city-break, solo, long-term — shared budget and city-break. Strict vs strict planning matches. Roger is open to pairing city exploration with city party vibes. YES.",2026-05-04T23:49:37.705746
56,34,budget-party-group,1,1,10200,0,YES,2,67.0,"Jamie: budget, spontaneous, ambivert, beach/cafe/festivals/nightlife, beach+city, party, group — strong alignment on beach+city, budget, party and group travel. Strict vs spontaneous is the only clash. YES.",2026-05-04T23:51:52.335832
57,61,luxury-party-beach,0,0,0,0,NO,0,24.0,"Nalani: moderate, flexible, ambivert, cafe/food/shopping, city-break, cultural, solo — cultural city solo vs Skylar's luxury beach party group. Budget, destination and intent all clash. Skip.",2026-05-04T23:53:12.212010
57,69,luxury-party-beach,1,0,0,1,SAVE_ONLY,1,41.0,"Victoria: moderate, spontaneous, extrovert, beach/food/museums, city, foodie, solo — shared beach and food interest. Budget gap (luxury vs moderate) and solo vs group are mismatches. Skylar saves speculatively on the beach+food overlap without committing.",2026-05-05T10:18:42.549692
57,58,luxury-party-beach,1,1,8900,0,YES,2,63.0,"Roland: moderate, strict, introvert, beach/food/museums/shopping, city+islands, relaxation, group — shared beach+food+shopping+group+strict planning. Budget gap (luxury vs moderate) mild. Relaxation vs party is a difference but Skylar appreciates the island/beach alignment. YES.",2026-05-05T10:19:03.946290
57,54,luxury-party-beach,0,0,0,0,NO,0,27.0,"Kason: luxury, strict, introvert, museums/photo/walking, city, cultural, solo — cultural city solo vs beach party group. Shared luxury and strict planning but destination and experience are opposite ends. Skip.",2026-05-05T10:19:16.869013
57,71,luxury-party-beach,0,0,0,0,NO,0,20.0,"Rosalia: luxury, strict, ambivert, food/photo/walking tours, city, cultural, solo — city cultural solo vs beach party group. Shared luxury and strict planning but destination and format don't align. Skip.",2026-05-05T10:19:28.951969
58,55,moderate-relaxation-group,1,0,0,1,SAVE_ONLY,1,47.0,"Elyse: luxury, flexible, ambivert, cafe/food/museums/shopping, city-break, foodie, solo — shared food/museums/shopping/city. Budget gap (luxury vs moderate) and solo vs group are hesitations. Roland saves speculatively without committing.",2026-05-05T10:20:00.476269
58,68,moderate-relaxation-group,1,1,9300,0,YES,2,66.0,"Amias: moderate, spontaneous, introvert, food/museums/shopping, beach, relaxation, group — shared food/museums/shopping/beach/relaxation/group. Shared moderate budget and introvert energy. Spontaneous vs strict is a gap but activity alignment is compelling. YES.",2026-05-05T10:20:38.027043
58,54,moderate-relaxation-group,0,0,0,0,NO,0,25.0,"Kason: luxury, introvert, museums/photo/walking, city, cultural, solo — solo cultural vs group relaxation, luxury vs moderate. No shared format or budget. Skip.",2026-05-05T10:20:59.690316
58,47,moderate-relaxation-group,0,0,0,0,NO,0,17.0,"Tessa: extreme sports, road trips, mountains, adventure, spontaneous — outdoor adventure extremes vs Roland's beach city relaxation. No shared destination or activity. Skip.",2026-05-05T10:21:24.536056
58,71,moderate-relaxation-group,1,1,8100,0,YES,2,69.0,"Rosalia: luxury, strict, ambivert, food/photo/walking, city-break, cultural, solo — shared food, strict planning and city-break. Budget gap (luxury vs moderate) and solo vs group noted but Roland reads full profile and appreciates the cultural city energy. YES.",2026-05-05T10:22:26.931656
59,60,budget-introvert-solo,0,0,0,0,NO,0,16.0,"Ruben: luxury, strict, ambivert, beach/food, beach+city, party, group — luxury party beach group vs Kenna's budget introvert solo countryside escape. Every dimension misaligns. Skip.",2026-05-05T10:23:03.168721
59,69,budget-introvert-solo,0,0,0,0,NO,0,20.0,"Victoria: moderate, spontaneous, extrovert, beach/food/museums, city, foodie, solo — extrovert city foodie vs Kenna's introvert countryside reader. Budget, destination and energy all clash. Skip.",2026-05-05T10:23:41.053210
59,73,budget-introvert-solo,1,1,9700,0,YES,2,71.0,"Jazmine: budget, flexible, extrovert, cafe/hiking/photography, mountains, adventure, group — shared hiking, photography, budget and mountain destinations. Extrovert vs introvert is manageable on a quiet trail. YES.",2026-05-05T10:25:15.809938
59,39,budget-introvert-solo,1,1,8400,0,YES,2,75.0,"Gianna: moderate, flexible, extrovert, food/hostels/photography/road trips, countryside+mountains, adventure, solo backpacker — shared photography and countryside+mountains destinations. Budget gap mild. Extrovert vs introvert is friction but outdoor alignment wins. YES.",2026-05-05T10:27:09.638126
59,35,budget-introvert-solo,1,1,11200,0,YES,2,68.0,"Magdalena: budget, flexible, introvert, hiking/reading, countryside, relaxation, solo — near-perfect match. Shared introvert energy, budget, hiking and outdoor solo weekend escapes. Kenna reads every line and gives YES enthusiastically.",2026-05-05T10:29:31.737613
60,73,luxury-party-group,0,0,0,0,NO,0,22.0,"Jazmine: budget, extrovert, cafe/hiking/photography, mountains, adventure, group — budget vs luxury and hiking/mountains vs beach/city party. No shared destination or vibe. Skip.",2026-05-05T10:33:27.998922
60,57,luxury-party-group,1,1,10300,0,YES,2,70.0,"Skylar: luxury, strict, introvert, beach/food/nightlife, beach, party, group — shared luxury, beach, food, nightlife, party and group. Strict planning matches. Introvert vs ambivert is mild friction. Strong YES.",2026-05-05T10:33:51.162957
60,62,luxury-party-group,0,0,0,0,NO,0,19.0,"Lucian: luxury, flexible, introvert, hostels/road trips, countryside+mountains, adventure, group — outdoor adventure hostels vs Ruben's luxury beach party. Destination and experience entirely misaligned. Skip.",2026-05-05T10:34:02.527864
60,55,luxury-party-group,1,0,0,1,SAVE_ONLY,1,43.0,"Elyse: luxury, flexible, ambivert, cafe/food/museums/shopping, city-break, foodie, solo — shared luxury and food/shopping. Solo vs group and foodie vs party are gaps. Ruben saves speculatively on the luxury+food overlap.",2026-05-05T10:34:27.923836
60,47,luxury-party-group,0,0,0,0,NO,0,24.0,"Tessa: moderate, extreme sports, road trips, mountains, adventure — outdoor extreme adventure vs luxury beach party. Budget, destination and experience all clash. Skip.",2026-05-05T10:34:42.992157
61,63,moderate-cultural-solo,0,0,0,0,NO,0,26.0,"Jolene: luxury, extreme sports/festivals/hiking/photo/road trips, mountains, adventure, group — outdoor adventure luxury group vs Nalani's moderate city cultural solo. Completely different vibe. Skip.",2026-05-05T10:35:02.012406
61,55,moderate-cultural-solo,1,1,9600,0,YES,2,72.0,"Elyse: luxury, flexible, ambivert, cafe/food/museums/shopping, city-break, foodie, solo — strong cafe/food/shopping/city solo overlap. Budget gap (luxury vs moderate) mild. YES.",2026-05-05T10:35:44.222610
61,69,moderate-cultural-solo,1,1,10800,0,YES,2,74.0,"Victoria: moderate, spontaneous, extrovert, beach/food/museums, city, foodie, solo — shared food/museums/city/solo and moderate budget. Extrovert vs ambivert mild. Foodie experience matches. YES.",2026-05-05T10:36:39.621456
61,59,moderate-cultural-solo,1,0,0,1,SAVE_ONLY,1,46.0,"Kenna: budget, introvert, hiking/photo/reading, countryside+mountains, relaxation, solo — photography overlap catches Nalani's eye. But outdoor countryside vs city and introvert vs ambivert are gaps. Saves speculatively without committing.",2026-05-05T10:37:40.458423
61,64,moderate-cultural-solo,1,1,17200,1,SUPER_LIKE,3,88.0,"Karsyn: moderate, spontaneous, introvert, cafe/food/museums/shopping, city-break, cultural, solo — near-perfect DNA match. Shared moderate budget, city cultural solo format, cafe/food/museums/shopping. Spontaneous vs flexible is negligible. Max dwell, saved, SUPER_LIKE.",2026-05-05T10:39:07.183079
62,70,luxury-adventure-group,1,1,9800,0,YES,2,73.0,"Jefferson: moderate, strict, ambivert, hiking/road trips, countryside+mountains, adventure, group — shared hiking, road trips, mountains+countryside and group adventure. Budget gap (luxury vs moderate) mild. YES.",2026-05-05T10:40:50.291918
62,63,luxury-adventure-group,1,1,12400,0,YES,2,78.0,"Jolene: luxury, flexible, ambivert, extreme/festivals/hiking/photo/road trips, mountains, adventure, group — shared luxury, road trips, hiking, mountains, adventure and group. Ambivert vs introvert mild. Strong YES.",2026-05-05T10:42:56.349843
62,48,luxury-adventure-group,1,1,9100,0,YES,2,69.0,"Lawrence: budget, flexible, ambivert, festivals/hiking/road trips, countryside+mountains, adventure, group — shared road trips, mountains, adventure and group backpacking. Budget gap (luxury vs budget) is friction but the destination and activity alignment is strong. YES.",2026-05-05T10:46:27.332936
62,65,luxury-adventure-group,1,0,0,1,SAVE_ONLY,1,52.0,"August: luxury, flexible, extrovert, food/hiking/road trips, mountains, adventure, solo — shared luxury, hiking, road trips and mountains. Solo vs group and extrovert vs introvert are gaps. Lucian saves speculatively on the strong destination and budget match.",2026-05-05T10:46:46.765433
62,73,luxury-adventure-group,0,0,0,0,NO,0,29.0,"Jazmine: budget, extrovert, cafe/hiking/photography, mountains, adventure, group — budget vs luxury is a deal-breaker for Lucian. Extrovert vs introvert is also a mismatch despite shared mountains and adventure. Skip.",2026-05-05T10:47:00.072741
63,65,luxury-adventure-group,1,1,17600,1,SUPER_LIKE,3,91.0,"August: luxury, flexible, extrovert, food/hiking/road trips, mountains, adventure, solo, backpacking — shared luxury, hiking, road trips, mountains and adventure. Solo vs group is the only gap. Jolene reads every line, impressed by the activity DNA match. Max dwell, saved, SUPER_LIKE.",2026-05-05T10:47:38.271794
63,72,luxury-adventure-group,1,1,11300,0,YES,2,77.0,"Lian: luxury, flexible, introvert, extreme sports/festivals/hiking/road trips, countryside, adventure, group — shared luxury, extreme sports, festivals, hiking, road trips and group. Countryside vs mountains and introvert vs ambivert are mild gaps. Strong YES.",2026-05-05T10:48:17.396670
63,70,luxury-adventure-group,1,1,8700,0,YES,2,71.0,"Jefferson: moderate, strict, ambivert, hiking/road trips, countryside+mountains, adventure, group — shared hiking, road trips, mountains and group adventure. Budget gap (luxury vs moderate) mild. YES.",2026-05-05T10:49:03.945577
63,62,luxury-adventure-group,1,1,10100,0,YES,2,74.0,"Lucian: luxury, flexible, introvert, hostels/road trips, countryside+mountains, adventure, group — shared luxury, road trips, mountains, adventure and group. Introvert vs ambivert mild. YES.",2026-05-05T10:50:02.840089
63,59,luxury-adventure-group,0,0,0,0,NO,0,23.0,"Kenna: budget, introvert, hiking/photo/reading, countryside, relaxation, solo — budget mismatch, solo vs group, relaxation vs adventure. Despite shared hiking, the overall profile is too quiet and budget-restricted for Jolene. Skip.",2026-05-05T10:50:36.339984
64,67,moderate-cultural-solo,1,1,11800,0,YES,2,76.0,"Marceline: budget, strict, introvert, cafe/food/museums/shopping, city, cultural, solo — shared cafe/food/museums/shopping/city cultural solo. Budget gap (moderate vs budget) mild. Strict vs spontaneous is a minor clash. YES.",2026-05-05T10:51:58.361904
64,54,moderate-cultural-solo,1,0,0,1,SAVE_ONLY,1,49.0,"Kason: luxury, strict, introvert, food/museums/photo/walking, city, cultural, solo — shared introvert/city/cultural/solo format. Budget gap (luxury vs moderate) and strict vs spontaneous create hesitation. Karsyn saves without committing.",2026-05-05T10:53:32.772137
64,71,moderate-cultural-solo,1,1,10200,0,YES,2,73.0,"Rosalia: luxury, strict, ambivert, food/photo/walking tours, city, cultural, solo — shared food/city/cultural/solo. Budget gap (luxury vs moderate) noted but the format and activity overlap is compelling. YES.",2026-05-05T10:55:34.387643
64,55,moderate-cultural-solo,0,0,0,0,NO,0,30.0,"Elyse: luxury, flexible, shopping-heavy foodie — budget gap (luxury vs moderate) and shopping-focused foodie vs Karsyn's cultural museum explorer are enough to skip. No further click.",2026-05-05T10:56:44.382525
64,61,moderate-cultural-solo,1,1,9400,0,YES,2,71.0,"Nalani: moderate, flexible, ambivert, cafe/food/shopping, city-break, cultural, solo — shared moderate budget, city cultural solo and food/cafe. Flexible vs spontaneous and ambivert vs introvert are mild. YES.",2026-05-05T11:00:21.047498
65,56,luxury-adventure-solo,0,0,0,0,NO,0,18.0,"Roger: budget, strict, extrovert, beach/festivals, party, group — budget vs luxury, beach party vs mountains adventure. No shared destination or vibe. Skip.",2026-05-05T11:00:32.952957
65,63,luxury-adventure-solo,1,1,12600,0,YES,2,79.0,"Jolene: luxury, flexible, ambivert, extreme/festivals/hiking/photo/road trips, mountains, adventure, group — shared luxury, hiking, road trips, mountains and adventure. Group vs solo is a gap but August is open to joining groups for big adventures. Long dwell, YES.",2026-05-05T11:00:57.512064
65,73,luxury-adventure-solo,1,1,8800,0,YES,2,72.0,"Jazmine: budget, flexible, extrovert, cafe/hiking/photography, mountains, adventure, group — shared hiking, mountains, adventure and extrovert energy. Budget gap (luxury vs budget) is friction but the outdoor activity alignment is strong. YES.",2026-05-05T11:01:29.364792
65,70,luxury-adventure-solo,1,0,0,1,SAVE_ONLY,1,51.0,"Jefferson: moderate, strict, ambivert, hiking/road trips, countryside+mountains, adventure, group — shared hiking, road trips and mountains. Budget gap (luxury vs moderate) and strict vs flexible are hesitations. August saves without committing — latent interest.",2026-05-05T11:02:02.489155
65,72,luxury-adventure-solo,1,1,9700,0,YES,2,68.0,"Lian: luxury, flexible, introvert, extreme sports/festivals/hiking/road trips, countryside, adventure, group — shared luxury, extreme sports, hiking, road trips and adventure. Introvert vs extrovert and countryside vs mountains are mild gaps. YES.",2026-05-05T11:02:47.723730
66,57,moderate-party-group,0,0,0,0,NO,0,21.0,"Skylar: luxury, strict, introvert, beach/food/nightlife, party, group — shared party/nightlife/beach but luxury vs moderate and introvert vs ambivert and strict vs flexible are mismatches. Skip.",2026-05-05T11:03:20.042228
66,60,moderate-party-group,1,1,9300,0,YES,2,67.0,"Ruben: luxury, strict, ambivert, beach/food, beach+city, party, group — shared beach+city/food/party/group. Budget gap (luxury vs moderate) and strict vs flexible are frictions but the vibe alignment is strong. YES.",2026-05-05T11:04:28.952778
66,68,moderate-party-group,1,1,8100,0,YES,2,65.0,"Amias: moderate, spontaneous, introvert, food/museums/shopping, beach, relaxation, group — shared moderate budget, food, beach and group. Relaxation vs party and introvert vs ambivert are gaps but food+beach+group intent is a common thread. YES.",2026-05-05T11:05:49.950616
66,34,moderate-party-group,1,1,10600,0,YES,2,63.0,"Jamie: budget, spontaneous, ambivert, beach/cafe/festivals/nightlife, beach+city, party, group — shared beach+city/food/nightlife/party/group. Budget gap (moderate vs budget) mild. Great vibe alignment. YES.",2026-05-05T11:07:28.862303
66,73,moderate-party-group,0,0,0,0,NO,0,25.0,"Jazmine: budget, extrovert, cafe/hiking/photography, mountains, adventure, group — mountains/hiking vs beach/city party. Budget too low. No shared destination. Skip.",2026-05-05T11:08:24.694043
67,71,budget-cultural-solo,1,1,11100,0,YES,2,74.0,"Rosalia: luxury, strict, ambivert, food/photo/walking tours, city, cultural, solo, long-term — shared strict/city/cultural/solo and food. Budget gap (luxury vs budget) is friction but activity alignment is compelling. YES.",2026-05-05T11:10:45.170685
67,64,budget-cultural-solo,1,1,12300,0,YES,2,77.0,"Karsyn: moderate, spontaneous, introvert, cafe/food/museums/shopping, city, cultural, solo — near-perfect activity and format match. Shared introvert/city/cultural/solo. Budget gap (moderate vs budget) mild. Spontaneous vs strict is the main friction. YES.",2026-05-05T11:18:57.593623
67,54,budget-cultural-solo,1,0,0,1,SAVE_ONLY,1,48.0,"Kason: luxury, strict, introvert, food/museums/photo/walking, city, cultural, solo — shared city/cultural/solo and museums. Budget gap (luxury vs budget) is a hesitation. Marceline saves it without committing — latent interest.",2026-05-05T11:19:16.008752
67,55,budget-cultural-solo,0,0,0,0,NO,0,33.0,"Elyse: luxury, flexible, shopping-heavy foodie — luxury vs budget is a deal-breaker and shopping/foodie vs cultural focus is a mismatch for Marceline. Skip.",2026-05-05T11:19:27.014542
67,61,budget-cultural-solo,1,1,9200,0,NO,0,27.0,"Nalani: moderate, flexible, ambivert, cafe/food/shopping, city, cultural, solo — activity overlap is present but moderate vs budget and flexible vs strict and ambivert vs introvert accumulate into too many mismatches. Reads profile, decides no. Realistic inconsistency.",2026-05-05T11:20:01.472003
68,57,moderate-beach-group,1,1,8700,0,YES,2,66.0,"Skylar: luxury, strict, introvert, beach/food/nightlife, beach, party, group — shared beach/food/group and introvert energy. Budget gap (luxury vs moderate) and strict vs spontaneous are frictions but beach+food+group wins out. YES.",2026-05-05T11:20:37.565347
68,61,moderate-beach-group,0,0,0,0,NO,0,22.0,"Nalani: city-break, cultural, cafe/food/shopping, solo — city cultural solo vs Amias's beach relaxation group. Destination and format mismatch. Skip.",2026-05-05T11:21:00.124967
68,69,moderate-beach-group,1,1,10400,0,YES,2,70.0,"Victoria: moderate, spontaneous, extrovert, beach/food/museums, city, foodie, solo — shared moderate budget, beach, food and museums. Spontaneous matches. Solo vs group is a gap but Amias is drawn by the beach+food alignment. YES.",2026-05-05T11:21:53.065384
68,66,moderate-beach-group,1,0,0,1,SAVE_ONLY,1,44.0,"Aden: moderate, flexible, ambivert, food/nightlife, beach+city, party, group — shared moderate budget, food, beach and group. Party vs relaxation and nightlife vs quiet beach are gaps. Amias saves speculatively on the food+beach overlap.",2026-05-05T11:22:52.239845
68,71,moderate-beach-group,0,0,0,0,NO,0,19.0,"Rosalia: luxury, strict, city cultural solo, walking tours/photography — luxury vs moderate, city vs beach, solo vs group. No shared format or destination. Skip.",2026-05-05T11:23:28.299734
69,55,moderate-foodie-solo,1,1,10100,0,YES,2,73.0,"Elyse: luxury, flexible, ambivert, cafe/food/museums/shopping, city-break, foodie, solo — shared food/museums/city/solo and foodie experience. Budget gap (luxury vs moderate) mild. YES.",2026-05-05T11:24:55.557696
69,65,moderate-foodie-solo,0,0,0,0,NO,0,28.0,"August: luxury, extrovert, food/hiking/road trips, mountains, adventure — hiking/mountains/adventure vs Victoria's city foodie beach museums. Budget gap too. No shared destination. Skip.",2026-05-05T11:25:44.407808
69,61,moderate-foodie-solo,1,1,11300,0,YES,2,75.0,"Nalani: moderate, flexible, ambivert, cafe/food/shopping, city-break, cultural, solo — shared moderate budget, food/city/solo. Extrovert vs ambivert mild. Foodie+cultural city solo overlap is strong. YES.",2026-05-05T11:27:44.393607
69,66,moderate-foodie-solo,1,1,8600,0,YES,2,68.0,"Aden: moderate, flexible, ambivert, food/nightlife, beach+city, party, group — shared moderate budget, food, beach+city. Party vs foodie is a gap but the food+city energy resonates. YES.",2026-05-05T11:30:09.650780
69,67,moderate-foodie-solo,0,0,0,0,NO,0,24.0,"Marceline: budget, strict, introvert, cafe/food/museums/shopping, city, cultural, solo — budget vs moderate, introvert vs extrovert and strict vs spontaneous accumulate. Despite city/food overlap Victoria skips without clicking.",2026-05-05T11:34:47.131720
70,63,moderate-adventure-group,1,1,12800,0,YES,2,76.0,"Jolene: luxury, flexible, ambivert, extreme/festivals/hiking/photo/road trips, mountains, adventure, group — shared hiking, road trips, mountains, adventure and group. Budget gap (luxury vs moderate) and strict vs flexible are mild frictions. Strong YES.",2026-05-05T11:35:15.990498
70,72,moderate-adventure-group,1,1,10600,0,YES,2,72.0,"Lian: luxury, flexible, introvert, extreme sports/festivals/hiking/road trips, countryside, adventure, group — shared extreme sports, hiking, road trips, adventure and group. Budget gap (luxury vs moderate) and countryside vs mountains are mild. YES.",2026-05-05T11:35:58.958853
70,65,moderate-adventure-group,1,1,9300,0,YES,2,70.0,"August: luxury, flexible, extrovert, food/hiking/road trips, mountains, adventure, solo — shared hiking, road trips, mountains and adventure. Budget gap (luxury vs moderate) and solo vs group noted. Jefferson is open to solo companions for specific routes. YES.",2026-05-05T11:36:33.341697
70,59,moderate-adventure-group,1,0,0,1,SAVE_ONLY,1,53.0,"Kenna: budget, introvert, hiking/photo/reading, countryside, relaxation, solo — shared hiking and countryside. Budget gap mild. But solo vs group and relaxation vs adventure are hesitations. Jefferson saves it as a potential quiet trail companion.",2026-05-05T11:37:15.302991
70,62,moderate-adventure-group,0,0,0,0,NO,0,27.0,"Lucian: luxury, introvert, hostels/road trips, countryside+mountains, adventure — budget gap (luxury vs moderate) and introvert vs ambivert. Despite shared road trips and adventure the budget mismatch is enough for Jefferson to skip.",2026-05-05T11:37:39.837834
71,55,luxury-cultural-solo,1,1,16900,1,SUPER_LIKE,3,90.0,"Elyse: luxury, flexible, ambivert, cafe/food/museums/shopping, city-break, foodie, solo — shared luxury, food, museums, city-break, solo. Flexible vs strict is a minor difference. Rosalia reads every line and finds an exceptional match in the city cultural foodie solo format. Max dwell, saved, SUPER_LIKE.",2026-05-05T11:38:55.828586
71,59,luxury-cultural-solo,0,0,0,0,NO,0,21.0,"Kenna: budget, introvert, hiking/photo/reading, countryside, relaxation — budget vs luxury, countryside vs city, relaxation vs cultural. No shared destination or budget. Skip.",2026-05-05T11:39:30.935245
71,66,luxury-cultural-solo,0,0,0,0,NO,0,18.0,"Aden: moderate, food/nightlife, beach+city, party, group — party/nightlife/group vs Rosalia's luxury city cultural solo. Budget and format misaligned. Skip.",2026-05-05T11:40:10.320577
71,54,luxury-cultural-solo,1,1,11200,0,YES,2,78.0,"Kason: luxury, strict, introvert, food/museums/photo/walking, city, cultural, solo — near-perfect match. Shared luxury/strict/city/cultural/solo and food/museums/photography. Introvert vs ambivert is the only mild gap. YES.",2026-05-05T11:41:48.216284
71,67,luxury-cultural-solo,1,1,9100,0,YES,2,75.0,"Marceline: budget, strict, introvert, cafe/food/museums/shopping, city, cultural, solo — shared strict/city/cultural/solo and museums/food. Budget gap (luxury vs budget) is friction but the format and activity alignment is compelling. YES.",2026-05-05T11:43:49.510318
72,67,luxury-adventure-group,0,0,0,0,NO,0,20.0,"Marceline: budget, strict, introvert, cafe/food/museums/shopping, city, cultural, solo — city cultural solo vs Lian's luxury outdoor adventure group. Budget, destination and format all clash. Skip.",2026-05-05T11:45:06.404141
72,54,luxury-adventure-group,0,0,0,0,NO,0,17.0,"Kason: luxury, strict, introvert, museums/photo/walking, city, cultural, solo — city cultural solo vs Lian's outdoor adventure group. Shared luxury but destination and experience entirely different. Skip.",2026-05-05T11:46:22.721074
72,63,luxury-adventure-group,1,1,12100,0,YES,2,74.0,"Jolene: luxury, flexible, ambivert, extreme/festivals/hiking/photo/road trips, mountains, adventure, group — shared luxury, extreme sports, festivals, hiking, road trips, mountains, adventure and group. Ambivert vs introvert is the only gap. Strong YES.",2026-05-05T11:57:19.795157
72,65,luxury-adventure-group,1,1,10800,0,YES,2,76.0,"August: luxury, flexible, extrovert, food/hiking/road trips, mountains, adventure, solo — shared luxury, hiking, road trips, mountains and adventure. Extrovert vs introvert and solo vs group are mild gaps but the DNA alignment is strong. YES.",2026-05-05T11:57:43.165254
72,73,luxury-adventure-group,1,1,8900,0,YES,2,70.0,"Jazmine: budget, flexible, extrovert, cafe/hiking/photography, mountains, adventure, group — shared hiking, mountains, adventure and group. Budget gap (luxury vs budget) is friction but Lian appreciates the outdoor adventure alignment. YES.",2026-05-05T11:58:09.467254
73,63,budget-adventure-group,1,1,11400,0,YES,2,73.0,"Jolene: luxury, flexible, ambivert, extreme/festivals/hiking/photo/road trips, mountains, adventure, group — shared hiking, photography, mountains, festivals and group adventure. Budget gap (budget vs luxury) is friction but the outdoor adventure DNA alignment is compelling. YES.",2026-05-05T11:58:40.290536
73,72,budget-adventure-group,1,0,0,1,SAVE_ONLY,1,47.0,"Lian: luxury, flexible, introvert, extreme sports/festivals/hiking/road trips, countryside, adventure, group — shared hiking, extreme sports, festivals and group adventure. Budget gap (luxury vs budget) is a real hesitation. Jazmine saves to revisit without committing.",2026-05-05T11:59:13.201550
73,65,budget-adventure-group,1,1,10100,0,YES,2,69.0,"August: luxury, flexible, extrovert, food/hiking/road trips, mountains, adventure, solo — shared hiking, mountains, adventure and extrovert energy. Budget gap (luxury vs budget) is friction but Jazmine is drawn by the strong outdoor activity overlap. YES.",2026-05-05T11:59:58.654155
73,54,budget-adventure-group,0,0,0,0,NO,0,16.0,"Kason: luxury, strict, introvert, museums/photo/walking, city, cultural, solo — luxury city cultural solo vs Jazmine's budget outdoor group adventure. Budget, destination and format all clash. Instant skip.",2026-05-05T12:00:24.620678
73,59,budget-adventure-group,1,1,9600,0,YES,2,72.0,"Kenna: budget, flexible, introvert, hiking/photo/reading, countryside+mountains, relaxation, solo — shared budget, hiking, photography and mountain destinations. Introvert vs extrovert and solo vs group are manageable for a quiet trail shoot. YES.",2026-05-05T12:01:28.040845
74,76,moderate-party-group,1,1,9400,0,YES,2,72.0,"Jeremy: moderate, flexible, extrovert, beach/festivals/food/hiking/nightlife, beach+city, party, group — near-identical DNA. Shared moderate budget, party, beach, festivals, nightlife and group. Flexible vs spontaneous is negligible. YES.",2026-05-05T14:34:09.585472
74,78,moderate-party-group,1,1,17100,1,SUPER_LIKE,3,88.0,"Parker: budget, spontaneous, ambivert, beach/festivals/food/nightlife, beach, party, group — perfect DNA match on party/beach/festivals/nightlife/group/spontaneous. Budget gap (moderate vs budget) is the only friction. Max dwell, saved, SUPER_LIKE.",2026-05-05T17:00:58.616159
74,84,moderate-party-group,1,1,8600,0,YES,2,65.0,"Ernesto: moderate, strict, ambivert, beach/festivals/nightlife, beach+city, party, group — shared moderate, beach, festivals, nightlife, party, group. Strict vs spontaneous is the only friction. YES.",2026-05-05T17:01:20.757427
74,82,moderate-party-group,0,0,0,0,NO,0,27.0,"Rowan: budget, strict, introvert — budget gap, strict vs spontaneous and introvert vs extrovert all clash with Harold's spontaneous extrovert party energy. Skip.",2026-05-05T17:01:35.494725
74,93,moderate-party-group,1,0,0,1,SAVE_ONLY,1,43.0,"Florence: luxury, flexible, introvert, food/nightlife, beach+city, party, group — shared party/nightlife/beach/group. Budget gap (luxury vs moderate) and introvert vs extrovert are hesitations. Harold saves speculatively on the vibe overlap.",2026-05-05T17:01:59.096824
75,83,budget-adventure-group,1,1,10200,0,YES,2,74.0,"Kyleigh: budget, flexible, ambivert, extreme/festivals/hiking, countryside+mountains, adventure, group — shared budget, extreme sports, hiking, mountains and group adventure. Strict vs flexible is mild. YES.",2026-05-05T17:02:31.495437
75,92,budget-adventure-group,1,1,11400,0,YES,2,78.0,"Phillip: moderate, flexible, introvert, hiking/hostels/photo/road trips, countryside+mountains, adventure, solo — shared hiking, road trips, mountains and adventure. Budget gap mild. Solo vs group is friction but Lyric appreciates the outdoor focus. YES.",2026-05-05T17:03:09.973813
75,85,budget-adventure-group,1,0,0,1,SAVE_ONLY,1,49.0,"Karen: moderate, spontaneous, ambivert, hostels/photo/road trips, countryside+mountains, adventure, solo — shared outdoor destinations and adventure. Budget gap (moderate vs budget) and solo vs group are hesitations. Saves speculatively.",2026-05-05T17:03:56.032890
75,91,budget-adventure-group,0,0,0,0,NO,0,29.0,"Kenia: luxury, strict, extrovert — luxury vs budget is a deal-breaker for Lyric. Extrovert vs ambivert and strict vs strict are secondary. Skip.",2026-05-05T17:04:22.634472
75,88,budget-adventure-group,0,0,0,0,NO,0,21.0,"Jonas: luxury, introvert, hiking/photo/reading, islands+mountains, relaxation, solo — luxury vs budget, relaxation vs adventure, solo vs group. Despite shared hiking/mountains the profile diverges too much. Skip.",2026-05-05T17:04:52.548150
76,74,moderate-party-group,1,1,9700,0,YES,2,70.0,"Harold: moderate, spontaneous, extrovert, beach/festivals/food/nightlife, beach+city, party, group — strong alignment on beach/party/nightlife/group. Flexible vs spontaneous negligible. YES.",2026-05-05T17:06:08.335171
76,84,moderate-party-group,1,1,8100,0,YES,2,66.0,"Ernesto: moderate, strict, ambivert, beach/festivals/nightlife, beach+city, party, group — shared moderate/beach/party/group. Strict vs flexible mild. YES.",2026-05-05T17:07:40.289834
76,78,moderate-party-group,1,1,10300,0,YES,2,71.0,"Parker: budget, spontaneous, ambivert, beach/festivals/food/nightlife, beach, party, group — strong beach/party/nightlife/group overlap. Budget gap mild. YES.",2026-05-05T17:09:32.208152
76,93,moderate-party-group,1,0,0,1,SAVE_ONLY,1,44.0,"Florence: luxury, flexible, introvert, food/nightlife, beach+city, party, group — party/nightlife/beach/group overlap. Budget (luxury vs moderate) and introvert vs extrovert are hesitations. Jeremy saves without committing.",2026-05-05T17:11:57.519858
76,82,moderate-party-group,0,0,0,0,NO,0,24.0,"Rowan: budget, strict, introvert — budget gap, strict vs flexible, introvert vs extrovert all clash with Jeremy's flexible extrovert party energy. Skip.",2026-05-05T17:23:32.824722
77,82,moderate-party-group,1,1,8900,0,YES,2,64.0,"Rowan: budget, strict, introvert, beach/festivals/food/museums/nightlife, beach+city, party, group — shared beach/festivals/nightlife/party/group. Budget gap mild. Strict vs flexible and introvert vs introvert match. YES.",2026-05-05T17:23:57.742014
77,90,moderate-party-group,0,0,0,0,NO,0,28.0,"Marcel: moderate, strict, extrovert, beach/food/museums/photo/shopping, beach+islands, relaxation — relaxation vs party and extrovert vs introvert clash. Museums/shopping vs nightlife/festivals mismatch. Skip.",2026-05-05T17:24:08.397254
77,78,moderate-party-group,1,1,9600,0,YES,2,68.0,"Parker: budget, spontaneous, ambivert, beach/festivals/food/nightlife, beach, party, group — strong beach/festivals/nightlife/party/group overlap. Budget gap mild. Spontaneous vs flexible manageable. YES.",2026-05-05T17:24:39.892180
77,84,moderate-party-group,1,0,0,1,SAVE_ONLY,1,46.0,"Ernesto: moderate, strict, ambivert, beach/festivals/nightlife, beach+city, party, group — beach/party/group overlap is good. Strict vs flexible and ambivert vs introvert give Alison pause. Saves speculatively.",2026-05-05T17:25:14.291078
77,93,moderate-party-group,0,0,0,0,NO,0,22.0,"Florence: luxury, introvert, food/nightlife — budget gap (luxury vs moderate) and nightlife-only vs beach/festivals/photo. Not enough to engage Alison. Skip.",2026-05-05T17:25:33.857687
78,76,budget-party-group,1,1,10100,0,YES,2,73.0,"Jeremy: moderate, flexible, extrovert, beach/festivals/food/hiking/nightlife, beach+city, party, group — strong beach/party/group/nightlife overlap. Budget gap mild. YES.",2026-05-05T17:26:28.530819
78,84,budget-party-group,1,1,8300,0,YES,2,67.0,"Ernesto: moderate, strict, ambivert, beach/festivals/nightlife, beach+city, party, group — beach/party/nightlife/group overlap. Budget gap mild. Strict vs spontaneous is friction but activity match wins. YES.",2026-05-05T17:27:29.563133
78,82,budget-party-group,1,1,9200,0,YES,2,69.0,"Rowan: budget, strict, introvert, beach/festivals/food/museums/nightlife, beach+city, party, group — shared budget/beach/festivals/nightlife/party/group. Strict vs spontaneous friction but shared budget and beach energy wins. YES.",2026-05-05T17:28:44.384873
78,93,budget-party-group,0,0,0,0,NO,0,26.0,"Florence: luxury, introvert — luxury vs budget is a deal-breaker for Parker. Introvert vs ambivert adds more friction. Skip.",2026-05-05T17:29:28.672068
78,90,budget-party-group,1,0,0,1,SAVE_ONLY,1,42.0,"Marcel: moderate, strict, extrovert, beach/food/museums/photo/shopping, beach+islands, relaxation, group — shared beach+group. Relaxation vs party and moderate vs budget are hesitations. Parker saves on the beach+group overlap.",2026-05-05T17:31:15.652180
79,89,luxury-relaxation-group,1,1,9800,0,YES,2,70.0,"Galilea: luxury, strict, introvert, cafe/food/shopping, beach, relaxation, group — shared luxury/beach/food/shopping/relaxation/group. Spontaneous vs strict and ambivert vs introvert are mild gaps. YES.",2026-05-05T17:33:26.902556
79,91,luxury-relaxation-group,0,0,0,0,NO,0,23.0,"Kenia: luxury, strict, extrovert, hiking/hostels/photo/road trips, mountains, adventure, solo — adventure/mountains vs relaxation city+islands. Format and experience entirely misaligned. Skip.",2026-05-05T17:34:41.235885
79,93,luxury-relaxation-group,1,0,0,1,SAVE_ONLY,1,47.0,"Florence: luxury, flexible, introvert, food/nightlife, beach+city, party, group — shared luxury/beach/food/group. Party vs relaxation and introvert vs ambivert give Martha pause. Saves speculatively on the luxury+beach+group overlap.",2026-05-05T17:42:46.056244
79,90,luxury-relaxation-group,1,1,9100,0,YES,2,66.0,"Marcel: moderate, strict, extrovert, beach/food/museums/photo/shopping, beach+islands, relaxation, group — strong beach/food/museums/shopping/relaxation/group overlap. Budget gap (luxury vs moderate) mild. YES.",2026-05-05T17:43:14.655989
79,88,luxury-relaxation-group,0,0,0,0,NO,0,19.0,"Jonas: luxury, introvert, hiking/photo/reading, islands+mountains, relaxation, solo — solo vs group and mountains/hiking vs city+islands beach. Despite shared luxury and relaxation the destination and format don't align. Skip.",2026-05-05T17:43:27.808506
80,83,luxury-relaxation-solo,0,0,0,0,NO,0,18.0,"Kyleigh: budget, flexible, ambivert, extreme/festivals/hiking, countryside+mountains, adventure, group — budget gap, adventure vs relaxation, group vs solo. Shared hiking but overall mismatch. Skip.",2026-05-05T17:43:43.483835
80,85,luxury-relaxation-solo,1,1,9400,0,YES,2,67.0,"Karen: moderate, spontaneous, ambivert, hostels/photo/road trips, countryside+mountains, adventure, solo — shared photography, solo format and countryside destinations. Budget gap (luxury vs moderate) mild. YES.",2026-05-05T17:44:24.771707
80,92,luxury-relaxation-solo,1,1,11200,0,YES,2,72.0,"Phillip: moderate, flexible, introvert, hiking/hostels/photo/road trips, countryside+mountains, adventure, solo — shared introvert/solo/photography/hiking/countryside. Budget gap mild. YES.",2026-05-05T17:45:19.971438
80,88,luxury-relaxation-solo,1,1,17400,1,SUPER_LIKE,3,90.0,"Jonas: luxury, spontaneous, introvert, hiking/photo/reading, islands+mountains, relaxation, solo — near-perfect DNA match. Shared luxury/introvert/solo/hiking/photography/reading/islands/relaxation. Strict vs spontaneous is the only gap. Max dwell, saved, SUPER_LIKE.",2026-05-05T17:46:33.361112
80,91,luxury-relaxation-solo,0,0,0,0,NO,0,24.0,"Kenia: luxury, strict, extrovert, hiking/hostels/road trips, mountains, adventure, solo — extrovert vs introvert and adventure vs relaxation. Despite shared hiking the energy is completely different. Skip.",2026-05-05T17:47:08.310697
81,86,luxury-cultural-solo,1,1,17800,1,SUPER_LIKE,3,91.0,"Ismael: luxury, flexible, extrovert, food/photography, city-break, cultural, solo — near-perfect DNA match. Shared luxury/extrovert/photography/city/cultural/solo. Spontaneous vs flexible is trivial. Max dwell, saved, SUPER_LIKE.",2026-05-05T17:48:40.326129
81,87,luxury-cultural-solo,1,1,11300,0,YES,2,78.0,"Leila: luxury, flexible, introvert, cafe/city walks/food/photography, city, relaxation, solo — shared luxury/photography/food/city/solo. Introvert vs extrovert and relaxation vs cultural are mild gaps. YES.",2026-05-05T17:50:22.887690
81,54,luxury-cultural-solo,0,0,0,0,NO,0,22.0,"Kason: luxury, strict, introvert, museums/photo/walking, city, cultural, solo — shared luxury/city/cultural/solo but introvert vs extrovert and strict vs spontaneous clash with Madalyn's energy. Skip.",2026-05-05T17:51:21.755620
81,92,luxury-cultural-solo,0,0,0,0,NO,0,20.0,"Phillip: moderate, introvert, hiking/hostels/photo/road trips, countryside+mountains, adventure — adventure/mountains vs city cultural. Budget gap too. Skip.",2026-05-05T17:52:27.838091
81,88,luxury-cultural-solo,1,0,0,1,SAVE_ONLY,1,45.0,"Jonas: luxury, introvert, hiking/photo/reading, islands+mountains, relaxation, solo — shared luxury/photography/solo. Introvert vs extrovert and relaxation/mountains vs cultural city are mismatches. Madalyn saves speculatively on the photo+luxury+solo overlap.",2026-05-05T17:54:59.755504
82,90,budget-party-group,1,1,8700,0,YES,2,65.0,"Marcel: moderate, strict, extrovert, beach/food/museums/photo/shopping, beach+islands, relaxation, group — shared beach/food/museums/group. Budget gap mild. Relaxation vs party is a gap but beach+group wins. YES.",2026-05-05T18:01:57.064465
82,78,budget-party-group,1,1,9300,0,YES,2,68.0,"Parker: budget, spontaneous, ambivert, beach/festivals/food/nightlife, beach, party, group — near-perfect match on budget/beach/party/group. Strict vs spontaneous is the only gap. YES.",2026-05-05T18:02:26.019089
82,93,budget-party-group,0,0,0,0,NO,0,25.0,"Florence: luxury, introvert — luxury vs budget and introvert vs introvert with party vs party but the budget gap is a deal-breaker for Rowan. Skip.",2026-05-05T18:02:38.188307
82,84,budget-party-group,1,1,8100,0,YES,2,63.0,"Ernesto: moderate, strict, ambivert, beach/festivals/nightlife, beach+city, party, group — strong beach/party/group alignment. Budget gap mild. YES.",2026-05-05T18:03:10.955309
82,77,budget-party-group,1,0,0,1,SAVE_ONLY,1,41.0,"Alison: moderate, flexible, introvert, beach/festivals/nightlife/photography, beach, party, group — shared beach/festivals/nightlife/party/group. Budget gap mild and flexible vs strict. Rowan saves without committing on the vibe overlap.",2026-05-05T18:03:44.410173
83,85,budget-adventure-group,1,1,10400,0,YES,2,71.0,"Karen: moderate, spontaneous, ambivert, hostels/photo/road trips, countryside+mountains, adventure, solo — shared countryside+mountains/adventure/flexible budget. Budget gap mild. Solo vs group manageable. YES.",2026-05-05T18:04:30.251282
83,92,budget-adventure-group,1,1,11100,0,YES,2,76.0,"Phillip: moderate, flexible, introvert, hiking/hostels/photo/road trips, countryside+mountains, adventure, solo — shared hiking/mountains/adventure. Budget gap mild. YES.",2026-05-05T18:05:23.377399
83,88,budget-adventure-group,0,0,0,0,NO,0,22.0,"Jonas: luxury, introvert, hiking/photo/reading, islands+mountains, relaxation, solo — luxury vs budget, relaxation vs adventure, solo vs group. Skip.",2026-05-05T18:05:54.039344
83,75,budget-adventure-group,1,1,10800,0,YES,2,74.0,"Lyric: budget, strict, ambivert, extreme/hiking/road trips, countryside+mountains, adventure, group — shared budget/extreme sports/hiking/mountains/group. Strict vs flexible mild. YES.",2026-05-05T18:07:08.818694
83,91,budget-adventure-group,0,0,0,0,NO,0,27.0,"Kenia: luxury, strict, extrovert — luxury vs budget is a deal-breaker for Kyleigh. Skip.",2026-05-05T18:07:50.659796
84,76,moderate-party-group,1,1,9200,0,YES,2,69.0,"Jeremy: moderate, flexible, extrovert, beach/festivals/food/hiking/nightlife, beach+city, party, group — strong overlap on moderate/beach/festivals/nightlife/party/group. YES.",2026-05-05T18:09:36.499328
84,78,moderate-party-group,1,1,10100,0,YES,2,72.0,"Parker: budget, spontaneous, ambivert, beach/festivals/food/nightlife, beach, party, group — beach/party/nightlife/group overlap. Budget gap mild. Spontaneous vs strict friction but activity wins. YES.",2026-05-05T18:11:50.517784
84,93,moderate-party-group,1,1,8400,0,YES,2,64.0,"Florence: luxury, flexible, introvert, food/nightlife, beach+city, party, group — shared beach+city/nightlife/party/group. Budget gap (luxury vs moderate) and introvert vs ambivert are mild. Food and nightlife overlap wins. YES.",2026-05-05T23:42:17.261759
84,82,moderate-party-group,1,0,0,1,SAVE_ONLY,1,48.0,"Rowan: budget, strict, introvert, beach/festivals/food/museums/nightlife, beach+city, party, group — shared beach/party/group. Budget gap and introvert vs ambivert give Ernesto pause. Saves speculatively.",2026-05-05T23:42:39.268917
84,77,moderate-party-group,0,0,0,0,NO,0,31.0,"Alison: moderate, flexible, introvert, beach/festivals/nightlife/photography — shared beach/party/group but introvert vs ambivert and flexible vs strict add up to a skip for Ernesto.",2026-05-05T23:43:25.409747
85,92,moderate-adventure-solo,1,1,17600,1,SUPER_LIKE,3,89.0,"Phillip: moderate, flexible, introvert, hiking/hostels/photo/road trips, countryside+mountains, adventure, solo — near-perfect DNA match. Shared moderate/hostels/photo/road trips/countryside+mountains/adventure/solo. Introvert vs ambivert is only gap. Max dwell, saved, SUPER_LIKE.",2026-05-05T23:49:25.409119
85,72,moderate-adventure-solo,1,1,9300,0,YES,2,71.0,"Lian: luxury, flexible, introvert, extreme/festivals/hiking/road trips, countryside, adventure, group — shared hiking/road trips/countryside/adventure. Budget gap (luxury vs moderate) mild. YES.",2026-05-05T23:54:25.399862
85,87,moderate-adventure-solo,1,0,0,1,SAVE_ONLY,1,47.0,"Leila: luxury, flexible, introvert, cafe/city walks/food/photography, city, relaxation, solo — shared photography/solo/flexible. Budget gap (luxury vs moderate) and city vs mountains are hesitations. Karen saves speculatively on the photo+solo overlap.",2026-05-05T23:58:25.446211
85,91,moderate-adventure-solo,1,1,9800,0,YES,2,68.0,"Kenia: luxury, strict, extrovert, hiking/hostels/photo/road trips, countryside+mountains, adventure, solo — shared hostels/photo/road trips/countryside+mountains/adventure/solo. Budget gap (luxury vs moderate) and extrovert vs ambivert mild. YES.",2026-05-06T00:02:28.511414
85,88,moderate-adventure-solo,0,0,0,0,NO,0,26.0,"Jonas: luxury, introvert, hiking/photo/reading, islands+mountains, relaxation, solo — relaxation vs adventure and luxury vs moderate. Skip.",2026-05-06T00:04:40.258464
86,87,luxury-cultural-solo,1,1,12100,0,YES,2,77.0,"Leila: luxury, flexible, introvert, cafe/city walks/food/photography, city, relaxation, solo — shared luxury/food/photography/city/solo/flexible. Introvert vs extrovert and relaxation vs cultural are mild gaps. YES.",2026-05-06T00:05:11.255634
86,88,luxury-cultural-solo,1,0,0,1,SAVE_ONLY,1,51.0,"Jonas: luxury, introvert, hiking/photo/reading, islands+mountains, relaxation, solo — shared luxury/photography/solo. Introvert vs extrovert and hiking/mountains vs city cultural are gaps. Ismael saves on luxury+photo+solo overlap.",2026-05-06T00:06:25.261820
86,81,luxury-cultural-solo,1,1,10600,0,YES,2,74.0,"Madalyn: luxury, spontaneous, extrovert, photography/walking tours, city, cultural, solo — shared luxury/photography/city/cultural/solo/extrovert. YES.",2026-05-06T00:11:25.465072
84,93,moderate-party-group,1,1,8400,0,YES,2,64.0,"Florence: luxury, flexible, introvert, food/nightlife, beach+city, party, group — shared nightlife/beach/party/group. Budget gap (luxury vs moderate) and introvert vs ambivert are mild frictions. YES.",2026-05-06T00:24:34.523319
84,82,moderate-party-group,1,0,0,1,SAVE_ONLY,1,48.0,"Rowan: budget, strict, introvert, beach/festivals/food/museums/nightlife, beach+city, party, group — shared beach/party/group but budget gap and introvert vs ambivert create hesitation. Ernesto saves speculatively.",2026-05-06T00:25:16.557139
84,77,moderate-party-group,0,0,0,0,NO,0,31.0,"Alison: introvert, flexible, photography — photography vs no photography and introvert vs ambivert. Despite shared beach/party/group the introvert flexible energy doesn't fit Ernesto's strict ambivert vibe. Skip.",2026-05-06T00:25:43.022504
85,92,moderate-adventure-solo,1,1,17600,1,SUPER_LIKE,3,89.0,"Phillip: moderate, flexible, introvert, hiking/hostels/photo/road trips, countryside+mountains, adventure, solo — near-perfect match. Shared moderate/hostels/photography/road trips/countryside+mountains/adventure/solo. Introvert vs ambivert is the only gap. Max dwell, saved, SUPER_LIKE.",2026-05-06T00:27:36.682776
85,72,moderate-adventure-solo,1,1,9800,0,YES,2,71.0,"Lian: luxury, flexible, introvert, extreme/festivals/hiking/road trips, countryside, adventure, group — shared hiking/road trips/countryside/adventure. Budget gap (luxury vs moderate) mild. Group vs solo manageable. YES.",2026-05-06T00:28:03.296241
85,87,moderate-adventure-solo,1,0,0,1,SAVE_ONLY,1,47.0,"Leila: luxury, flexible, introvert, cafe/city walks/food/photography, city, relaxation, solo — shared photography and solo format. City vs countryside and relaxation vs adventure are gaps. Budget gap too. Karen saves on the photo+solo overlap.",2026-05-06T00:28:25.286927
85,91,moderate-adventure-solo,1,1,10200,0,YES,2,68.0,"Kenia: luxury, strict, extrovert, hiking/hostels/photo/road trips, mountains, adventure, solo — shared hiking/hostels/photo/road trips/adventure/solo. Budget gap (luxury vs moderate) and extrovert vs ambivert are frictions but the DNA alignment is strong. YES.",2026-05-06T00:31:25.302112
85,88,moderate-adventure-solo,0,0,0,0,NO,0,26.0,"Jonas: luxury, introvert, hiking/photo/reading, islands+mountains, relaxation, solo — budget gap (luxury vs moderate) and relaxation vs adventure. Shared hiking/photography but the overall vibe diverges. Skip.",2026-05-06T00:33:25.316644
86,87,luxury-cultural-solo,1,1,12100,0,YES,2,77.0,"Leila: luxury, flexible, introvert, cafe/city walks/food/photography, city, relaxation, solo — shared luxury/food/photography/city/solo. Introvert vs extrovert and relaxation vs cultural are mild gaps. YES.",2026-05-06T00:35:02.312416
86,88,luxury-cultural-solo,1,0,0,1,SAVE_ONLY,1,51.0,"Jonas: luxury, introvert, hiking/photo/reading, islands+mountains, relaxation, solo — shared luxury/photography/solo. Islands destination is appealing but introvert vs extrovert and relaxation/mountains vs cultural city are gaps. Ismael saves speculatively.",2026-05-06T00:35:28.295202
86,81,luxury-cultural-solo,1,1,10800,0,YES,2,74.0,"Madalyn: luxury, spontaneous, extrovert, photography/walking tours, city, cultural, solo — shared luxury/extrovert/photography/city/cultural/solo. Flexible vs spontaneous is negligible. YES.",2026-05-06T00:40:07.282018
86,78,luxury-cultural-solo,0,0,0,0,NO,0,17.0,"Parker: budget, spontaneous, beach/festivals/food/nightlife, beach, party, group — budget vs luxury, party vs cultural, group vs solo. No shared vibe. Skip.",2026-05-06T23:27:19.213670
87,86,luxury-relaxation-solo,1,1,11400,0,YES,2,76.0,"Ismael: luxury, flexible, extrovert, food/photography, city, cultural, solo — shared luxury/food/photography/city/solo. Extrovert vs introvert and cultural vs relaxation are mild gaps. YES.",2026-05-06T23:29:13.392083
87,88,luxury-relaxation-solo,1,1,10100,0,YES,2,73.0,"Jonas: luxury, spontaneous, introvert, hiking/photo/reading, islands+mountains, relaxation, solo — shared luxury/introvert/photography/relaxation/solo. City vs islands/mountains and flexible vs spontaneous are mild gaps. YES.",2026-05-06T23:31:50.206013
87,81,luxury-relaxation-solo,1,0,0,1,SAVE_ONLY,1,49.0,"Madalyn: luxury, spontaneous, extrovert, photography/walking tours, city, cultural, solo — shared luxury/photography/city/solo. Extrovert vs introvert and cultural vs relaxation are hesitations. Leila saves without committing.",2026-05-06T23:33:13.396392
87,54,luxury-relaxation-solo,0,0,0,0,NO,0,21.0,"Kason: luxury, strict, introvert, museums/photo/walking, city, cultural, solo — shared luxury/city/solo/photography. Strict vs flexible and cultural vs relaxation are frictions. Realistic inconsistency — Leila skips despite partial overlap.",2026-05-06T23:35:13.395532
87,89,luxury-relaxation-solo,0,0,0,0,NO,0,28.0,"Galilea: luxury, strict, introvert, cafe/food/shopping, beach, relaxation, group — beach vs city and group vs solo are deal-breakers. Shared luxury/cafe/food but format mismatch. Skip.",2026-05-06T23:36:12.227315
88,80,luxury-relaxation-solo,1,1,12800,0,YES,2,74.0,"Albert: luxury, strict, introvert, beach/hiking/photo/reading, countryside+islands, relaxation, solo — near-perfect match. Shared luxury/introvert/hiking/photography/reading/islands/relaxation/solo. Strict vs spontaneous is the only gap. YES.",2026-05-06T23:36:40.219775
88,85,luxury-relaxation-solo,1,1,9100,0,YES,2,70.0,"Karen: moderate, spontaneous, ambivert, hostels/photo/road trips, countryside+mountains, adventure, solo — shared photography/solo/spontaneous. Budget gap (luxury vs moderate) and adventure vs relaxation are frictions but Jonas appreciates the outdoor/photo solo energy. YES.",2026-05-06T23:39:13.403055
88,92,luxury-relaxation-solo,1,0,0,1,SAVE_ONLY,1,52.0,"Phillip: moderate, flexible, introvert, hiking/hostels/photo/road trips, countryside+mountains, adventure, solo — shared introvert/photography/solo. Budget gap (luxury vs moderate) and adventure vs relaxation are hesitations. Jonas saves speculatively.",2026-05-06T23:42:54.162851
88,89,luxury-relaxation-solo,0,0,0,0,NO,0,24.0,"Galilea: luxury, strict, introvert, cafe/food/shopping, beach, group — beach+shopping vs islands+mountains/hiking and group vs solo. Despite shared luxury/introvert the format and destination don't align. Skip.",2026-05-06T23:43:06.221848
88,91,luxury-relaxation-solo,0,0,0,0,NO,0,19.0,"Kenia: luxury, strict, extrovert, hiking/hostels/road trips, mountains, adventure — extrovert vs introvert and adventure vs relaxation. Shared hiking but the energy is completely opposite. Skip.",2026-05-06T23:43:17.226125
89,79,luxury-relaxation-group,1,1,10600,0,YES,2,68.0,"Martha: luxury, spontaneous, ambivert, beach/food/museums/shopping, city+islands, relaxation, group — shared luxury/beach/food/shopping/relaxation/group. Spontaneous vs strict mild. YES.",2026-05-06T23:43:44.219311
89,82,luxury-relaxation-group,0,0,0,0,NO,0,21.0,"Rowan: budget, strict, introvert, beach/festivals/food/museums/nightlife, party — budget vs luxury and party vs relaxation. Skip.",2026-05-06T23:43:56.220330
89,88,luxury-relaxation-group,1,0,0,1,SAVE_ONLY,1,44.0,"Jonas: luxury, introvert, hiking/photo/reading, islands+mountains, relaxation, solo — shared luxury/relaxation. Solo vs group and mountains vs beach are mismatches. Galilea saves on luxury+relaxation overlap.",2026-05-06T23:47:13.371554
89,90,luxury-relaxation-group,1,1,9200,0,YES,2,65.0,"Marcel: moderate, strict, extrovert, beach/food/museums/photo/shopping, beach+islands, relaxation, group — shared beach/food/shopping/relaxation/group. Budget gap (luxury vs moderate) mild. Strict planning matches. YES.",2026-05-06T23:49:57.213613
89,93,luxury-relaxation-group,1,1,8100,0,YES,2,67.0,"Florence: luxury, flexible, introvert, food/nightlife, beach+city, party, group — shared luxury/beach/food/group. Party vs relaxation is a gap but Galilea overlooks it given luxury+beach+group alignment. YES.",2026-05-06T23:52:13.410395
90,89,moderate-relaxation-group,1,1,10400,0,YES,2,71.0,"Galilea: luxury, strict, introvert, cafe/food/shopping, beach, relaxation, group — shared beach/food/shopping/relaxation/group/strict. Budget gap (luxury vs moderate) mild. Introvert vs extrovert is a friction. YES.",2026-05-06T23:57:13.369709
90,93,moderate-relaxation-group,1,1,8600,0,YES,2,66.0,"Florence: luxury, flexible, introvert, food/nightlife, beach+city, party, group — shared beach/food/group. Budget gap mild. Party vs relaxation is a gap but Marcel appreciates the beach+city+group combo. YES.",2026-05-07T00:00:15.214345
90,82,moderate-relaxation-group,1,1,9300,0,YES,2,69.0,"Rowan: budget, strict, introvert, beach/festivals/food/museums/nightlife, beach+city, party, group — shared beach/food/museums/group. Budget gap mild. Party vs relaxation gap but beach+group wins. YES.",2026-05-07T00:00:41.219363
90,77,moderate-relaxation-group,1,0,0,1,SAVE_ONLY,1,43.0,"Alison: moderate, flexible, introvert, beach/festivals/nightlife/photography, beach, party, group — shared beach/group/moderate. Party vs relaxation and introvert vs extrovert give Marcel pause. Saves on beach+group overlap.",2026-05-07T00:01:03.219604
90,91,moderate-relaxation-group,0,0,0,0,NO,0,27.0,"Kenia: luxury, strict, extrovert, hiking/hostels/road trips, mountains, adventure, solo — adventure/mountains vs beach/islands relaxation and solo vs group. No shared destination or format. Skip.",2026-05-07T00:02:13.228781
91,92,luxury-adventure-solo,1,1,17900,1,SUPER_LIKE,3,92.0,"Phillip: moderate, flexible, introvert, hiking/hostels/photo/road trips, countryside+mountains, adventure, solo — near-perfect DNA match. Shared hiking/hostels/photography/road trips/countryside+mountains/adventure/solo. Budget gap (luxury vs moderate) and extrovert vs introvert are the only friction. Max dwell, saved, SUPER_LIKE.",2026-05-07T00:06:22.219390
91,85,luxury-adventure-solo,1,1,11200,0,YES,2,73.0,"Karen: moderate, spontaneous, ambivert, hostels/photo/road trips, countryside+mountains, adventure, solo — shared hostels/photography/road trips/countryside+mountains/adventure/solo. Budget gap (luxury vs moderate) and strict vs spontaneous are mild. Strong alignment on destination and format. YES.",2026-05-07T00:12:13.347617
91,75,luxury-adventure-solo,1,1,9800,0,YES,2,69.0,"Lyric: budget, strict, ambivert, extreme/hiking/road trips, countryside+mountains, adventure, group — shared hiking/road trips/countryside+mountains/adventure/strict. Budget gap large (luxury vs budget) and group vs solo are frictions, but the outdoor adventure DNA is compelling. YES.",2026-05-07T00:17:13.361864
89,90,luxury-relaxation-group,1,1,11200,0,YES,2,71.0,"Marcel: moderate, strict, extrovert, beach/food/museums/photo/shopping, beach+islands, relaxation, group — shared beach/food/shopping/relaxation/group/strict. Luxury vs moderate is the only friction. YES.",2026-05-07T00:24:00.211510
89,93,luxury-relaxation-group,1,1,9300,0,YES,2,63.0,"Florence: luxury, flexible, introvert, food/nightlife, beach+city, party, group — shared luxury/beach/food/group. Party vs relaxation and introvert vs introvert are mild. Galilea overlooks nightlife for the luxury+beach+group match. YES.",2026-05-07T00:24:20.220852
90,89,moderate-relaxation-group,1,1,10800,0,YES,2,69.0,"Galilea: luxury, strict, introvert, cafe/food/shopping, beach, relaxation, group — shared strict/beach/food/shopping/relaxation/group. Luxury vs moderate and introvert vs extrovert mild gaps. YES.",2026-05-07T00:24:47.226896
90,93,moderate-relaxation-group,1,1,9700,0,YES,2,62.0,"Florence: luxury, flexible, introvert, food/nightlife, beach+city, party, group — shared beach/food/group. Party vs relaxation and flexible vs strict are frictions but group+beach+food overlaps are compelling enough. YES.",2026-05-07T00:29:13.379776
90,82,moderate-relaxation-group,1,1,8400,0,YES,2,61.0,"Rowan: budget, strict, introvert, beach/festivals/food/museums/nightlife, beach+city, party, group — shared strict/beach/food/museums/group. Budget vs moderate and party vs relaxation are gaps but shared destinations and group travel are compelling. YES.",2026-05-07T10:44:58.180103
90,77,moderate-relaxation-group,1,0,0,1,SAVE_ONLY,1,47.0,"Alison: moderate, flexible, introvert, beach/festivals/nightlife/photography, beach, party, group — shared moderate/beach/group. Introvert vs extrovert and party vs relaxation are hesitations. Marcel saves speculatively on beach+group overlap.",2026-05-07T10:45:12.470448
90,91,moderate-relaxation-group,0,0,0,0,NO,0,11.0,"Kenia: luxury, strict, extrovert, hiking/hostels/road trips, countryside+mountains, adventure, solo — adventure/solo/mountains vs relaxation/group/beach. Completely misaligned. Skip.",2026-05-07T10:45:21.582057
91,92,luxury-adventure-solo,1,1,18200,1,SUPER_LIKE,3,91.0,"Phillip: moderate, flexible, introvert, hiking/hostels/photo/road trips, countryside+mountains, adventure, solo — near-perfect match on hiking/hostels/photography/road trips/countryside+mountains/adventure/solo. Budget gap (luxury vs moderate) is the only friction. SUPER_LIKE.",2026-05-07T10:45:51.085224
91,85,luxury-adventure-solo,1,1,11600,0,YES,2,73.0,"Karen: moderate, spontaneous, ambivert, hostels/photo/road trips, countryside+mountains, adventure, solo — shared hostels/photography/road trips/countryside+mountains/adventure/solo. Spontaneous vs strict and moderate vs luxury are mild gaps. YES.",2026-05-07T10:46:19.540206
91,75,luxury-adventure-solo,1,1,10300,0,YES,2,69.0,"Lyric: budget, strict, ambivert, extreme/hiking/road trips, countryside+mountains, adventure, group — shared strict/hiking/road trips/countryside+mountains/adventure. Budget vs luxury and group vs solo are gaps but the adventure/outdoor DNA is very aligned. YES.",2026-05-07T10:46:57.975643
91,83,luxury-adventure-solo,0,0,0,0,NO,0,28.0,"Kyleigh: budget, flexible, ambivert, extreme/festivals/hiking, countryside+mountains, adventure, group — shared hiking/adventure/mountains but group vs solo and budget vs luxury are mismatches. Skip.",2026-05-07T10:47:17.837038
91,76,luxury-adventure-solo,0,0,0,0,NO,0,18.0,"Jeremy: moderate, flexible, extrovert, beach/festivals/food/hiking/nightlife, beach+city, party, group — party/beach/nightlife vs adventure/mountains. Shared hiking but the whole travel style diverges. Skip.",2026-05-07T10:47:40.350250
92,85,moderate-adventure-solo,1,1,13100,0,YES,2,82.0,"Karen: moderate, spontaneous, ambivert, hostels/photo/road trips, countryside+mountains, adventure, solo — shared moderate/hostels/photography/road trips/countryside+mountains/adventure/solo. Spontaneous vs flexible is minor. YES.",2026-05-07T10:48:36.397812
92,75,moderate-adventure-solo,1,1,10900,0,YES,2,71.0,"Lyric: budget, strict, ambivert, extreme/hiking/road trips, countryside+mountains, adventure, group — shared hiking/road trips/countryside+mountains/adventure. Group vs solo and budget vs moderate are mild gaps. YES.",2026-05-07T10:49:42.910217
92,88,moderate-adventure-solo,0,0,0,0,NO,0,29.0,"Jonas: luxury, introvert, hiking/photo/reading, islands+mountains, relaxation — shared hiking/photography/solo but relaxation vs adventure and luxury vs moderate are meaningful mismatches. Skip.",2026-05-07T10:50:21.647119
90,82,moderate-relaxation-group,1,1,8400,0,YES,2,61.0,"Rowan: budget, strict, introvert, beach/festivals/food/museums/nightlife, beach+city, party, group — shared strict/beach/food/museums/group. Budget vs moderate and party vs relaxation are frictions but activity and destination overlap is strong. YES.",2026-05-07T10:51:37.360910
90,77,moderate-relaxation-group,1,0,0,1,SAVE_ONLY,1,47.0,"Alison: moderate, flexible, introvert, beach/festivals/nightlife/photography, beach, party, group — shared moderate/beach/group. Party vs relaxation and introvert vs extrovert cause hesitation. Marcel saves speculatively.",2026-05-07T10:51:49.184643
90,91,moderate-relaxation-group,0,0,0,0,NO,0,12.0,"Kenia: luxury, strict, extrovert, hiking/hostels/road trips, countryside+mountains, adventure, solo — adventure/solo/mountains vs relaxation/group/beach. Near-total mismatch. Skip.",2026-05-07T10:51:57.196814
91,92,luxury-adventure-solo,1,1,18900,1,SUPER_LIKE,3,91.0,"Phillip: moderate, flexible, introvert, hiking/hostels/photo/road trips, countryside+mountains, adventure, solo — near-perfect match on hiking/hostels/photography/road trips/countryside+mountains/adventure/solo. Budget gap only. SUPER_LIKE.",2026-05-07T10:52:21.242427
91,85,luxury-adventure-solo,1,1,11300,0,YES,2,73.0,"Karen: moderate, spontaneous, ambivert, hostels/photo/road trips, countryside+mountains, adventure, solo — shared hostels/photography/road trips/countryside+mountains/adventure/solo. Spontaneous vs strict and budget gap mild. YES.",2026-05-07T10:52:45.257075
91,75,luxury-adventure-solo,1,1,9600,0,YES,2,69.0,"Lyric: budget, strict, ambivert, extreme/hiking/road trips, countryside+mountains, adventure, group — shared hiking/road trips/mountains/adventure/strict. Budget vs luxury and group vs solo are frictions but Kenia connects on adventure+mountains energy. YES.",2026-05-07T10:53:15.716137
91,83,luxury-adventure-solo,0,0,0,0,NO,0,31.0,"Kyleigh: budget, flexible, ambivert, extreme/festivals/hiking, countryside+mountains, adventure, group — shared hiking/mountains/adventure but festivals and group vs solo are mismatches. Budget gap adds friction. Skip.",2026-05-07T10:53:33.344246
91,76,luxury-adventure-solo,0,0,0,0,NO,0,18.0,"Jeremy: moderate, flexible, extrovert, beach/festivals/food/hiking/nightlife, beach+city, party, group — beach/party/group/nightlife vs mountains/adventure/solo. Only hiking overlaps. Skip.",2026-05-07T10:53:52.584878
92,85,moderate-adventure-solo,1,1,13200,0,YES,2,82.0,"Karen: moderate, spontaneous, ambivert, hostels/photo/road trips, countryside+mountains, adventure, solo — near-perfect match on hostels/photography/road trips/countryside+mountains/adventure/solo/moderate. Spontaneous vs flexible mild. YES.",2026-05-07T10:54:43.474220
92,75,moderate-adventure-solo,1,1,10500,0,YES,2,71.0,"Lyric: budget, strict, ambivert, extreme/hiking/road trips, countryside+mountains, adventure, group — shared hiking/road trips/mountains/adventure. Budget gap and group vs solo are frictions but strong activity and destination overlap. YES.",2026-05-07T10:55:42.498444
92,88,moderate-adventure-solo,0,0,0,0,NO,0,29.0,"Jonas: luxury, spontaneous, introvert, hiking/photo/reading, islands+mountains, relaxation, solo — relaxation vs adventure and luxury vs moderate are main gaps. Shared hiking/photography/solo but energy mismatch. Skip.",2026-05-07T10:56:16.875685
92,91,moderate-adventure-solo,1,1,11800,0,YES,2,78.0,"Kenia: luxury, strict, extrovert, hiking/hostels/photo/road trips, countryside+mountains, adventure, solo — shared hiking/hostels/photography/road trips/mountains/adventure/solo. Luxury vs moderate and extrovert vs introvert mild. YES.",2026-05-07T10:57:37.422108
92,93,moderate-adventure-solo,0,0,0,0,NO,0,11.0,"Florence: luxury, flexible, introvert, food/nightlife, beach+city, party, group — beach/party/group/nightlife vs mountains/adventure/solo. Near-total mismatch. Skip.",2026-05-07T10:58:23.946110
92,91,moderate-adventure-solo,1,1,11800,0,YES,2,78.0,"Kenia: luxury, strict, extrovert, hiking/hostels/photo/road trips, countryside+mountains, adventure, solo — shared hiking/hostels/photography/road trips/mountains/adventure/solo. Luxury vs moderate and extrovert vs introvert are mild gaps. YES.",2026-05-07T11:00:56.186262
92,93,moderate-adventure-solo,0,0,0,0,NO,0,9.0,"Florence: luxury, flexible, introvert, food/nightlife, beach+city, party, group — party/beach/nightlife/group vs adventure/mountains/solo. Completely misaligned. Skip.",2026-05-07T11:01:02.819532
93,90,luxury-party-group,1,1,10400,0,YES,2,64.0,"Marcel: moderate, strict, extrovert, beach/food/museums/photo/shopping, beach+islands, relaxation, group — shared beach/food/group. Relaxation vs party and strict vs flexible are mild frictions but group+beach+food are compelling. YES.",2026-05-07T11:01:20.882725
93,89,luxury-party-group,1,0,0,1,SAVE_ONLY,1,51.0,"Galilea: luxury, strict, introvert, cafe/food/shopping, beach, relaxation, group — shared luxury/food/shopping/beach/group. Party vs relaxation and flexible vs strict are hesitations. Florence saves on luxury+beach+group overlap without committing.",2026-05-07T11:01:40.143529
93,82,luxury-party-group,0,0,0,0,NO,0,22.0,"Rowan: budget, strict, introvert, beach/festivals/food/museums/nightlife, beach+city, party, group — budget vs luxury is a hard stop for Florence. Shared beach/party/group but budget mismatch is a dealbreaker. Skip.",2026-05-07T11:01:52.312398
93,87,luxury-party-group,0,0,0,0,NO,0,26.0,"Leila: luxury, flexible, introvert, cafe/city walks/food/photography, city, relaxation, solo — shared luxury/food/city but solo vs group and relaxation vs party are dealbreakers. Skip.",2026-05-07T11:02:05.532153
93,77,luxury-party-group,1,1,9800,0,YES,2,67.0,"Alison: moderate, flexible, introvert, beach/festivals/nightlife/photography, beach, party, group — shared beach/festivals/nightlife/party/group/flexible. Luxury vs moderate and introvert vs introvert are mild. Florence connects on the party+beach+group vibe. YES.",2026-05-07T11:02:38.340983
