actor_user_id,target_user_id,created_at
13,43,2026-04-27T21:14:26.649842
13,577,2026-04-27T21:14:27.347539
13,119,2026-04-27T21:14:27.717443
13,663,2026-04-27T21:14:28.747499
15,326,2026-04-27T21:14:30.911770
17,991,2026-04-27T21:14:33.516865
17,761,2026-04-27T21:14:35.406077
18,48,2026-04-27T21:14:37.760261
18,428,2026-04-27T21:14:38.205817
18,962,2026-04-27T21:14:38.913666
18,1001,2026-04-27T21:14:39.522732
19,926,2026-04-27T21:14:40.526729
19,629,2026-04-27T21:14:40.673213
19,473,2026-04-27T21:14:40.815088
19,911,2026-04-27T21:14:40.958743
19,41,2026-04-27T21:14:41.102429
19,55,2026-04-27T21:14:41.290372
19,13,2026-04-27T21:14:41.473728
19,696,2026-04-27T21:14:41.791910
19,351,2026-04-27T21:14:42.787165
19,512,2026-04-27T21:14:43.276296
20,938,2026-04-27T21:14:45.449585
20,241,2026-04-27T21:14:46.155323
20,35,2026-04-27T21:14:46.961965
21,248,2026-04-27T21:14:48.796035
21,143,2026-04-27T21:14:49.199716
21,859,2026-04-27T21:14:49.844671
21,257,2026-04-27T21:14:50.457086
22,581,2026-04-27T21:14:50.948002
22,569,2026-04-27T21:14:51.823350
22,565,2026-04-27T21:14:52.103010
22,225,2026-04-27T21:14:53.619979
22,300,2026-04-27T21:14:53.919888
23,390,2026-04-27T21:14:54.288147
23,583,2026-04-27T21:14:54.431507
23,276,2026-04-27T21:14:56.241455
23,336,2026-04-27T21:14:56.672352
24,624,2026-04-27T21:14:57.905119
24,27,2026-04-27T21:14:58.500814
24,821,2026-04-27T21:14:58.662745
25,338,2026-04-27T21:15:01.320893
25,991,2026-04-27T21:15:02.082302
25,129,2026-04-27T21:15:02.668791
25,157,2026-04-27T21:15:02.842824
25,842,2026-04-27T21:15:03.288320
25,430,2026-04-27T21:15:03.634001
25,907,2026-04-27T21:15:03.813767
25,865,2026-04-27T21:15:04.573097
26,425,2026-04-27T21:15:04.971461
26,846,2026-04-27T21:15:05.104962
26,121,2026-04-27T21:15:05.244802
26,617,2026-04-27T21:15:05.971929
26,462,2026-04-27T21:15:06.548852
26,983,2026-04-27T21:15:07.518341
26,533,2026-04-27T21:15:08.008523
27,171,2026-04-27T21:15:09.186386
27,890,2026-04-27T21:15:10.570106
27,204,2026-04-27T21:15:10.740551
27,650,2026-04-27T21:15:11.148702
27,259,2026-04-27T21:15:11.453393
28,851,2026-04-27T21:15:12.176142
28,454,2026-04-27T21:15:13.748895
28,426,2026-04-27T21:15:14.453182
29,821,2026-04-27T21:15:15.261869
29,538,2026-04-27T21:15:15.631985
29,285,2026-04-27T21:15:16.005000
29,91,2026-04-27T21:15:16.406910
29,304,2026-04-27T21:15:16.903785
29,940,2026-04-27T21:15:17.172196
29,290,2026-04-27T21:15:17.315099
29,915,2026-04-27T21:15:17.566582
29,761,2026-04-27T21:15:17.694312
29,164,2026-04-27T21:15:17.853173
30,200,2026-04-27T21:15:18.521040
30,216,2026-04-27T21:15:20.036356
30,943,2026-04-27T21:15:20.404425
30,917,2026-04-27T21:15:20.722874
30,459,2026-04-27T21:15:21.690813
30,768,2026-04-27T21:15:21.966115
31,879,2026-04-27T21:15:22.354780
31,482,2026-04-27T21:15:22.810865
31,832,2026-04-27T21:15:23.104158
31,412,2026-04-27T21:15:23.353634
31,401,2026-04-27T21:15:23.749108
31,128,2026-04-27T21:15:24.741945
31,443,2026-04-27T21:15:25.134745
32,391,2026-04-27T21:15:26.031929
32,271,2026-04-27T21:15:26.903523
32,862,2026-04-27T21:15:27.172181
32,765,2026-04-27T21:15:27.859382
32,998,2026-04-27T21:15:28.016932
32,308,2026-04-27T21:15:28.153235
32,107,2026-04-27T21:15:28.855189
33,344,2026-04-27T21:15:29.063971
33,431,2026-04-27T21:15:29.366309
33,316,2026-04-27T21:15:29.635666
33,576,2026-04-27T21:15:29.898790
33,102,2026-04-27T21:15:30.151380
33,987,2026-04-27T21:15:30.720349
33,555,2026-04-27T21:15:31.010841
33,935,2026-04-27T21:15:31.533193
33,691,2026-04-27T21:15:32.085787
34,485,2026-04-27T21:15:32.578278
34,410,2026-04-27T21:15:32.859958
34,356,2026-04-27T21:15:33.327381
34,173,2026-04-27T21:15:33.693375
34,101,2026-04-27T21:15:34.411817
34,977,2026-04-27T21:15:34.561734
34,462,2026-04-27T21:15:35.546838
35,1006,2026-04-27T21:15:36.385815
35,870,2026-04-27T21:15:36.660946
35,59,2026-04-27T21:15:36.799357
35,311,2026-04-27T21:15:36.941699
35,537,2026-04-27T21:15:37.605427
35,788,2026-04-27T21:15:38.708515
36,847,2026-04-27T21:15:39.191517
36,153,2026-04-27T21:15:39.339404
36,273,2026-04-27T21:15:39.597141
36,819,2026-04-27T21:15:40.364525
36,397,2026-04-27T21:15:40.648495
36,231,2026-04-27T21:15:40.799779
36,267,2026-04-27T21:15:40.937242
36,715,2026-04-27T21:15:41.905450
36,722,2026-04-27T21:15:42.036931
37,815,2026-04-27T21:15:42.687003
37,518,2026-04-27T21:15:42.845935
37,699,2026-04-27T21:15:43.522685
37,877,2026-04-27T21:15:43.657195
37,631,2026-04-27T21:15:44.061757
37,125,2026-04-27T21:15:44.207938
37,356,2026-04-27T21:15:44.918575
37,809,2026-04-27T21:15:45.348106
38,556,2026-04-27T21:15:47.790787
38,256,2026-04-27T21:15:47.968328
39,235,2026-04-27T21:15:49.553746
39,295,2026-04-27T21:15:49.699933
39,287,2026-04-27T21:15:49.867392
39,876,2026-04-27T21:15:51.620558
39,66,2026-04-27T21:15:51.759740
39,666,2026-04-27T21:15:52.050248
39,472,2026-04-27T21:15:52.716518
39,253,2026-04-27T21:15:52.978618
40,237,2026-04-27T21:15:53.707173
40,137,2026-04-27T21:15:53.855363
40,656,2026-04-27T21:15:55.080555
40,190,2026-04-27T21:15:55.799074
40,856,2026-04-27T21:15:55.944148
41,1012,2026-04-27T21:15:56.856146
41,985,2026-04-27T21:15:57.411959
41,623,2026-04-27T21:15:57.830611
41,26,2026-04-27T21:15:58.260851
41,296,2026-04-27T21:15:59.220299
42,782,2026-04-27T21:16:00.520324
42,539,2026-04-27T21:16:00.944725
42,75,2026-04-27T21:16:01.085106
42,441,2026-04-27T21:16:01.372142
42,903,2026-04-27T21:16:01.793222
43,883,2026-04-27T21:16:03.594317
43,524,2026-04-27T21:16:03.772089
43,781,2026-04-27T21:16:04.622646
43,317,2026-04-27T21:16:05.000837
43,288,2026-04-27T21:16:05.150266
43,281,2026-04-27T21:16:06.262725
44,714,2026-04-27T21:16:07.025703
44,987,2026-04-27T21:16:07.158423
44,141,2026-04-27T21:16:07.762432
44,185,2026-04-27T21:16:09.051478
45,257,2026-04-27T21:16:09.637570
45,479,2026-04-27T21:16:11.299348
45,534,2026-04-27T21:16:11.602426
45,304,2026-04-27T21:16:12.441244
46,23,2026-04-27T21:16:12.817614
46,486,2026-04-27T21:16:13.548419
46,77,2026-04-27T21:16:13.690181
46,498,2026-04-27T21:16:13.821981
46,612,2026-04-27T21:16:13.985297
46,677,2026-04-27T21:16:14.292596
46,726,2026-04-27T21:16:14.436173
46,433,2026-04-27T21:16:14.592328
46,969,2026-04-27T21:16:15.108621
46,709,2026-04-27T21:16:15.588565
47,256,2026-04-27T21:16:16.538703
47,386,2026-04-27T21:16:16.686765
47,46,2026-04-27T21:16:16.824813
47,814,2026-04-27T21:16:16.981188
47,150,2026-04-27T21:16:17.125225
47,303,2026-04-27T21:16:18.251172
47,776,2026-04-27T21:16:18.515030
48,961,2026-04-27T21:16:19.403430
48,685,2026-04-27T21:16:20.452762
48,150,2026-04-27T21:16:20.934167
48,860,2026-04-27T21:16:21.478485
49,198,2026-04-27T21:16:23.245988
49,569,2026-04-27T21:16:23.531665
49,645,2026-04-27T21:16:23.695648
49,877,2026-04-27T21:16:23.966121
49,154,2026-04-27T21:16:25.646568
50,466,2026-04-27T21:16:26.557549
50,845,2026-04-27T21:16:26.845104
50,744,2026-04-27T21:16:27.006276
50,270,2026-04-27T21:16:27.697668
50,227,2026-04-27T21:16:28.096109
50,551,2026-04-27T21:16:28.829098
51,576,2026-04-27T21:16:29.714847
51,377,2026-04-27T21:16:30.000031
51,90,2026-04-27T21:16:31.350340
52,408,2026-04-27T21:16:32.399902
52,730,2026-04-27T21:16:32.535706
52,939,2026-04-27T21:16:32.969027
52,68,2026-04-27T21:16:33.521837
52,667,2026-04-27T21:16:34.056803
52,227,2026-04-27T21:16:34.878602
52,622,2026-04-27T21:16:35.732502
52,442,2026-04-27T21:16:35.878403
53,624,2026-04-27T21:16:36.926782
54,758,2026-04-27T21:16:39.440027
54,96,2026-04-27T21:16:39.577542
54,516,2026-04-27T21:16:39.718625
54,880,2026-04-27T21:16:40.035068
54,778,2026-04-27T21:16:41.111704
54,795,2026-04-27T21:16:41.589621
54,703,2026-04-27T21:16:42.069458
55,452,2026-04-27T21:16:43.838227
55,929,2026-04-27T21:16:44.153526
55,164,2026-04-27T21:16:44.678739
55,221,2026-04-27T21:16:45.474849
55,210,2026-04-27T21:16:45.651511
55,802,2026-04-27T21:16:45.902124
56,475,2026-04-27T21:16:46.506343
56,38,2026-04-27T21:16:47.576797
56,272,2026-04-27T21:16:50.154481
57,749,2026-04-27T21:16:50.462182
57,689,2026-04-27T21:16:50.742136
57,723,2026-04-27T21:16:52.467254
57,178,2026-04-27T21:16:52.606789
58,625,2026-04-27T21:16:55.234002
58,496,2026-04-27T21:16:56.345496
58,1013,2026-04-27T21:16:57.039178
59,945,2026-04-27T21:16:57.988966
59,808,2026-04-27T21:16:58.555247
59,748,2026-04-27T21:16:58.981042
59,334,2026-04-27T21:17:00.276741
59,662,2026-04-27T21:17:00.412548
60,187,2026-04-27T21:17:01.324213
60,233,2026-04-27T21:17:02.594605
60,993,2026-04-27T21:17:02.748695
60,534,2026-04-27T21:17:03.153453
60,553,2026-04-27T21:17:03.583425
61,394,2026-04-27T21:17:04.631643
61,291,2026-04-27T21:17:05.587327
61,752,2026-04-27T21:17:06.049142
61,358,2026-04-27T21:17:06.476951
61,153,2026-04-27T21:17:06.735839
61,109,2026-04-27T21:17:06.890340
62,136,2026-04-27T21:17:07.522894
62,326,2026-04-27T21:17:07.938644
62,691,2026-04-27T21:17:10.252371
63,464,2026-04-27T21:17:11.840690
63,656,2026-04-27T21:17:12.259223
63,970,2026-04-27T21:17:12.512378
63,669,2026-04-27T21:17:13.047347
63,882,2026-04-27T21:17:13.195147
64,566,2026-04-27T21:17:15.229884
64,742,2026-04-27T21:17:15.503651
64,776,2026-04-27T21:17:16.255821
64,300,2026-04-27T21:17:16.755572
64,694,2026-04-27T21:17:17.162699
65,216,2026-04-27T21:17:17.542884
65,534,2026-04-27T21:17:17.815093
65,833,2026-04-27T21:17:18.281273
65,843,2026-04-27T21:17:18.601501
65,270,2026-04-27T21:17:19.396131
65,612,2026-04-27T21:17:19.851186
65,796,2026-04-27T21:17:20.525459
65,753,2026-04-27T21:17:20.687023
66,593,2026-04-27T21:17:21.531881
66,735,2026-04-27T21:17:21.693001
66,124,2026-04-27T21:17:21.832778
66,47,2026-04-27T21:17:23.069130
66,1012,2026-04-27T21:17:23.482904
67,897,2026-04-27T21:17:25.318921
67,624,2026-04-27T21:17:25.684982
67,190,2026-04-27T21:17:26.400319
67,819,2026-04-27T21:17:26.832289
67,674,2026-04-27T21:17:26.976340
67,530,2026-04-27T21:17:27.248159
68,811,2026-04-27T21:17:27.575318
68,152,2026-04-27T21:17:28.398569
68,738,2026-04-27T21:17:28.531947
68,444,2026-04-27T21:17:29.185142
68,302,2026-04-27T21:17:29.457664
69,421,2026-04-27T21:17:30.972414
69,444,2026-04-27T21:17:31.114290
69,919,2026-04-27T21:17:31.264314
69,56,2026-04-27T21:17:31.403323
69,1003,2026-04-27T21:17:32.117499
69,199,2026-04-27T21:17:32.411746
69,413,2026-04-27T21:17:32.884220
69,536,2026-04-27T21:17:33.224399
69,809,2026-04-27T21:17:33.403737
69,384,2026-04-27T21:17:33.816206
69,847,2026-04-27T21:17:34.206577
70,294,2026-04-27T21:17:34.880361
70,82,2026-04-27T21:17:37.408421
71,825,2026-04-27T21:17:40.258631
71,498,2026-04-27T21:17:40.557852
72,280,2026-04-27T21:17:41.334495
72,259,2026-04-27T21:17:42.052463
72,784,2026-04-27T21:17:42.473439
72,54,2026-04-27T21:17:43.562017
72,565,2026-04-27T21:17:43.891217
73,981,2026-04-27T21:17:45.658937
73,754,2026-04-27T21:17:45.928657
73,568,2026-04-27T21:17:46.484389
74,477,2026-04-27T21:17:48.637709
74,669,2026-04-27T21:17:48.822904
74,265,2026-04-27T21:17:49.033163
74,651,2026-04-27T21:17:49.520927
74,209,2026-04-27T21:17:50.516749
74,990,2026-04-27T21:17:50.894085
74,796,2026-04-27T21:17:51.031978
74,955,2026-04-27T21:17:51.165277
75,322,2026-04-27T21:17:51.528175
75,727,2026-04-27T21:17:53.055195
75,383,2026-04-27T21:17:53.217028
75,396,2026-04-27T21:17:53.491731
75,615,2026-04-27T21:17:53.932852
75,90,2026-04-27T21:17:54.483805
76,462,2026-04-27T21:17:55.023630
76,916,2026-04-27T21:17:55.164907
76,595,2026-04-27T21:17:55.302377
76,631,2026-04-27T21:17:55.446306
76,757,2026-04-27T21:17:55.607251
76,144,2026-04-27T21:17:56.120208
76,241,2026-04-27T21:17:56.564286
76,431,2026-04-27T21:17:57.367822
76,148,2026-04-27T21:17:57.765605
77,335,2026-04-27T21:17:58.258909
77,428,2026-04-27T21:17:58.560907
77,89,2026-04-27T21:17:58.844354
77,877,2026-04-27T21:17:59.126867
78,488,2026-04-27T21:18:01.495905
78,922,2026-04-27T21:18:01.765063
78,1013,2026-04-27T21:18:03.695888
78,251,2026-04-27T21:18:03.894416
78,526,2026-04-27T21:18:04.564734
78,133,2026-04-27T21:18:04.827819
79,805,2026-04-27T21:18:05.860047
79,905,2026-04-27T21:18:06.012653
79,282,2026-04-27T21:18:06.321126
79,543,2026-04-27T21:18:06.734497
79,511,2026-04-27T21:18:07.005830
79,287,2026-04-27T21:18:07.303904
79,479,2026-04-27T21:18:07.881752
80,121,2026-04-27T21:18:08.547140
80,137,2026-04-27T21:18:09.512063
80,460,2026-04-27T21:18:10.339085
80,539,2026-04-27T21:18:11.307345
80,960,2026-04-27T21:18:11.724565
81,144,2026-04-27T21:18:12.933323
81,182,2026-04-27T21:18:13.913438
81,213,2026-04-27T21:18:14.187832
81,368,2026-04-27T21:18:14.461371
81,836,2026-04-27T21:18:14.750414
81,493,2026-04-27T21:18:15.048490
82,870,2026-04-27T21:18:15.799308
82,410,2026-04-27T21:18:16.722191
82,856,2026-04-27T21:18:17.993071
82,361,2026-04-27T21:18:18.251454
82,727,2026-04-27T21:18:18.554434
82,683,2026-04-27T21:18:18.815039
83,530,2026-04-27T21:18:19.359787
83,845,2026-04-27T21:18:20.622413
83,626,2026-04-27T21:18:20.969782
83,241,2026-04-27T21:18:21.717118
83,558,2026-04-27T21:18:21.999869
83,705,2026-04-27T21:18:22.535673
84,394,2026-04-27T21:18:22.884466
84,557,2026-04-27T21:18:25.357464
85,392,2026-04-27T21:18:26.523412
85,804,2026-04-27T21:18:26.814762
85,237,2026-04-27T21:18:26.959844
85,198,2026-04-27T21:18:27.256540
85,707,2026-04-27T21:18:27.551910
85,104,2026-04-27T21:18:27.829965
85,930,2026-04-27T21:18:28.259043
85,282,2026-04-27T21:18:28.394328
85,210,2026-04-27T21:18:28.535476
85,196,2026-04-27T21:18:28.681763
85,216,2026-04-27T21:18:28.822508
85,597,2026-04-27T21:18:29.098201
86,771,2026-04-27T21:18:29.634776
86,429,2026-04-27T21:18:29.912125
86,480,2026-04-27T21:18:30.202675
86,517,2026-04-27T21:18:30.611812
86,635,2026-04-27T21:18:32.930167
87,64,2026-04-27T21:18:35.471240
87,910,2026-04-27T21:18:35.622409
88,271,2026-04-27T21:18:38.615915
89,444,2026-04-27T21:18:40.565879
89,304,2026-04-27T21:18:41.153733
89,174,2026-04-27T21:18:41.281158
89,904,2026-04-27T21:18:42.914946
90,553,2026-04-27T21:18:43.504162
90,895,2026-04-27T21:18:43.613783
90,349,2026-04-27T21:18:43.750573
90,796,2026-04-27T21:18:43.858548
90,341,2026-04-27T21:18:44.182362
90,933,2026-04-27T21:18:44.292501
90,668,2026-04-27T21:18:44.637692
90,825,2026-04-27T21:18:44.748672
90,225,2026-04-27T21:18:44.863505
90,955,2026-04-27T21:18:45.305397
90,669,2026-04-27T21:18:45.413039
90,917,2026-04-27T21:18:45.530127
91,233,2026-04-27T21:18:46.299631
91,260,2026-04-27T21:18:46.736538
91,824,2026-04-27T21:18:47.094626
91,576,2026-04-27T21:18:47.652161
92,791,2026-04-27T21:18:49.027334
92,953,2026-04-27T21:18:49.133690
92,675,2026-04-27T21:18:49.465769
93,798,2026-04-27T21:18:51.590051
93,512,2026-04-27T21:18:51.704989
93,454,2026-04-27T21:18:51.814368
93,595,2026-04-27T21:18:52.540305
93,895,2026-04-27T21:18:52.753435
94,90,2026-04-27T21:18:54.141666
94,786,2026-04-27T21:18:55.253053
94,361,2026-04-27T21:18:55.358459
94,765,2026-04-27T21:18:55.598269
95,53,2026-04-27T21:18:56.947503
95,979,2026-04-27T21:18:58.105418
95,243,2026-04-27T21:18:58.557225
96,759,2026-04-27T21:18:58.830442
96,710,2026-04-27T21:18:59.914635
96,667,2026-04-27T21:19:00.222901
97,997,2026-04-27T21:19:01.499892
97,866,2026-04-27T21:19:01.603814
97,403,2026-04-27T21:19:02.081054
97,854,2026-04-27T21:19:02.636800
97,903,2026-04-27T21:19:02.853197
97,949,2026-04-27T21:19:03.067581
98,781,2026-04-27T21:19:03.830962
98,302,2026-04-27T21:19:04.048207
98,452,2026-04-27T21:19:04.401386
98,818,2026-04-27T21:19:05.086788
98,27,2026-04-27T21:19:05.190981
98,366,2026-04-27T21:19:05.524067
98,266,2026-04-27T21:19:05.858877
98,574,2026-04-27T21:19:06.184841
99,859,2026-04-27T21:19:06.549414
99,387,2026-04-27T21:19:06.667892
99,989,2026-04-27T21:19:06.779394
99,797,2026-04-27T21:19:07.093621
99,687,2026-04-27T21:19:09.199142
100,985,2026-04-27T21:19:09.601917
100,628,2026-04-27T21:19:10.343274
100,705,2026-04-27T21:19:10.462951
100,1013,2026-04-27T21:19:10.724229
100,379,2026-04-27T21:19:10.978957
100,808,2026-04-27T21:19:11.622928
100,817,2026-04-27T21:19:11.840849
100,257,2026-04-27T21:19:12.066359
101,838,2026-04-27T21:19:12.873016
101,348,2026-04-27T21:19:13.572876
101,798,2026-04-27T21:19:13.889554
101,73,2026-04-27T21:19:14.115845
101,48,2026-04-27T21:19:14.439332
102,51,2026-04-27T21:19:16.051085
103,205,2026-04-27T21:19:18.331971
103,701,2026-04-27T21:19:18.765578
103,30,2026-04-27T21:19:19.204377
103,484,2026-04-27T21:19:19.432945
103,200,2026-04-27T21:19:19.910191
104,231,2026-04-27T21:19:21.053441
104,330,2026-04-27T21:19:21.173451
104,243,2026-04-27T21:19:21.278876
104,673,2026-04-27T21:19:21.595110
104,788,2026-04-27T21:19:21.706378
104,975,2026-04-27T21:19:22.028852
104,542,2026-04-27T21:19:23.146908
104,129,2026-04-27T21:19:23.253557
105,301,2026-04-27T21:19:23.434911
105,627,2026-04-27T21:19:24.884158
105,677,2026-04-27T21:19:25.746847
105,691,2026-04-27T21:19:26.286126
106,951,2026-04-27T21:19:27.098828
106,387,2026-04-27T21:19:27.221606
106,822,2026-04-27T21:19:27.812786
106,661,2026-04-27T21:19:27.927267
106,311,2026-04-27T21:19:28.662491
106,733,2026-04-27T21:19:28.802485
106,762,2026-04-27T21:19:29.033959
107,481,2026-04-27T21:19:30.189847
107,603,2026-04-27T21:19:30.537180
107,62,2026-04-27T21:19:30.777498
107,636,2026-04-27T21:19:32.505323
108,456,2026-04-27T21:19:32.832006
108,227,2026-04-27T21:19:33.201220
108,125,2026-04-27T21:19:33.613072
108,788,2026-04-27T21:19:33.900998
108,188,2026-04-27T21:19:34.021192
108,835,2026-04-27T21:19:34.130418
108,497,2026-04-27T21:19:34.799660
109,519,2026-04-27T21:19:35.972000
109,647,2026-04-27T21:19:36.205862
109,452,2026-04-27T21:19:36.639160
109,264,2026-04-27T21:19:37.077598
109,389,2026-04-27T21:19:37.750173
109,125,2026-04-27T21:19:37.872442
110,561,2026-04-27T21:19:38.768084
110,39,2026-04-27T21:19:39.096594
110,506,2026-04-27T21:19:39.859347
110,464,2026-04-27T21:19:40.177346
110,586,2026-04-27T21:19:40.292510
111,898,2026-04-27T21:19:41.869875
111,123,2026-04-27T21:19:42.214055
111,487,2026-04-27T21:19:43.065903
111,394,2026-04-27T21:19:43.282810
112,904,2026-04-27T21:19:44.249033
112,511,2026-04-27T21:19:44.793333
112,552,2026-04-27T21:19:45.134301
112,145,2026-04-27T21:19:45.363786
112,17,2026-04-27T21:19:45.853738
112,916,2026-04-27T21:19:46.466273
112,443,2026-04-27T21:19:46.588477
113,167,2026-04-27T21:19:47.516748
113,67,2026-04-27T21:19:48.518424
113,271,2026-04-27T21:19:48.995663
114,867,2026-04-27T21:19:50.146270
114,976,2026-04-27T21:19:50.471666
114,419,2026-04-27T21:19:50.801839
114,986,2026-04-27T21:19:51.135735
114,739,2026-04-27T21:19:51.662147
115,755,2026-04-27T21:19:52.912372
115,817,2026-04-27T21:19:54.336325
115,186,2026-04-27T21:19:54.438717
116,340,2026-04-27T21:19:56.041863
116,85,2026-04-27T21:19:56.725585
116,636,2026-04-27T21:19:56.938468
117,288,2026-04-27T21:19:57.871030
117,676,2026-04-27T21:19:58.420273
118,264,2026-04-27T21:20:00.519509
118,284,2026-04-27T21:20:00.748370
118,900,2026-04-27T21:20:00.848442
118,419,2026-04-27T21:20:00.950979
118,193,2026-04-27T21:20:01.076528
118,903,2026-04-27T21:20:01.399652
118,460,2026-04-27T21:20:01.504288
118,733,2026-04-27T21:20:01.949535
118,211,2026-04-27T21:20:02.054082
118,584,2026-04-27T21:20:02.273819
118,677,2026-04-27T21:20:02.487469
119,775,2026-04-27T21:20:04.472924
119,693,2026-04-27T21:20:04.585835
119,481,2026-04-27T21:20:04.694263
119,479,2026-04-27T21:20:04.795009
119,511,2026-04-27T21:20:04.900145
119,570,2026-04-27T21:20:05.231219
120,511,2026-04-27T21:20:05.830419
120,573,2026-04-27T21:20:06.281881
120,1008,2026-04-27T21:20:06.599250
120,996,2026-04-27T21:20:06.710425
120,975,2026-04-27T21:20:07.390766
121,391,2026-04-27T21:20:09.860547
122,793,2026-04-27T21:20:12.136900
122,743,2026-04-27T21:20:12.480966
122,958,2026-04-27T21:20:13.256618
122,270,2026-04-27T21:20:13.366870
122,444,2026-04-27T21:20:14.038881
123,200,2026-04-27T21:20:15.800307
123,869,2026-04-27T21:20:16.256560
124,1017,2026-04-27T21:20:17.461188
124,43,2026-04-27T21:20:17.996729
124,286,2026-04-27T21:20:18.103064
124,690,2026-04-27T21:20:18.454558
124,778,2026-04-27T21:20:18.785312
124,819,2026-04-27T21:20:19.017749
124,821,2026-04-27T21:20:19.480846
125,525,2026-04-27T21:20:20.156673
125,109,2026-04-27T21:20:20.408528
125,34,2026-04-27T21:20:20.548664
125,441,2026-04-27T21:20:21.345391
125,70,2026-04-27T21:20:21.573706
125,392,2026-04-27T21:20:21.802223
126,982,2026-04-27T21:20:23.450335
126,92,2026-04-27T21:20:23.564767
126,220,2026-04-27T21:20:23.681040
126,820,2026-04-27T21:20:24.340063
126,154,2026-04-27T21:20:24.773101
126,923,2026-04-27T21:20:25.355134
127,517,2026-04-27T21:20:26.382490
127,542,2026-04-27T21:20:26.508991
127,237,2026-04-27T21:20:26.712385
127,317,2026-04-27T21:20:26.816268
128,415,2026-04-27T21:20:29.737990
128,898,2026-04-27T21:20:30.303869
128,947,2026-04-27T21:20:30.455371
128,397,2026-04-27T21:20:30.563103
128,790,2026-04-27T21:20:30.884943
128,162,2026-04-27T21:20:31.128247
129,656,2026-04-27T21:20:31.729871
129,483,2026-04-27T21:20:32.171363
129,183,2026-04-27T21:20:32.289360
129,236,2026-04-27T21:20:32.392525
129,99,2026-04-27T21:20:33.715952
129,513,2026-04-27T21:20:34.047738
129,369,2026-04-27T21:20:34.153442
130,32,2026-04-27T21:20:34.306067
130,619,2026-04-27T21:20:34.787252
130,246,2026-04-27T21:20:34.895072
130,732,2026-04-27T21:20:35.107636
130,197,2026-04-27T21:20:35.222289
130,254,2026-04-27T21:20:35.641093
130,714,2026-04-27T21:20:36.069880
130,284,2026-04-27T21:20:36.173100
131,931,2026-04-27T21:20:36.653732
131,250,2026-04-27T21:20:37.533722
131,805,2026-04-27T21:20:38.199184
131,183,2026-04-27T21:20:38.402789
131,234,2026-04-27T21:20:38.508647
131,357,2026-04-27T21:20:38.632125
131,266,2026-04-27T21:20:38.760001
132,833,2026-04-27T21:20:39.367850
132,662,2026-04-27T21:20:40.400079
132,105,2026-04-27T21:20:40.828700
132,278,2026-04-27T21:20:41.388454
133,677,2026-04-27T21:20:41.789352
133,1007,2026-04-27T21:20:41.892753
133,949,2026-04-27T21:20:42.445252
133,563,2026-04-27T21:20:42.656610
133,890,2026-04-27T21:20:42.764005
133,494,2026-04-27T21:20:43.721496
134,693,2026-04-27T21:20:44.321763
134,524,2026-04-27T21:20:44.546947
134,56,2026-04-27T21:20:44.850891
134,440,2026-04-27T21:20:45.188630
134,763,2026-04-27T21:20:45.291664
134,769,2026-04-27T21:20:45.392707
134,712,2026-04-27T21:20:45.716698
134,439,2026-04-27T21:20:45.933723
134,934,2026-04-27T21:20:46.144534
135,151,2026-04-27T21:20:46.649989
135,812,2026-04-27T21:20:46.757235
135,49,2026-04-27T21:20:47.548814
135,247,2026-04-27T21:20:47.756730
135,115,2026-04-27T21:20:48.301084
135,156,2026-04-27T21:20:48.631373
136,992,2026-04-27T21:20:49.655527
136,534,2026-04-27T21:20:50.084655
136,1001,2026-04-27T21:20:50.539049
136,470,2026-04-27T21:20:50.646241
136,845,2026-04-27T21:20:51.429900
137,617,2026-04-27T21:20:51.904927
137,121,2026-04-27T21:20:52.269163
137,392,2026-04-27T21:20:52.601150
137,997,2026-04-27T21:20:53.503225
137,371,2026-04-27T21:20:53.714854
137,727,2026-04-27T21:20:54.047347
138,829,2026-04-27T21:20:54.436436
138,112,2026-04-27T21:20:56.120994
138,946,2026-04-27T21:20:56.227605
138,383,2026-04-27T21:20:56.359911
138,389,2026-04-27T21:20:56.687523
138,745,2026-04-27T21:20:56.793915
139,667,2026-04-27T21:20:57.056756
139,664,2026-04-27T21:20:57.269656
139,794,2026-04-27T21:20:57.380217
139,388,2026-04-27T21:20:57.585965
139,858,2026-04-27T21:20:57.838780
139,885,2026-04-27T21:20:58.512241
139,295,2026-04-27T21:20:58.874725
140,730,2026-04-27T21:21:00.137533
140,316,2026-04-27T21:21:00.465623
140,359,2026-04-27T21:21:01.923496
140,800,2026-04-27T21:21:02.033761
141,118,2026-04-27T21:21:03.499144
141,631,2026-04-27T21:21:03.605014
141,50,2026-04-27T21:21:04.039571
141,174,2026-04-27T21:21:04.149242
141,437,2026-04-27T21:21:04.391358
141,1010,2026-04-27T21:21:04.856131
142,802,2026-04-27T21:21:05.232259
142,570,2026-04-27T21:21:05.801027
142,291,2026-04-27T21:21:05.909327
142,565,2026-04-27T21:21:06.139129
142,770,2026-04-27T21:21:06.240710
142,538,2026-04-27T21:21:07.833906
143,520,2026-04-27T21:21:07.999911
143,37,2026-04-27T21:21:08.636469
143,967,2026-04-27T21:21:08.994561
143,256,2026-04-27T21:21:09.545430
143,416,2026-04-27T21:21:09.754708
143,44,2026-04-27T21:21:10.800665
144,360,2026-04-27T21:21:11.173571
144,352,2026-04-27T21:21:11.282378
144,632,2026-04-27T21:21:11.611787
144,225,2026-04-27T21:21:11.716756
144,896,2026-04-27T21:21:11.823130
144,45,2026-04-27T21:21:12.501815
144,538,2026-04-27T21:21:12.728930
144,885,2026-04-27T21:21:12.958191
145,654,2026-04-27T21:21:14.421315
145,857,2026-04-27T21:21:16.101086
146,596,2026-04-27T21:21:16.965845
146,727,2026-04-27T21:21:17.401003
146,160,2026-04-27T21:21:17.614479
146,717,2026-04-27T21:21:17.722894
147,887,2026-04-27T21:21:19.220018
147,69,2026-04-27T21:21:19.339006
147,612,2026-04-27T21:21:19.602027
147,942,2026-04-27T21:21:20.193480
147,961,2026-04-27T21:21:20.327565
147,288,2026-04-27T21:21:20.566757
147,554,2026-04-27T21:21:20.695088
147,522,2026-04-27T21:21:21.141794
148,195,2026-04-27T21:21:21.982301
148,242,2026-04-27T21:21:22.083744
148,396,2026-04-27T21:21:22.896506
148,537,2026-04-27T21:21:23.592102
148,956,2026-04-27T21:21:24.054754
148,726,2026-04-27T21:21:24.163674
149,570,2026-04-27T21:21:24.992472
149,779,2026-04-27T21:21:25.530574
149,466,2026-04-27T21:21:26.921386
150,1014,2026-04-27T21:21:27.631847
150,901,2026-04-27T21:21:27.845497
150,690,2026-04-27T21:21:28.308322
150,527,2026-04-27T21:21:28.646089
150,583,2026-04-27T21:21:28.747608
151,96,2026-04-27T21:21:30.550789
151,938,2026-04-27T21:21:31.090670
151,322,2026-04-27T21:21:31.526874
151,559,2026-04-27T21:21:31.945961
152,730,2026-04-27T21:21:32.666050
152,746,2026-04-27T21:21:32.897407
152,397,2026-04-27T21:21:33.212768
152,460,2026-04-27T21:21:33.935054
153,557,2026-04-27T21:21:34.790051
153,458,2026-04-27T21:21:35.732523
153,818,2026-04-27T21:21:36.040126
153,193,2026-04-27T21:21:36.175074
153,426,2026-04-27T21:21:36.560641
153,820,2026-04-27T21:21:37.298098
153,267,2026-04-27T21:21:37.410921
154,615,2026-04-27T21:21:37.722845
154,565,2026-04-27T21:21:38.291063
154,696,2026-04-27T21:21:39.374663
154,689,2026-04-27T21:21:40.131444
155,532,2026-04-27T21:21:40.292846
155,458,2026-04-27T21:21:40.752769
155,310,2026-04-27T21:21:40.954369
155,919,2026-04-27T21:21:41.337640
155,515,2026-04-27T21:21:41.446925
155,863,2026-04-27T21:21:41.647519
155,860,2026-04-27T21:21:42.104584
155,903,2026-04-27T21:21:42.315423
155,524,2026-04-27T21:21:42.433276
155,719,2026-04-27T21:21:42.540709
155,786,2026-04-27T21:21:42.700998
156,91,2026-04-27T21:21:43.039727
156,742,2026-04-27T21:21:43.882900
156,181,2026-04-27T21:21:44.104498
156,34,2026-04-27T21:21:44.474162
156,53,2026-04-27T21:21:44.831495
156,788,2026-04-27T21:21:45.287240
156,153,2026-04-27T21:21:45.420683
157,243,2026-04-27T21:21:46.061653
157,592,2026-04-27T21:21:46.822796
158,1002,2026-04-27T21:21:49.321177
158,780,2026-04-27T21:21:50.323570
158,787,2026-04-27T21:21:50.649736
159,322,2026-04-27T21:21:50.967284
159,959,2026-04-27T21:21:51.073282
159,953,2026-04-27T21:21:52.548665
159,957,2026-04-27T21:21:52.878788
160,777,2026-04-27T21:21:54.280485
160,109,2026-04-27T21:21:54.501356
160,103,2026-04-27T21:21:56.000083
161,882,2026-04-27T21:21:57.309578
161,922,2026-04-27T21:21:57.418857
161,822,2026-04-27T21:21:57.650033
161,733,2026-04-27T21:21:57.873767
161,307,2026-04-27T21:21:58.460820
161,41,2026-04-27T21:21:58.683895
161,771,2026-04-27T21:21:59.168469
162,634,2026-04-27T21:22:00.137326
162,858,2026-04-27T21:22:00.488970
162,172,2026-04-27T21:22:00.749663
162,873,2026-04-27T21:22:01.069362
162,976,2026-04-27T21:22:01.787854
162,577,2026-04-27T21:22:01.899065
163,805,2026-04-27T21:22:02.496102
163,62,2026-04-27T21:22:02.708083
163,724,2026-04-27T21:22:02.942294
163,547,2026-04-27T21:22:03.401572
163,459,2026-04-27T21:22:03.987876
163,144,2026-04-27T21:22:04.465644
164,24,2026-04-27T21:22:05.570479
164,692,2026-04-27T21:22:06.709652
164,691,2026-04-27T21:22:06.922796
164,389,2026-04-27T21:22:07.469811
165,136,2026-04-27T21:22:07.775681
165,572,2026-04-27T21:22:08.122620
165,779,2026-04-27T21:22:08.701303
165,585,2026-04-27T21:22:09.156025
166,209,2026-04-27T21:22:10.751766
166,898,2026-04-27T21:22:12.324841
167,976,2026-04-27T21:22:13.041419
167,615,2026-04-27T21:22:13.623710
167,408,2026-04-27T21:22:14.286007
168,446,2026-04-27T21:22:15.974941
168,897,2026-04-27T21:22:16.078015
168,224,2026-04-27T21:22:16.417843
168,922,2026-04-27T21:22:16.529261
168,407,2026-04-27T21:22:16.789610
168,986,2026-04-27T21:22:17.166528
168,452,2026-04-27T21:22:17.836886
169,403,2026-04-27T21:22:18.248067
169,829,2026-04-27T21:22:18.463525
169,570,2026-04-27T21:22:19.661493
169,53,2026-04-27T21:22:20.026618
169,255,2026-04-27T21:22:20.157537
169,1005,2026-04-27T21:22:20.279585
169,133,2026-04-27T21:22:20.409249
170,319,2026-04-27T21:22:21.448166
170,392,2026-04-27T21:22:21.684606
170,479,2026-04-27T21:22:22.010503
170,322,2026-04-27T21:22:22.932808
170,611,2026-04-27T21:22:23.045040
170,696,2026-04-27T21:22:23.155413
170,961,2026-04-27T21:22:23.831300
171,981,2026-04-27T21:22:24.004501
171,810,2026-04-27T21:22:24.216859
171,328,2026-04-27T21:22:24.761291
171,649,2026-04-27T21:22:25.332879
172,231,2026-04-27T21:22:26.834644
172,201,2026-04-27T21:22:26.942165
172,407,2026-04-27T21:22:27.165928
172,19,2026-04-27T21:22:27.283853
172,657,2026-04-27T21:22:27.409376
172,567,2026-04-27T21:22:27.526384
172,74,2026-04-27T21:22:27.763092
172,106,2026-04-27T21:22:28.215784
172,224,2026-04-27T21:22:28.445161
172,696,2026-04-27T21:22:28.912039
172,532,2026-04-27T21:22:29.044588
173,970,2026-04-27T21:22:29.337173
173,860,2026-04-27T21:22:30.011163
173,938,2026-04-27T21:22:30.350705
173,201,2026-04-27T21:22:30.567592
173,490,2026-04-27T21:22:30.910167
173,858,2026-04-27T21:22:31.359314
173,594,2026-04-27T21:22:31.473771
173,457,2026-04-27T21:22:31.588713
174,633,2026-04-27T21:22:32.869826
174,403,2026-04-27T21:22:33.809827
175,952,2026-04-27T21:22:34.294721
175,55,2026-04-27T21:22:35.297754
175,607,2026-04-27T21:22:35.407917
175,672,2026-04-27T21:22:35.664761
175,145,2026-04-27T21:22:35.882811
175,568,2026-04-27T21:22:36.228822
175,354,2026-04-27T21:22:36.568241
176,191,2026-04-27T21:22:36.860208
176,517,2026-04-27T21:22:37.490865
176,74,2026-04-27T21:22:37.596344
176,800,2026-04-27T21:22:37.942357
176,792,2026-04-27T21:22:38.050233
176,28,2026-04-27T21:22:38.752062
176,387,2026-04-27T21:22:39.096068
176,845,2026-04-27T21:22:39.346771
177,686,2026-04-27T21:22:39.834158
177,220,2026-04-27T21:22:40.491207
177,678,2026-04-27T21:22:40.817369
177,669,2026-04-27T21:22:40.925347
177,915,2026-04-27T21:22:41.855868
178,540,2026-04-27T21:22:42.311541
178,801,2026-04-27T21:22:43.052712
178,859,2026-04-27T21:22:43.298359
178,30,2026-04-27T21:22:43.424405
178,635,2026-04-27T21:22:43.551416
178,946,2026-04-27T21:22:43.671427
178,621,2026-04-27T21:22:44.407911
178,34,2026-04-27T21:22:44.905335
178,58,2026-04-27T21:22:45.053977
179,305,2026-04-27T21:22:45.212891
179,380,2026-04-27T21:22:45.319581
179,324,2026-04-27T21:22:45.940786
179,621,2026-04-27T21:22:46.588248
179,645,2026-04-27T21:22:46.851970
179,500,2026-04-27T21:22:47.085117
179,593,2026-04-27T21:22:47.363061
179,141,2026-04-27T21:22:47.581510
179,880,2026-04-27T21:22:48.574779
180,975,2026-04-27T21:22:51.097594
180,777,2026-04-27T21:22:51.312811
180,385,2026-04-27T21:22:51.755620
180,434,2026-04-27T21:22:53.594790
181,737,2026-04-27T21:22:55.103673
181,975,2026-04-27T21:22:55.566882
181,749,2026-04-27T21:22:56.174373
181,718,2026-04-27T21:22:57.541090
181,799,2026-04-27T21:22:58.258429
181,780,2026-04-27T21:22:58.742823
181,56,2026-04-27T21:22:58.994019
181,906,2026-04-27T21:22:59.828561
181,680,2026-04-27T21:23:00.054137
182,749,2026-04-27T21:23:00.916936
182,849,2026-04-27T21:23:02.871334
182,839,2026-04-27T21:23:04.314213
182,756,2026-04-27T21:23:04.958463
182,202,2026-04-27T21:23:05.174184
183,545,2026-04-27T21:23:06.908144
183,536,2026-04-27T21:23:09.184159
183,909,2026-04-27T21:23:09.953114
184,476,2026-04-27T21:23:11.569788
184,102,2026-04-27T21:23:12.663771
184,67,2026-04-27T21:23:12.888685
184,855,2026-04-27T21:23:14.303554
184,350,2026-04-27T21:23:15.180256
185,466,2026-04-27T21:23:17.131898
185,770,2026-04-27T21:23:17.596901
185,271,2026-04-27T21:23:18.593833
186,251,2026-04-27T21:23:21.199057
186,856,2026-04-27T21:23:21.623331
186,432,2026-04-27T21:23:22.079203
186,674,2026-04-27T21:23:22.531796
186,38,2026-04-27T21:23:23.294127
186,824,2026-04-27T21:23:23.570780
186,946,2026-04-27T21:23:25.905386
187,708,2026-04-27T21:23:31.020712
188,176,2026-04-27T21:23:34.852169
188,834,2026-04-27T21:23:35.073242
188,319,2026-04-27T21:23:35.615910
188,918,2026-04-27T21:23:35.846233
188,290,2026-04-27T21:23:36.289456
188,873,2026-04-27T21:23:36.509796
189,817,2026-04-27T21:23:36.842316
189,638,2026-04-27T21:23:38.075459
189,529,2026-04-27T21:23:38.518038
189,140,2026-04-27T21:23:39.050276
189,397,2026-04-27T21:23:39.263408
189,561,2026-04-27T21:23:39.478180
189,224,2026-04-27T21:23:41.062977
190,224,2026-04-27T21:23:44.117708
190,249,2026-04-27T21:23:44.539818
190,765,2026-04-27T21:23:44.771792
190,966,2026-04-27T21:23:45.881261
190,439,2026-04-27T21:23:46.398539
191,801,2026-04-27T21:23:48.622960
191,960,2026-04-27T21:23:49.271799
191,671,2026-04-27T21:23:49.820425
191,588,2026-04-27T21:23:50.261883
192,121,2026-04-27T21:23:52.566950
192,241,2026-04-27T21:23:53.037824
193,132,2026-04-27T21:23:55.073248
193,771,2026-04-27T21:23:55.181607
193,1007,2026-04-27T21:23:55.288943
193,533,2026-04-27T21:23:55.869192
193,534,2026-04-27T21:23:55.984548
193,859,2026-04-27T21:23:56.198175
194,364,2026-04-27T21:23:56.697361
194,254,2026-04-27T21:23:56.814954
194,223,2026-04-27T21:23:56.941166
194,905,2026-04-27T21:23:57.445463
194,60,2026-04-27T21:23:57.904655
194,142,2026-04-27T21:23:58.118901
194,843,2026-04-27T21:23:58.790862
195,747,2026-04-27T21:24:00.425218
195,608,2026-04-27T21:24:00.644756
195,84,2026-04-27T21:24:00.974228
196,969,2026-04-27T21:24:02.512432
196,292,2026-04-27T21:24:02.947160
196,272,2026-04-27T21:24:03.289651
196,585,2026-04-27T21:24:04.117280
196,1020,2026-04-27T21:24:04.783711
197,571,2026-04-27T21:24:06.080180
197,286,2026-04-27T21:24:06.885145
198,555,2026-04-27T21:24:08.663302
198,301,2026-04-27T21:24:08.881428
198,766,2026-04-27T21:24:08.990871
198,254,2026-04-27T21:24:09.429698
198,316,2026-04-27T21:24:09.764044
198,168,2026-04-27T21:24:09.989454
198,985,2026-04-27T21:24:10.211257
199,691,2026-04-27T21:24:11.974762
199,131,2026-04-27T21:24:12.194093
199,652,2026-04-27T21:24:12.641197
199,431,2026-04-27T21:24:12.957931
200,263,2026-04-27T21:24:13.118733
200,25,2026-04-27T21:24:13.235442
200,490,2026-04-27T21:24:13.784782
200,389,2026-04-27T21:24:14.014215
200,69,2026-04-27T21:24:15.250030
200,1011,2026-04-27T21:24:15.735261
201,24,2026-04-27T21:24:17.129942
201,902,2026-04-27T21:24:17.358401
201,322,2026-04-27T21:24:17.491710
201,883,2026-04-27T21:24:17.938007
202,243,2026-04-27T21:24:19.355101
202,961,2026-04-27T21:24:20.088092
202,429,2026-04-27T21:24:20.972190
203,291,2026-04-27T21:24:21.138672
203,942,2026-04-27T21:24:22.148179
203,587,2026-04-27T21:24:22.266035
203,227,2026-04-27T21:24:22.715150
203,55,2026-04-27T21:24:23.273643
203,263,2026-04-27T21:24:23.377792
204,919,2026-04-27T21:24:23.986390
204,702,2026-04-27T21:24:24.558850
204,86,2026-04-27T21:24:24.669245
204,139,2026-04-27T21:24:25.466825
204,238,2026-04-27T21:24:25.575800
204,420,2026-04-27T21:24:25.923481
204,968,2026-04-27T21:24:26.048310
204,939,2026-04-27T21:24:26.160799
205,125,2026-04-27T21:24:26.891201
205,896,2026-04-27T21:24:27.233290
205,177,2026-04-27T21:24:27.570917
205,283,2026-04-27T21:24:27.802673
205,295,2026-04-27T21:24:28.460469
206,137,2026-04-27T21:24:29.519439
206,108,2026-04-27T21:24:30.078523
206,584,2026-04-27T21:24:30.190304
206,345,2026-04-27T21:24:30.294426
206,552,2026-04-27T21:24:30.511353
206,284,2026-04-27T21:24:30.870837
206,381,2026-04-27T21:24:30.973949
206,328,2026-04-27T21:24:31.200324
206,633,2026-04-27T21:24:31.548960
207,164,2026-04-27T21:24:31.971025
207,411,2026-04-27T21:24:32.190215
207,186,2026-04-27T21:24:32.297773
207,182,2026-04-27T21:24:32.431194
207,282,2026-04-27T21:24:33.206520
207,205,2026-04-27T21:24:33.308459
207,494,2026-04-27T21:24:33.650189
207,1007,2026-04-27T21:24:33.985330
207,365,2026-04-27T21:24:34.229127
208,721,2026-04-27T21:24:34.966534
208,743,2026-04-27T21:24:35.193333
208,767,2026-04-27T21:24:35.985948
208,568,2026-04-27T21:24:36.424790
208,905,2026-04-27T21:24:36.533548
208,142,2026-04-27T21:24:36.654293
208,828,2026-04-27T21:24:36.861563
208,117,2026-04-27T21:24:36.966887
209,361,2026-04-27T21:24:37.136664
209,522,2026-04-27T21:24:37.469205
209,58,2026-04-27T21:24:37.830928
209,544,2026-04-27T21:24:38.264790
209,238,2026-04-27T21:24:38.394678
209,120,2026-04-27T21:24:38.607871
209,800,2026-04-27T21:24:39.437471
209,308,2026-04-27T21:24:39.539322
210,356,2026-04-27T21:24:39.936906
210,873,2026-04-27T21:24:40.272597
210,905,2026-04-27T21:24:40.485947
210,452,2026-04-27T21:24:41.161551
210,852,2026-04-27T21:24:41.401094
210,523,2026-04-27T21:24:41.721255
210,604,2026-04-27T21:24:41.949594
211,638,2026-04-27T21:24:42.547163
211,921,2026-04-27T21:24:42.683190
211,387,2026-04-27T21:24:42.999357
211,738,2026-04-27T21:24:43.571028
211,1005,2026-04-27T21:24:43.697120
211,397,2026-04-27T21:24:44.071556
211,926,2026-04-27T21:24:44.227405
211,174,2026-04-27T21:24:44.359230
211,443,2026-04-27T21:24:44.620197
211,283,2026-04-27T21:24:45.008505
212,518,2026-04-27T21:24:45.507707
212,494,2026-04-27T21:24:46.110938
212,598,2026-04-27T21:24:46.661222
212,222,2026-04-27T21:24:47.450344
212,844,2026-04-27T21:24:47.555982
213,78,2026-04-27T21:24:47.721015
213,621,2026-04-27T21:24:47.839098
213,926,2026-04-27T21:24:48.078078
213,886,2026-04-27T21:24:48.553402
214,139,2026-04-27T21:24:50.530753
214,733,2026-04-27T21:24:50.738956
214,136,2026-04-27T21:24:50.854053
214,940,2026-04-27T21:24:51.396847
214,367,2026-04-27T21:24:52.279819
214,688,2026-04-27T21:24:53.084813
215,418,2026-04-27T21:24:53.653879
215,681,2026-04-27T21:24:54.149829
215,390,2026-04-27T21:24:55.016115
215,550,2026-04-27T21:24:55.366015
216,331,2026-04-27T21:24:57.294720
216,999,2026-04-27T21:24:57.519608
216,981,2026-04-27T21:24:57.981190
217,1000,2026-04-27T21:24:59.315493
217,371,2026-04-27T21:24:59.789413
217,462,2026-04-27T21:25:00.134182
217,806,2026-04-27T21:25:00.725314
218,924,2026-04-27T21:25:01.486256
218,502,2026-04-27T21:25:02.183466
218,358,2026-04-27T21:25:02.426496
218,43,2026-04-27T21:25:02.540320
219,110,2026-04-27T21:25:04.190405
219,79,2026-04-27T21:25:04.401965
220,535,2026-04-27T21:25:07.391879
220,266,2026-04-27T21:25:07.495616
220,699,2026-04-27T21:25:07.603667
221,896,2026-04-27T21:25:08.956234
221,451,2026-04-27T21:25:09.064200
221,327,2026-04-27T21:25:09.198763
221,404,2026-04-27T21:25:09.442046
221,562,2026-04-27T21:25:10.000371
221,132,2026-04-27T21:25:10.575269
221,572,2026-04-27T21:25:11.068525
222,366,2026-04-27T21:25:12.155600
222,492,2026-04-27T21:25:12.515886
222,969,2026-04-27T21:25:13.488884
222,63,2026-04-27T21:25:13.712107
222,449,2026-04-27T21:25:14.223080
222,52,2026-04-27T21:25:14.332204
222,339,2026-04-27T21:25:14.583334
222,246,2026-04-27T21:25:14.813846
223,834,2026-04-27T21:25:16.936770
223,325,2026-04-27T21:25:17.379843
224,528,2026-04-27T21:25:18.301204
224,553,2026-04-27T21:25:20.545295
225,765,2026-04-27T21:25:20.748742
225,343,2026-04-27T21:25:20.998333
225,595,2026-04-27T21:25:21.548638
225,609,2026-04-27T21:25:22.382674
225,410,2026-04-27T21:25:23.191164
226,374,2026-04-27T21:25:23.360946
226,1010,2026-04-27T21:25:23.478623
226,655,2026-04-27T21:25:24.180808
226,104,2026-04-27T21:25:24.304622
226,530,2026-04-27T21:25:24.530864
226,486,2026-04-27T21:25:25.008621
226,124,2026-04-27T21:25:25.119972
226,115,2026-04-27T21:25:25.234637
226,972,2026-04-27T21:25:25.449452
226,665,2026-04-27T21:25:25.930435
227,695,2026-04-27T21:25:26.809503
227,533,2026-04-27T21:25:26.917544
227,633,2026-04-27T21:25:27.032212
227,159,2026-04-27T21:25:27.396429
227,858,2026-04-27T21:25:28.092811
227,1019,2026-04-27T21:25:28.427403
227,310,2026-04-27T21:25:28.667230
228,853,2026-04-27T21:25:28.829829
228,371,2026-04-27T21:25:29.605162
228,1007,2026-04-27T21:25:29.719460
228,665,2026-04-27T21:25:29.833992
228,954,2026-04-27T21:25:29.938215
228,280,2026-04-27T21:25:30.267586
228,383,2026-04-27T21:25:30.497720
228,473,2026-04-27T21:25:30.615918
228,356,2026-04-27T21:25:30.857025
228,692,2026-04-27T21:25:31.394057
229,617,2026-04-27T21:25:32.586800
229,307,2026-04-27T21:25:32.690400
229,456,2026-04-27T21:25:33.483200
229,170,2026-04-27T21:25:33.593876
229,893,2026-04-27T21:25:33.828486
230,498,2026-04-27T21:25:34.652776
230,203,2026-04-27T21:25:34.866182
230,135,2026-04-27T21:25:35.085200
230,324,2026-04-27T21:25:35.539097
230,406,2026-04-27T21:25:36.229107
230,217,2026-04-27T21:25:36.688538
230,960,2026-04-27T21:25:36.797447
230,959,2026-04-27T21:25:37.117467
230,298,2026-04-27T21:25:37.239246
231,522,2026-04-27T21:25:37.963422
231,1008,2026-04-27T21:25:39.353325
231,284,2026-04-27T21:25:39.466155
231,326,2026-04-27T21:25:39.701570
231,190,2026-04-27T21:25:39.809750
232,681,2026-04-27T21:25:40.542385
232,825,2026-04-27T21:25:40.958068
232,373,2026-04-27T21:25:41.062936
232,220,2026-04-27T21:25:41.175211
232,957,2026-04-27T21:25:42.238060
232,354,2026-04-27T21:25:42.356328
232,616,2026-04-27T21:25:42.584517
233,524,2026-04-27T21:25:43.014862
233,593,2026-04-27T21:25:43.251299
233,808,2026-04-27T21:25:43.735296
233,890,2026-04-27T21:25:43.972483
233,635,2026-04-27T21:25:44.432342
233,583,2026-04-27T21:25:44.541040
233,737,2026-04-27T21:25:44.780955
233,158,2026-04-27T21:25:45.028360
233,732,2026-04-27T21:25:45.141686
234,446,2026-04-27T21:25:45.537265
234,528,2026-04-27T21:25:46.217087
234,741,2026-04-27T21:25:46.666051
234,370,2026-04-27T21:25:47.525237
235,732,2026-04-27T21:25:48.287253
235,611,2026-04-27T21:25:48.407398
235,203,2026-04-27T21:25:48.763956
235,587,2026-04-27T21:25:48.872404
235,551,2026-04-27T21:25:49.217096
235,37,2026-04-27T21:25:49.690442
235,977,2026-04-27T21:25:49.807419
235,891,2026-04-27T21:25:50.170930
235,64,2026-04-27T21:25:50.292195
235,761,2026-04-27T21:25:50.509687
235,509,2026-04-27T21:25:50.620146
236,917,2026-04-27T21:25:51.023716
236,477,2026-04-27T21:25:51.244140
236,783,2026-04-27T21:25:51.472584
236,110,2026-04-27T21:25:52.161860
236,545,2026-04-27T21:25:52.732043
236,113,2026-04-27T21:25:53.292397
236,290,2026-04-27T21:25:53.839285
237,639,2026-04-27T21:25:54.114893
237,334,2026-04-27T21:25:55.017985
237,535,2026-04-27T21:25:55.125845
237,315,2026-04-27T21:25:55.336604
237,295,2026-04-27T21:25:56.111486
238,571,2026-04-27T21:25:56.424092
238,190,2026-04-27T21:25:56.533389
238,135,2026-04-27T21:25:56.992185
238,285,2026-04-27T21:25:57.431699
238,997,2026-04-27T21:25:57.538130
238,948,2026-04-27T21:25:58.333030
238,330,2026-04-27T21:25:58.556000
238,810,2026-04-27T21:25:58.884489
238,827,2026-04-27T21:25:59.126667
239,136,2026-04-27T21:26:00.238143
239,909,2026-04-27T21:26:00.660598
239,570,2026-04-27T21:26:01.214982
239,181,2026-04-27T21:26:01.561250
240,621,2026-04-27T21:26:02.054215
240,199,2026-04-27T21:26:02.168150
240,569,2026-04-27T21:26:02.382102
240,545,2026-04-27T21:26:03.180561
240,428,2026-04-27T21:26:03.614978
241,1011,2026-04-27T21:26:04.376487
241,34,2026-04-27T21:26:04.601902
241,491,2026-04-27T21:26:04.839652
241,727,2026-04-27T21:26:05.786783
241,588,2026-04-27T21:26:05.899285
241,467,2026-04-27T21:26:06.020667
241,74,2026-04-27T21:26:06.254308
242,385,2026-04-27T21:26:07.573360
242,273,2026-04-27T21:26:08.126890
242,395,2026-04-27T21:26:08.282470
242,154,2026-04-27T21:26:08.413806
242,439,2026-04-27T21:26:08.886305
242,209,2026-04-27T21:26:09.362472
242,197,2026-04-27T21:26:09.485209
242,567,2026-04-27T21:26:09.620499
242,887,2026-04-27T21:26:09.725754
243,61,2026-04-27T21:26:10.048531
243,573,2026-04-27T21:26:10.168419
243,396,2026-04-27T21:26:10.289643
243,859,2026-04-27T21:26:10.627653
243,371,2026-04-27T21:26:11.639729
243,388,2026-04-27T21:26:12.435145
244,691,2026-04-27T21:26:13.056767
244,275,2026-04-27T21:26:14.586396
244,899,2026-04-27T21:26:14.702001
245,187,2026-04-27T21:26:16.063802
245,275,2026-04-27T21:26:16.290701
245,993,2026-04-27T21:26:17.111112
245,144,2026-04-27T21:26:17.577623
245,37,2026-04-27T21:26:18.062238
245,430,2026-04-27T21:26:18.167934
246,535,2026-04-27T21:26:18.909039
246,455,2026-04-27T21:26:19.250566
246,675,2026-04-27T21:26:21.025515
247,524,2026-04-27T21:26:21.739498
247,407,2026-04-27T21:26:21.968885
247,504,2026-04-27T21:26:22.078474
247,64,2026-04-27T21:26:22.187633
247,293,2026-04-27T21:26:22.299825
247,330,2026-04-27T21:26:22.566282
247,388,2026-04-27T21:26:23.006181
247,651,2026-04-27T21:26:23.344932
247,385,2026-04-27T21:26:23.693903
247,893,2026-04-27T21:26:24.021714
248,108,2026-04-27T21:26:24.300326
248,300,2026-04-27T21:26:24.542542
248,783,2026-04-27T21:26:24.779443
248,922,2026-04-27T21:26:25.111252
248,374,2026-04-27T21:26:26.480090
248,711,2026-04-27T21:26:26.821413
249,305,2026-04-27T21:26:28.320352
249,83,2026-04-27T21:26:28.546571
249,265,2026-04-27T21:26:29.909791
249,880,2026-04-27T21:26:30.027162
250,116,2026-04-27T21:26:30.451551
250,632,2026-04-27T21:26:30.564268
250,990,2026-04-27T21:26:31.484135
251,981,2026-04-27T21:26:33.887017
251,560,2026-04-27T21:26:34.590801
251,468,2026-04-27T21:26:35.044454
251,853,2026-04-27T21:26:35.263745
251,263,2026-04-27T21:26:35.481948
252,796,2026-04-27T21:26:36.362866
252,571,2026-04-27T21:26:36.689312
252,864,2026-04-27T21:26:37.028242
252,517,2026-04-27T21:26:37.817941
252,691,2026-04-27T21:26:38.629039
252,413,2026-04-27T21:26:38.738165
253,36,2026-04-27T21:26:39.234498
253,961,2026-04-27T21:26:39.561283
253,676,2026-04-27T21:26:39.798452
253,827,2026-04-27T21:26:40.375362
253,735,2026-04-27T21:26:40.481104
254,844,2026-04-27T21:26:42.776221
254,453,2026-04-27T21:26:43.561932
255,1003,2026-04-27T21:26:44.306635
255,891,2026-04-27T21:26:44.534813
255,185,2026-04-27T21:26:44.652867
255,719,2026-04-27T21:26:45.810082
255,795,2026-04-27T21:26:46.353216
256,775,2026-04-27T21:26:47.743643
256,570,2026-04-27T21:26:48.179894
256,375,2026-04-27T21:26:48.297250
256,206,2026-04-27T21:26:48.408082
256,916,2026-04-27T21:26:48.877302
256,516,2026-04-27T21:26:49.809247
256,183,2026-04-27T21:26:50.042825
257,676,2026-04-27T21:26:50.528838
257,702,2026-04-27T21:26:50.651643
257,394,2026-04-27T21:26:51.677967
257,393,2026-04-27T21:26:51.918479
257,68,2026-04-27T21:26:52.574200
257,528,2026-04-27T21:26:52.689114
257,1008,2026-04-27T21:26:52.797756
258,586,2026-04-27T21:26:54.011284
258,240,2026-04-27T21:26:54.132584
258,664,2026-04-27T21:26:54.469364
258,474,2026-04-27T21:26:55.529478
259,856,2026-04-27T21:26:57.301049
260,53,2026-04-27T21:26:58.831817
260,349,2026-04-27T21:26:59.284177
260,709,2026-04-27T21:26:59.400694
260,832,2026-04-27T21:26:59.717890
260,814,2026-04-27T21:27:00.314346
260,342,2026-04-27T21:27:00.548304
260,72,2026-04-27T21:27:00.894467
261,132,2026-04-27T21:27:01.952872
261,999,2026-04-27T21:27:02.294145
261,810,2026-04-27T21:27:02.511927
261,340,2026-04-27T21:27:03.179619
261,723,2026-04-27T21:27:03.963752
262,214,2026-04-27T21:27:05.545604
262,243,2026-04-27T21:27:05.656702
262,656,2026-04-27T21:27:05.775877
262,350,2026-04-27T21:27:05.883714
262,711,2026-04-27T21:27:06.678252
263,371,2026-04-27T21:27:06.984562
263,685,2026-04-27T21:27:07.429278
263,597,2026-04-27T21:27:08.733527
263,656,2026-04-27T21:27:08.852816
264,405,2026-04-27T21:27:09.717073
264,788,2026-04-27T21:27:10.562507
264,268,2026-04-27T21:27:10.684894
264,759,2026-04-27T21:27:11.005324
264,610,2026-04-27T21:27:11.254507
264,701,2026-04-27T21:27:12.191830
264,17,2026-04-27T21:27:12.300379
265,757,2026-04-27T21:27:12.923780
265,462,2026-04-27T21:27:13.029454
265,856,2026-04-27T21:27:13.260735
265,197,2026-04-27T21:27:13.381810
265,425,2026-04-27T21:27:13.864679
265,382,2026-04-27T21:27:14.548263
265,255,2026-04-27T21:27:14.658377
265,368,2026-04-27T21:27:14.777699
266,867,2026-04-27T21:27:15.174243
266,242,2026-04-27T21:27:15.743185
266,725,2026-04-27T21:27:16.081536
266,951,2026-04-27T21:27:16.319311
266,76,2026-04-27T21:27:16.532851
266,62,2026-04-27T21:27:16.668636
266,265,2026-04-27T21:27:16.914064
266,300,2026-04-27T21:27:17.586543
267,578,2026-04-27T21:27:18.163021
267,401,2026-04-27T21:27:18.280997
267,239,2026-04-27T21:27:18.534404
267,512,2026-04-27T21:27:18.866998
267,227,2026-04-27T21:27:20.601135
268,791,2026-04-27T21:27:20.944970
268,816,2026-04-27T21:27:21.063539
268,919,2026-04-27T21:27:21.282005
268,320,2026-04-27T21:27:21.504846
268,896,2026-04-27T21:27:21.627727
268,817,2026-04-27T21:27:21.738259
268,324,2026-04-27T21:27:21.846321
268,1020,2026-04-27T21:27:22.427294
268,808,2026-04-27T21:27:23.206886
269,851,2026-04-27T21:27:23.721593
269,519,2026-04-27T21:27:23.959913
269,627,2026-04-27T21:27:24.654298
269,175,2026-04-27T21:27:24.767845
269,821,2026-04-27T21:27:24.988008
269,606,2026-04-27T21:27:25.219819
269,778,2026-04-27T21:27:25.798741
269,721,2026-04-27T21:27:26.021129
269,468,2026-04-27T21:27:26.246544
269,760,2026-04-27T21:27:26.380235
270,729,2026-04-27T21:27:26.538484
270,84,2026-04-27T21:27:27.335060
270,586,2026-04-27T21:27:28.662753
270,735,2026-04-27T21:27:29.075575
271,885,2026-04-27T21:27:29.708462
271,106,2026-04-27T21:27:30.191809
271,402,2026-04-27T21:27:30.442043
271,786,2026-04-27T21:27:30.869774
271,639,2026-04-27T21:27:30.996571
272,639,2026-04-27T21:27:32.561752
272,683,2026-04-27T21:27:32.926414
272,343,2026-04-27T21:27:33.144463
272,855,2026-04-27T21:27:34.296223
272,664,2026-04-27T21:27:34.399434
272,663,2026-04-27T21:27:34.637189
273,81,2026-04-27T21:27:35.375336
273,565,2026-04-27T21:27:35.942065
273,328,2026-04-27T21:27:36.293371
273,325,2026-04-27T21:27:36.405519
273,701,2026-04-27T21:27:37.613191
273,560,2026-04-27T21:27:37.726299
274,860,2026-04-27T21:27:38.125107
274,1014,2026-04-27T21:27:38.599440
274,699,2026-04-27T21:27:38.721158
274,145,2026-04-27T21:27:38.956181
274,1009,2026-04-27T21:27:39.659493
274,344,2026-04-27T21:27:39.771969
274,553,2026-04-27T21:27:40.211967
274,205,2026-04-27T21:27:40.561702
275,151,2026-04-27T21:27:41.552948
275,684,2026-04-27T21:27:41.890720
275,535,2026-04-27T21:27:42.222642
275,526,2026-04-27T21:27:42.456098
275,379,2026-04-27T21:27:42.573607
275,940,2026-04-27T21:27:42.795277
275,408,2026-04-27T21:27:43.348716
276,877,2026-04-27T21:27:44.861090
276,584,2026-04-27T21:27:44.978819
276,769,2026-04-27T21:27:45.667150
276,365,2026-04-27T21:27:45.887987
276,674,2026-04-27T21:27:46.006088
276,862,2026-04-27T21:27:46.333016
277,956,2026-04-27T21:27:46.497306
277,993,2026-04-27T21:27:46.842460
277,696,2026-04-27T21:27:47.382664
277,120,2026-04-27T21:27:47.710779
277,292,2026-04-27T21:27:47.822586
277,105,2026-04-27T21:27:48.047890
277,790,2026-04-27T21:27:48.495217
277,610,2026-04-27T21:27:48.608356
277,361,2026-04-27T21:27:48.833063
277,828,2026-04-27T21:27:49.050024
278,246,2026-04-27T21:27:49.453191
278,671,2026-04-27T21:27:50.146285
278,654,2026-04-27T21:27:50.272384
278,791,2026-04-27T21:27:51.189022
279,511,2026-04-27T21:27:52.747126
279,642,2026-04-27T21:27:54.842787
280,259,2026-04-27T21:27:57.701088
280,137,2026-04-27T21:27:59.043826
280,975,2026-04-27T21:28:01.120532
280,613,2026-04-27T21:28:01.344781
280,513,2026-04-27T21:28:01.808067
280,833,2026-04-27T21:28:02.026196
281,581,2026-04-27T21:28:02.564486
281,934,2026-04-27T21:28:03.257755
281,128,2026-04-27T21:28:04.575128
281,747,2026-04-27T21:28:04.908869
281,236,2026-04-27T21:28:05.125368
281,855,2026-04-27T21:28:05.564637
281,550,2026-04-27T21:28:06.643219
281,406,2026-04-27T21:28:06.987176
282,640,2026-04-27T21:28:07.745405
282,51,2026-04-27T21:28:07.960866
282,764,2026-04-27T21:28:08.870729
282,881,2026-04-27T21:28:09.743688
282,181,2026-04-27T21:28:12.013275
283,237,2026-04-27T21:28:13.724478
283,710,2026-04-27T21:28:13.961275
283,860,2026-04-27T21:28:14.396690
283,430,2026-04-27T21:28:14.833372
283,485,2026-04-27T21:28:15.517728
283,101,2026-04-27T21:28:15.969304
283,472,2026-04-27T21:28:16.193912
283,693,2026-04-27T21:28:16.646061
283,204,2026-04-27T21:28:16.877315
284,933,2026-04-27T21:28:17.645629
284,427,2026-04-27T21:28:19.490881
284,895,2026-04-27T21:28:20.551900
284,406,2026-04-27T21:28:20.818909
284,627,2026-04-27T21:28:21.047123
284,169,2026-04-27T21:28:21.729664
285,532,2026-04-27T21:28:23.517867
285,583,2026-04-27T21:28:24.808724
285,224,2026-04-27T21:28:25.254541
285,890,2026-04-27T21:28:25.472783
285,296,2026-04-27T21:28:26.463648
286,883,2026-04-27T21:28:30.637158
287,692,2026-04-27T21:28:33.214034
287,633,2026-04-27T21:28:33.670353
287,469,2026-04-27T21:28:34.702693
287,430,2026-04-27T21:28:35.149674
287,426,2026-04-27T21:28:37.552137
287,885,2026-04-27T21:28:38.099910
288,839,2026-04-27T21:28:38.676526
288,491,2026-04-27T21:28:40.003816
288,465,2026-04-27T21:28:42.264885
288,967,2026-04-27T21:28:42.772632
289,44,2026-04-27T21:28:45.411898
289,519,2026-04-27T21:28:45.963661
289,173,2026-04-27T21:28:46.734979
289,560,2026-04-27T21:28:46.954907
290,255,2026-04-27T21:28:49.795091
290,191,2026-04-27T21:28:51.979287
290,567,2026-04-27T21:28:52.867759
291,771,2026-04-27T21:28:54.301602
291,80,2026-04-27T21:28:54.746969
291,589,2026-04-27T21:28:55.186656
291,1017,2026-04-27T21:28:55.855676
291,76,2026-04-27T21:28:56.204037
291,480,2026-04-27T21:28:56.772653
291,701,2026-04-27T21:28:57.095752
291,753,2026-04-27T21:28:57.331439
291,199,2026-04-27T21:28:57.559469
291,757,2026-04-27T21:28:58.531696
292,916,2026-04-27T21:29:01.803677
292,60,2026-04-27T21:29:02.472774
293,916,2026-04-27T21:29:04.115322
293,79,2026-04-27T21:29:06.513032
293,507,2026-04-27T21:29:08.263163
293,698,2026-04-27T21:29:09.021226
294,732,2026-04-27T21:29:09.362401
294,176,2026-04-27T21:29:10.265091
294,398,2026-04-27T21:29:10.927383
294,562,2026-04-27T21:29:11.384067
294,513,2026-04-27T21:29:11.885230
295,785,2026-04-27T21:29:14.868761
295,449,2026-04-27T21:29:16.985266
295,183,2026-04-27T21:29:18.469392
295,801,2026-04-27T21:29:18.734219
295,660,2026-04-27T21:29:19.052801
295,488,2026-04-27T21:29:19.281349
296,843,2026-04-27T21:29:19.652834
296,89,2026-04-27T21:29:21.264859
296,755,2026-04-27T21:29:21.710098
296,417,2026-04-27T21:29:21.926929
296,868,2026-04-27T21:29:22.263582
296,600,2026-04-27T21:29:23.273578
296,661,2026-04-27T21:29:23.490889
297,344,2026-04-27T21:29:25.435707
297,665,2026-04-27T21:29:25.881440
297,860,2026-04-27T21:29:26.217208
297,560,2026-04-27T21:29:26.434903
297,228,2026-04-27T21:29:26.785406
297,635,2026-04-27T21:29:27.654268
297,840,2026-04-27T21:29:28.673894
297,483,2026-04-27T21:29:28.893192
297,669,2026-04-27T21:29:29.566114
297,566,2026-04-27T21:29:29.813135
298,602,2026-04-27T21:29:32.343960
298,122,2026-04-27T21:29:33.600975
298,733,2026-04-27T21:29:33.828347
298,960,2026-04-27T21:29:34.273882
299,810,2026-04-27T21:29:36.177507
299,795,2026-04-27T21:29:36.509948
299,592,2026-04-27T21:29:38.269054
299,813,2026-04-27T21:29:39.071062
300,932,2026-04-27T21:29:40.939744
300,74,2026-04-27T21:29:41.741766
300,226,2026-04-27T21:29:42.187613
300,509,2026-04-27T21:29:43.427246
300,713,2026-04-27T21:29:43.655209
300,722,2026-04-27T21:29:43.990099
300,34,2026-04-27T21:29:44.245893
300,142,2026-04-27T21:29:44.466419
300,426,2026-04-27T21:29:44.689240
300,630,2026-04-27T21:29:44.929618
300,148,2026-04-27T21:29:45.365253
301,981,2026-04-27T21:29:47.100373
301,674,2026-04-27T21:29:48.702644
302,778,2026-04-27T21:29:50.781660
302,537,2026-04-27T21:29:50.997317
302,730,2026-04-27T21:29:51.439619
302,189,2026-04-27T21:29:51.679231
302,738,2026-04-27T21:29:51.895258
302,984,2026-04-27T21:29:53.631403
302,914,2026-04-27T21:29:55.307990
303,420,2026-04-27T21:29:56.188637
303,903,2026-04-27T21:29:57.329617
303,95,2026-04-27T21:29:58.669567
303,343,2026-04-27T21:29:58.886076
303,853,2026-04-27T21:29:59.347455
303,737,2026-04-27T21:29:59.570190
303,504,2026-04-27T21:29:59.905243
303,461,2026-04-27T21:30:00.618225
304,84,2026-04-27T21:30:00.937647
304,413,2026-04-27T21:30:03.876065
305,514,2026-04-27T21:30:05.870067
305,838,2026-04-27T21:30:07.203305
305,700,2026-04-27T21:30:08.731689
305,180,2026-04-27T21:30:09.072895
306,325,2026-04-27T21:30:11.864122
306,38,2026-04-27T21:30:12.098493
306,345,2026-04-27T21:30:13.111338
306,538,2026-04-27T21:30:13.560246
306,399,2026-04-27T21:30:13.994731
307,138,2026-04-27T21:30:17.874823
307,311,2026-04-27T21:30:18.857337
307,967,2026-04-27T21:30:19.336281
308,401,2026-04-27T21:30:23.860334
308,468,2026-04-27T21:30:24.730631
308,128,2026-04-27T21:30:24.970291
308,134,2026-04-27T21:30:25.183801
308,403,2026-04-27T21:30:25.635294
309,1014,2026-04-27T21:30:25.964461
309,980,2026-04-27T21:30:26.196576
309,816,2026-04-27T21:30:26.415771
309,15,2026-04-27T21:30:26.629250
309,669,2026-04-27T21:30:27.545276
309,335,2026-04-27T21:30:27.765769
309,890,2026-04-27T21:30:27.995571
309,425,2026-04-27T21:30:28.316045
309,570,2026-04-27T21:30:28.758252
309,892,2026-04-27T21:30:29.522656
309,504,2026-04-27T21:30:29.750480
309,846,2026-04-27T21:30:30.529553
310,288,2026-04-27T21:30:33.395138
310,596,2026-04-27T21:30:34.760095
310,817,2026-04-27T21:30:35.205874
311,283,2026-04-27T21:30:35.765120
311,187,2026-04-27T21:30:36.895444
311,446,2026-04-27T21:30:37.130105
311,885,2026-04-27T21:30:37.355357
311,398,2026-04-27T21:30:37.584625
311,32,2026-04-27T21:30:37.918684
311,512,2026-04-27T21:30:38.246249
311,303,2026-04-27T21:30:38.578703
311,990,2026-04-27T21:30:38.793008
311,346,2026-04-27T21:30:39.244331
312,368,2026-04-27T21:30:42.422996
312,949,2026-04-27T21:30:42.885057
312,872,2026-04-27T21:30:45.603258
313,964,2026-04-27T21:30:46.161136
313,936,2026-04-27T21:30:48.600815
313,821,2026-04-27T21:30:48.824791
313,497,2026-04-27T21:30:49.038755
313,92,2026-04-27T21:30:50.504540
314,53,2026-04-27T21:30:50.832787
314,901,2026-04-27T21:30:51.056894
314,41,2026-04-27T21:30:51.813568
314,629,2026-04-27T21:30:52.592359
314,54,2026-04-27T21:30:53.029942
315,500,2026-04-27T21:30:56.124580
315,728,2026-04-27T21:30:56.342059
315,191,2026-04-27T21:30:58.092482
315,630,2026-04-27T21:30:59.399736
316,34,2026-04-27T21:31:01.944709
316,177,2026-04-27T21:31:02.611480
316,934,2026-04-27T21:31:03.048060
316,198,2026-04-27T21:31:03.364951
316,297,2026-04-27T21:31:03.810149
316,635,2026-04-27T21:31:04.466635
316,173,2026-04-27T21:31:05.262464
316,195,2026-04-27T21:31:05.598763
317,363,2026-04-27T21:31:08.032811
317,855,2026-04-27T21:31:08.461287
318,855,2026-04-27T21:31:11.411103
318,228,2026-04-27T21:31:11.847438
318,150,2026-04-27T21:31:12.626254
318,803,2026-04-27T21:31:13.391718
318,78,2026-04-27T21:31:13.622285
318,467,2026-04-27T21:31:13.942234
318,831,2026-04-27T21:31:14.639505
318,842,2026-04-27T21:31:15.088864
318,771,2026-04-27T21:31:15.425532
318,466,2026-04-27T21:31:15.869576
319,521,2026-04-27T21:31:17.535851
319,83,2026-04-27T21:31:17.991879
319,453,2026-04-27T21:31:18.551585
319,990,2026-04-27T21:31:18.876671
319,351,2026-04-27T21:31:20.823430
319,562,2026-04-27T21:31:21.075196
319,137,2026-04-27T21:31:21.306159
320,643,2026-04-27T21:31:22.524909
320,587,2026-04-27T21:31:24.402076
320,652,2026-04-27T21:31:24.952676
320,183,2026-04-27T21:31:25.289421
320,605,2026-04-27T21:31:26.175144
320,782,2026-04-27T21:31:26.401512
321,640,2026-04-27T21:31:26.723753
321,540,2026-04-27T21:31:26.945178
321,182,2026-04-27T21:31:27.515780
321,304,2026-04-27T21:31:28.737372
321,629,2026-04-27T21:31:29.109677
321,48,2026-04-27T21:31:29.985510
321,971,2026-04-27T21:31:30.472108
321,977,2026-04-27T21:31:30.926502
321,46,2026-04-27T21:31:31.176447
321,578,2026-04-27T21:31:31.826017
322,128,2026-04-27T21:31:32.372329
322,278,2026-04-27T21:31:33.161165
322,423,2026-04-27T21:31:33.525786
322,48,2026-04-27T21:31:34.763453
322,295,2026-04-27T21:31:35.218884
322,254,2026-04-27T21:31:35.447152
322,940,2026-04-27T21:31:35.668560
322,657,2026-04-27T21:31:36.229415
323,714,2026-04-27T21:31:37.658352
323,562,2026-04-27T21:31:38.121561
323,783,2026-04-27T21:31:39.368968
323,512,2026-04-27T21:31:39.701912
323,27,2026-04-27T21:31:39.976291
323,740,2026-04-27T21:31:40.897974
323,607,2026-04-27T21:31:41.557103
324,504,2026-04-27T21:31:43.883076
324,67,2026-04-27T21:31:46.007753
324,393,2026-04-27T21:31:46.678539
325,551,2026-04-27T21:31:47.448509
325,645,2026-04-27T21:31:47.666446
325,997,2026-04-27T21:31:48.820348
325,463,2026-04-27T21:31:49.826835
325,816,2026-04-27T21:31:50.385772
325,557,2026-04-27T21:31:51.548070
326,413,2026-04-27T21:31:52.661103
326,878,2026-04-27T21:31:53.094462
326,519,2026-04-27T21:31:53.443501
326,137,2026-04-27T21:31:54.775786
327,409,2026-04-27T21:31:59.195450
327,915,2026-04-27T21:31:59.645955
327,913,2026-04-27T21:32:00.452480
327,360,2026-04-27T21:32:01.695117
328,164,2026-04-27T21:32:02.922647
328,657,2026-04-27T21:32:04.247151
328,34,2026-04-27T21:32:04.935682
328,808,2026-04-27T21:32:07.129100
329,532,2026-04-27T21:32:09.372203
329,79,2026-04-27T21:32:12.123695
329,924,2026-04-27T21:32:12.608476
330,422,2026-04-27T21:32:14.866908
330,380,2026-04-27T21:32:16.427765
331,419,2026-04-27T21:32:19.528745
331,469,2026-04-27T21:32:20.154959
332,176,2026-04-27T21:32:23.721134
332,641,2026-04-27T21:32:24.808744
332,673,2026-04-27T21:32:25.034388
332,945,2026-04-27T21:32:25.490974
332,260,2026-04-27T21:32:25.712019
332,823,2026-04-27T21:32:25.945312
332,637,2026-04-27T21:32:26.160239
332,592,2026-04-27T21:32:26.399839
332,895,2026-04-27T21:32:27.396384
332,434,2026-04-27T21:32:27.640644
333,429,2026-04-27T21:32:29.850201
333,861,2026-04-27T21:32:30.509060
333,866,2026-04-27T21:32:30.727557
333,106,2026-04-27T21:32:31.527338
333,933,2026-04-27T21:32:32.079706
333,501,2026-04-27T21:32:33.202952
334,804,2026-04-27T21:32:34.293937
334,869,2026-04-27T21:32:35.762936
334,412,2026-04-27T21:32:37.202603
334,544,2026-04-27T21:32:38.650608
335,507,2026-04-27T21:32:39.395196
335,476,2026-04-27T21:32:39.713456
335,165,2026-04-27T21:32:40.031694
335,823,2026-04-27T21:32:41.272870
335,952,2026-04-27T21:32:42.311159
335,87,2026-04-27T21:32:42.661032
335,578,2026-04-27T21:32:42.881893
335,968,2026-04-27T21:32:43.107244
336,172,2026-04-27T21:32:45.012374
336,825,2026-04-27T21:32:45.557358
336,253,2026-04-27T21:32:46.757925
336,993,2026-04-27T21:32:47.194330
336,542,2026-04-27T21:32:48.403909
336,312,2026-04-27T21:32:48.618325
336,939,2026-04-27T21:32:48.938704
336,451,2026-04-27T21:32:49.158356
337,371,2026-04-27T21:32:50.837192
337,183,2026-04-27T21:32:51.183690
337,224,2026-04-27T21:32:51.621553
337,810,2026-04-27T21:32:51.856823
337,383,2026-04-27T21:32:52.076837
337,741,2026-04-27T21:32:52.299276
337,606,2026-04-27T21:32:53.177063
337,370,2026-04-27T21:32:53.392652
337,950,2026-04-27T21:32:53.625194
337,932,2026-04-27T21:32:54.174619
338,103,2026-04-27T21:32:55.064505
338,82,2026-04-27T21:32:56.930844
338,222,2026-04-27T21:32:57.367124
338,449,2026-04-27T21:32:57.850510
338,897,2026-04-27T21:32:58.082309
338,367,2026-04-27T21:32:58.764539
338,755,2026-04-27T21:32:59.213733
338,895,2026-04-27T21:32:59.434196
339,815,2026-04-27T21:33:01.199376
339,328,2026-04-27T21:33:01.518207
339,775,2026-04-27T21:33:03.300267
339,874,2026-04-27T21:33:04.081555
339,201,2026-04-27T21:33:04.868828
340,443,2026-04-27T21:33:06.093296
340,11,2026-04-27T21:33:06.432279
340,546,2026-04-27T21:33:06.643649
340,28,2026-04-27T21:33:06.884514
340,461,2026-04-27T21:33:07.204909
340,426,2026-04-27T21:33:07.743494
340,440,2026-04-27T21:33:07.958594
340,396,2026-04-27T21:33:08.843211
340,114,2026-04-27T21:33:09.055641
341,983,2026-04-27T21:33:11.002067
341,298,2026-04-27T21:33:11.985437
341,950,2026-04-27T21:33:13.218337
341,657,2026-04-27T21:33:14.554486
341,732,2026-04-27T21:33:14.781874
342,674,2026-04-27T21:33:16.662090
342,445,2026-04-27T21:33:17.443574
342,202,2026-04-27T21:33:17.658523
342,570,2026-04-27T21:33:17.999505
342,605,2026-04-27T21:33:18.220922
342,885,2026-04-27T21:33:18.697945
342,786,2026-04-27T21:33:20.325542
342,332,2026-04-27T21:33:20.867701
343,826,2026-04-27T21:33:21.632829
343,327,2026-04-27T21:33:22.188358
343,996,2026-04-27T21:33:22.518063
343,297,2026-04-27T21:33:24.047272
343,338,2026-04-27T21:33:24.264468
343,855,2026-04-27T21:33:25.464360
343,311,2026-04-27T21:33:25.906124
344,1009,2026-04-27T21:33:27.005269
344,133,2026-04-27T21:33:27.237803
344,624,2026-04-27T21:33:27.451865
344,556,2026-04-27T21:33:28.318736
344,386,2026-04-27T21:33:29.321397
344,804,2026-04-27T21:33:29.984789
344,423,2026-04-27T21:33:30.878156
345,294,2026-04-27T21:33:34.717729
345,649,2026-04-27T21:33:35.612055
345,232,2026-04-27T21:33:36.305574
346,199,2026-04-27T21:33:36.739386
346,187,2026-04-27T21:33:37.662124
346,912,2026-04-27T21:33:37.981951
346,253,2026-04-27T21:33:38.777389
346,120,2026-04-27T21:33:39.020125
346,443,2026-04-27T21:33:39.238050
347,743,2026-04-27T21:33:41.897852
347,79,2026-04-27T21:33:42.119176
347,998,2026-04-27T21:33:42.458106
347,271,2026-04-27T21:33:43.134034
347,499,2026-04-27T21:33:43.593058
347,113,2026-04-27T21:33:44.358604
347,784,2026-04-27T21:33:46.147771
348,867,2026-04-27T21:33:48.480832
348,283,2026-04-27T21:33:50.291653
348,631,2026-04-27T21:33:51.103355
348,391,2026-04-27T21:33:51.624513
349,305,2026-04-27T21:33:52.484907
349,820,2026-04-27T21:33:53.807218
349,144,2026-04-27T21:33:54.141123
349,306,2026-04-27T21:33:55.971764
349,993,2026-04-27T21:33:56.571985
349,915,2026-04-27T21:33:56.726301
350,707,2026-04-27T21:33:58.273253
350,444,2026-04-27T21:33:58.413719
350,228,2026-04-27T21:33:58.546338
350,81,2026-04-27T21:33:59.076383
350,632,2026-04-27T21:33:59.703353
350,807,2026-04-27T21:33:59.818708
350,763,2026-04-27T21:34:00.569172
351,603,2026-04-27T21:34:01.094046
351,615,2026-04-27T21:34:01.218951
351,681,2026-04-27T21:34:01.635025
351,757,2026-04-27T21:34:02.789470
351,909,2026-04-27T21:34:03.300037
351,473,2026-04-27T21:34:03.530364
351,639,2026-04-27T21:34:03.646431
352,971,2026-04-27T21:34:04.165604
352,988,2026-04-27T21:34:04.628521
352,403,2026-04-27T21:34:04.744289
352,603,2026-04-27T21:34:04.863543
352,761,2026-04-27T21:34:05.195816
352,362,2026-04-27T21:34:05.310693
352,913,2026-04-27T21:34:05.417777
352,464,2026-04-27T21:34:05.788850
352,343,2026-04-27T21:34:05.921082
352,146,2026-04-27T21:34:06.161336
353,953,2026-04-27T21:34:06.854515
353,370,2026-04-27T21:34:08.566822
353,689,2026-04-27T21:34:09.122885
353,777,2026-04-27T21:34:09.272787
354,57,2026-04-27T21:34:10.155314
354,620,2026-04-27T21:34:10.509056
354,1000,2026-04-27T21:34:10.737194
354,301,2026-04-27T21:34:11.502951
354,328,2026-04-27T21:34:11.758209
354,488,2026-04-27T21:34:12.011521
354,561,2026-04-27T21:34:12.411552
355,497,2026-04-27T21:34:13.367764
355,375,2026-04-27T21:34:13.502150
355,1002,2026-04-27T21:34:13.617392
355,838,2026-04-27T21:34:14.222642
355,286,2026-04-27T21:34:14.337688
355,843,2026-04-27T21:34:14.808279
355,419,2026-04-27T21:34:15.036027
355,26,2026-04-27T21:34:15.163701
355,781,2026-04-27T21:34:15.292247
355,625,2026-04-27T21:34:15.404040
356,35,2026-04-27T21:34:15.696965
356,325,2026-04-27T21:34:16.175400
356,481,2026-04-27T21:34:16.290654
356,961,2026-04-27T21:34:16.417387
356,803,2026-04-27T21:34:16.757465
356,122,2026-04-27T21:34:16.866798
356,437,2026-04-27T21:34:17.116536
356,622,2026-04-27T21:34:17.465897
356,955,2026-04-27T21:34:17.587221
356,253,2026-04-27T21:34:17.861548
356,491,2026-04-27T21:34:18.089635
357,517,2026-04-27T21:34:18.604220
357,164,2026-04-27T21:34:18.947851
357,820,2026-04-27T21:34:19.853810
357,613,2026-04-27T21:34:20.293016
357,31,2026-04-27T21:34:20.547091
358,72,2026-04-27T21:34:22.034422
358,674,2026-04-27T21:34:22.724276
358,775,2026-04-27T21:34:23.110540
358,533,2026-04-27T21:34:23.666620
358,621,2026-04-27T21:34:23.826564
358,672,2026-04-27T21:34:23.985726
358,461,2026-04-27T21:34:24.523924
359,1003,2026-04-27T21:34:25.050028
359,594,2026-04-27T21:34:25.180175
359,925,2026-04-27T21:34:25.672252
359,949,2026-04-27T21:34:25.806301
359,581,2026-04-27T21:34:25.923915
359,936,2026-04-27T21:34:26.332179
359,247,2026-04-27T21:34:27.188505
359,410,2026-04-27T21:34:27.330167
360,106,2026-04-27T21:34:29.174859
360,976,2026-04-27T21:34:29.283836
360,601,2026-04-27T21:34:29.501941
360,665,2026-04-27T21:34:29.754751
360,1020,2026-04-27T21:34:29.996283
361,658,2026-04-27T21:34:30.423374
361,131,2026-04-27T21:34:30.537076
361,765,2026-04-27T21:34:31.338480
361,465,2026-04-27T21:34:31.684610
362,985,2026-04-27T21:34:33.274684
362,372,2026-04-27T21:34:33.495846
362,765,2026-04-27T21:34:33.745016
362,444,2026-04-27T21:34:34.080132
362,766,2026-04-27T21:34:34.194074
362,956,2026-04-27T21:34:34.692433
362,159,2026-04-27T21:34:35.041379
362,433,2026-04-27T21:34:35.153278
362,254,2026-04-27T21:34:35.262159
362,783,2026-04-27T21:34:35.509090
363,707,2026-04-27T21:34:35.689322
363,662,2026-04-27T21:34:36.033569
363,955,2026-04-27T21:34:36.729958
363,983,2026-04-27T21:34:36.960852
363,760,2026-04-27T21:34:37.907702
364,640,2026-04-27T21:34:40.264985
365,274,2026-04-27T21:34:43.253395
365,396,2026-04-27T21:34:43.481712
365,481,2026-04-27T21:34:43.757370
366,257,2026-04-27T21:34:44.396886
366,819,2026-04-27T21:34:44.854321
366,433,2026-04-27T21:34:45.311161
366,543,2026-04-27T21:34:46.238012
367,86,2026-04-27T21:34:46.994755
367,432,2026-04-27T21:34:47.441972
367,231,2026-04-27T21:34:47.695357
367,728,2026-04-27T21:34:48.666072
368,73,2026-04-27T21:34:50.268998
368,742,2026-04-27T21:34:50.750583
368,836,2026-04-27T21:34:50.974830
369,282,2026-04-27T21:34:51.788625
369,1019,2026-04-27T21:34:52.479218
369,811,2026-04-27T21:34:52.602029
369,981,2026-04-27T21:34:52.957469
369,907,2026-04-27T21:34:53.558886
369,344,2026-04-27T21:34:54.254783
369,948,2026-04-27T21:34:54.477847
370,316,2026-04-27T21:34:55.448607
371,148,2026-04-27T21:34:58.270713
371,305,2026-04-27T21:34:58.747225
371,381,2026-04-27T21:34:59.027777
371,145,2026-04-27T21:34:59.174706
371,61,2026-04-27T21:34:59.329680
371,526,2026-04-27T21:34:59.491802
371,557,2026-04-27T21:34:59.787451
371,260,2026-04-27T21:35:00.083539
371,140,2026-04-27T21:35:00.226304
371,202,2026-04-27T21:35:00.467071
372,731,2026-04-27T21:35:00.893444
372,424,2026-04-27T21:35:02.109562
372,547,2026-04-27T21:35:02.667111
372,706,2026-04-27T21:35:02.952351
372,967,2026-04-27T21:35:03.067148
372,715,2026-04-27T21:35:03.539603
373,108,2026-04-27T21:35:03.962607
373,210,2026-04-27T21:35:04.212363
373,62,2026-04-27T21:35:04.438127
373,140,2026-04-27T21:35:04.550347
373,961,2026-04-27T21:35:04.808529
373,970,2026-04-27T21:35:05.027892
373,927,2026-04-27T21:35:05.137139
373,517,2026-04-27T21:35:05.955171
374,720,2026-04-27T21:35:07.838621
375,26,2026-04-27T21:35:09.497828
375,254,2026-04-27T21:35:09.734034
375,449,2026-04-27T21:35:09.856507
375,843,2026-04-27T21:35:10.576300
375,195,2026-04-27T21:35:10.919278
375,48,2026-04-27T21:35:11.650008
376,493,2026-04-27T21:35:12.436528
376,587,2026-04-27T21:35:13.027399
376,685,2026-04-27T21:35:14.435988
376,445,2026-04-27T21:35:14.779336
376,617,2026-04-27T21:35:15.015968
377,286,2026-04-27T21:35:15.540418
377,630,2026-04-27T21:35:16.002850
377,528,2026-04-27T21:35:16.808651
377,549,2026-04-27T21:35:17.159270
378,439,2026-04-27T21:35:17.679744
378,209,2026-04-27T21:35:19.360176
379,979,2026-04-27T21:35:21.782438
379,797,2026-04-27T21:35:22.616082
379,231,2026-04-27T21:35:22.971434
379,49,2026-04-27T21:35:23.211630
380,233,2026-04-27T21:35:23.521864
380,273,2026-04-27T21:35:24.483208
380,143,2026-04-27T21:35:24.597053
380,310,2026-04-27T21:35:25.017987
380,481,2026-04-27T21:35:25.372685
381,597,2026-04-27T21:35:26.744857
381,175,2026-04-27T21:35:26.983388
381,478,2026-04-27T21:35:27.215221
381,954,2026-04-27T21:35:28.108201
381,99,2026-04-27T21:35:28.356780
381,284,2026-04-27T21:35:28.592585
382,780,2026-04-27T21:35:30.344422
382,978,2026-04-27T21:35:30.467000
382,92,2026-04-27T21:35:30.694540
382,640,2026-04-27T21:35:30.817744
382,324,2026-04-27T21:35:30.944129
382,985,2026-04-27T21:35:31.422163
382,831,2026-04-27T21:35:31.709812
383,605,2026-04-27T21:35:32.244255
383,653,2026-04-27T21:35:32.496823
383,336,2026-04-27T21:35:34.753080
384,721,2026-04-27T21:35:35.057659
384,298,2026-04-27T21:35:35.430880
384,944,2026-04-27T21:35:35.668103
384,844,2026-04-27T21:35:35.923993
384,56,2026-04-27T21:35:36.048580
384,157,2026-04-27T21:35:36.666236
384,836,2026-04-27T21:35:36.914275
384,677,2026-04-27T21:35:37.569692
385,38,2026-04-27T21:35:37.745023
385,709,2026-04-27T21:35:37.865274
385,528,2026-04-27T21:35:38.466961
385,913,2026-04-27T21:35:38.588805
385,231,2026-04-27T21:35:38.828421
385,936,2026-04-27T21:35:39.302026
386,942,2026-04-27T21:35:40.530208
386,852,2026-04-27T21:35:41.489696
386,748,2026-04-27T21:35:41.964962
386,775,2026-04-27T21:35:42.480850
386,151,2026-04-27T21:35:42.844768
387,834,2026-04-27T21:35:43.867088
387,812,2026-04-27T21:35:44.330550
387,647,2026-04-27T21:35:44.454434
388,286,2026-04-27T21:35:47.111834
388,725,2026-04-27T21:35:47.221898
388,479,2026-04-27T21:35:47.571475
388,326,2026-04-27T21:35:47.691495
388,781,2026-04-27T21:35:47.931390
388,444,2026-04-27T21:35:48.049087
388,57,2026-04-27T21:35:48.408332
389,608,2026-04-27T21:35:50.211612
390,696,2026-04-27T21:35:51.319510
390,946,2026-04-27T21:35:51.429150
390,788,2026-04-27T21:35:51.765609
390,603,2026-04-27T21:35:52.148352
390,48,2026-04-27T21:35:52.971192
392,237,2026-04-27T21:35:57.108109
392,624,2026-04-27T21:35:57.466768
392,186,2026-04-27T21:35:57.799244
392,430,2026-04-27T21:35:57.916184
392,543,2026-04-27T21:35:58.497349
392,975,2026-04-27T21:35:58.976419
392,902,2026-04-27T21:35:59.207036
393,539,2026-04-27T21:36:00.215880
393,767,2026-04-27T21:36:00.586721
393,157,2026-04-27T21:36:01.280199
393,402,2026-04-27T21:36:01.764630
394,629,2026-04-27T21:36:02.731280
394,765,2026-04-27T21:36:02.844938
394,412,2026-04-27T21:36:03.089952
394,990,2026-04-27T21:36:03.213610
394,126,2026-04-27T21:36:03.347783
394,270,2026-04-27T21:36:03.468632
394,479,2026-04-27T21:36:03.579548
394,107,2026-04-27T21:36:04.179788
394,276,2026-04-27T21:36:04.422027
394,483,2026-04-27T21:36:04.891842
395,698,2026-04-27T21:36:05.775940
395,328,2026-04-27T21:36:06.917389
395,500,2026-04-27T21:36:07.260450
395,298,2026-04-27T21:36:07.385159
395,841,2026-04-27T21:36:07.656066
395,988,2026-04-27T21:36:08.264897
395,614,2026-04-27T21:36:08.740257
396,117,2026-04-27T21:36:10.448673
396,748,2026-04-27T21:36:10.686081
396,904,2026-04-27T21:36:11.127511
396,870,2026-04-27T21:36:11.964283
397,303,2026-04-27T21:36:12.272122
397,902,2026-04-27T21:36:12.744612
397,753,2026-04-27T21:36:13.702318
397,819,2026-04-27T21:36:13.925370
397,640,2026-04-27T21:36:14.173785
398,949,2026-04-27T21:36:15.335667
398,988,2026-04-27T21:36:15.958700
398,344,2026-04-27T21:36:16.179284
398,844,2026-04-27T21:36:16.424896
398,46,2026-04-27T21:36:16.537427
398,162,2026-04-27T21:36:16.653792
398,866,2026-04-27T21:36:16.787734
398,585,2026-04-27T21:36:16.899559
398,120,2026-04-27T21:36:17.017919
398,751,2026-04-27T21:36:17.131220
398,616,2026-04-27T21:36:17.374967
398,126,2026-04-27T21:36:17.599752
399,836,2026-04-27T21:36:17.917426
399,762,2026-04-27T21:36:18.263446
399,877,2026-04-27T21:36:18.388879
399,100,2026-04-27T21:36:18.515982
399,645,2026-04-27T21:36:20.115978
399,752,2026-04-27T21:36:20.403198
399,843,2026-04-27T21:36:20.673545
400,527,2026-04-27T21:36:21.086802
400,22,2026-04-27T21:36:22.031035
400,275,2026-04-27T21:36:22.988720
400,941,2026-04-27T21:36:23.369761
401,284,2026-04-27T21:36:23.672649
401,486,2026-04-27T21:36:24.607282
401,1003,2026-04-27T21:36:24.717769
401,444,2026-04-27T21:36:25.320660
402,855,2026-04-27T21:36:27.114482
402,145,2026-04-27T21:36:27.354182
402,950,2026-04-27T21:36:27.846329
402,63,2026-04-27T21:36:28.223794
402,260,2026-04-27T21:36:28.714540
403,269,2026-04-27T21:36:29.235469
403,261,2026-04-27T21:36:29.583940
403,462,2026-04-27T21:36:29.847592
403,289,2026-04-27T21:36:30.196517
403,109,2026-04-27T21:36:30.331940
403,511,2026-04-27T21:36:30.663533
403,526,2026-04-27T21:36:31.018548
403,902,2026-04-27T21:36:31.618503
404,543,2026-04-27T21:36:32.804030
404,28,2026-04-27T21:36:33.535859
404,71,2026-04-27T21:36:33.760199
404,970,2026-04-27T21:36:34.239590
405,248,2026-04-27T21:36:35.454022
405,374,2026-04-27T21:36:35.705213
405,564,2026-04-27T21:36:35.827703
405,124,2026-04-27T21:36:35.944529
405,493,2026-04-27T21:36:36.527251
405,808,2026-04-27T21:36:36.892954
405,873,2026-04-27T21:36:37.866323
406,755,2026-04-27T21:36:38.392744
406,925,2026-04-27T21:36:38.506926
406,892,2026-04-27T21:36:39.726837
406,944,2026-04-27T21:36:40.214352
406,798,2026-04-27T21:36:40.832756
407,178,2026-04-27T21:36:42.222728
407,638,2026-04-27T21:36:44.235298
409,825,2026-04-27T21:36:48.462084
409,817,2026-04-27T21:36:48.568156
409,528,2026-04-27T21:36:49.031771
409,529,2026-04-27T21:36:49.515058
410,956,2026-04-27T21:36:50.742233
410,74,2026-04-27T21:36:50.853031
410,989,2026-04-27T21:36:51.190409
410,696,2026-04-27T21:36:51.539773
410,222,2026-04-27T21:36:51.888888
410,387,2026-04-27T21:36:52.010049
410,44,2026-04-27T21:36:52.119276
410,414,2026-04-27T21:36:52.480415
410,468,2026-04-27T21:36:52.819853
411,150,2026-04-27T21:36:54.420356
411,733,2026-04-27T21:36:54.540427
411,982,2026-04-27T21:36:55.167125
411,408,2026-04-27T21:36:55.293844
411,216,2026-04-27T21:36:55.748319
412,638,2026-04-27T21:36:57.064549
412,836,2026-04-27T21:36:58.142343
412,96,2026-04-27T21:36:58.621034
412,916,2026-04-27T21:36:58.745302
413,227,2026-04-27T21:36:59.292388
413,811,2026-04-27T21:36:59.406579
413,999,2026-04-27T21:36:59.523121
413,182,2026-04-27T21:36:59.985903
413,946,2026-04-27T21:37:00.600842
414,30,2026-04-27T21:37:01.734273
414,82,2026-04-27T21:37:01.853831
414,358,2026-04-27T21:37:02.460679
414,357,2026-04-27T21:37:03.056748
414,539,2026-04-27T21:37:03.172468
414,315,2026-04-27T21:37:03.645462
414,341,2026-04-27T21:37:03.882403
414,579,2026-04-27T21:37:04.376282
414,58,2026-04-27T21:37:04.499285
415,505,2026-04-27T21:37:04.834241
415,900,2026-04-27T21:37:05.779606
415,964,2026-04-27T21:37:06.267262
415,764,2026-04-27T21:37:07.458321
416,1006,2026-04-27T21:37:08.097290
416,389,2026-04-27T21:37:08.352101
416,925,2026-04-27T21:37:08.623300
416,424,2026-04-27T21:37:08.747088
416,260,2026-04-27T21:37:08.978058
416,889,2026-04-27T21:37:09.098935
416,253,2026-04-27T21:37:09.352824
416,558,2026-04-27T21:37:09.478620
416,510,2026-04-27T21:37:09.715717
416,450,2026-04-27T21:37:09.977260
416,936,2026-04-27T21:37:10.098296
416,265,2026-04-27T21:37:10.344565
417,932,2026-04-27T21:37:10.535405
417,771,2026-04-27T21:37:10.647395
417,49,2026-04-27T21:37:11.243306
417,729,2026-04-27T21:37:11.357468
417,806,2026-04-27T21:37:11.607663
417,273,2026-04-27T21:37:11.853624
417,382,2026-04-27T21:37:12.461701
418,815,2026-04-27T21:37:13.816962
418,734,2026-04-27T21:37:13.930605
418,696,2026-04-27T21:37:14.052142
418,240,2026-04-27T21:37:14.180824
418,132,2026-04-27T21:37:14.297504
418,81,2026-04-27T21:37:14.407656
418,200,2026-04-27T21:37:14.896613
418,134,2026-04-27T21:37:15.356994
418,897,2026-04-27T21:37:15.833601
419,791,2026-04-27T21:37:16.950496
419,117,2026-04-27T21:37:17.062594
419,682,2026-04-27T21:37:17.183667
419,609,2026-04-27T21:37:17.320444
419,517,2026-04-27T21:37:18.387339
419,891,2026-04-27T21:37:18.860501
420,970,2026-04-27T21:37:19.164456
420,293,2026-04-27T21:37:19.551045
420,913,2026-04-27T21:37:20.189052
420,856,2026-04-27T21:37:20.650408
420,366,2026-04-27T21:37:20.808450
420,121,2026-04-27T21:37:20.943654
420,865,2026-04-27T21:37:21.525590
421,1015,2026-04-27T21:37:22.530851
421,769,2026-04-27T21:37:22.779469
421,924,2026-04-27T21:37:23.273532
421,855,2026-04-27T21:37:23.390939
421,431,2026-04-27T21:37:23.511872
421,588,2026-04-27T21:37:23.872654
421,48,2026-04-27T21:37:24.107391
421,601,2026-04-27T21:37:24.452453
421,198,2026-04-27T21:37:24.800030
421,250,2026-04-27T21:37:24.926731
421,894,2026-04-27T21:37:25.038258
422,618,2026-04-27T21:37:25.215978
422,329,2026-04-27T21:37:27.101034
423,269,2026-04-27T21:37:28.097676
423,244,2026-04-27T21:37:28.344051
423,71,2026-04-27T21:37:28.706479
423,352,2026-04-27T21:37:28.829161
423,56,2026-04-27T21:37:29.449949
423,505,2026-04-27T21:37:29.908377
423,320,2026-04-27T21:37:30.386900
424,362,2026-04-27T21:37:31.409164
424,105,2026-04-27T21:37:31.528127
424,967,2026-04-27T21:37:31.637646
424,38,2026-04-27T21:37:32.006886
424,946,2026-04-27T21:37:32.427357
424,724,2026-04-27T21:37:32.562637
424,170,2026-04-27T21:37:33.409853
424,814,2026-04-27T21:37:33.661515
425,489,2026-04-27T21:37:33.840197
425,199,2026-04-27T21:37:34.209705
425,301,2026-04-27T21:37:34.332685
425,692,2026-04-27T21:37:34.449799
425,135,2026-04-27T21:37:34.784393
425,325,2026-04-27T21:37:35.130099
425,582,2026-04-27T21:37:35.369206
425,340,2026-04-27T21:37:35.601706
425,916,2026-04-27T21:37:35.714877
425,801,2026-04-27T21:37:35.826292
425,487,2026-04-27T21:37:35.945700
425,753,2026-04-27T21:37:36.181156
425,326,2026-04-27T21:37:36.300291
426,446,2026-04-27T21:37:36.600102
426,422,2026-04-27T21:37:36.838849
426,724,2026-04-27T21:37:37.196999
427,1013,2026-04-27T21:37:40.254831
427,979,2026-04-27T21:37:41.783790
427,940,2026-04-27T21:37:42.036781
428,365,2026-04-27T21:37:43.093456
428,179,2026-04-27T21:37:44.152272
428,609,2026-04-27T21:37:45.102129
429,613,2026-04-27T21:37:45.530172
429,972,2026-04-27T21:37:46.125480
429,254,2026-04-27T21:37:47.807094
429,416,2026-04-27T21:37:47.932490
430,259,2026-04-27T21:37:48.481534
430,211,2026-04-27T21:37:48.962530
430,640,2026-04-27T21:37:49.584140
430,240,2026-04-27T21:37:50.045085
430,68,2026-04-27T21:37:51.109122
431,256,2026-04-27T21:37:52.612106
431,536,2026-04-27T21:37:52.732352
431,177,2026-04-27T21:37:53.113613
431,967,2026-04-27T21:37:53.691628
431,614,2026-04-27T21:37:53.929885
431,237,2026-04-27T21:37:54.299890
432,658,2026-04-27T21:37:55.552418
432,833,2026-04-27T21:37:56.637026
432,731,2026-04-27T21:37:56.871842
433,26,2026-04-27T21:37:58.019252
433,933,2026-04-27T21:37:59.709748
433,355,2026-04-27T21:37:59.824091
434,268,2026-04-27T21:38:00.023573
434,806,2026-04-27T21:38:00.382658
434,500,2026-04-27T21:38:00.510001
434,381,2026-04-27T21:38:00.752988
434,996,2026-04-27T21:38:00.867539
434,579,2026-04-27T21:38:00.982716
434,259,2026-04-27T21:38:01.245411
434,253,2026-04-27T21:38:02.214898
435,151,2026-04-27T21:38:03.932476
435,678,2026-04-27T21:38:04.928383
436,470,2026-04-27T21:38:06.263725
436,109,2026-04-27T21:38:06.387909
436,871,2026-04-27T21:38:06.633027
436,911,2026-04-27T21:38:06.868195
436,637,2026-04-27T21:38:06.991544
436,49,2026-04-27T21:38:07.349466
437,687,2026-04-27T21:38:08.844732
437,343,2026-04-27T21:38:09.685490
437,935,2026-04-27T21:38:10.985154
437,743,2026-04-27T21:38:11.355630
438,456,2026-04-27T21:38:12.414812
438,988,2026-04-27T21:38:12.777596
438,282,2026-04-27T21:38:13.244806
438,405,2026-04-27T21:38:13.766029
438,596,2026-04-27T21:38:13.888528
438,180,2026-04-27T21:38:14.247254
438,798,2026-04-27T21:38:14.362476
439,131,2026-04-27T21:38:15.367741
439,462,2026-04-27T21:38:15.615590
439,553,2026-04-27T21:38:15.736144
439,41,2026-04-27T21:38:15.989165
439,715,2026-04-27T21:38:16.743736
440,559,2026-04-27T21:38:17.382078
440,869,2026-04-27T21:38:17.493504
440,204,2026-04-27T21:38:17.996278
440,121,2026-04-27T21:38:18.121880
440,547,2026-04-27T21:38:18.590103
440,151,2026-04-27T21:38:18.708441
440,360,2026-04-27T21:38:18.965413
440,903,2026-04-27T21:38:19.323103
441,612,2026-04-27T21:38:20.062024
441,323,2026-04-27T21:38:20.335690
441,760,2026-04-27T21:38:20.575901
441,453,2026-04-27T21:38:21.269914
441,69,2026-04-27T21:38:21.635727
441,387,2026-04-27T21:38:21.767074
441,39,2026-04-27T21:38:22.370450
441,551,2026-04-27T21:38:22.491315
442,742,2026-04-27T21:38:23.060517
442,780,2026-04-27T21:38:23.548600
442,46,2026-04-27T21:38:23.915820
442,666,2026-04-27T21:38:24.157606
442,676,2026-04-27T21:38:24.942509
442,478,2026-04-27T21:38:25.392199
443,852,2026-04-27T21:38:26.292384
443,21,2026-04-27T21:38:26.404704
443,381,2026-04-27T21:38:26.742901
443,611,2026-04-27T21:38:27.331761
443,803,2026-04-27T21:38:27.799890
443,59,2026-04-27T21:38:28.708573
443,476,2026-04-27T21:38:28.831316
444,71,2026-04-27T21:38:29.155378
444,619,2026-04-27T21:38:29.270973
444,713,2026-04-27T21:38:29.520664
444,575,2026-04-27T21:38:30.714920
444,802,2026-04-27T21:38:30.969468
444,66,2026-04-27T21:38:31.206904
444,778,2026-04-27T21:38:31.718491
444,746,2026-04-27T21:38:31.842098
445,545,2026-04-27T21:38:32.373284
445,884,2026-04-27T21:38:32.862695
445,1015,2026-04-27T21:38:33.215000
445,30,2026-04-27T21:38:33.889517
445,808,2026-04-27T21:38:34.127009
446,263,2026-04-27T21:38:35.035260
446,865,2026-04-27T21:38:36.671138
446,633,2026-04-27T21:38:37.269982
447,568,2026-04-27T21:38:40.394474
447,931,2026-04-27T21:38:40.538877
448,963,2026-04-27T21:38:41.871945
448,306,2026-04-27T21:38:42.623042
448,508,2026-04-27T21:38:42.747137
448,28,2026-04-27T21:38:42.870598
448,398,2026-04-27T21:38:43.229414
449,228,2026-04-27T21:38:43.642187
449,704,2026-04-27T21:38:43.755225
449,621,2026-04-27T21:38:44.112631
449,582,2026-04-27T21:38:44.592621
449,251,2026-04-27T21:38:44.730837
449,953,2026-04-27T21:38:45.158419
449,92,2026-04-27T21:38:45.905334
449,1014,2026-04-27T21:38:46.132803
449,663,2026-04-27T21:38:46.246163
450,179,2026-04-27T21:38:46.773307
450,518,2026-04-27T21:38:47.376634
450,986,2026-04-27T21:38:47.499174
450,979,2026-04-27T21:38:47.627255
450,118,2026-04-27T21:38:47.758380
450,531,2026-04-27T21:38:47.885467
450,307,2026-04-27T21:38:48.118198
450,887,2026-04-27T21:38:48.597738
450,587,2026-04-27T21:38:48.716163
450,477,2026-04-27T21:38:48.831882
450,376,2026-04-27T21:38:48.954878
451,788,2026-04-27T21:38:49.369234
451,180,2026-04-27T21:38:49.498664
451,122,2026-04-27T21:38:50.211898
451,304,2026-04-27T21:38:50.545537
451,376,2026-04-27T21:38:50.677794
451,111,2026-04-27T21:38:51.286050
451,303,2026-04-27T21:38:51.631224
452,157,2026-04-27T21:38:54.535090
453,131,2026-04-27T21:38:55.308490
453,987,2026-04-27T21:38:55.421790
453,85,2026-04-27T21:38:55.763831
453,409,2026-04-27T21:38:55.905033
453,636,2026-04-27T21:38:56.260314
453,806,2026-04-27T21:38:56.382914
453,312,2026-04-27T21:38:56.635611
453,619,2026-04-27T21:38:57.255197
453,960,2026-04-27T21:38:57.794140
454,867,2026-04-27T21:38:59.172970
454,972,2026-04-27T21:38:59.292242
454,862,2026-04-27T21:38:59.418154
454,706,2026-04-27T21:39:00.028011
455,227,2026-04-27T21:39:02.561444
456,756,2026-04-27T21:39:03.489448
456,86,2026-04-27T21:39:03.724171
456,116,2026-04-27T21:39:03.866359
456,538,2026-04-27T21:39:04.244942
456,755,2026-04-27T21:39:04.360655
456,761,2026-04-27T21:39:04.843149
456,651,2026-04-27T21:39:05.085648
456,681,2026-04-27T21:39:05.798659
456,518,2026-04-27T21:39:06.149016
457,94,2026-04-27T21:39:06.799070
457,721,2026-04-27T21:39:07.024982
457,905,2026-04-27T21:39:07.704791
457,166,2026-04-27T21:39:08.065397
457,452,2026-04-27T21:39:08.200177
457,32,2026-04-27T21:39:08.318935
457,206,2026-04-27T21:39:08.433254
457,805,2026-04-27T21:39:08.554304
458,644,2026-04-27T21:39:09.357364
458,979,2026-04-27T21:39:09.511475
458,59,2026-04-27T21:39:10.208567
458,796,2026-04-27T21:39:10.434898
458,205,2026-04-27T21:39:10.556668
458,650,2026-04-27T21:39:10.673249
458,571,2026-04-27T21:39:11.392348
459,391,2026-04-27T21:39:12.534515
459,229,2026-04-27T21:39:12.645025
459,636,2026-04-27T21:39:12.885856
459,55,2026-04-27T21:39:13.437292
459,746,2026-04-27T21:39:14.018021
459,870,2026-04-27T21:39:14.147977
460,487,2026-04-27T21:39:14.899694
460,903,2026-04-27T21:39:15.126466
460,151,2026-04-27T21:39:15.371722
460,128,2026-04-27T21:39:15.734810
460,867,2026-04-27T21:39:16.575161
460,1005,2026-04-27T21:39:16.941196
461,295,2026-04-27T21:39:18.565014
461,704,2026-04-27T21:39:20.227814
462,471,2026-04-27T21:39:22.897371
463,197,2026-04-27T21:39:24.530053
463,557,2026-04-27T21:39:24.890525
463,894,2026-04-27T21:39:25.489038
463,896,2026-04-27T21:39:25.721990
463,610,2026-04-27T21:39:25.841683
464,79,2026-04-27T21:39:27.279679
464,292,2026-04-27T21:39:27.526980
464,999,2026-04-27T21:39:28.006884
464,575,2026-04-27T21:39:28.346789
465,710,2026-04-27T21:39:29.382095
465,349,2026-04-27T21:39:29.607549
465,857,2026-04-27T21:39:30.320956
465,380,2026-04-27T21:39:30.443894
465,917,2026-04-27T21:39:31.670775
466,991,2026-04-27T21:39:31.857533
466,191,2026-04-27T21:39:33.527300
466,69,2026-04-27T21:39:34.334587
466,606,2026-04-27T21:39:34.566108
467,553,2026-04-27T21:39:35.559332
467,840,2026-04-27T21:39:35.704093
467,970,2026-04-27T21:39:36.065546
467,426,2026-04-27T21:39:36.396068
467,35,2026-04-27T21:39:37.810307
468,278,2026-04-27T21:39:38.088433
468,892,2026-04-27T21:39:40.103698
468,572,2026-04-27T21:39:40.936318
469,663,2026-04-27T21:39:41.340844
469,98,2026-04-27T21:39:42.017991
469,376,2026-04-27T21:39:43.091951
469,739,2026-04-27T21:39:43.209652
469,604,2026-04-27T21:39:43.599551
470,261,2026-04-27T21:39:44.492150
470,848,2026-04-27T21:39:45.998285
470,990,2026-04-27T21:39:46.112765
470,238,2026-04-27T21:39:46.582789
471,439,2026-04-27T21:39:47.005608
471,456,2026-04-27T21:39:47.715395
471,446,2026-04-27T21:39:48.118035
471,834,2026-04-27T21:39:48.239480
471,143,2026-04-27T21:39:48.481218
471,372,2026-04-27T21:39:48.960371
472,17,2026-04-27T21:39:49.624252
472,804,2026-04-27T21:39:51.037563
472,480,2026-04-27T21:39:51.775100
472,722,2026-04-27T21:39:52.022904
472,473,2026-04-27T21:39:52.609581
473,281,2026-04-27T21:39:53.030273
473,645,2026-04-27T21:39:53.637414
473,58,2026-04-27T21:39:53.990939
473,290,2026-04-27T21:39:54.467250
473,662,2026-04-27T21:39:54.960486
474,274,2026-04-27T21:39:56.627309
474,612,2026-04-27T21:39:57.258921
474,51,2026-04-27T21:39:57.502640
474,573,2026-04-27T21:39:58.433969
475,888,2026-04-27T21:39:58.604518
475,445,2026-04-27T21:39:59.206499
475,366,2026-04-27T21:39:59.444293
475,32,2026-04-27T21:39:59.566628
475,176,2026-04-27T21:39:59.672839
475,113,2026-04-27T21:40:00.314261
475,419,2026-04-27T21:40:00.444904
475,182,2026-04-27T21:40:00.801145
476,87,2026-04-27T21:40:02.454203
476,676,2026-04-27T21:40:03.414241
476,977,2026-04-27T21:40:03.645443
476,815,2026-04-27T21:40:03.879213
477,513,2026-04-27T21:40:04.543191
477,877,2026-04-27T21:40:05.128906
477,629,2026-04-27T21:40:05.410501
477,901,2026-04-27T21:40:06.679214
478,366,2026-04-27T21:40:07.748355
478,729,2026-04-27T21:40:07.866310
478,981,2026-04-27T21:40:08.847077
478,206,2026-04-27T21:40:09.080515
478,636,2026-04-27T21:40:09.239131
479,420,2026-04-27T21:40:10.306010
479,461,2026-04-27T21:40:10.615101
479,184,2026-04-27T21:40:11.126378
479,709,2026-04-27T21:40:11.413412
479,797,2026-04-27T21:40:11.890223
479,723,2026-04-27T21:40:12.397974
479,955,2026-04-27T21:40:12.838942
479,46,2026-04-27T21:40:13.346791
480,913,2026-04-27T21:40:14.268179
480,37,2026-04-27T21:40:15.219488
480,376,2026-04-27T21:40:15.348992
480,61,2026-04-27T21:40:15.580942
481,518,2026-04-27T21:40:16.353021
481,770,2026-04-27T21:40:16.571742
481,1018,2026-04-27T21:40:16.807175
481,471,2026-04-27T21:40:17.046902
481,950,2026-04-27T21:40:18.700332
481,257,2026-04-27T21:40:18.829562
481,750,2026-04-27T21:40:19.069273
482,293,2026-04-27T21:40:20.213660
482,61,2026-04-27T21:40:20.946348
482,41,2026-04-27T21:40:21.622025
482,142,2026-04-27T21:40:22.004610
482,183,2026-04-27T21:40:22.115537
483,181,2026-04-27T21:40:22.657687
483,239,2026-04-27T21:40:22.766147
483,41,2026-04-27T21:40:22.879059
483,48,2026-04-27T21:40:23.132154
483,481,2026-04-27T21:40:23.721588
483,597,2026-04-27T21:40:24.193937
483,84,2026-04-27T21:40:24.334057
484,240,2026-04-27T21:40:26.338133
484,940,2026-04-27T21:40:26.582057
484,644,2026-04-27T21:40:27.172327
484,889,2026-04-27T21:40:27.798531
485,356,2026-04-27T21:40:28.213561
485,256,2026-04-27T21:40:30.079882
485,20,2026-04-27T21:40:31.050887
485,132,2026-04-27T21:40:31.180968
486,793,2026-04-27T21:40:31.360494
486,376,2026-04-27T21:40:31.470888
486,806,2026-04-27T21:40:31.827044
486,920,2026-04-27T21:40:31.941378
486,756,2026-04-27T21:40:32.772088
486,808,2026-04-27T21:40:33.021153
486,620,2026-04-27T21:40:33.238294
486,845,2026-04-27T21:40:33.838612
487,178,2026-04-27T21:40:34.410737
487,206,2026-04-27T21:40:34.520188
487,286,2026-04-27T21:40:34.635140
487,632,2026-04-27T21:40:34.781768
487,30,2026-04-27T21:40:35.001802
487,327,2026-04-27T21:40:35.118893
487,653,2026-04-27T21:40:35.454797
487,619,2026-04-27T21:40:35.821923
487,874,2026-04-27T21:40:36.062133
487,292,2026-04-27T21:40:36.299375
487,47,2026-04-27T21:40:36.427403
487,427,2026-04-27T21:40:36.556401
487,156,2026-04-27T21:40:36.675057
487,895,2026-04-27T21:40:36.785722
488,603,2026-04-27T21:40:37.463516
488,256,2026-04-27T21:40:38.030826
488,838,2026-04-27T21:40:38.258038
488,253,2026-04-27T21:40:38.379524
488,641,2026-04-27T21:40:38.494364
488,941,2026-04-27T21:40:38.734496
488,223,2026-04-27T21:40:39.606579
488,1010,2026-04-27T21:40:39.730937
488,1006,2026-04-27T21:40:39.979358
489,84,2026-04-27T21:40:41.508681
489,518,2026-04-27T21:40:42.462122
490,459,2026-04-27T21:40:43.574395
490,98,2026-04-27T21:40:44.159692
490,154,2026-04-27T21:40:44.503160
490,530,2026-04-27T21:40:44.616563
490,410,2026-04-27T21:40:44.745632
490,619,2026-04-27T21:40:44.988784
491,304,2026-04-27T21:40:46.127973
492,612,2026-04-27T21:40:48.446733
492,356,2026-04-27T21:40:49.271071
493,555,2026-04-27T21:40:51.622047
493,713,2026-04-27T21:40:51.865578
493,888,2026-04-27T21:40:52.112495
493,633,2026-04-27T21:40:52.240463
493,417,2026-04-27T21:40:52.971417
493,609,2026-04-27T21:40:53.231962
493,226,2026-04-27T21:40:53.488153
494,239,2026-04-27T21:40:54.011668
494,462,2026-04-27T21:40:54.126270
494,260,2026-04-27T21:40:54.261217
494,802,2026-04-27T21:40:55.325592
494,963,2026-04-27T21:40:55.922311
494,842,2026-04-27T21:40:56.379777
494,571,2026-04-27T21:40:56.867618
495,562,2026-04-27T21:40:57.065013
495,261,2026-04-27T21:40:57.208238
495,60,2026-04-27T21:40:57.559248
495,192,2026-04-27T21:40:58.608551
495,678,2026-04-27T21:40:58.853467
496,870,2026-04-27T21:40:59.864122
496,769,2026-04-27T21:41:01.036660
496,945,2026-04-27T21:41:02.380487
497,811,2026-04-27T21:41:02.553399
497,477,2026-04-27T21:41:03.146891
497,199,2026-04-27T21:41:03.515043
497,105,2026-04-27T21:41:03.871133
497,442,2026-04-27T21:41:04.160363
497,731,2026-04-27T21:41:04.393440
498,839,2026-04-27T21:41:05.332839
498,810,2026-04-27T21:41:05.733767
498,440,2026-04-27T21:41:05.995501
498,525,2026-04-27T21:41:06.228584
498,523,2026-04-27T21:41:06.344773
498,230,2026-04-27T21:41:06.970044
499,396,2026-04-27T21:41:08.733851
499,872,2026-04-27T21:41:09.696885
499,382,2026-04-27T21:41:10.787607
500,902,2026-04-27T21:41:10.965872
500,894,2026-04-27T21:41:11.080641
500,348,2026-04-27T21:41:11.355438
500,629,2026-04-27T21:41:11.791569
500,863,2026-04-27T21:41:11.933259
500,762,2026-04-27T21:41:12.078993
500,537,2026-04-27T21:41:13.050161
500,662,2026-04-27T21:41:13.171004
500,487,2026-04-27T21:41:13.286953
500,238,2026-04-27T21:41:13.397767
500,310,2026-04-27T21:41:13.554315
500,622,2026-04-27T21:41:13.681383
501,79,2026-04-27T21:41:13.852806
501,206,2026-04-27T21:41:13.972774
501,514,2026-04-27T21:41:14.087318
501,342,2026-04-27T21:41:14.690251
501,480,2026-04-27T21:41:15.294390
502,528,2026-04-27T21:41:16.825850
502,421,2026-04-27T21:41:16.949033
502,687,2026-04-27T21:41:17.077154
502,445,2026-04-27T21:41:17.550400
502,124,2026-04-27T21:41:18.242147
502,690,2026-04-27T21:41:18.360289
502,879,2026-04-27T21:41:18.485086
502,672,2026-04-27T21:41:18.737091
502,276,2026-04-27T21:41:19.201614
503,847,2026-04-27T21:41:19.535992
503,736,2026-04-27T21:41:19.931413
503,818,2026-04-27T21:41:20.063826
503,78,2026-04-27T21:41:20.217919
503,935,2026-04-27T21:41:20.530949
503,520,2026-04-27T21:41:20.910367
504,413,2026-04-27T21:41:23.049545
504,742,2026-04-27T21:41:24.844255
506,694,2026-04-27T21:41:28.244905
506,401,2026-04-27T21:41:28.356887
506,528,2026-04-27T21:41:28.472558
506,532,2026-04-27T21:41:28.722589
506,815,2026-04-27T21:41:28.842584
506,61,2026-04-27T21:41:28.966602
506,527,2026-04-27T21:41:29.444134
506,85,2026-04-27T21:41:30.049085
506,803,2026-04-27T21:41:30.531197
507,928,2026-04-27T21:41:31.840706
507,416,2026-04-27T21:41:32.333306
507,175,2026-04-27T21:41:32.699958
507,891,2026-04-27T21:41:33.062063
507,808,2026-04-27T21:41:33.414564
508,720,2026-04-27T21:41:33.844043
508,904,2026-04-27T21:41:33.954121
508,362,2026-04-27T21:41:34.078729
508,432,2026-04-27T21:41:34.448383
508,213,2026-04-27T21:41:34.895907
508,593,2026-04-27T21:41:35.967880
508,380,2026-04-27T21:41:36.200136
508,19,2026-04-27T21:41:36.314876
508,949,2026-04-27T21:41:36.675242
509,590,2026-04-27T21:41:36.892196
509,508,2026-04-27T21:41:37.142894
509,121,2026-04-27T21:41:38.017835
509,904,2026-04-27T21:41:38.132151
509,335,2026-04-27T21:41:39.180799
510,952,2026-04-27T21:41:39.891806
510,156,2026-04-27T21:41:40.254573
510,701,2026-04-27T21:41:40.855811
510,819,2026-04-27T21:41:40.970234
510,359,2026-04-27T21:41:41.093685
510,955,2026-04-27T21:41:41.218132
510,621,2026-04-27T21:41:41.339592
510,583,2026-04-27T21:41:41.455483
510,487,2026-04-27T21:41:41.736410
510,240,2026-04-27T21:41:42.453255
511,246,2026-04-27T21:41:43.221955
511,663,2026-04-27T21:41:43.582143
511,991,2026-04-27T21:41:44.178218
511,451,2026-04-27T21:41:44.303011
511,753,2026-04-27T21:41:44.528037
511,254,2026-04-27T21:41:45.254095
512,897,2026-04-27T21:41:45.548700
512,544,2026-04-27T21:41:46.983993
512,462,2026-04-27T21:41:47.716630
512,399,2026-04-27T21:41:47.827905
512,336,2026-04-27T21:41:48.058168
513,743,2026-04-27T21:41:48.736115
513,277,2026-04-27T21:41:49.676130
513,880,2026-04-27T21:41:49.789268
513,548,2026-04-27T21:41:50.160030
513,1004,2026-04-27T21:41:50.516978
513,969,2026-04-27T21:41:50.643233
513,316,2026-04-27T21:41:50.756554
514,650,2026-04-27T21:41:51.271596
514,741,2026-04-27T21:41:51.864284
514,719,2026-04-27T21:41:52.089872
514,527,2026-04-27T21:41:52.568251
514,23,2026-04-27T21:41:52.811617
515,791,2026-04-27T21:41:54.369553
515,33,2026-04-27T21:41:54.600281
515,777,2026-04-27T21:41:54.728390
515,540,2026-04-27T21:41:54.960759
515,990,2026-04-27T21:41:55.945203
515,197,2026-04-27T21:41:56.060575
516,876,2026-04-27T21:41:56.599650
516,712,2026-04-27T21:41:56.947336
516,135,2026-04-27T21:41:57.406722
516,23,2026-04-27T21:41:58.257965
516,711,2026-04-27T21:41:58.495851
516,976,2026-04-27T21:41:58.620563
516,991,2026-04-27T21:41:58.853565
517,308,2026-04-27T21:41:59.143784
517,468,2026-04-27T21:41:59.390850
517,348,2026-04-27T21:41:59.518432
517,472,2026-04-27T21:41:59.640895
517,146,2026-04-27T21:42:00.847046
517,336,2026-04-27T21:42:01.312195
517,30,2026-04-27T21:42:01.427195
517,445,2026-04-27T21:42:01.554610
517,981,2026-04-27T21:42:01.689234
517,287,2026-04-27T21:42:01.925231
518,195,2026-04-27T21:42:02.808231
519,292,2026-04-27T21:42:05.132399
519,799,2026-04-27T21:42:05.392056
519,654,2026-04-27T21:42:06.116221
519,279,2026-04-27T21:42:06.448224
519,460,2026-04-27T21:42:06.720133
519,638,2026-04-27T21:42:06.842953
519,416,2026-04-27T21:42:07.428637
520,194,2026-04-27T21:42:07.727996
520,918,2026-04-27T21:42:07.966834
520,250,2026-04-27T21:42:08.079271
520,858,2026-04-27T21:42:08.324900
520,570,2026-04-27T21:42:08.561135
520,824,2026-04-27T21:42:09.159042
520,921,2026-04-27T21:42:09.686330
520,572,2026-04-27T21:42:09.818215
520,384,2026-04-27T21:42:10.046342
520,231,2026-04-27T21:42:10.162388
521,737,2026-04-27T21:42:10.439087
521,880,2026-04-27T21:42:10.550814
521,433,2026-04-27T21:42:10.673053
521,342,2026-04-27T21:42:10.926899
521,733,2026-04-27T21:42:11.040725
521,79,2026-04-27T21:42:11.160005
521,796,2026-04-27T21:42:11.297068
521,975,2026-04-27T21:42:11.654483
521,905,2026-04-27T21:42:11.779991
521,188,2026-04-27T21:42:11.905610
521,623,2026-04-27T21:42:12.029223
521,744,2026-04-27T21:42:12.290764
521,396,2026-04-27T21:42:12.641256
521,847,2026-04-27T21:42:12.756584
521,440,2026-04-27T21:42:12.879490
522,1014,2026-04-27T21:42:13.189694
522,659,2026-04-27T21:42:13.303851
522,156,2026-04-27T21:42:13.680388
522,1006,2026-04-27T21:42:13.806119
522,875,2026-04-27T21:42:14.053167
522,434,2026-04-27T21:42:14.392539
522,457,2026-04-27T21:42:14.502403
522,1017,2026-04-27T21:42:14.622291
522,942,2026-04-27T21:42:14.897459
522,493,2026-04-27T21:42:15.140464
522,138,2026-04-27T21:42:15.369393
522,449,2026-04-27T21:42:15.499246
523,46,2026-04-27T21:42:15.914224
523,117,2026-04-27T21:42:17.700462
523,860,2026-04-27T21:42:18.292667
523,946,2026-04-27T21:42:18.427403
524,133,2026-04-27T21:42:18.978457
524,100,2026-04-27T21:42:19.955508
524,502,2026-04-27T21:42:20.221561
524,386,2026-04-27T21:42:21.064376
524,517,2026-04-27T21:42:21.337014
525,676,2026-04-27T21:42:22.462179
525,621,2026-04-27T21:42:23.814751
526,985,2026-04-27T21:42:24.316938
526,592,2026-04-27T21:42:24.433359
526,102,2026-04-27T21:42:25.508578
526,998,2026-04-27T21:42:26.358771
526,970,2026-04-27T21:42:27.071100
527,594,2026-04-27T21:42:29.732950
528,462,2026-04-27T21:42:29.904598
528,435,2026-04-27T21:42:30.020663
528,484,2026-04-27T21:42:30.154714
528,38,2026-04-27T21:42:30.732806
528,315,2026-04-27T21:42:30.964259
528,694,2026-04-27T21:42:31.240222
528,764,2026-04-27T21:42:31.478789
528,603,2026-04-27T21:42:31.855928
529,568,2026-04-27T21:42:32.832821
529,311,2026-04-27T21:42:33.670068
529,395,2026-04-27T21:42:34.169865
529,789,2026-04-27T21:42:34.524721
529,158,2026-04-27T21:42:34.641736
529,381,2026-04-27T21:42:34.770389
529,685,2026-04-27T21:42:35.480922
529,155,2026-04-27T21:42:35.731729
530,353,2026-04-27T21:42:36.033512
530,26,2026-04-27T21:42:36.653056
530,874,2026-04-27T21:42:37.135710
530,976,2026-04-27T21:42:37.857467
530,302,2026-04-27T21:42:38.085898
531,77,2026-04-27T21:42:38.738730
531,925,2026-04-27T21:42:38.858746
531,539,2026-04-27T21:42:41.012289
532,678,2026-04-27T21:42:41.307356
532,102,2026-04-27T21:42:42.274726
532,505,2026-04-27T21:42:42.494231
532,286,2026-04-27T21:42:42.853315
532,759,2026-04-27T21:42:43.196464
532,317,2026-04-27T21:42:43.428361
533,636,2026-04-27T21:42:44.817608
533,866,2026-04-27T21:42:44.946174
533,649,2026-04-27T21:42:45.318725
533,654,2026-04-27T21:42:45.843407
533,652,2026-04-27T21:42:45.979704
533,914,2026-04-27T21:42:46.094444
533,586,2026-04-27T21:42:46.340098
534,159,2026-04-27T21:42:47.016696
534,866,2026-04-27T21:42:47.492914
534,794,2026-04-27T21:42:47.626904
534,603,2026-04-27T21:42:47.750038
534,473,2026-04-27T21:42:48.360537
534,953,2026-04-27T21:42:48.482929
534,684,2026-04-27T21:42:48.719122
534,265,2026-04-27T21:42:48.850820
534,785,2026-04-27T21:42:49.079298
534,210,2026-04-27T21:42:49.313590
535,915,2026-04-27T21:42:49.981954
535,736,2026-04-27T21:42:50.812048
535,838,2026-04-27T21:42:51.533674
535,97,2026-04-27T21:42:52.483451
536,702,2026-04-27T21:42:52.883000
537,545,2026-04-27T21:42:55.333401
537,178,2026-04-27T21:42:55.923481
537,917,2026-04-27T21:42:56.297633
537,515,2026-04-27T21:42:56.531040
537,144,2026-04-27T21:42:56.887544
537,360,2026-04-27T21:42:57.151369
537,567,2026-04-27T21:42:57.740384
538,248,2026-04-27T21:42:58.749491
538,558,2026-04-27T21:42:59.115642
538,134,2026-04-27T21:42:59.873388
539,716,2026-04-27T21:43:00.892329
539,554,2026-04-27T21:43:02.295814
539,323,2026-04-27T21:43:02.637054
539,316,2026-04-27T21:43:02.878887
539,630,2026-04-27T21:43:03.218619
540,863,2026-04-27T21:43:04.011841
540,961,2026-04-27T21:43:04.632103
540,147,2026-04-27T21:43:05.090962
540,297,2026-04-27T21:43:05.213448
540,912,2026-04-27T21:43:05.913912
541,946,2026-04-27T21:43:07.370821
541,884,2026-04-27T21:43:07.493290
541,361,2026-04-27T21:43:08.206020
541,891,2026-04-27T21:43:08.541196
541,409,2026-04-27T21:43:09.334285
542,730,2026-04-27T21:43:12.353541
542,253,2026-04-27T21:43:12.805308
543,524,2026-04-27T21:43:17.030077
543,57,2026-04-27T21:43:17.938069
543,976,2026-04-27T21:43:18.380778
544,753,2026-04-27T21:43:21.610590
544,855,2026-04-27T21:43:22.507872
544,422,2026-04-27T21:43:22.752724
544,111,2026-04-27T21:43:25.248299
545,350,2026-04-27T21:43:27.342602
545,813,2026-04-27T21:43:27.587903
545,1000,2026-04-27T21:43:29.023465
546,939,2026-04-27T21:43:31.096214
546,972,2026-04-27T21:43:32.103396
546,691,2026-04-27T21:43:32.318155
546,925,2026-04-27T21:43:32.974542
546,588,2026-04-27T21:43:34.631963
547,983,2026-04-27T21:43:35.647964
547,89,2026-04-27T21:43:36.107648
547,921,2026-04-27T21:43:36.673506
547,851,2026-04-27T21:43:37.114522
547,118,2026-04-27T21:43:39.050028
547,183,2026-04-27T21:43:39.273432
547,1005,2026-04-27T21:43:39.491255
547,41,2026-04-27T21:43:39.715746
547,553,2026-04-27T21:43:40.384830
548,113,2026-04-27T21:43:40.754336
548,396,2026-04-27T21:43:41.065835
548,331,2026-04-27T21:43:41.848176
548,390,2026-04-27T21:43:44.728006
548,595,2026-04-27T21:43:45.290101
549,322,2026-04-27T21:43:46.265853
549,640,2026-04-27T21:43:47.597450
549,886,2026-04-27T21:43:48.383301
549,446,2026-04-27T21:43:48.700381
549,218,2026-04-27T21:43:49.252744
550,936,2026-04-27T21:43:51.633454
550,708,2026-04-27T21:43:51.878623
550,623,2026-04-27T21:43:52.992253
550,507,2026-04-27T21:43:54.888020
550,295,2026-04-27T21:43:55.659639
551,880,2026-04-27T21:43:56.755138
551,200,2026-04-27T21:43:57.207748
551,509,2026-04-27T21:43:57.462286
551,732,2026-04-27T21:43:57.680995
551,608,2026-04-27T21:43:58.899386
551,533,2026-04-27T21:43:59.221480
551,473,2026-04-27T21:43:59.551791
551,961,2026-04-27T21:43:59.764460
551,780,2026-04-27T21:43:59.985203
551,799,2026-04-27T21:44:00.214771
551,209,2026-04-27T21:44:01.627866
552,123,2026-04-27T21:44:03.061203
552,443,2026-04-27T21:44:03.412982
552,537,2026-04-27T21:44:03.748669
552,743,2026-04-27T21:44:04.303947
552,710,2026-04-27T21:44:05.015946
553,955,2026-04-27T21:44:08.247115
553,806,2026-04-27T21:44:10.531802
554,364,2026-04-27T21:44:13.784302
554,910,2026-04-27T21:44:15.345997
554,673,2026-04-27T21:44:16.247020
554,168,2026-04-27T21:44:16.467450
554,655,2026-04-27T21:44:16.917463
555,855,2026-04-27T21:44:18.241136
555,364,2026-04-27T21:44:18.472677
555,370,2026-04-27T21:44:19.180722
555,466,2026-04-27T21:44:20.157358
555,181,2026-04-27T21:44:20.426504
555,600,2026-04-27T21:44:20.950793
555,312,2026-04-27T21:44:21.640019
555,958,2026-04-27T21:44:22.676833
556,925,2026-04-27T21:44:23.475384
556,387,2026-04-27T21:44:24.917227
556,67,2026-04-27T21:44:25.135938
556,38,2026-04-27T21:44:25.804481
556,926,2026-04-27T21:44:26.576351
556,791,2026-04-27T21:44:26.799321
556,955,2026-04-27T21:44:27.340679
557,519,2026-04-27T21:44:29.336483
557,971,2026-04-27T21:44:32.667489
559,973,2026-04-27T21:44:38.650552
559,929,2026-04-27T21:44:39.303254
559,500,2026-04-27T21:44:40.089246
559,517,2026-04-27T21:44:40.875695
559,129,2026-04-27T21:44:42.549244
559,200,2026-04-27T21:44:42.766092
559,491,2026-04-27T21:44:42.983244
560,130,2026-04-27T21:44:43.318072
560,938,2026-04-27T21:44:43.761641
560,438,2026-04-27T21:44:43.983677
560,30,2026-04-27T21:44:44.211740
560,192,2026-04-27T21:44:45.234489
561,253,2026-04-27T21:44:48.888092
561,61,2026-04-27T21:44:49.101379
561,493,2026-04-27T21:44:49.885225
561,380,2026-04-27T21:44:50.123499
561,240,2026-04-27T21:44:51.897285
562,188,2026-04-27T21:44:54.133582
562,508,2026-04-27T21:44:54.345883
562,982,2026-04-27T21:44:54.582806
562,175,2026-04-27T21:44:55.143156
562,303,2026-04-27T21:44:55.584995
562,444,2026-04-27T21:44:56.259272
562,799,2026-04-27T21:44:56.713310
562,727,2026-04-27T21:44:57.721713
563,433,2026-04-27T21:44:58.736876
563,652,2026-04-27T21:44:58.952901
563,480,2026-04-27T21:44:59.172108
563,987,2026-04-27T21:45:00.956032
563,447,2026-04-27T21:45:01.729842
563,487,2026-04-27T21:45:01.950965
563,793,2026-04-27T21:45:02.186933
564,606,2026-04-27T21:45:03.622389
564,284,2026-04-27T21:45:03.942537
564,33,2026-04-27T21:45:06.832020
565,294,2026-04-27T21:45:11.850732
565,708,2026-04-27T21:45:13.609001
566,664,2026-04-27T21:45:13.933272
566,534,2026-04-27T21:45:14.168484
566,952,2026-04-27T21:45:14.828017
566,413,2026-04-27T21:45:15.622173
566,111,2026-04-27T21:45:16.075043
566,46,2026-04-27T21:45:16.849278
566,290,2026-04-27T21:45:17.181015
566,996,2026-04-27T21:45:17.626111
567,781,2026-04-27T21:45:21.609737
567,522,2026-04-27T21:45:22.346319
567,921,2026-04-27T21:45:22.790507
567,465,2026-04-27T21:45:23.586548
567,930,2026-04-27T21:45:23.810080
567,164,2026-04-27T21:45:24.028528
568,361,2026-04-27T21:45:24.376258
568,72,2026-04-27T21:45:24.605724
568,459,2026-04-27T21:45:26.187969
568,241,2026-04-27T21:45:26.961988
568,457,2026-04-27T21:45:28.073416
568,542,2026-04-27T21:45:28.528090
569,112,2026-04-27T21:45:31.302718
569,355,2026-04-27T21:45:32.626008
570,223,2026-04-27T21:45:35.429659
570,237,2026-04-27T21:45:36.016383
570,462,2026-04-27T21:45:36.568812
570,220,2026-04-27T21:45:38.252940
571,47,2026-04-27T21:45:39.883483
571,239,2026-04-27T21:45:42.912679
572,308,2026-04-27T21:45:45.022213
572,812,2026-04-27T21:45:45.476311
572,478,2026-04-27T21:45:45.693613
572,600,2026-04-27T21:45:46.043479
572,982,2026-04-27T21:45:46.689106
572,902,2026-04-27T21:45:46.909229
572,57,2026-04-27T21:45:47.134649
572,427,2026-04-27T21:45:48.759891
572,184,2026-04-27T21:45:49.309151
573,965,2026-04-27T21:45:50.904225
573,339,2026-04-27T21:45:52.151772
573,70,2026-04-27T21:45:53.048585
573,306,2026-04-27T21:45:54.602223
574,713,2026-04-27T21:45:55.131831
574,538,2026-04-27T21:45:55.815844
574,693,2026-04-27T21:45:56.030691
574,735,2026-04-27T21:45:58.501168
574,66,2026-04-27T21:45:58.747055
574,860,2026-04-27T21:45:58.965156
574,928,2026-04-27T21:45:59.411240
575,227,2026-04-27T21:46:00.648861
575,117,2026-04-27T21:46:02.001310
575,184,2026-04-27T21:46:02.251437
575,73,2026-04-27T21:46:03.021806
575,798,2026-04-27T21:46:04.129848
575,249,2026-04-27T21:46:04.346392
575,402,2026-04-27T21:46:04.823478
575,383,2026-04-27T21:46:05.164248
576,954,2026-04-27T21:46:05.923833
576,893,2026-04-27T21:46:06.478461
576,866,2026-04-27T21:46:07.035136
576,788,2026-04-27T21:46:07.376191
576,39,2026-04-27T21:46:08.072143
576,98,2026-04-27T21:46:09.598566
576,397,2026-04-27T21:46:10.699829
577,15,2026-04-27T21:46:12.471893
577,237,2026-04-27T21:46:12.700275
577,293,2026-04-27T21:46:14.363144
577,402,2026-04-27T21:46:15.469977
577,481,2026-04-27T21:46:16.032369
578,847,2026-04-27T21:46:16.929395
578,763,2026-04-27T21:46:18.159442
578,21,2026-04-27T21:46:21.252512
579,1020,2026-04-27T21:46:22.565940
579,401,2026-04-27T21:46:24.161935
579,675,2026-04-27T21:46:25.895942
579,238,2026-04-27T21:46:26.118433
580,379,2026-04-27T21:46:27.471738
580,251,2026-04-27T21:46:27.917139
580,77,2026-04-27T21:46:29.287059
580,459,2026-04-27T21:46:29.593880
580,183,2026-04-27T21:46:31.503863
580,147,2026-04-27T21:46:32.063783
581,711,2026-04-27T21:46:32.726367
581,471,2026-04-27T21:46:32.947611
581,654,2026-04-27T21:46:33.504370
581,13,2026-04-27T21:46:33.722241
581,922,2026-04-27T21:46:35.372304
581,710,2026-04-27T21:46:36.572615
582,49,2026-04-27T21:46:38.726878
582,942,2026-04-27T21:46:39.370794
582,61,2026-04-27T21:46:40.044245
582,42,2026-04-27T21:46:42.238952
582,920,2026-04-27T21:46:42.480387
582,231,2026-04-27T21:46:42.933092
583,656,2026-04-27T21:46:43.257200
583,973,2026-04-27T21:46:43.476483
583,403,2026-04-27T21:46:44.133561
583,868,2026-04-27T21:46:44.349116
583,204,2026-04-27T21:46:45.438236
583,688,2026-04-27T21:46:45.666617
583,633,2026-04-27T21:46:46.114503
583,200,2026-04-27T21:46:47.009832
584,805,2026-04-27T21:46:49.231258
584,282,2026-04-27T21:46:49.442677
584,299,2026-04-27T21:46:49.670858
584,483,2026-04-27T21:46:50.107360
584,735,2026-04-27T21:46:50.545767
584,72,2026-04-27T21:46:50.764229
584,127,2026-04-27T21:46:51.804502
584,962,2026-04-27T21:46:52.235670
584,356,2026-04-27T21:46:52.793132
584,25,2026-04-27T21:46:53.012583
585,344,2026-04-27T21:46:53.801495
585,428,2026-04-27T21:46:54.351552
585,835,2026-04-27T21:46:54.906958
585,576,2026-04-27T21:46:55.129714
585,311,2026-04-27T21:46:55.577377
585,579,2026-04-27T21:46:56.144748
585,954,2026-04-27T21:46:56.610086
585,612,2026-04-27T21:46:58.184534
586,857,2026-04-27T21:46:59.395108
586,886,2026-04-27T21:47:00.524620
586,176,2026-04-27T21:47:01.190726
586,856,2026-04-27T21:47:01.635329
586,573,2026-04-27T21:47:02.654715
587,634,2026-04-27T21:47:03.985958
587,497,2026-04-27T21:47:04.613090
587,479,2026-04-27T21:47:04.848069
587,443,2026-04-27T21:47:07.927890
588,99,2026-04-27T21:47:08.584412
588,429,2026-04-27T21:47:08.807720
588,335,2026-04-27T21:47:09.586852
588,228,2026-04-27T21:47:10.054219
588,789,2026-04-27T21:47:10.501980
588,348,2026-04-27T21:47:10.756675
588,880,2026-04-27T21:47:10.990254
588,23,2026-04-27T21:47:11.486537
588,392,2026-04-27T21:47:12.867239
588,688,2026-04-27T21:47:13.098243
588,411,2026-04-27T21:47:13.316839
589,337,2026-04-27T21:47:13.975583
589,943,2026-04-27T21:47:14.210926
589,549,2026-04-27T21:47:14.439198
589,509,2026-04-27T21:47:16.338474
589,260,2026-04-27T21:47:16.560378
589,715,2026-04-27T21:47:17.115239
589,362,2026-04-27T21:47:17.339483
590,536,2026-04-27T21:47:20.463633
590,598,2026-04-27T21:47:20.716701
590,696,2026-04-27T21:47:21.426867
590,183,2026-04-27T21:47:22.326481
590,260,2026-04-27T21:47:22.542119
590,957,2026-04-27T21:47:23.500866
591,898,2026-04-27T21:47:24.359005
591,692,2026-04-27T21:47:24.607936
591,442,2026-04-27T21:47:24.860288
591,936,2026-04-27T21:47:25.084624
591,730,2026-04-27T21:47:25.310302
591,968,2026-04-27T21:47:25.639569
591,150,2026-04-27T21:47:26.548842
591,400,2026-04-27T21:47:26.767936
591,171,2026-04-27T21:47:27.448591
591,435,2026-04-27T21:47:27.884776
591,426,2026-04-27T21:47:28.379551
591,623,2026-04-27T21:47:28.608023
592,188,2026-04-27T21:47:29.159103
592,277,2026-04-27T21:47:29.413929
592,109,2026-04-27T21:47:30.753051
592,715,2026-04-27T21:47:31.435692
592,47,2026-04-27T21:47:32.252545
592,349,2026-04-27T21:47:33.220141
592,369,2026-04-27T21:47:33.673584
593,497,2026-04-27T21:47:34.222262
593,108,2026-04-27T21:47:34.690705
593,289,2026-04-27T21:47:35.531003
593,73,2026-04-27T21:47:36.555271
593,237,2026-04-27T21:47:37.203104
593,438,2026-04-27T21:47:37.430307
593,251,2026-04-27T21:47:37.749021
593,516,2026-04-27T21:47:38.372325
593,816,2026-04-27T21:47:38.699234
594,597,2026-04-27T21:47:39.746890
594,231,2026-04-27T21:47:39.870653
594,942,2026-04-27T21:47:40.467036
594,336,2026-04-27T21:47:40.952909
594,789,2026-04-27T21:47:41.478117
595,939,2026-04-27T21:47:42.176340
595,447,2026-04-27T21:47:42.439699
595,37,2026-04-27T21:47:42.783561
595,419,2026-04-27T21:47:43.276249
595,732,2026-04-27T21:47:43.517318
595,901,2026-04-27T21:47:43.776240
595,33,2026-04-27T21:47:44.137884
595,110,2026-04-27T21:47:44.379382
596,559,2026-04-27T21:47:45.137186
596,437,2026-04-27T21:47:45.347265
596,848,2026-04-27T21:47:46.758288
596,801,2026-04-27T21:47:47.358827
597,797,2026-04-27T21:47:48.263026
597,400,2026-04-27T21:47:48.852690
597,754,2026-04-27T21:47:49.503233
597,383,2026-04-27T21:47:50.102541
598,32,2026-04-27T21:47:51.824751
598,752,2026-04-27T21:47:51.945149
598,723,2026-04-27T21:47:52.901513
598,108,2026-04-27T21:47:53.150437
599,656,2026-04-27T21:47:54.635954
599,366,2026-04-27T21:47:55.222117
599,867,2026-04-27T21:47:56.068468
600,680,2026-04-27T21:47:57.801208
600,110,2026-04-27T21:47:58.159795
600,492,2026-04-27T21:47:58.612927
600,649,2026-04-27T21:47:59.106942
600,35,2026-04-27T21:47:59.228728
601,413,2026-04-27T21:48:00.263857
601,495,2026-04-27T21:48:00.506076
601,765,2026-04-27T21:48:00.874516
602,429,2026-04-27T21:48:03.402332
602,644,2026-04-27T21:48:03.860904
602,903,2026-04-27T21:48:03.990135
602,391,2026-04-27T21:48:04.227415
602,748,2026-04-27T21:48:04.719620
603,776,2026-04-27T21:48:05.451624
603,120,2026-04-27T21:48:05.571457
603,73,2026-04-27T21:48:06.047663
604,25,2026-04-27T21:48:08.041770
604,282,2026-04-27T21:48:08.804475
604,956,2026-04-27T21:48:10.120921
604,581,2026-04-27T21:48:10.234676
605,616,2026-04-27T21:48:10.762947
605,264,2026-04-27T21:48:11.132305
605,105,2026-04-27T21:48:11.362589
605,622,2026-04-27T21:48:11.983000
605,959,2026-04-27T21:48:12.236260
605,536,2026-04-27T21:48:12.365725
605,302,2026-04-27T21:48:12.976652
605,551,2026-04-27T21:48:13.109493
606,650,2026-04-27T21:48:13.653967
606,873,2026-04-27T21:48:14.012380
606,678,2026-04-27T21:48:14.490886
606,769,2026-04-27T21:48:14.967508
606,878,2026-04-27T21:48:15.082167
606,553,2026-04-27T21:48:15.334109
606,664,2026-04-27T21:48:15.561788
606,854,2026-04-27T21:48:15.680702
607,358,2026-04-27T21:48:16.564488
607,730,2026-04-27T21:48:16.911107
607,330,2026-04-27T21:48:17.276052
607,501,2026-04-27T21:48:17.633109
607,651,2026-04-27T21:48:17.759122
607,565,2026-04-27T21:48:17.878785
607,256,2026-04-27T21:48:18.104879
607,488,2026-04-27T21:48:18.263273
607,228,2026-04-27T21:48:18.496887
607,877,2026-04-27T21:48:18.612090
607,203,2026-04-27T21:48:18.729763
608,213,2026-04-27T21:48:19.149489
608,206,2026-04-27T21:48:19.389847
608,678,2026-04-27T21:48:19.554178
608,750,2026-04-27T21:48:19.675742
608,361,2026-04-27T21:48:20.439299
608,273,2026-04-27T21:48:20.837070
608,491,2026-04-27T21:48:21.219443
609,639,2026-04-27T21:48:22.019599
609,733,2026-04-27T21:48:23.281415
609,781,2026-04-27T21:48:23.830738
611,848,2026-04-27T21:48:27.909018
611,662,2026-04-27T21:48:28.507084
611,797,2026-04-27T21:48:29.099564
611,511,2026-04-27T21:48:29.226849
611,807,2026-04-27T21:48:29.462484
611,50,2026-04-27T21:48:30.044897
611,374,2026-04-27T21:48:30.390265
612,648,2026-04-27T21:48:31.538331
612,139,2026-04-27T21:48:31.663099
612,664,2026-04-27T21:48:32.240269
612,870,2026-04-27T21:48:32.495167
612,772,2026-04-27T21:48:32.839795
613,424,2026-04-27T21:48:33.672149
613,565,2026-04-27T21:48:33.906076
613,134,2026-04-27T21:48:34.506014
613,65,2026-04-27T21:48:34.869861
613,18,2026-04-27T21:48:35.708246
613,773,2026-04-27T21:48:35.828217
613,27,2026-04-27T21:48:35.957834
614,863,2026-04-27T21:48:36.133681
614,936,2026-04-27T21:48:36.256321
614,568,2026-04-27T21:48:36.377906
614,881,2026-04-27T21:48:36.751157
614,206,2026-04-27T21:48:36.865090
614,39,2026-04-27T21:48:37.365190
614,608,2026-04-27T21:48:37.475674
614,971,2026-04-27T21:48:37.716909
614,586,2026-04-27T21:48:37.841026
614,115,2026-04-27T21:48:38.133521
614,209,2026-04-27T21:48:38.639658
615,42,2026-04-27T21:48:41.894327
615,735,2026-04-27T21:48:42.584644
615,834,2026-04-27T21:48:42.755405
616,199,2026-04-27T21:48:43.513447
616,568,2026-04-27T21:48:45.209587
617,830,2026-04-27T21:48:47.199646
617,924,2026-04-27T21:48:47.430991
617,859,2026-04-27T21:48:47.544431
617,997,2026-04-27T21:48:48.021376
617,637,2026-04-27T21:48:48.386815
617,260,2026-04-27T21:48:48.607807
618,357,2026-04-27T21:48:49.374632
618,786,2026-04-27T21:48:49.616028
618,800,2026-04-27T21:48:49.738628
618,941,2026-04-27T21:48:50.452268
619,630,2026-04-27T21:48:52.581299
619,342,2026-04-27T21:48:52.703964
619,40,2026-04-27T21:48:53.167377
619,47,2026-04-27T21:48:53.300646
619,729,2026-04-27T21:48:53.417718
619,832,2026-04-27T21:48:53.559087
619,287,2026-04-27T21:48:53.672605
619,867,2026-04-27T21:48:53.795115
620,161,2026-04-27T21:48:55.260973
620,996,2026-04-27T21:48:56.202339
621,539,2026-04-27T21:48:57.772826
621,992,2026-04-27T21:48:58.112777
621,526,2026-04-27T21:48:58.825411
621,478,2026-04-27T21:48:59.052899
621,727,2026-04-27T21:48:59.400318
621,488,2026-04-27T21:48:59.980799
622,549,2026-04-27T21:49:00.335233
622,985,2026-04-27T21:49:00.646673
622,82,2026-04-27T21:49:00.821030
622,915,2026-04-27T21:49:01.261806
622,471,2026-04-27T21:49:01.435410
622,514,2026-04-27T21:49:01.684470
622,260,2026-04-27T21:49:01.804437
622,1018,2026-04-27T21:49:01.923750
622,953,2026-04-27T21:49:02.037351
622,536,2026-04-27T21:49:02.272831
622,125,2026-04-27T21:49:02.561284
622,972,2026-04-27T21:49:02.685375
622,323,2026-04-27T21:49:02.792858
623,214,2026-04-27T21:49:03.690254
623,614,2026-04-27T21:49:04.050282
623,710,2026-04-27T21:49:04.647973
623,683,2026-04-27T21:49:04.906938
623,713,2026-04-27T21:49:05.386903
624,727,2026-04-27T21:49:07.273760
624,204,2026-04-27T21:49:07.750787
624,705,2026-04-27T21:49:07.993631
625,77,2026-04-27T21:49:08.869377
625,639,2026-04-27T21:49:09.529978
625,560,2026-04-27T21:49:10.518559
625,310,2026-04-27T21:49:10.763742
625,478,2026-04-27T21:49:10.893148
626,747,2026-04-27T21:49:11.830202
626,632,2026-04-27T21:49:12.092002
626,171,2026-04-27T21:49:12.207810
626,874,2026-04-27T21:49:12.323111
626,938,2026-04-27T21:49:12.444409
626,901,2026-04-27T21:49:12.558665
626,296,2026-04-27T21:49:13.559206
626,1007,2026-04-27T21:49:13.679230
627,486,2026-04-27T21:49:14.463919
627,258,2026-04-27T21:49:14.940044
627,681,2026-04-27T21:49:15.054189
627,540,2026-04-27T21:49:15.167842
627,335,2026-04-27T21:49:15.274812
627,485,2026-04-27T21:49:15.399694
627,210,2026-04-27T21:49:15.749360
627,176,2026-04-27T21:49:16.115897
628,858,2026-04-27T21:49:18.112808
628,63,2026-04-27T21:49:18.228597
628,944,2026-04-27T21:49:19.078075
628,138,2026-04-27T21:49:19.454375
628,380,2026-04-27T21:49:19.594494
628,766,2026-04-27T21:49:19.968573
629,36,2026-04-27T21:49:21.185065
629,555,2026-04-27T21:49:21.550099
629,342,2026-04-27T21:49:22.043303
629,584,2026-04-27T21:49:22.496429
629,457,2026-04-27T21:49:22.865663
629,614,2026-04-27T21:49:23.437715
630,870,2026-04-27T21:49:24.341697
630,793,2026-04-27T21:49:24.836975
630,480,2026-04-27T21:49:25.071312
630,718,2026-04-27T21:49:25.887743
631,78,2026-04-27T21:49:28.821552
632,995,2026-04-27T21:49:29.755466
632,1003,2026-04-27T21:49:30.340581
632,858,2026-04-27T21:49:30.594127
632,187,2026-04-27T21:49:30.825485
632,50,2026-04-27T21:49:30.945742
632,311,2026-04-27T21:49:31.200010
632,266,2026-04-27T21:49:31.326933
632,376,2026-04-27T21:49:31.685257
632,875,2026-04-27T21:49:31.811942
632,326,2026-04-27T21:49:31.933776
633,902,2026-04-27T21:49:32.234436
633,554,2026-04-27T21:49:32.720471
633,750,2026-04-27T21:49:33.179856
634,950,2026-04-27T21:49:35.261429
634,375,2026-04-27T21:49:36.207102
634,45,2026-04-27T21:49:36.945475
635,23,2026-04-27T21:49:38.812573
635,634,2026-04-27T21:49:39.524483
635,244,2026-04-27T21:49:40.016800
636,925,2026-04-27T21:49:40.299428
636,736,2026-04-27T21:49:41.045637
636,59,2026-04-27T21:49:41.996896
636,68,2026-04-27T21:49:42.248995
636,676,2026-04-27T21:49:42.502304
636,782,2026-04-27T21:49:42.614465
636,897,2026-04-27T21:49:42.842301
636,834,2026-04-27T21:49:43.108248
637,544,2026-04-27T21:49:43.921516
637,770,2026-04-27T21:49:44.034816
637,761,2026-04-27T21:49:44.394565
637,723,2026-04-27T21:49:44.518034
637,948,2026-04-27T21:49:44.808996
637,526,2026-04-27T21:49:45.031990
637,111,2026-04-27T21:49:45.143927
637,955,2026-04-27T21:49:45.261220
637,843,2026-04-27T21:49:45.380108
638,475,2026-04-27T21:49:45.919963
638,245,2026-04-27T21:49:46.041253
638,560,2026-04-27T21:49:46.383085
638,32,2026-04-27T21:49:46.522916
638,778,2026-04-27T21:49:47.579362
639,303,2026-04-27T21:49:48.887115
639,82,2026-04-27T21:49:49.129457
639,558,2026-04-27T21:49:49.479791
639,70,2026-04-27T21:49:49.733347
639,699,2026-04-27T21:49:50.618079
640,1008,2026-04-27T21:49:51.274928
640,812,2026-04-27T21:49:51.513900
640,23,2026-04-27T21:49:51.778743
640,1002,2026-04-27T21:49:52.062582
640,469,2026-04-27T21:49:52.208048
640,572,2026-04-27T21:49:52.782732
640,519,2026-04-27T21:49:53.082420
640,171,2026-04-27T21:49:53.499891
641,366,2026-04-27T21:49:54.439134
641,98,2026-04-27T21:49:55.349552
641,531,2026-04-27T21:49:56.022658
641,498,2026-04-27T21:49:56.278319
642,324,2026-04-27T21:49:57.039874
642,692,2026-04-27T21:49:57.518255
642,136,2026-04-27T21:49:57.908160
642,665,2026-04-27T21:49:59.038826
642,792,2026-04-27T21:49:59.164416
643,854,2026-04-27T21:50:00.014054
643,113,2026-04-27T21:50:01.966133
643,287,2026-04-27T21:50:02.458822
644,430,2026-04-27T21:50:03.453312
644,452,2026-04-27T21:50:04.015109
644,591,2026-04-27T21:50:05.252769
645,755,2026-04-27T21:50:05.571692
645,141,2026-04-27T21:50:05.867172
645,668,2026-04-27T21:50:05.995049
645,167,2026-04-27T21:50:06.125861
645,956,2026-04-27T21:50:06.242460
645,626,2026-04-27T21:50:06.507167
645,716,2026-04-27T21:50:07.284649
645,558,2026-04-27T21:50:07.417941
645,176,2026-04-27T21:50:07.950993
645,641,2026-04-27T21:50:08.202761
646,790,2026-04-27T21:50:08.732078
646,500,2026-04-27T21:50:09.654648
646,368,2026-04-27T21:50:10.417761
647,1010,2026-04-27T21:50:11.748498
647,367,2026-04-27T21:50:12.177853
647,635,2026-04-27T21:50:12.321574
647,454,2026-04-27T21:50:12.992747
647,48,2026-04-27T21:50:13.273860
647,202,2026-04-27T21:50:13.410458
647,1019,2026-04-27T21:50:13.680353
647,22,2026-04-27T21:50:14.573530
648,200,2026-04-27T21:50:14.931534
648,942,2026-04-27T21:50:15.470390
648,821,2026-04-27T21:50:15.835356
648,710,2026-04-27T21:50:16.102455
648,208,2026-04-27T21:50:16.485605
648,768,2026-04-27T21:50:16.774925
648,101,2026-04-27T21:50:17.173339
648,978,2026-04-27T21:50:17.439311
648,219,2026-04-27T21:50:17.555401
649,168,2026-04-27T21:50:18.643354
649,516,2026-04-27T21:50:18.894633
649,146,2026-04-27T21:50:19.017316
649,232,2026-04-27T21:50:19.712050
649,979,2026-04-27T21:50:20.518094
650,984,2026-04-27T21:50:20.875279
650,682,2026-04-27T21:50:21.190175
650,281,2026-04-27T21:50:21.698639
650,934,2026-04-27T21:50:22.341600
650,848,2026-04-27T21:50:22.594949
650,787,2026-04-27T21:50:22.973904
650,662,2026-04-27T21:50:23.105527
650,399,2026-04-27T21:50:23.467851
650,69,2026-04-27T21:50:23.625853
651,18,2026-04-27T21:50:24.102184
651,254,2026-04-27T21:50:24.461442
652,794,2026-04-27T21:50:27.339751
652,413,2026-04-27T21:50:27.466091
652,658,2026-04-27T21:50:27.733062
652,796,2026-04-27T21:50:27.863601
652,761,2026-04-27T21:50:27.989700
652,878,2026-04-27T21:50:28.290004
652,187,2026-04-27T21:50:28.416231
652,567,2026-04-27T21:50:28.785109
652,136,2026-04-27T21:50:28.918753
652,478,2026-04-27T21:50:29.053884
652,865,2026-04-27T21:50:29.442610
653,862,2026-04-27T21:50:30.134926
653,398,2026-04-27T21:50:30.728501
653,745,2026-04-27T21:50:31.532005
653,573,2026-04-27T21:50:31.919934
653,78,2026-04-27T21:50:32.402093
653,160,2026-04-27T21:50:33.123238
653,585,2026-04-27T21:50:33.263437
654,302,2026-04-27T21:50:33.916233
654,75,2026-04-27T21:50:34.040140
654,436,2026-04-27T21:50:34.160595
654,951,2026-04-27T21:50:34.432119
654,223,2026-04-27T21:50:35.098911
654,615,2026-04-27T21:50:35.765877
655,921,2026-04-27T21:50:36.859950
655,750,2026-04-27T21:50:37.135566
655,824,2026-04-27T21:50:37.263846
655,899,2026-04-27T21:50:37.497468
655,290,2026-04-27T21:50:38.282859
655,205,2026-04-27T21:50:38.810268
655,967,2026-04-27T21:50:38.932351
656,844,2026-04-27T21:50:40.089118
657,815,2026-04-27T21:50:42.489810
657,334,2026-04-27T21:50:42.748202
657,770,2026-04-27T21:50:43.562781
658,260,2026-04-27T21:50:45.169204
658,727,2026-04-27T21:50:46.370906
658,326,2026-04-27T21:50:46.743007
658,576,2026-04-27T21:50:47.210661
658,645,2026-04-27T21:50:47.470254
659,868,2026-04-27T21:50:48.500309
659,330,2026-04-27T21:50:49.213516
659,161,2026-04-27T21:50:49.329939
659,513,2026-04-27T21:50:49.906106
659,88,2026-04-27T21:50:50.136327
659,602,2026-04-27T21:50:50.734624
659,288,2026-04-27T21:50:51.089166
660,792,2026-04-27T21:50:52.691741
660,642,2026-04-27T21:50:53.028353
660,228,2026-04-27T21:50:53.521427
661,119,2026-04-27T21:50:54.179043
661,1005,2026-04-27T21:50:54.318389
661,487,2026-04-27T21:50:54.915610
661,51,2026-04-27T21:50:55.163946
661,674,2026-04-27T21:50:55.279485
661,783,2026-04-27T21:50:55.393158
661,807,2026-04-27T21:50:56.229115
661,376,2026-04-27T21:50:56.337724
661,678,2026-04-27T21:50:56.453572
662,266,2026-04-27T21:50:57.149198
662,237,2026-04-27T21:50:59.043109
663,776,2026-04-27T21:51:00.183660
663,445,2026-04-27T21:51:00.303841
663,156,2026-04-27T21:51:00.418374
663,350,2026-04-27T21:51:00.896014
663,823,2026-04-27T21:51:01.120119
663,610,2026-04-27T21:51:01.374777
663,840,2026-04-27T21:51:01.608038
663,446,2026-04-27T21:51:01.836764
664,766,2026-04-27T21:51:03.698073
664,11,2026-04-27T21:51:03.843368
664,692,2026-04-27T21:51:04.582806
664,345,2026-04-27T21:51:04.699550
665,102,2026-04-27T21:51:05.748278
665,128,2026-04-27T21:51:05.865775
665,506,2026-04-27T21:51:07.887999
666,388,2026-04-27T21:51:08.177867
666,543,2026-04-27T21:51:09.522686
666,785,2026-04-27T21:51:09.981008
667,938,2026-04-27T21:51:11.464071
668,680,2026-04-27T21:51:13.343501
668,553,2026-04-27T21:51:13.593227
668,798,2026-04-27T21:51:13.712840
668,725,2026-04-27T21:51:13.966671
668,858,2026-04-27T21:51:14.213765
668,660,2026-04-27T21:51:14.341525
668,393,2026-04-27T21:51:14.595102
668,11,2026-04-27T21:51:15.451741
668,205,2026-04-27T21:51:15.566968
669,560,2026-04-27T21:51:15.871922
669,556,2026-04-27T21:51:15.990897
669,551,2026-04-27T21:51:16.624235
669,521,2026-04-27T21:51:16.760415
669,380,2026-04-27T21:51:17.633803
669,274,2026-04-27T21:51:17.746210
669,526,2026-04-27T21:51:18.194028
669,520,2026-04-27T21:51:18.539924
670,390,2026-04-27T21:51:18.857467
670,529,2026-04-27T21:51:19.099174
670,482,2026-04-27T21:51:19.804489
670,391,2026-04-27T21:51:19.953430
670,222,2026-04-27T21:51:20.278727
670,516,2026-04-27T21:51:20.658752
671,84,2026-04-27T21:51:21.632186
671,387,2026-04-27T21:51:24.239750
672,232,2026-04-27T21:51:25.371245
672,663,2026-04-27T21:51:25.741906
672,957,2026-04-27T21:51:25.865930
672,495,2026-04-27T21:51:26.222905
673,754,2026-04-27T21:51:27.348077
673,360,2026-04-27T21:51:27.797866
673,498,2026-04-27T21:51:28.277623
673,59,2026-04-27T21:51:28.750192
673,460,2026-04-27T21:51:28.869545
673,901,2026-04-27T21:51:29.220399
674,911,2026-04-27T21:51:31.613332
675,898,2026-04-27T21:51:32.599924
675,249,2026-04-27T21:51:32.721025
675,977,2026-04-27T21:51:33.188764
675,99,2026-04-27T21:51:33.321423
675,194,2026-04-27T21:51:33.449120
675,119,2026-04-27T21:51:34.661804
676,751,2026-04-27T21:51:35.555940
676,1002,2026-04-27T21:51:35.899377
676,595,2026-04-27T21:51:37.578461
677,504,2026-04-27T21:51:37.991067
677,494,2026-04-27T21:51:38.102287
677,698,2026-04-27T21:51:38.216032
677,730,2026-04-27T21:51:38.337873
677,42,2026-04-27T21:51:39.446788
677,909,2026-04-27T21:51:39.717167
677,291,2026-04-27T21:51:40.341302
678,595,2026-04-27T21:51:44.509954
678,600,2026-04-27T21:51:44.956653
678,690,2026-04-27T21:51:46.541096
679,336,2026-04-27T21:51:47.982269
680,424,2026-04-27T21:51:54.378501
680,613,2026-04-27T21:51:55.273984
680,187,2026-04-27T21:51:58.135705
681,609,2026-04-27T21:52:00.601846
681,982,2026-04-27T21:52:01.195604
681,428,2026-04-27T21:52:01.995660
681,226,2026-04-27T21:52:02.651626
682,475,2026-04-27T21:52:06.479864
682,159,2026-04-27T21:52:06.925056
682,584,2026-04-27T21:52:07.723494
683,707,2026-04-27T21:52:11.224495
683,826,2026-04-27T21:52:12.230359
683,84,2026-04-27T21:52:13.407448
683,736,2026-04-27T21:52:13.624347
684,540,2026-04-27T21:52:16.336787
684,543,2026-04-27T21:52:16.552782
685,691,2026-04-27T21:52:19.338019
685,265,2026-04-27T21:52:19.834083
685,976,2026-04-27T21:52:21.113005
685,811,2026-04-27T21:52:21.352762
685,595,2026-04-27T21:52:23.002021
685,226,2026-04-27T21:52:23.769435
685,58,2026-04-27T21:52:24.031255
686,467,2026-04-27T21:52:25.038652
686,82,2026-04-27T21:52:25.264856
686,981,2026-04-27T21:52:25.509912
686,208,2026-04-27T21:52:26.509107
686,346,2026-04-27T21:52:26.955369
686,453,2026-04-27T21:52:27.275569
686,830,2026-04-27T21:52:27.506059
687,607,2026-04-27T21:52:30.390097
687,656,2026-04-27T21:52:30.607125
687,278,2026-04-27T21:52:31.728531
687,798,2026-04-27T21:52:32.873042
688,954,2026-04-27T21:52:35.406440
688,935,2026-04-27T21:52:35.845868
688,417,2026-04-27T21:52:36.614194
688,102,2026-04-27T21:52:37.280449
688,924,2026-04-27T21:52:38.393888
688,74,2026-04-27T21:52:38.607172
688,685,2026-04-27T21:52:39.573378
689,189,2026-04-27T21:52:39.889265
690,512,2026-04-27T21:52:48.553087
691,495,2026-04-27T21:52:49.739109
691,902,2026-04-27T21:52:52.373228
692,410,2026-04-27T21:52:53.188520
692,269,2026-04-27T21:52:53.793673
692,368,2026-04-27T21:52:54.141945
692,431,2026-04-27T21:52:54.367475
692,363,2026-04-27T21:52:54.740020
692,257,2026-04-27T21:52:55.084465
692,316,2026-04-27T21:52:55.201433
693,323,2026-04-27T21:52:55.827955
693,933,2026-04-27T21:52:56.191562
693,503,2026-04-27T21:52:56.319030
693,310,2026-04-27T21:52:56.443593
693,532,2026-04-27T21:52:56.685265
693,928,2026-04-27T21:52:56.912992
693,739,2026-04-27T21:52:57.160612
693,318,2026-04-27T21:52:57.393822
693,610,2026-04-27T21:52:57.643276
694,413,2026-04-27T21:52:58.768850
694,144,2026-04-27T21:52:58.882242
694,695,2026-04-27T21:52:58.992360
694,140,2026-04-27T21:52:59.815903
694,257,2026-04-27T21:53:00.053363
694,345,2026-04-27T21:53:00.177790
694,591,2026-04-27T21:53:00.624117
695,367,2026-04-27T21:53:01.618428
695,74,2026-04-27T21:53:01.731723
695,231,2026-04-27T21:53:02.650620
695,549,2026-04-27T21:53:02.773036
695,592,2026-04-27T21:53:03.371466
695,571,2026-04-27T21:53:03.964438
696,607,2026-04-27T21:53:05.044442
696,956,2026-04-27T21:53:05.167332
696,638,2026-04-27T21:53:05.395999
696,524,2026-04-27T21:53:06.120235
696,360,2026-04-27T21:53:06.707499
696,256,2026-04-27T21:53:06.834319
697,615,2026-04-27T21:53:07.878129
697,603,2026-04-27T21:53:08.013882
697,531,2026-04-27T21:53:08.495188
697,96,2026-04-27T21:53:08.747520
697,901,2026-04-27T21:53:09.205136
697,821,2026-04-27T21:53:09.926445
698,940,2026-04-27T21:53:10.601209
698,850,2026-04-27T21:53:10.729666
698,346,2026-04-27T21:53:10.970026
698,243,2026-04-27T21:53:11.469702
698,744,2026-04-27T21:53:12.093894
699,141,2026-04-27T21:53:13.104172
699,602,2026-04-27T21:53:13.947635
699,372,2026-04-27T21:53:14.285938
699,711,2026-04-27T21:53:14.418798
699,171,2026-04-27T21:53:14.941005
699,550,2026-04-27T21:53:15.065801
700,516,2026-04-27T21:53:15.883747
700,436,2026-04-27T21:53:16.260808
700,790,2026-04-27T21:53:16.732479
700,403,2026-04-27T21:53:17.095116
700,345,2026-04-27T21:53:17.209281
700,664,2026-04-27T21:53:17.330420
700,570,2026-04-27T21:53:17.694466
700,621,2026-04-27T21:53:17.816841
700,1017,2026-04-27T21:53:18.420285
701,1003,2026-04-27T21:53:18.975898
701,655,2026-04-27T21:53:19.105527
701,441,2026-04-27T21:53:19.839981
701,445,2026-04-27T21:53:20.317955
701,574,2026-04-27T21:53:21.560474
702,483,2026-04-27T21:53:22.454143
702,713,2026-04-27T21:53:22.577780
702,547,2026-04-27T21:53:22.699436
702,948,2026-04-27T21:53:22.831968
702,592,2026-04-27T21:53:22.952980
702,67,2026-04-27T21:53:23.200507
702,484,2026-04-27T21:53:24.063554
702,891,2026-04-27T21:53:24.506595
702,621,2026-04-27T21:53:24.645403
703,231,2026-04-27T21:53:25.485241
703,506,2026-04-27T21:53:25.603230
703,466,2026-04-27T21:53:25.730434
703,473,2026-04-27T21:53:26.694256
703,928,2026-04-27T21:53:27.104708
703,37,2026-04-27T21:53:27.709659
704,350,2026-04-27T21:53:28.583629
704,195,2026-04-27T21:53:29.576003
705,300,2026-04-27T21:53:31.290858
705,621,2026-04-27T21:53:31.884705
705,194,2026-04-27T21:53:32.135268
705,873,2026-04-27T21:53:32.841518
705,123,2026-04-27T21:53:33.078873
705,781,2026-04-27T21:53:33.782286
705,895,2026-04-27T21:53:34.369208
706,723,2026-04-27T21:53:34.803463
706,929,2026-04-27T21:53:34.934206
706,843,2026-04-27T21:53:35.652374
706,159,2026-04-27T21:53:35.785152
706,295,2026-04-27T21:53:37.103575
707,92,2026-04-27T21:53:37.910511
707,401,2026-04-27T21:53:38.844891
707,326,2026-04-27T21:53:39.837270
707,17,2026-04-27T21:53:39.957537
707,602,2026-04-27T21:53:40.079290
708,618,2026-04-27T21:53:41.476960
709,70,2026-04-27T21:53:43.921050
709,997,2026-04-27T21:53:44.153366
709,278,2026-04-27T21:53:44.649089
709,136,2026-04-27T21:53:45.375025
709,986,2026-04-27T21:53:45.507936
709,932,2026-04-27T21:53:45.765369
710,530,2026-04-27T21:53:46.745347
710,796,2026-04-27T21:53:47.338458
710,32,2026-04-27T21:53:47.457345
710,651,2026-04-27T21:53:47.699136
710,673,2026-04-27T21:53:48.186729
710,948,2026-04-27T21:53:48.436647
710,429,2026-04-27T21:53:48.671117
711,576,2026-04-27T21:53:49.280604
711,239,2026-04-27T21:53:50.737861
711,876,2026-04-27T21:53:51.027646
711,403,2026-04-27T21:53:51.284130
711,933,2026-04-27T21:53:51.628311
712,832,2026-04-27T21:53:52.403352
712,874,2026-04-27T21:53:52.538757
712,786,2026-04-27T21:53:53.388461
712,131,2026-04-27T21:53:53.736455
712,502,2026-04-27T21:53:53.866136
712,271,2026-04-27T21:53:54.229767
712,630,2026-04-27T21:53:54.817868
713,403,2026-04-27T21:53:55.317379
713,83,2026-04-27T21:53:55.694923
713,34,2026-04-27T21:53:56.282194
713,248,2026-04-27T21:53:56.620458
713,948,2026-04-27T21:53:57.490553
714,261,2026-04-27T21:53:58.054230
714,831,2026-04-27T21:53:59.218936
714,272,2026-04-27T21:53:59.453219
714,852,2026-04-27T21:53:59.813682
714,310,2026-04-27T21:53:59.929435
714,301,2026-04-27T21:54:00.291834
715,33,2026-04-27T21:54:00.707934
715,283,2026-04-27T21:54:01.068510
715,397,2026-04-27T21:54:01.180112
715,442,2026-04-27T21:54:01.530664
715,802,2026-04-27T21:54:01.757816
715,285,2026-04-27T21:54:02.100990
715,336,2026-04-27T21:54:02.796946
716,978,2026-04-27T21:54:03.223219
716,561,2026-04-27T21:54:04.078007
716,474,2026-04-27T21:54:04.192540
716,92,2026-04-27T21:54:04.563628
716,137,2026-04-27T21:54:05.032878
716,162,2026-04-27T21:54:05.266804
717,158,2026-04-27T21:54:06.047848
717,94,2026-04-27T21:54:06.165969
717,692,2026-04-27T21:54:07.230660
717,918,2026-04-27T21:54:07.456613
717,617,2026-04-27T21:54:07.571867
717,205,2026-04-27T21:54:07.683610
717,509,2026-04-27T21:54:07.806203
717,278,2026-04-27T21:54:07.936090
717,612,2026-04-27T21:54:08.053565
717,58,2026-04-27T21:54:08.174177
718,432,2026-04-27T21:54:08.844139
718,608,2026-04-27T21:54:08.963399
718,912,2026-04-27T21:54:09.332682
718,220,2026-04-27T21:54:09.944826
718,328,2026-04-27T21:54:10.956593
718,998,2026-04-27T21:54:11.295714
719,910,2026-04-27T21:54:12.461397
719,606,2026-04-27T21:54:12.587064
719,241,2026-04-27T21:54:13.094335
719,926,2026-04-27T21:54:13.590725
719,389,2026-04-27T21:54:14.545018
719,942,2026-04-27T21:54:14.658750
720,721,2026-04-27T21:54:15.548193
720,617,2026-04-27T21:54:16.454093
720,419,2026-04-27T21:54:17.157467
721,549,2026-04-27T21:54:17.941749
721,262,2026-04-27T21:54:18.060115
721,1012,2026-04-27T21:54:18.417701
721,940,2026-04-27T21:54:18.540127
721,556,2026-04-27T21:54:18.660230
722,447,2026-04-27T21:54:20.481554
722,954,2026-04-27T21:54:20.758689
722,945,2026-04-27T21:54:21.733148
722,758,2026-04-27T21:54:22.450359
722,849,2026-04-27T21:54:22.561443
723,572,2026-04-27T21:54:23.391985
723,910,2026-04-27T21:54:25.087986
723,982,2026-04-27T21:54:25.546325
724,656,2026-04-27T21:54:28.313303
724,90,2026-04-27T21:54:28.446434
725,878,2026-04-27T21:54:29.117483
725,752,2026-04-27T21:54:29.355461
725,186,2026-04-27T21:54:29.481946
725,395,2026-04-27T21:54:29.611209
725,219,2026-04-27T21:54:29.860889
725,431,2026-04-27T21:54:29.980687
725,457,2026-04-27T21:54:30.219833
725,723,2026-04-27T21:54:30.463623
725,239,2026-04-27T21:54:30.956279
725,545,2026-04-27T21:54:31.176325
725,53,2026-04-27T21:54:31.549542
726,621,2026-04-27T21:54:32.324480
726,287,2026-04-27T21:54:32.684981
726,837,2026-04-27T21:54:32.811397
726,147,2026-04-27T21:54:33.045552
726,23,2026-04-27T21:54:33.523406
726,806,2026-04-27T21:54:33.764126
727,223,2026-04-27T21:54:35.126895
727,151,2026-04-27T21:54:35.346851
727,310,2026-04-27T21:54:35.814892
727,770,2026-04-27T21:54:35.926433
727,963,2026-04-27T21:54:36.865286
728,878,2026-04-27T21:54:37.766205
728,478,2026-04-27T21:54:38.242097
728,434,2026-04-27T21:54:38.482265
728,675,2026-04-27T21:54:39.561274
728,487,2026-04-27T21:54:39.908372
728,368,2026-04-27T21:54:40.137426
729,231,2026-04-27T21:54:40.671897
729,55,2026-04-27T21:54:40.916036
729,28,2026-04-27T21:54:41.055372
729,442,2026-04-27T21:54:41.286125
729,371,2026-04-27T21:54:41.399538
729,469,2026-04-27T21:54:42.285957
729,462,2026-04-27T21:54:42.416960
729,146,2026-04-27T21:54:42.550042
729,858,2026-04-27T21:54:42.666715
729,192,2026-04-27T21:54:42.799331
730,213,2026-04-27T21:54:43.348793
730,254,2026-04-27T21:54:43.705312
730,860,2026-04-27T21:54:43.943373
730,806,2026-04-27T21:54:44.435755
730,194,2026-04-27T21:54:44.569258
730,621,2026-04-27T21:54:44.803851
730,617,2026-04-27T21:54:44.912677
730,174,2026-04-27T21:54:45.144315
730,124,2026-04-27T21:54:45.898742
731,68,2026-04-27T21:54:46.683376
731,654,2026-04-27T21:54:47.046885
731,797,2026-04-27T21:54:47.160869
731,218,2026-04-27T21:54:47.866821
731,560,2026-04-27T21:54:48.217835
731,528,2026-04-27T21:54:49.208051
732,468,2026-04-27T21:54:49.851541
732,96,2026-04-27T21:54:50.479119
733,581,2026-04-27T21:54:53.804819
733,905,2026-04-27T21:54:54.543326
733,707,2026-04-27T21:54:54.908488
733,313,2026-04-27T21:54:55.034086
734,398,2026-04-27T21:54:55.786460
734,557,2026-04-27T21:54:56.153920
734,534,2026-04-27T21:54:56.996834
734,605,2026-04-27T21:54:58.082350
735,734,2026-04-27T21:54:58.492833
735,522,2026-04-27T21:54:59.054855
735,973,2026-04-27T21:54:59.308119
735,274,2026-04-27T21:54:59.762543
735,995,2026-04-27T21:55:00.757506
735,474,2026-04-27T21:55:00.878549
735,693,2026-04-27T21:55:01.006457
735,458,2026-04-27T21:55:01.141446
735,142,2026-04-27T21:55:01.378717
736,416,2026-04-27T21:55:02.140156
736,348,2026-04-27T21:55:02.361267
736,941,2026-04-27T21:55:02.587803
736,430,2026-04-27T21:55:02.707512
736,992,2026-04-27T21:55:02.931338
736,350,2026-04-27T21:55:04.804743
736,696,2026-04-27T21:55:05.032974
737,744,2026-04-27T21:55:06.167626
737,323,2026-04-27T21:55:06.292863
737,866,2026-04-27T21:55:06.815464
737,703,2026-04-27T21:55:07.061300
737,688,2026-04-27T21:55:07.423846
737,426,2026-04-27T21:55:08.265472
738,504,2026-04-27T21:55:09.767785
738,552,2026-04-27T21:55:10.256042
739,556,2026-04-27T21:55:12.509473
739,743,2026-04-27T21:55:13.274760
739,432,2026-04-27T21:55:13.519211
739,387,2026-04-27T21:55:13.635413
740,137,2026-04-27T21:55:14.884154
740,960,2026-04-27T21:55:14.994755
740,726,2026-04-27T21:55:15.382672
740,965,2026-04-27T21:55:15.640342
740,598,2026-04-27T21:55:15.910306
740,215,2026-04-27T21:55:16.031175
740,434,2026-04-27T21:55:16.561015
740,313,2026-04-27T21:55:16.699713
741,243,2026-04-27T21:55:17.923655
741,466,2026-04-27T21:55:18.052928
741,369,2026-04-27T21:55:18.230621
741,452,2026-04-27T21:55:18.489379
741,34,2026-04-27T21:55:19.078339
741,204,2026-04-27T21:55:19.323871
741,736,2026-04-27T21:55:19.565168
741,359,2026-04-27T21:55:20.294078
742,444,2026-04-27T21:55:20.876296
742,257,2026-04-27T21:55:21.262403
742,824,2026-04-27T21:55:21.868121
743,686,2026-04-27T21:55:23.498085
743,525,2026-04-27T21:55:24.951197
743,539,2026-04-27T21:55:25.185153
744,210,2026-04-27T21:55:25.964712
744,1005,2026-04-27T21:55:26.472830
744,509,2026-04-27T21:55:26.602925
744,921,2026-04-27T21:55:26.718606
744,181,2026-04-27T21:55:26.835005
744,125,2026-04-27T21:55:27.314528
744,189,2026-04-27T21:55:27.430014
744,378,2026-04-27T21:55:27.550439
744,939,2026-04-27T21:55:27.927310
744,28,2026-04-27T21:55:28.042135
744,169,2026-04-27T21:55:28.412502
745,130,2026-04-27T21:55:31.245140
746,573,2026-04-27T21:55:32.123717
746,816,2026-04-27T21:55:32.405005
746,164,2026-04-27T21:55:32.658876
746,105,2026-04-27T21:55:32.933210
746,96,2026-04-27T21:55:33.040620
746,893,2026-04-27T21:55:33.281652
746,140,2026-04-27T21:55:33.646775
746,166,2026-04-27T21:55:33.767767
746,489,2026-04-27T21:55:33.895915
747,50,2026-04-27T21:55:34.545647
747,226,2026-04-27T21:55:34.918000
748,171,2026-04-27T21:55:37.612701
748,814,2026-04-27T21:55:38.067173
748,856,2026-04-27T21:55:38.195099
748,121,2026-04-27T21:55:38.651637
748,190,2026-04-27T21:55:39.242021
748,583,2026-04-27T21:55:39.709450
749,787,2026-04-27T21:55:40.575728
749,614,2026-04-27T21:55:41.178095
749,891,2026-04-27T21:55:41.787316
749,964,2026-04-27T21:55:42.516267
749,924,2026-04-27T21:55:42.636890
750,453,2026-04-27T21:55:43.288671
750,993,2026-04-27T21:55:43.538232
750,968,2026-04-27T21:55:44.619946
750,761,2026-04-27T21:55:45.441008
750,382,2026-04-27T21:55:45.688361
750,697,2026-04-27T21:55:45.930238
751,537,2026-04-27T21:55:46.349269
751,929,2026-04-27T21:55:46.948406
751,790,2026-04-27T21:55:47.179342
751,939,2026-04-27T21:55:47.296300
751,770,2026-04-27T21:55:48.355942
751,422,2026-04-27T21:55:49.093486
752,429,2026-04-27T21:55:49.272165
752,466,2026-04-27T21:55:49.387519
752,452,2026-04-27T21:55:49.882339
752,590,2026-04-27T21:55:49.992695
752,816,2026-04-27T21:55:50.689556
752,419,2026-04-27T21:55:51.069135
752,204,2026-04-27T21:55:51.442759
753,142,2026-04-27T21:55:52.092588
753,816,2026-04-27T21:55:52.207900
753,619,2026-04-27T21:55:53.167313
753,676,2026-04-27T21:55:53.770186
754,197,2026-04-27T21:55:55.775204
755,813,2026-04-27T21:55:58.023681
755,180,2026-04-27T21:55:58.494742
755,78,2026-04-27T21:55:58.985775
755,300,2026-04-27T21:55:59.336720
755,415,2026-04-27T21:55:59.452082
755,968,2026-04-27T21:55:59.790618
755,928,2026-04-27T21:56:00.032644
756,75,2026-04-27T21:56:00.938624
756,329,2026-04-27T21:56:01.062315
756,143,2026-04-27T21:56:01.288198
756,997,2026-04-27T21:56:01.537603
756,348,2026-04-27T21:56:01.766883
756,322,2026-04-27T21:56:02.233120
756,479,2026-04-27T21:56:02.832927
756,287,2026-04-27T21:56:02.944287
757,129,2026-04-27T21:56:04.061909
757,849,2026-04-27T21:56:04.301176
757,968,2026-04-27T21:56:04.778773
757,760,2026-04-27T21:56:05.147722
757,980,2026-04-27T21:56:05.266431
757,301,2026-04-27T21:56:05.752271
757,663,2026-04-27T21:56:06.103700
758,486,2026-04-27T21:56:06.551025
758,840,2026-04-27T21:56:07.493439
758,332,2026-04-27T21:56:07.723738
758,449,2026-04-27T21:56:07.860255
758,478,2026-04-27T21:56:08.919685
758,307,2026-04-27T21:56:09.044559
759,45,2026-04-27T21:56:12.297796
760,818,2026-04-27T21:56:13.177328
760,263,2026-04-27T21:56:14.323382
761,86,2026-04-27T21:56:16.006160
761,506,2026-04-27T21:56:16.118467
761,480,2026-04-27T21:56:16.368711
761,803,2026-04-27T21:56:17.566343
761,43,2026-04-27T21:56:18.065990
762,785,2026-04-27T21:56:18.696890
762,229,2026-04-27T21:56:19.185391
762,456,2026-04-27T21:56:19.308090
762,444,2026-04-27T21:56:19.567605
762,610,2026-04-27T21:56:20.120409
762,498,2026-04-27T21:56:21.184466
762,312,2026-04-27T21:56:21.316463
763,98,2026-04-27T21:56:22.186712
764,701,2026-04-27T21:56:24.794254
764,596,2026-04-27T21:56:25.893485
765,885,2026-04-27T21:56:27.526640
765,654,2026-04-27T21:56:28.132089
765,667,2026-04-27T21:56:28.256028
765,554,2026-04-27T21:56:29.204782
765,570,2026-04-27T21:56:29.549601
765,855,2026-04-27T21:56:29.908523
766,297,2026-04-27T21:56:30.449833
766,269,2026-04-27T21:56:30.799231
766,927,2026-04-27T21:56:31.171494
766,96,2026-04-27T21:56:31.410383
766,420,2026-04-27T21:56:31.672633
766,986,2026-04-27T21:56:31.797515
766,458,2026-04-27T21:56:31.915260
766,60,2026-04-27T21:56:32.027251
766,243,2026-04-27T21:56:32.270512
767,810,2026-04-27T21:56:35.575309
768,856,2026-04-27T21:56:36.966024
768,136,2026-04-27T21:56:37.083622
768,805,2026-04-27T21:56:37.197876
768,320,2026-04-27T21:56:37.564968
769,808,2026-04-27T21:56:39.609512
769,131,2026-04-27T21:56:40.204114
769,569,2026-04-27T21:56:41.025462
770,478,2026-04-27T21:56:41.443655
770,820,2026-04-27T21:56:41.824897
770,789,2026-04-27T21:56:42.688380
770,462,2026-04-27T21:56:42.912828
770,758,2026-04-27T21:56:43.292318
770,35,2026-04-27T21:56:43.642325
771,503,2026-04-27T21:56:44.487026
771,121,2026-04-27T21:56:45.465594
771,583,2026-04-27T21:56:46.073833
771,1001,2026-04-27T21:56:46.877193
772,181,2026-04-27T21:56:47.797010
772,732,2026-04-27T21:56:48.284540
772,280,2026-04-27T21:56:48.691036
772,128,2026-04-27T21:56:49.192608
773,668,2026-04-27T21:56:52.799050
773,876,2026-04-27T21:56:53.286967
773,448,2026-04-27T21:56:53.522172
773,428,2026-04-27T21:56:53.739159
773,303,2026-04-27T21:56:54.060683
773,213,2026-04-27T21:56:54.535295
773,980,2026-04-27T21:56:54.772770
773,498,2026-04-27T21:56:55.424534
773,145,2026-04-27T21:56:55.738491
774,828,2026-04-27T21:56:59.151873
774,858,2026-04-27T21:56:59.844946
774,963,2026-04-27T21:57:01.424192
775,173,2026-04-27T21:57:02.550958
775,432,2026-04-27T21:57:03.358408
775,927,2026-04-27T21:57:03.578446
775,730,2026-04-27T21:57:05.423862
775,236,2026-04-27T21:57:05.646684
776,35,2026-04-27T21:57:07.210276
776,161,2026-04-27T21:57:08.457705
776,521,2026-04-27T21:57:09.016577
776,592,2026-04-27T21:57:09.574353
776,58,2026-04-27T21:57:10.342234
776,997,2026-04-27T21:57:11.399459
776,1006,2026-04-27T21:57:11.639269
776,82,2026-04-27T21:57:11.858833
777,257,2026-04-27T21:57:12.769585
777,311,2026-04-27T21:57:13.440308
777,764,2026-04-27T21:57:14.114836
777,341,2026-04-27T21:57:14.469559
777,497,2026-04-27T21:57:14.694759
777,467,2026-04-27T21:57:14.977050
777,551,2026-04-27T21:57:15.654109
777,832,2026-04-27T21:57:17.105204
778,580,2026-04-27T21:57:17.669642
778,626,2026-04-27T21:57:18.457588
778,148,2026-04-27T21:57:19.146458
778,28,2026-04-27T21:57:19.366330
778,133,2026-04-27T21:57:19.636988
778,48,2026-04-27T21:57:20.469932
778,785,2026-04-27T21:57:21.222824
778,980,2026-04-27T21:57:21.671838
778,713,2026-04-27T21:57:21.890962
778,294,2026-04-27T21:57:22.220533
778,323,2026-04-27T21:57:22.663013
779,986,2026-04-27T21:57:23.231155
779,117,2026-04-27T21:57:23.657610
779,60,2026-04-27T21:57:25.175077
779,311,2026-04-27T21:57:26.147770
780,157,2026-04-27T21:57:28.424005
780,891,2026-04-27T21:57:28.971002
780,596,2026-04-27T21:57:31.389141
780,366,2026-04-27T21:57:32.086877
780,353,2026-04-27T21:57:33.114827
781,83,2026-04-27T21:57:33.437579
781,854,2026-04-27T21:57:33.681250
782,642,2026-04-27T21:57:39.908786
782,217,2026-04-27T21:57:40.483235
782,90,2026-04-27T21:57:40.917336
782,541,2026-04-27T21:57:41.799582
782,902,2026-04-27T21:57:42.470471
782,253,2026-04-27T21:57:43.262781
783,904,2026-04-27T21:57:44.167194
783,645,2026-04-27T21:57:46.969651
783,36,2026-04-27T21:57:47.416778
783,616,2026-04-27T21:57:47.643687
783,32,2026-04-27T21:57:48.205850
784,978,2026-04-27T21:57:49.900011
784,951,2026-04-27T21:57:51.578679
785,312,2026-04-27T21:57:55.632659
785,214,2026-04-27T21:57:57.960137
786,644,2026-04-27T21:57:59.257694
786,64,2026-04-27T21:57:59.580259
786,38,2026-04-27T21:58:00.251593
786,173,2026-04-27T21:58:00.921743
786,588,2026-04-27T21:58:01.808143
786,107,2026-04-27T21:58:02.257654
786,526,2026-04-27T21:58:02.581611
787,441,2026-04-27T21:58:03.939354
787,688,2026-04-27T21:58:04.393625
787,79,2026-04-27T21:58:04.841924
787,451,2026-04-27T21:58:05.302177
787,346,2026-04-27T21:58:05.752371
787,41,2026-04-27T21:58:06.269065
787,939,2026-04-27T21:58:07.171470
787,338,2026-04-27T21:58:07.404379
787,616,2026-04-27T21:58:07.726541
787,29,2026-04-27T21:58:08.055670
788,164,2026-04-27T21:58:10.207783
788,101,2026-04-27T21:58:11.229854
788,474,2026-04-27T21:58:12.378189
789,962,2026-04-27T21:58:14.833911
789,512,2026-04-27T21:58:16.563082
789,348,2026-04-27T21:58:17.985863
789,949,2026-04-27T21:58:18.206869
789,921,2026-04-27T21:58:19.198758
790,806,2026-04-27T21:58:21.267705
790,640,2026-04-27T21:58:21.513793
790,763,2026-04-27T21:58:21.951840
790,499,2026-04-27T21:58:23.977789
791,287,2026-04-27T21:58:25.344487
791,633,2026-04-27T21:58:26.033341
791,546,2026-04-27T21:58:26.701198
791,349,2026-04-27T21:58:27.243969
792,49,2026-04-27T21:58:30.464972
792,116,2026-04-27T21:58:33.045222
793,145,2026-04-27T21:58:34.507763
793,380,2026-04-27T21:58:34.743649
793,274,2026-04-27T21:58:35.413845
793,535,2026-04-27T21:58:36.634553
793,738,2026-04-27T21:58:37.625196
793,122,2026-04-27T21:58:37.843170
793,522,2026-04-27T21:58:38.298989
793,207,2026-04-27T21:58:38.750274
793,308,2026-04-27T21:58:39.066585
794,167,2026-04-27T21:58:39.848964
794,454,2026-04-27T21:58:40.067693
794,839,2026-04-27T21:58:41.859467
795,505,2026-04-27T21:58:44.742648
795,1016,2026-04-27T21:58:44.967892
795,874,2026-04-27T21:58:47.876783
795,604,2026-04-27T21:58:48.090183
795,175,2026-04-27T21:58:48.943138
795,593,2026-04-27T21:58:49.401994
795,290,2026-04-27T21:58:49.735206
796,285,2026-04-27T21:58:50.651044
796,930,2026-04-27T21:58:50.862055
796,884,2026-04-27T21:58:51.105084
796,337,2026-04-27T21:58:51.647456
796,913,2026-04-27T21:58:51.869419
796,333,2026-04-27T21:58:52.091743
796,475,2026-04-27T21:58:52.321294
796,26,2026-04-27T21:58:52.537083
796,196,2026-04-27T21:58:53.797732
797,905,2026-04-27T21:58:55.254929
797,36,2026-04-27T21:58:55.473866
797,42,2026-04-27T21:58:56.121171
797,852,2026-04-27T21:58:56.560685
797,666,2026-04-27T21:58:57.469903
797,83,2026-04-27T21:58:57.689568
797,856,2026-04-27T21:58:59.365431
797,605,2026-04-27T21:58:59.699434
797,175,2026-04-27T21:59:00.170211
798,663,2026-04-27T21:59:00.725441
798,889,2026-04-27T21:59:03.697904
798,540,2026-04-27T21:59:04.576213
798,453,2026-04-27T21:59:05.335327
798,768,2026-04-27T21:59:05.776880
799,233,2026-04-27T21:59:06.194118
799,434,2026-04-27T21:59:06.908839
799,664,2026-04-27T21:59:07.460001
799,951,2026-04-27T21:59:07.688816
799,262,2026-04-27T21:59:07.911551
799,817,2026-04-27T21:59:10.486552
800,212,2026-04-27T21:59:11.452171
800,556,2026-04-27T21:59:13.046606
800,340,2026-04-27T21:59:13.529667
800,723,2026-04-27T21:59:14.012272
800,747,2026-04-27T21:59:14.249035
801,387,2026-04-27T21:59:17.810858
801,254,2026-04-27T21:59:18.563471
801,637,2026-04-27T21:59:19.444638
801,363,2026-04-27T21:59:19.965408
801,47,2026-04-27T21:59:22.001084
802,226,2026-04-27T21:59:24.604251
802,375,2026-04-27T21:59:25.050310
802,217,2026-04-27T21:59:26.113863
803,483,2026-04-27T21:59:28.156992
803,61,2026-04-27T21:59:28.841693
803,500,2026-04-27T21:59:30.251285
803,396,2026-04-27T21:59:32.380003
803,540,2026-04-27T21:59:32.601829
804,457,2026-04-27T21:59:33.490901
804,601,2026-04-27T21:59:34.251488
804,845,2026-04-27T21:59:34.468734
804,64,2026-04-27T21:59:35.018741
805,790,2026-04-27T21:59:39.221142
805,699,2026-04-27T21:59:40.107331
805,426,2026-04-27T21:59:40.662450
805,703,2026-04-27T21:59:41.142101
805,967,2026-04-27T21:59:41.372013
805,943,2026-04-27T21:59:41.601824
805,902,2026-04-27T21:59:41.931618
806,45,2026-04-27T21:59:43.937646
806,328,2026-04-27T21:59:44.590232
806,854,2026-04-27T21:59:46.155778
806,91,2026-04-27T21:59:46.366900
806,153,2026-04-27T21:59:46.707953
806,113,2026-04-27T21:59:48.424052
807,780,2026-04-27T21:59:50.094776
807,389,2026-04-27T21:59:51.430527
807,405,2026-04-27T21:59:51.651165
807,899,2026-04-27T21:59:52.202394
807,594,2026-04-27T21:59:52.442554
807,535,2026-04-27T21:59:52.909490
807,199,2026-04-27T21:59:53.839709
808,194,2026-04-27T21:59:54.505557
808,913,2026-04-27T21:59:55.651370
808,852,2026-04-27T21:59:55.870046
808,1009,2026-04-27T21:59:56.679365
808,882,2026-04-27T21:59:57.166201
808,190,2026-04-27T21:59:57.945281
809,415,2026-04-27T22:00:00.394417
809,839,2026-04-27T22:00:01.503360
809,844,2026-04-27T22:00:02.280673
809,188,2026-04-27T22:00:03.139960
809,391,2026-04-27T22:00:03.488940
810,478,2026-04-27T22:00:04.931326
810,983,2026-04-27T22:00:07.463038
810,243,2026-04-27T22:00:08.883517
811,74,2026-04-27T22:00:10.497865
811,467,2026-04-27T22:00:11.048963
811,941,2026-04-27T22:00:11.381591
811,705,2026-04-27T22:00:11.819155
811,736,2026-04-27T22:00:12.277518
811,13,2026-04-27T22:00:13.065151
811,65,2026-04-27T22:00:13.298822
811,108,2026-04-27T22:00:13.513624
811,753,2026-04-27T22:00:14.305467
811,945,2026-04-27T22:00:14.630467
811,49,2026-04-27T22:00:14.839541
811,641,2026-04-27T22:00:15.072948
811,11,2026-04-27T22:00:15.290262
812,774,2026-04-27T22:00:16.309367
812,771,2026-04-27T22:00:17.243476
812,228,2026-04-27T22:00:19.027866
812,264,2026-04-27T22:00:19.487114
812,342,2026-04-27T22:00:19.738632
813,867,2026-04-27T22:00:21.578350
813,964,2026-04-27T22:00:22.578473
813,972,2026-04-27T22:00:24.885116
814,416,2026-04-27T22:00:26.169229
814,312,2026-04-27T22:00:26.387547
814,558,2026-04-27T22:00:26.645325
814,336,2026-04-27T22:00:27.187639
814,716,2026-04-27T22:00:28.277526
814,270,2026-04-27T22:00:29.868522
815,784,2026-04-27T22:00:31.197569
815,937,2026-04-27T22:00:31.637978
815,605,2026-04-27T22:00:32.307823
815,188,2026-04-27T22:00:32.639009
815,947,2026-04-27T22:00:32.983213
815,94,2026-04-27T22:00:33.204497
815,831,2026-04-27T22:00:33.442274
815,674,2026-04-27T22:00:34.686632
815,356,2026-04-27T22:00:36.000712
816,995,2026-04-27T22:00:37.009089
816,864,2026-04-27T22:00:38.561620
817,411,2026-04-27T22:00:41.674585
817,596,2026-04-27T22:00:43.335014
817,201,2026-04-27T22:00:44.779236
817,591,2026-04-27T22:00:44.995007
818,812,2026-04-27T22:00:47.700217
818,696,2026-04-27T22:00:48.697748
818,1003,2026-04-27T22:00:49.153331
818,488,2026-04-27T22:00:49.633775
818,867,2026-04-27T22:00:49.849433
818,653,2026-04-27T22:00:50.095444
818,998,2026-04-27T22:00:50.312501
818,865,2026-04-27T22:00:50.659511
819,998,2026-04-27T22:00:52.201879
819,856,2026-04-27T22:00:52.876671
819,673,2026-04-27T22:00:53.111438
819,109,2026-04-27T22:00:55.213389
820,916,2026-04-27T22:00:57.640479
820,615,2026-04-27T22:00:59.283310
820,872,2026-04-27T22:01:00.699026
821,108,2026-04-27T22:01:02.055894
821,350,2026-04-27T22:01:02.514037
821,110,2026-04-27T22:01:04.408098
822,204,2026-04-27T22:01:07.101173
822,655,2026-04-27T22:01:07.429958
822,667,2026-04-27T22:01:08.408806
822,755,2026-04-27T22:01:09.563917
822,987,2026-04-27T22:01:09.890799
822,384,2026-04-27T22:01:10.338646
822,76,2026-04-27T22:01:10.572456
822,970,2026-04-27T22:01:10.793634
822,918,2026-04-27T22:01:11.123468
822,520,2026-04-27T22:01:11.884655
823,498,2026-04-27T22:01:13.896187
823,1009,2026-04-27T22:01:14.132657
823,481,2026-04-27T22:01:15.010010
823,103,2026-04-27T22:01:15.570417
823,606,2026-04-27T22:01:15.793254
823,162,2026-04-27T22:01:16.043347
823,733,2026-04-27T22:01:16.688037
823,783,2026-04-27T22:01:17.160763
823,327,2026-04-27T22:01:17.384938
824,202,2026-04-27T22:01:18.736649
824,343,2026-04-27T22:01:19.929545
824,456,2026-04-27T22:01:20.581246
824,226,2026-04-27T22:01:22.692115
824,459,2026-04-27T22:01:23.150955
825,864,2026-04-27T22:01:25.388352
825,131,2026-04-27T22:01:25.844213
825,599,2026-04-27T22:01:27.118820
825,669,2026-04-27T22:01:27.662115
826,764,2026-04-27T22:01:28.655700
826,294,2026-04-27T22:01:29.344083
826,739,2026-04-27T22:01:31.326570
826,865,2026-04-27T22:01:31.552108
826,412,2026-04-27T22:01:32.009146
826,853,2026-04-27T22:01:32.227151
826,763,2026-04-27T22:01:33.100190
826,225,2026-04-27T22:01:33.309638
827,22,2026-04-27T22:01:35.642174
827,330,2026-04-27T22:01:35.857630
827,86,2026-04-27T22:01:36.091512
827,611,2026-04-27T22:01:36.437167
827,231,2026-04-27T22:01:37.088445
827,977,2026-04-27T22:01:38.315461
828,609,2026-04-27T22:01:39.513584
828,366,2026-04-27T22:01:41.190832
828,377,2026-04-27T22:01:41.977456
828,326,2026-04-27T22:01:42.192775
828,1005,2026-04-27T22:01:43.557395
828,583,2026-04-27T22:01:43.871233
829,529,2026-04-27T22:01:45.069921
829,177,2026-04-27T22:01:45.283252
829,283,2026-04-27T22:01:45.502998
829,99,2026-04-27T22:01:47.167521
829,593,2026-04-27T22:01:48.120405
829,662,2026-04-27T22:01:49.133716
829,111,2026-04-27T22:01:49.345730
829,63,2026-04-27T22:01:49.801705
830,394,2026-04-27T22:01:50.575860
830,408,2026-04-27T22:01:51.233123
830,255,2026-04-27T22:01:51.710956
830,18,2026-04-27T22:01:51.931602
830,724,2026-04-27T22:01:53.179728
830,544,2026-04-27T22:01:53.408366
830,216,2026-04-27T22:01:54.299508
830,253,2026-04-27T22:01:54.739139
831,439,2026-04-27T22:01:55.990541
831,806,2026-04-27T22:01:57.098811
831,848,2026-04-27T22:01:58.683392
832,880,2026-04-27T22:02:02.489204
832,394,2026-04-27T22:02:03.497697
832,412,2026-04-27T22:02:03.936577
832,108,2026-04-27T22:02:04.372649
832,250,2026-04-27T22:02:04.697368
832,719,2026-04-27T22:02:04.913965
832,43,2026-04-27T22:02:05.460697
832,410,2026-04-27T22:02:06.012594
832,132,2026-04-27T22:02:06.552110
833,649,2026-04-27T22:02:07.341875
833,788,2026-04-27T22:02:07.999249
833,990,2026-04-27T22:02:08.551620
833,138,2026-04-27T22:02:08.802775
833,696,2026-04-27T22:02:10.036545
833,603,2026-04-27T22:02:10.934638
833,150,2026-04-27T22:02:11.159177
833,66,2026-04-27T22:02:11.681598
834,647,2026-04-27T22:02:12.059225
834,132,2026-04-27T22:02:13.019971
834,815,2026-04-27T22:02:13.744033
834,983,2026-04-27T22:02:15.299898
834,686,2026-04-27T22:02:16.118700
834,130,2026-04-27T22:02:16.341289
834,472,2026-04-27T22:02:16.561363
835,751,2026-04-27T22:02:17.540313
835,376,2026-04-27T22:02:17.761010
835,180,2026-04-27T22:02:18.306693
835,392,2026-04-27T22:02:18.536224
835,940,2026-04-27T22:02:19.732796
835,982,2026-04-27T22:02:20.301935
835,84,2026-04-27T22:02:20.680300
835,127,2026-04-27T22:02:21.334230
835,290,2026-04-27T22:02:21.658174
835,383,2026-04-27T22:02:22.012849
835,216,2026-04-27T22:02:22.805709
836,21,2026-04-27T22:02:23.246371
836,556,2026-04-27T22:02:24.812134
836,508,2026-04-27T22:02:26.032263
836,737,2026-04-27T22:02:26.365259
836,234,2026-04-27T22:02:27.654136
836,829,2026-04-27T22:02:28.074585
836,394,2026-04-27T22:02:28.634765
837,144,2026-04-27T22:02:29.883402
837,525,2026-04-27T22:02:33.075298
838,132,2026-04-27T22:02:34.775989
838,170,2026-04-27T22:02:35.888740
838,967,2026-04-27T22:02:38.046120
838,312,2026-04-27T22:02:38.259732
838,695,2026-04-27T22:02:38.477580
838,99,2026-04-27T22:02:38.702174
838,281,2026-04-27T22:02:39.151014
839,329,2026-04-27T22:02:40.255824
840,640,2026-04-27T22:02:45.334689
840,641,2026-04-27T22:02:48.048485
840,602,2026-04-27T22:02:56.144230
841,816,2026-04-27T22:02:57.222269
841,256,2026-04-27T22:02:57.811201
841,640,2026-04-27T22:02:59.266652
841,395,2026-04-27T22:03:00.117254
841,1008,2026-04-27T22:03:00.402696
841,1019,2026-04-27T22:03:00.834612
842,15,2026-04-27T22:03:01.879557
842,936,2026-04-27T22:03:02.198628
842,790,2026-04-27T22:03:02.490941
842,394,2026-04-27T22:03:02.785241
842,424,2026-04-27T22:03:03.724460
842,388,2026-04-27T22:03:04.533729
843,891,2026-04-27T22:03:05.643783
843,79,2026-04-27T22:03:06.002549
843,48,2026-04-27T22:03:06.155760
843,795,2026-04-27T22:03:07.102683
843,606,2026-04-27T22:03:07.389252
843,703,2026-04-27T22:03:07.789753
844,766,2026-04-27T22:03:08.692188
844,951,2026-04-27T22:03:09.188902
844,529,2026-04-27T22:03:09.419454
844,795,2026-04-27T22:03:09.531609
844,384,2026-04-27T22:03:09.888830
844,218,2026-04-27T22:03:10.005683
844,1003,2026-04-27T22:03:10.254999
844,893,2026-04-27T22:03:10.391016
844,756,2026-04-27T22:03:10.640114
845,92,2026-04-27T22:03:11.182979
845,912,2026-04-27T22:03:11.298357
845,212,2026-04-27T22:03:11.444094
845,36,2026-04-27T22:03:12.199674
846,38,2026-04-27T22:03:13.569721
846,694,2026-04-27T22:03:13.688942
846,278,2026-04-27T22:03:14.179387
846,879,2026-04-27T22:03:14.323877
846,1004,2026-04-27T22:03:14.698543
846,239,2026-04-27T22:03:14.814724
846,859,2026-04-27T22:03:15.160477
846,645,2026-04-27T22:03:15.625509
846,918,2026-04-27T22:03:15.991709
846,68,2026-04-27T22:03:16.250099
847,293,2026-04-27T22:03:16.661058
847,369,2026-04-27T22:03:17.776037
847,756,2026-04-27T22:03:19.075982
848,506,2026-04-27T22:03:20.524674
848,940,2026-04-27T22:03:20.673250
848,971,2026-04-27T22:03:21.083853
848,267,2026-04-27T22:03:21.867603
848,463,2026-04-27T22:03:22.744943
848,640,2026-04-27T22:03:22.984206
848,863,2026-04-27T22:03:23.276409
849,158,2026-04-27T22:03:24.255519
849,947,2026-04-27T22:03:24.424915
849,566,2026-04-27T22:03:26.833423
850,400,2026-04-27T22:03:27.901606
850,992,2026-04-27T22:03:28.694432
850,778,2026-04-27T22:03:29.452661
850,58,2026-04-27T22:03:29.575961
850,688,2026-04-27T22:03:29.696821
850,82,2026-04-27T22:03:29.948422
851,186,2026-04-27T22:03:30.757145
851,504,2026-04-27T22:03:32.822696
852,865,2026-04-27T22:03:33.831673
852,110,2026-04-27T22:03:34.084697
852,622,2026-04-27T22:03:34.447459
852,961,2026-04-27T22:03:34.816249
852,102,2026-04-27T22:03:35.429119
852,340,2026-04-27T22:03:35.901963
853,533,2026-04-27T22:03:36.450614
853,88,2026-04-27T22:03:36.674606
853,921,2026-04-27T22:03:36.790186
853,325,2026-04-27T22:03:36.923357
853,259,2026-04-27T22:03:37.149528
853,563,2026-04-27T22:03:37.526640
853,100,2026-04-27T22:03:38.000355
853,194,2026-04-27T22:03:38.234658
853,251,2026-04-27T22:03:38.708631
854,859,2026-04-27T22:03:39.638042
854,830,2026-04-27T22:03:41.193557
854,160,2026-04-27T22:03:41.806767
855,330,2026-04-27T22:03:42.484971
855,43,2026-04-27T22:03:42.845506
855,791,2026-04-27T22:03:43.543697
855,844,2026-04-27T22:03:44.111971
856,960,2026-04-27T22:03:44.896878
856,724,2026-04-27T22:03:46.076311
856,33,2026-04-27T22:03:46.441631
856,651,2026-04-27T22:03:47.040641
856,521,2026-04-27T22:03:47.154595
857,711,2026-04-27T22:03:49.400565
858,674,2026-04-27T22:03:50.702427
858,295,2026-04-27T22:03:50.837158
858,941,2026-04-27T22:03:51.214166
858,981,2026-04-27T22:03:51.327961
858,348,2026-04-27T22:03:51.466834
858,487,2026-04-27T22:03:51.956038
858,190,2026-04-27T22:03:52.792395
858,558,2026-04-27T22:03:52.909230
859,586,2026-04-27T22:03:55.228720
859,546,2026-04-27T22:03:55.802901
860,819,2026-04-27T22:03:56.962434
860,266,2026-04-27T22:03:57.079937
860,389,2026-04-27T22:03:58.073424
860,991,2026-04-27T22:03:58.305145
860,64,2026-04-27T22:03:59.135457
861,849,2026-04-27T22:03:59.664438
861,633,2026-04-27T22:04:00.105297
861,289,2026-04-27T22:04:00.257652
861,199,2026-04-27T22:04:00.410917
861,733,2026-04-27T22:04:00.677095
861,358,2026-04-27T22:04:00.833317
861,1017,2026-04-27T22:04:01.104072
861,953,2026-04-27T22:04:02.662852
862,880,2026-04-27T22:04:02.883111
862,927,2026-04-27T22:04:03.910926
862,1003,2026-04-27T22:04:04.412192
862,601,2026-04-27T22:04:04.898829
863,553,2026-04-27T22:04:06.044671
863,527,2026-04-27T22:04:06.551270
863,277,2026-04-27T22:04:06.686082
864,429,2026-04-27T22:04:09.172891
864,32,2026-04-27T22:04:09.412812
864,579,2026-04-27T22:04:09.674049
864,976,2026-04-27T22:04:09.804079
864,993,2026-04-27T22:04:09.921754
864,159,2026-04-27T22:04:10.658846
864,469,2026-04-27T22:04:11.368242
864,292,2026-04-27T22:04:11.610555
865,999,2026-04-27T22:04:12.028105
865,1009,2026-04-27T22:04:12.162194
865,181,2026-04-27T22:04:12.849708
865,692,2026-04-27T22:04:13.106486
866,414,2026-04-27T22:04:15.113451
866,694,2026-04-27T22:04:15.358888
866,577,2026-04-27T22:04:16.115389
866,677,2026-04-27T22:04:16.248194
866,84,2026-04-27T22:04:16.508690
867,626,2026-04-27T22:04:17.990301
867,276,2026-04-27T22:04:18.702311
867,469,2026-04-27T22:04:19.173906
867,926,2026-04-27T22:04:19.444478
867,793,2026-04-27T22:04:20.513297
868,244,2026-04-27T22:04:21.112742
868,474,2026-04-27T22:04:21.700454
868,809,2026-04-27T22:04:21.937437
868,688,2026-04-27T22:04:22.427299
868,790,2026-04-27T22:04:23.137145
868,497,2026-04-27T22:04:23.853886
868,634,2026-04-27T22:04:23.990812
869,788,2026-04-27T22:04:24.541000
869,86,2026-04-27T22:04:24.716894
869,924,2026-04-27T22:04:24.851802
869,571,2026-04-27T22:04:25.328870
869,726,2026-04-27T22:04:25.446536
869,464,2026-04-27T22:04:25.693597
869,879,2026-04-27T22:04:26.044353
869,583,2026-04-27T22:04:26.517367
869,651,2026-04-27T22:04:26.757564
869,455,2026-04-27T22:04:26.885668
869,443,2026-04-27T22:04:27.240372
870,934,2026-04-27T22:04:27.758415
870,255,2026-04-27T22:04:27.884005
870,58,2026-04-27T22:04:28.014901
870,431,2026-04-27T22:04:28.136265
870,656,2026-04-27T22:04:28.252053
870,608,2026-04-27T22:04:29.144711
871,887,2026-04-27T22:04:30.345007
871,433,2026-04-27T22:04:30.723798
871,320,2026-04-27T22:04:32.865292
872,980,2026-04-27T22:04:34.755169
874,913,2026-04-27T22:04:39.722358
874,463,2026-04-27T22:04:40.918652
874,949,2026-04-27T22:04:41.291879
874,895,2026-04-27T22:04:41.695287
875,620,2026-04-27T22:04:42.285654
875,949,2026-04-27T22:04:42.426161
875,911,2026-04-27T22:04:43.172116
875,29,2026-04-27T22:04:44.523357
875,79,2026-04-27T22:04:44.641334
876,600,2026-04-27T22:04:45.080917
876,308,2026-04-27T22:04:45.780424
876,529,2026-04-27T22:04:46.033304
876,544,2026-04-27T22:04:46.391299
876,540,2026-04-27T22:04:46.514885
877,598,2026-04-27T22:04:48.672982
877,720,2026-04-27T22:04:48.796052
877,29,2026-04-27T22:04:49.634273
877,52,2026-04-27T22:04:49.758431
878,641,2026-04-27T22:04:50.308450
878,670,2026-04-27T22:04:50.704716
878,672,2026-04-27T22:04:50.824029
878,358,2026-04-27T22:04:51.827915
878,81,2026-04-27T22:04:52.168187
878,528,2026-04-27T22:04:52.411168
878,270,2026-04-27T22:04:52.569872
878,355,2026-04-27T22:04:52.811332
879,1005,2026-04-27T22:04:53.122917
879,414,2026-04-27T22:04:53.367232
879,856,2026-04-27T22:04:53.856286
879,892,2026-04-27T22:04:54.200679
880,71,2026-04-27T22:04:56.430251
880,63,2026-04-27T22:04:56.785478
880,126,2026-04-27T22:04:56.900801
880,690,2026-04-27T22:04:58.005285
880,849,2026-04-27T22:04:58.125108
880,564,2026-04-27T22:04:58.728984
881,689,2026-04-27T22:04:59.770842
881,845,2026-04-27T22:05:00.380341
881,601,2026-04-27T22:05:01.150605
881,699,2026-04-27T22:05:01.510191
882,560,2026-04-27T22:05:01.833860
882,803,2026-04-27T22:05:02.067500
882,896,2026-04-27T22:05:02.433703
882,887,2026-04-27T22:05:03.759212
882,751,2026-04-27T22:05:04.742611
883,575,2026-04-27T22:05:05.145465
883,594,2026-04-27T22:05:05.403043
883,538,2026-04-27T22:05:05.635275
883,213,2026-04-27T22:05:05.879115
883,693,2026-04-27T22:05:06.121953
883,108,2026-04-27T22:05:06.246742
883,508,2026-04-27T22:05:06.369539
883,742,2026-04-27T22:05:06.604308
883,179,2026-04-27T22:05:07.000746
883,942,2026-04-27T22:05:07.383488
883,690,2026-04-27T22:05:07.873899
884,1007,2026-04-27T22:05:08.173201
884,836,2026-04-27T22:05:08.647349
884,186,2026-04-27T22:05:08.904810
884,632,2026-04-27T22:05:09.532666
884,822,2026-04-27T22:05:10.262089
885,85,2026-04-27T22:05:10.575818
885,340,2026-04-27T22:05:10.810360
885,444,2026-04-27T22:05:12.159660
885,858,2026-04-27T22:05:12.294246
885,356,2026-04-27T22:05:13.044068
885,637,2026-04-27T22:05:13.274937
886,100,2026-04-27T22:05:13.454260
886,146,2026-04-27T22:05:14.292436
886,180,2026-04-27T22:05:14.791412
886,421,2026-04-27T22:05:14.910618
886,533,2026-04-27T22:05:15.253663
886,601,2026-04-27T22:05:15.618610
886,27,2026-04-27T22:05:16.245755
887,79,2026-04-27T22:05:16.422441
887,280,2026-04-27T22:05:17.271023
887,88,2026-04-27T22:05:17.628728
888,480,2026-04-27T22:05:20.531206
888,471,2026-04-27T22:05:20.942306
888,751,2026-04-27T22:05:21.689691
888,843,2026-04-27T22:05:21.926169
889,1018,2026-04-27T22:05:22.479032
889,123,2026-04-27T22:05:22.593244
889,687,2026-04-27T22:05:22.709707
889,452,2026-04-27T22:05:23.085653
889,182,2026-04-27T22:05:23.338785
889,899,2026-04-27T22:05:23.586492
889,720,2026-04-27T22:05:24.215696
889,943,2026-04-27T22:05:24.586935
889,449,2026-04-27T22:05:24.843622
890,645,2026-04-27T22:05:25.599042
890,30,2026-04-27T22:05:25.962926
890,421,2026-04-27T22:05:26.213932
890,319,2026-04-27T22:05:26.591698
890,123,2026-04-27T22:05:27.596003
891,537,2026-04-27T22:05:28.033473
891,129,2026-04-27T22:05:28.772361
891,978,2026-04-27T22:05:28.882059
891,505,2026-04-27T22:05:29.019247
891,303,2026-04-27T22:05:29.281126
891,440,2026-04-27T22:05:29.394236
891,458,2026-04-27T22:05:29.524111
891,674,2026-04-27T22:05:30.107323
891,839,2026-04-27T22:05:30.496378
892,390,2026-04-27T22:05:31.031504
892,92,2026-04-27T22:05:31.145342
892,711,2026-04-27T22:05:31.870360
892,695,2026-04-27T22:05:32.000419
892,342,2026-04-27T22:05:32.127931
892,131,2026-04-27T22:05:32.740863
893,490,2026-04-27T22:05:34.026151
893,125,2026-04-27T22:05:34.140567
893,418,2026-04-27T22:05:34.262672
893,64,2026-04-27T22:05:35.387336
893,160,2026-04-27T22:05:35.872729
893,150,2026-04-27T22:05:36.044800
893,245,2026-04-27T22:05:36.166048
894,669,2026-04-27T22:05:36.818098
894,447,2026-04-27T22:05:37.056881
894,950,2026-04-27T22:05:37.297781
894,874,2026-04-27T22:05:37.523097
894,918,2026-04-27T22:05:37.762700
894,1014,2026-04-27T22:05:38.947348
894,652,2026-04-27T22:05:39.203588
895,654,2026-04-27T22:05:39.744087
895,406,2026-04-27T22:05:39.867254
895,695,2026-04-27T22:05:40.704923
895,278,2026-04-27T22:05:41.072055
895,509,2026-04-27T22:05:41.199413
895,155,2026-04-27T22:05:41.437053
895,498,2026-04-27T22:05:41.790830
895,678,2026-04-27T22:05:42.250189
896,322,2026-04-27T22:05:42.808935
896,552,2026-04-27T22:05:43.518025
896,901,2026-04-27T22:05:43.746144
896,685,2026-04-27T22:05:43.859532
896,816,2026-04-27T22:05:44.088178
896,64,2026-04-27T22:05:44.214402
896,175,2026-04-27T22:05:44.447663
897,691,2026-04-27T22:05:45.645106
897,491,2026-04-27T22:05:46.021040
897,836,2026-04-27T22:05:46.648606
897,493,2026-04-27T22:05:47.132981
897,290,2026-04-27T22:05:47.252233
897,421,2026-04-27T22:05:47.716311
897,475,2026-04-27T22:05:47.832899
898,74,2026-04-27T22:05:48.514188
898,195,2026-04-27T22:05:49.458277
898,521,2026-04-27T22:05:50.216891
898,609,2026-04-27T22:05:50.338274
898,868,2026-04-27T22:05:50.692448
899,247,2026-04-27T22:05:51.216895
899,403,2026-04-27T22:05:51.699076
899,661,2026-04-27T22:05:52.688544
899,282,2026-04-27T22:05:53.603766
899,985,2026-04-27T22:05:54.082006
900,280,2026-04-27T22:05:54.614044
900,777,2026-04-27T22:05:55.577071
900,648,2026-04-27T22:05:55.916733
900,215,2026-04-27T22:05:56.754572
901,67,2026-04-27T22:05:58.038011
901,503,2026-04-27T22:05:58.303078
901,862,2026-04-27T22:05:58.647805
901,451,2026-04-27T22:05:58.773750
901,595,2026-04-27T22:05:59.141283
902,866,2026-04-27T22:06:00.757002
902,473,2026-04-27T22:06:00.870148
902,983,2026-04-27T22:06:01.116057
902,725,2026-04-27T22:06:01.724967
902,958,2026-04-27T22:06:02.099483
902,403,2026-04-27T22:06:02.709144
903,689,2026-04-27T22:06:03.710384
903,113,2026-04-27T22:06:04.726955
903,989,2026-04-27T22:06:05.193586
904,23,2026-04-27T22:06:06.835890
904,692,2026-04-27T22:06:07.222269
904,824,2026-04-27T22:06:07.694832
904,260,2026-04-27T22:06:08.657171
905,800,2026-04-27T22:06:09.422856
905,36,2026-04-27T22:06:09.535042
905,538,2026-04-27T22:06:09.767390
905,415,2026-04-27T22:06:10.382805
905,775,2026-04-27T22:06:10.951816
905,15,2026-04-27T22:06:11.415895
905,461,2026-04-27T22:06:11.538225
906,498,2026-04-27T22:06:12.053524
906,618,2026-04-27T22:06:12.174587
906,864,2026-04-27T22:06:12.301802
906,923,2026-04-27T22:06:13.034063
906,919,2026-04-27T22:06:13.410392
906,963,2026-04-27T22:06:13.650633
906,495,2026-04-27T22:06:13.771456
906,369,2026-04-27T22:06:14.131453
907,559,2026-04-27T22:06:14.563052
907,716,2026-04-27T22:06:14.923051
907,649,2026-04-27T22:06:15.036185
907,33,2026-04-27T22:06:15.146955
907,818,2026-04-27T22:06:15.748584
907,879,2026-04-27T22:06:16.127189
907,699,2026-04-27T22:06:16.730140
907,13,2026-04-27T22:06:16.846972
908,588,2026-04-27T22:06:17.609494
908,43,2026-04-27T22:06:18.792969
908,134,2026-04-27T22:06:20.453994
909,251,2026-04-27T22:06:21.368099
909,599,2026-04-27T22:06:22.235084
909,536,2026-04-27T22:06:22.475011
909,186,2026-04-27T22:06:23.188049
910,367,2026-04-27T22:06:24.090970
910,191,2026-04-27T22:06:25.452098
910,197,2026-04-27T22:06:25.801472
910,674,2026-04-27T22:06:26.159259
910,271,2026-04-27T22:06:26.392860
911,620,2026-04-27T22:06:27.969067
911,92,2026-04-27T22:06:28.093113
911,680,2026-04-27T22:06:28.838048
912,906,2026-04-27T22:06:29.959200
912,631,2026-04-27T22:06:30.316282
912,753,2026-04-27T22:06:30.437001
912,24,2026-04-27T22:06:30.560301
912,836,2026-04-27T22:06:30.799917
912,532,2026-04-27T22:06:31.025188
912,1018,2026-04-27T22:06:31.771218
912,648,2026-04-27T22:06:31.882492
912,35,2026-04-27T22:06:31.993963
912,457,2026-04-27T22:06:32.112789
913,485,2026-04-27T22:06:33.599396
913,868,2026-04-27T22:06:33.948078
913,887,2026-04-27T22:06:34.189053
913,858,2026-04-27T22:06:34.557567
913,640,2026-04-27T22:06:34.822742
914,795,2026-04-27T22:06:36.098993
914,531,2026-04-27T22:06:36.938716
914,401,2026-04-27T22:06:37.423246
915,556,2026-04-27T22:06:38.732327
915,311,2026-04-27T22:06:38.990543
915,635,2026-04-27T22:06:39.236075
915,904,2026-04-27T22:06:39.724449
915,586,2026-04-27T22:06:39.858024
915,523,2026-04-27T22:06:40.099618
915,931,2026-04-27T22:06:40.219279
915,660,2026-04-27T22:06:40.354463
915,400,2026-04-27T22:06:40.835832
916,739,2026-04-27T22:06:41.141380
916,679,2026-04-27T22:06:41.759316
916,535,2026-04-27T22:06:42.743940
917,925,2026-04-27T22:06:44.125007
917,121,2026-04-27T22:06:45.320792
917,51,2026-04-27T22:06:45.436203
918,656,2026-04-27T22:06:47.374962
918,723,2026-04-27T22:06:48.734768
918,225,2026-04-27T22:06:49.819489
919,753,2026-04-27T22:06:50.622447
919,1007,2026-04-27T22:06:50.872357
919,343,2026-04-27T22:06:50.987823
919,399,2026-04-27T22:06:51.343796
919,941,2026-04-27T22:06:51.960146
919,990,2026-04-27T22:06:52.442083
919,740,2026-04-27T22:06:52.569436
920,542,2026-04-27T22:06:53.942859
920,222,2026-04-27T22:06:54.297489
920,998,2026-04-27T22:06:54.924103
920,289,2026-04-27T22:06:56.179877
921,227,2026-04-27T22:06:56.353879
921,984,2026-04-27T22:06:56.475297
921,568,2026-04-27T22:06:56.587410
921,751,2026-04-27T22:06:56.717716
921,987,2026-04-27T22:06:57.542136
921,810,2026-04-27T22:06:57.919705
922,797,2026-04-27T22:06:59.162952
922,160,2026-04-27T22:06:59.280069
922,141,2026-04-27T22:06:59.404029
922,313,2026-04-27T22:07:00.021284
922,866,2026-04-27T22:07:00.410320
922,134,2026-04-27T22:07:01.177528
922,583,2026-04-27T22:07:02.451819
922,429,2026-04-27T22:07:02.691978
922,342,2026-04-27T22:07:03.252143
923,894,2026-04-27T22:07:04.244512
923,695,2026-04-27T22:07:04.482953
923,521,2026-04-27T22:07:05.057543
923,226,2026-04-27T22:07:05.615995
923,271,2026-04-27T22:07:06.188017
923,953,2026-04-27T22:07:06.642395
923,599,2026-04-27T22:07:06.905796
923,808,2026-04-27T22:07:07.797844
923,829,2026-04-27T22:07:08.027290
924,57,2026-04-27T22:07:09.167065
924,164,2026-04-27T22:07:09.492529
924,294,2026-04-27T22:07:10.880362
924,176,2026-04-27T22:07:11.552700
925,202,2026-04-27T22:07:14.246895
925,945,2026-04-27T22:07:14.476055
925,1001,2026-04-27T22:07:14.737850
925,614,2026-04-27T22:07:15.533959
925,611,2026-04-27T22:07:15.853036
925,590,2026-04-27T22:07:16.628786
925,718,2026-04-27T22:07:17.177892
925,644,2026-04-27T22:07:17.403904
925,681,2026-04-27T22:07:17.624233
926,894,2026-04-27T22:07:18.989809
926,556,2026-04-27T22:07:19.207145
926,672,2026-04-27T22:07:19.443275
926,30,2026-04-27T22:07:20.356097
926,20,2026-04-27T22:07:21.510664
927,503,2026-04-27T22:07:23.964682
927,228,2026-04-27T22:07:24.878577
927,973,2026-04-27T22:07:25.139144
927,892,2026-04-27T22:07:25.921524
927,760,2026-04-27T22:07:26.249956
927,128,2026-04-27T22:07:28.500689
928,417,2026-04-27T22:07:29.047991
928,134,2026-04-27T22:07:29.286909
928,94,2026-04-27T22:07:32.063168
928,426,2026-04-27T22:07:32.814361
929,947,2026-04-27T22:07:35.100432
929,622,2026-04-27T22:07:37.525042
929,18,2026-04-27T22:07:37.980759
929,579,2026-04-27T22:07:38.204349
930,464,2026-04-27T22:07:40.367166
930,827,2026-04-27T22:07:41.047037
930,639,2026-04-27T22:07:41.558233
930,620,2026-04-27T22:07:42.610094
930,490,2026-04-27T22:07:42.844018
930,649,2026-04-27T22:07:43.080161
930,359,2026-04-27T22:07:43.575525
930,661,2026-04-27T22:07:43.838714
931,192,2026-04-27T22:07:45.755293
931,795,2026-04-27T22:07:47.584022
931,475,2026-04-27T22:07:48.143303
931,394,2026-04-27T22:07:48.381452
932,414,2026-04-27T22:07:49.754036
932,511,2026-04-27T22:07:50.412112
932,397,2026-04-27T22:07:51.071828
932,271,2026-04-27T22:07:52.422203
932,854,2026-04-27T22:07:53.089991
932,292,2026-04-27T22:07:53.310422
933,545,2026-04-27T22:07:55.430102
933,867,2026-04-27T22:07:55.888158
933,858,2026-04-27T22:07:56.235095
933,302,2026-04-27T22:07:56.977486
933,223,2026-04-27T22:07:57.414390
933,437,2026-04-27T22:07:58.098934
933,446,2026-04-27T22:07:58.670909
934,925,2026-04-27T22:07:59.676624
934,572,2026-04-27T22:08:00.235577
934,143,2026-04-27T22:08:02.035024
934,468,2026-04-27T22:08:02.278850
934,650,2026-04-27T22:08:02.498356
935,865,2026-04-27T22:08:04.679283
935,499,2026-04-27T22:08:05.796799
935,942,2026-04-27T22:08:06.301066
935,636,2026-04-27T22:08:06.732063
935,641,2026-04-27T22:08:07.750921
935,272,2026-04-27T22:08:09.086119
935,549,2026-04-27T22:08:09.330101
936,59,2026-04-27T22:08:09.983232
936,510,2026-04-27T22:08:10.313043
936,565,2026-04-27T22:08:10.444858
936,451,2026-04-27T22:08:11.001910
936,1006,2026-04-27T22:08:11.293103
936,43,2026-04-27T22:08:12.186519
936,284,2026-04-27T22:08:12.322770
936,490,2026-04-27T22:08:12.451654
937,636,2026-04-27T22:08:13.373924
937,893,2026-04-27T22:08:13.600977
937,877,2026-04-27T22:08:14.689406
937,916,2026-04-27T22:08:15.050809
937,397,2026-04-27T22:08:15.843597
937,588,2026-04-27T22:08:15.957193
938,983,2026-04-27T22:08:16.135671
938,690,2026-04-27T22:08:17.105722
938,48,2026-04-27T22:08:18.667824
938,516,2026-04-27T22:08:18.793644
939,473,2026-04-27T22:08:19.567145
939,588,2026-04-27T22:08:19.836457
939,329,2026-04-27T22:08:20.238655
939,826,2026-04-27T22:08:20.646558
939,414,2026-04-27T22:08:21.057419
939,714,2026-04-27T22:08:21.190815
939,784,2026-04-27T22:08:21.313951
939,255,2026-04-27T22:08:21.689049
940,379,2026-04-27T22:08:22.264452
940,40,2026-04-27T22:08:23.549239
941,257,2026-04-27T22:08:24.910434
941,268,2026-04-27T22:08:25.159855
941,830,2026-04-27T22:08:25.775251
941,238,2026-04-27T22:08:25.906101
941,385,2026-04-27T22:08:26.140524
941,724,2026-04-27T22:08:26.611736
941,998,2026-04-27T22:08:26.861366
941,455,2026-04-27T22:08:27.426560
942,757,2026-04-27T22:08:27.794915
942,819,2026-04-27T22:08:29.141743
942,540,2026-04-27T22:08:29.273343
942,946,2026-04-27T22:08:30.110795
943,212,2026-04-27T22:08:30.405093
943,383,2026-04-27T22:08:30.707535
943,214,2026-04-27T22:08:30.821812
943,527,2026-04-27T22:08:31.319457
943,532,2026-04-27T22:08:31.438279
943,508,2026-04-27T22:08:31.945113
943,336,2026-04-27T22:08:32.655030
943,692,2026-04-27T22:08:32.771451
944,159,2026-04-27T22:08:33.555810
944,314,2026-04-27T22:08:34.027264
944,279,2026-04-27T22:08:34.510216
944,751,2026-04-27T22:08:35.407819
945,892,2026-04-27T22:08:35.938757
945,41,2026-04-27T22:08:37.785609
945,873,2026-04-27T22:08:38.038075
945,495,2026-04-27T22:08:38.286160
946,186,2026-04-27T22:08:39.387306
946,208,2026-04-27T22:08:39.747268
946,351,2026-04-27T22:08:40.476139
946,753,2026-04-27T22:08:40.611714
946,915,2026-04-27T22:08:40.740557
946,275,2026-04-27T22:08:40.860698
947,107,2026-04-27T22:08:41.906640
947,339,2026-04-27T22:08:42.733555
947,356,2026-04-27T22:08:42.867185
948,88,2026-04-27T22:08:44.614295
948,638,2026-04-27T22:08:44.865275
948,281,2026-04-27T22:08:44.991810
948,728,2026-04-27T22:08:45.823470
948,174,2026-04-27T22:08:46.053991
948,248,2026-04-27T22:08:46.170086
948,647,2026-04-27T22:08:46.293009
948,878,2026-04-27T22:08:47.183809
948,366,2026-04-27T22:08:47.295400
949,676,2026-04-27T22:08:47.723458
949,299,2026-04-27T22:08:48.176317
949,195,2026-04-27T22:08:48.427076
949,74,2026-04-27T22:08:48.920624
949,67,2026-04-27T22:08:49.186722
949,140,2026-04-27T22:08:49.302138
949,96,2026-04-27T22:08:49.422074
949,189,2026-04-27T22:08:49.672858
949,150,2026-04-27T22:08:49.799464
949,136,2026-04-27T22:08:50.154810
950,80,2026-04-27T22:08:50.567623
950,84,2026-04-27T22:08:50.838264
950,601,2026-04-27T22:08:51.309829
950,424,2026-04-27T22:08:52.956826
951,353,2026-04-27T22:08:53.524953
951,772,2026-04-27T22:08:54.862455
951,249,2026-04-27T22:08:55.112443
952,992,2026-04-27T22:08:55.894913
952,420,2026-04-27T22:08:57.596987
952,30,2026-04-27T22:08:58.681426
953,409,2026-04-27T22:08:58.855821
953,746,2026-04-27T22:08:58.999747
953,594,2026-04-27T22:08:59.742582
953,404,2026-04-27T22:08:59.850254
953,581,2026-04-27T22:08:59.965233
953,354,2026-04-27T22:09:00.572277
953,848,2026-04-27T22:09:00.701698
953,234,2026-04-27T22:09:00.838096
953,889,2026-04-27T22:09:00.957182
954,485,2026-04-27T22:09:02.645262
954,256,2026-04-27T22:09:02.767783
954,563,2026-04-27T22:09:02.883835
954,654,2026-04-27T22:09:03.376874
954,93,2026-04-27T22:09:03.603082
955,648,2026-04-27T22:09:05.935100
955,954,2026-04-27T22:09:06.523601
955,417,2026-04-27T22:09:06.762163
956,468,2026-04-27T22:09:08.127216
956,870,2026-04-27T22:09:08.238861
956,558,2026-04-27T22:09:08.742504
957,462,2026-04-27T22:09:10.404975
957,470,2026-04-27T22:09:10.571914
957,102,2026-04-27T22:09:11.073856
957,365,2026-04-27T22:09:11.222795
957,292,2026-04-27T22:09:11.609400
957,649,2026-04-27T22:09:12.690336
957,377,2026-04-27T22:09:13.318162
958,707,2026-04-27T22:09:13.505840
958,28,2026-04-27T22:09:13.873913
958,708,2026-04-27T22:09:14.616696
958,235,2026-04-27T22:09:15.836685
959,974,2026-04-27T22:09:16.731950
959,122,2026-04-27T22:09:17.473864
959,1017,2026-04-27T22:09:17.595333
959,236,2026-04-27T22:09:18.329046
959,85,2026-04-27T22:09:19.069378
959,59,2026-04-27T22:09:19.781899
960,251,2026-04-27T22:09:20.127985
960,681,2026-04-27T22:09:20.660587
960,534,2026-04-27T22:09:21.980034
960,115,2026-04-27T22:09:22.467418
961,195,2026-04-27T22:09:22.868390
961,687,2026-04-27T22:09:22.991920
961,464,2026-04-27T22:09:23.124677
961,843,2026-04-27T22:09:23.234365
961,261,2026-04-27T22:09:23.589226
961,188,2026-04-27T22:09:24.603749
961,935,2026-04-27T22:09:25.426195
962,1003,2026-04-27T22:09:26.232047
962,822,2026-04-27T22:09:26.715198
962,909,2026-04-27T22:09:26.825755
962,880,2026-04-27T22:09:27.057661
962,456,2026-04-27T22:09:27.175770
962,114,2026-04-27T22:09:27.540873
962,586,2026-04-27T22:09:28.232463
963,996,2026-04-27T22:09:28.784188
963,154,2026-04-27T22:09:29.076078
963,907,2026-04-27T22:09:29.431269
963,577,2026-04-27T22:09:29.681201
964,109,2026-04-27T22:09:31.358604
964,548,2026-04-27T22:09:33.776062
965,338,2026-04-27T22:09:34.319513
965,672,2026-04-27T22:09:34.435367
965,935,2026-04-27T22:09:35.028193
965,169,2026-04-27T22:09:35.521838
965,936,2026-04-27T22:09:36.610770
966,42,2026-04-27T22:09:38.735976
966,187,2026-04-27T22:09:39.344830
966,642,2026-04-27T22:09:39.478343
966,290,2026-04-27T22:09:39.708713
967,57,2026-04-27T22:09:41.107353
967,55,2026-04-27T22:09:41.495063
967,631,2026-04-27T22:09:41.863917
968,790,2026-04-27T22:09:43.221378
968,464,2026-04-27T22:09:43.792949
968,341,2026-04-27T22:09:44.053688
968,844,2026-04-27T22:09:44.667353
968,658,2026-04-27T22:09:45.137030
968,270,2026-04-27T22:09:45.303634
969,770,2026-04-27T22:09:47.123162
969,801,2026-04-27T22:09:47.365625
969,216,2026-04-27T22:09:47.597215
969,636,2026-04-27T22:09:48.105940
970,806,2026-04-27T22:09:48.997649
970,157,2026-04-27T22:09:49.643372
970,858,2026-04-27T22:09:49.878833
970,521,2026-04-27T22:09:50.500502
970,242,2026-04-27T22:09:50.625025
970,721,2026-04-27T22:09:51.115678
970,997,2026-04-27T22:09:51.359115
971,759,2026-04-27T22:09:52.027967
972,638,2026-04-27T22:09:54.646092
972,482,2026-04-27T22:09:55.004823
972,315,2026-04-27T22:09:55.251365
972,666,2026-04-27T22:09:55.489756
972,481,2026-04-27T22:09:55.973757
972,989,2026-04-27T22:09:56.592185
972,776,2026-04-27T22:09:56.833843
973,174,2026-04-27T22:09:57.932865
973,990,2026-04-27T22:09:58.057495
973,886,2026-04-27T22:09:58.187065
973,732,2026-04-27T22:09:58.913247
973,657,2026-04-27T22:09:59.291540
974,662,2026-04-27T22:10:00.286207
974,882,2026-04-27T22:10:00.752707
974,813,2026-04-27T22:10:01.345134
974,609,2026-04-27T22:10:01.469187
974,490,2026-04-27T22:10:01.584696
974,676,2026-04-27T22:10:02.192976
975,178,2026-04-27T22:10:03.193996
975,735,2026-04-27T22:10:03.310203
975,284,2026-04-27T22:10:03.784812
975,891,2026-04-27T22:10:04.386467
975,481,2026-04-27T22:10:04.947416
975,76,2026-04-27T22:10:05.415958
975,289,2026-04-27T22:10:05.652289
975,164,2026-04-27T22:10:05.781761
976,157,2026-04-27T22:10:06.224406
976,154,2026-04-27T22:10:06.448893
976,443,2026-04-27T22:10:07.029454
976,425,2026-04-27T22:10:07.263382
976,117,2026-04-27T22:10:07.744878
976,379,2026-04-27T22:10:08.457000
976,324,2026-04-27T22:10:08.574424
976,925,2026-04-27T22:10:08.731586
977,673,2026-04-27T22:10:08.925540
977,97,2026-04-27T22:10:09.777177
977,993,2026-04-27T22:10:10.139278
978,796,2026-04-27T22:10:11.741642
978,888,2026-04-27T22:10:13.079730
978,701,2026-04-27T22:10:13.925236
978,519,2026-04-27T22:10:14.034236
978,942,2026-04-27T22:10:14.647819
979,874,2026-04-27T22:10:15.320177
979,812,2026-04-27T22:10:15.557972
979,933,2026-04-27T22:10:15.686909
979,913,2026-04-27T22:10:17.027624
980,911,2026-04-27T22:10:17.700144
980,543,2026-04-27T22:10:18.983273
980,102,2026-04-27T22:10:19.357321
981,145,2026-04-27T22:10:20.992478
981,863,2026-04-27T22:10:21.496709
981,147,2026-04-27T22:10:21.621260
981,274,2026-04-27T22:10:22.330217
981,591,2026-04-27T22:10:22.560558
982,226,2026-04-27T22:10:24.663831
982,422,2026-04-27T22:10:24.786325
982,536,2026-04-27T22:10:26.120435
982,478,2026-04-27T22:10:26.354507
983,977,2026-04-27T22:10:26.522972
983,412,2026-04-27T22:10:27.703440
983,777,2026-04-27T22:10:27.827270
983,711,2026-04-27T22:10:27.958728
983,374,2026-04-27T22:10:28.084337
983,212,2026-04-27T22:10:28.593870
983,886,2026-04-27T22:10:29.064783
984,843,2026-04-27T22:10:29.252192
984,326,2026-04-27T22:10:29.501510
984,188,2026-04-27T22:10:29.623321
984,397,2026-04-27T22:10:29.969222
984,417,2026-04-27T22:10:30.086098
984,425,2026-04-27T22:10:30.213540
984,882,2026-04-27T22:10:30.338059
984,249,2026-04-27T22:10:30.453974
984,282,2026-04-27T22:10:31.058317
984,823,2026-04-27T22:10:31.181116
985,492,2026-04-27T22:10:32.313208
985,971,2026-04-27T22:10:32.809331
985,859,2026-04-27T22:10:33.395128
985,330,2026-04-27T22:10:33.631211
985,235,2026-04-27T22:10:33.878031
985,567,2026-04-27T22:10:34.363819
986,934,2026-04-27T22:10:35.168284
986,829,2026-04-27T22:10:35.876596
986,524,2026-04-27T22:10:36.454768
987,189,2026-04-27T22:10:38.888134
987,173,2026-04-27T22:10:39.721404
987,437,2026-04-27T22:10:40.079235
987,980,2026-04-27T22:10:40.447444
987,882,2026-04-27T22:10:40.574713
988,468,2026-04-27T22:10:41.239415
988,559,2026-04-27T22:10:41.860000
988,522,2026-04-27T22:10:42.601897
988,238,2026-04-27T22:10:42.739706
988,1014,2026-04-27T22:10:43.402568
988,459,2026-04-27T22:10:43.681704
989,504,2026-04-27T22:10:44.312876
989,859,2026-04-27T22:10:45.125911
989,240,2026-04-27T22:10:45.590081
989,77,2026-04-27T22:10:46.746655
990,992,2026-04-27T22:10:46.927775
990,989,2026-04-27T22:10:47.537443
990,272,2026-04-27T22:10:49.250050
991,549,2026-04-27T22:10:50.114538
991,982,2026-04-27T22:10:50.388434
991,195,2026-04-27T22:10:52.011058
991,777,2026-04-27T22:10:52.518441
992,470,2026-04-27T22:10:54.948754
992,578,2026-04-27T22:10:55.800781
993,39,2026-04-27T22:10:57.117413
993,944,2026-04-27T22:10:57.259871
993,742,2026-04-27T22:10:57.503802
993,497,2026-04-27T22:10:57.995153
993,587,2026-04-27T22:10:58.118563
993,613,2026-04-27T22:10:58.590661
994,897,2026-04-27T22:10:59.526180
994,77,2026-04-27T22:11:00.029534
994,633,2026-04-27T22:11:00.149875
994,790,2026-04-27T22:11:00.647601
994,64,2026-04-27T22:11:01.223066
995,559,2026-04-27T22:11:01.897059
995,593,2026-04-27T22:11:03.052949
995,180,2026-04-27T22:11:03.300683
995,801,2026-04-27T22:11:04.146352
996,411,2026-04-27T22:11:04.804003
996,227,2026-04-27T22:11:05.174019
996,523,2026-04-27T22:11:05.530164
996,177,2026-04-27T22:11:05.652534
996,613,2026-04-27T22:11:06.007619
996,783,2026-04-27T22:11:06.268835
996,578,2026-04-27T22:11:06.618195
996,253,2026-04-27T22:11:06.990346
996,768,2026-04-27T22:11:07.353834
997,141,2026-04-27T22:11:09.070786
997,826,2026-04-27T22:11:09.318032
997,514,2026-04-27T22:11:09.558488
997,204,2026-04-27T22:11:09.808698
997,73,2026-04-27T22:11:09.928119
998,177,2026-04-27T22:11:10.870724
998,44,2026-04-27T22:11:11.467362
998,712,2026-04-27T22:11:11.831659
998,560,2026-04-27T22:11:12.185328
998,33,2026-04-27T22:11:12.323394
999,808,2026-04-27T22:11:13.443590
999,297,2026-04-27T22:11:14.059097
999,408,2026-04-27T22:11:14.183380
999,366,2026-04-27T22:11:14.319886
999,501,2026-04-27T22:11:14.701629
999,33,2026-04-27T22:11:15.187173
999,405,2026-04-27T22:11:15.799768
1000,904,2026-04-27T22:11:17.187561
1000,561,2026-04-27T22:11:17.670040
1000,914,2026-04-27T22:11:18.018303
1000,374,2026-04-27T22:11:18.629086
1000,982,2026-04-27T22:11:18.782028
1000,537,2026-04-27T22:11:19.129815
1001,193,2026-04-27T22:11:19.431880
1001,32,2026-04-27T22:11:19.595080
1001,462,2026-04-27T22:11:19.987252
1001,884,2026-04-27T22:11:20.549615
1001,512,2026-04-27T22:11:21.291986
1001,311,2026-04-27T22:11:21.403833
1001,20,2026-04-27T22:11:21.644991
1001,465,2026-04-27T22:11:21.773747
1001,63,2026-04-27T22:11:22.265616
1002,904,2026-04-27T22:11:23.065014
1002,535,2026-04-27T22:11:23.293094
1002,108,2026-04-27T22:11:23.430814
1002,48,2026-04-27T22:11:23.805126
1002,372,2026-04-27T22:11:24.070386
1002,407,2026-04-27T22:11:24.205994
1002,956,2026-04-27T22:11:24.921519
1002,809,2026-04-27T22:11:25.059373
1003,742,2026-04-27T22:11:26.085316
1003,287,2026-04-27T22:11:26.464736
1003,485,2026-04-27T22:11:26.595813
1003,339,2026-04-27T22:11:26.708546
1003,168,2026-04-27T22:11:28.081037
1004,687,2026-04-27T22:11:28.613961
1004,511,2026-04-27T22:11:28.753459
1004,501,2026-04-27T22:11:28.993703
1004,693,2026-04-27T22:11:29.240465
1004,869,2026-04-27T22:11:29.361103
1004,651,2026-04-27T22:11:29.836900
1004,810,2026-04-27T22:11:30.065567
1004,949,2026-04-27T22:11:30.299369
1004,268,2026-04-27T22:11:30.559551
1004,710,2026-04-27T22:11:30.689344
1004,506,2026-04-27T22:11:30.811140
1004,382,2026-04-27T22:11:31.054284
1005,105,2026-04-27T22:11:31.454242
1005,999,2026-04-27T22:11:31.924420
1005,685,2026-04-27T22:11:32.261670
1005,152,2026-04-27T22:11:33.928322
1006,17,2026-04-27T22:11:34.603886
1006,607,2026-04-27T22:11:34.729546
1006,901,2026-04-27T22:11:35.671921
1006,24,2026-04-27T22:11:37.011279
1007,24,2026-04-27T22:11:38.046875
1007,549,2026-04-27T22:11:38.161605
1007,358,2026-04-27T22:11:38.966715
1007,819,2026-04-27T22:11:39.449228
1007,893,2026-04-27T22:11:39.573753
1007,546,2026-04-27T22:11:39.929407
1008,471,2026-04-27T22:11:40.115379
1008,318,2026-04-27T22:11:40.338877
1008,162,2026-04-27T22:11:40.573045
1008,998,2026-04-27T22:11:42.167936
1008,840,2026-04-27T22:11:42.619173
1009,403,2026-04-27T22:11:43.361971
1009,702,2026-04-27T22:11:43.718801
1009,1006,2026-04-27T22:11:43.967753
1009,339,2026-04-27T22:11:44.571448
1009,709,2026-04-27T22:11:44.945917
1009,539,2026-04-27T22:11:45.184574
1010,709,2026-04-27T22:11:45.597592
1010,106,2026-04-27T22:11:45.818627
1010,803,2026-04-27T22:11:46.048646
1010,740,2026-04-27T22:11:46.182477
1010,820,2026-04-27T22:11:46.311061
1010,239,2026-04-27T22:11:46.548190
1010,412,2026-04-27T22:11:46.668611
1010,626,2026-04-27T22:11:47.747524
1010,126,2026-04-27T22:11:48.013271
1010,333,2026-04-27T22:11:48.133075
1010,584,2026-04-27T22:11:48.248183
1011,33,2026-04-27T22:11:48.431226
1011,641,2026-04-27T22:11:48.904085
1011,526,2026-04-27T22:11:49.028124
1012,295,2026-04-27T22:11:51.506736
1012,213,2026-04-27T22:11:51.859438
1012,172,2026-04-27T22:11:51.994161
1012,420,2026-04-27T22:11:52.861943
1012,834,2026-04-27T22:11:53.564394
1013,936,2026-04-27T22:11:54.595340
1013,417,2026-04-27T22:11:56.174445
11,802,2026-04-28T10:34:28.484753
11,13,2026-05-03T01:51:12.011140
13,21,2026-05-03T02:16:44.765312
15,24,2026-05-03T02:22:43.465075
17,26,2026-05-03T20:45:38.555961
17,29,2026-05-03T20:46:24.430875
18,29,2026-05-03T20:50:30.519456
19,22,2026-05-03T21:14:27.460792
20,27,2026-05-03T21:21:17.420663
21,22,2026-05-03T21:22:20.439838
22,29,2026-05-03T22:38:19.457671
23,33,2026-05-03T22:40:27.450846
23,26,2026-05-03T22:41:06.043249
24,27,2026-05-03T22:46:08.472747
24,33,2026-05-03T22:52:42.458366
25,27,2026-05-03T23:03:42.467475
25,29,2026-05-03T23:08:27.476327
26,29,2026-05-03T23:19:21.602213
27,30,2026-05-03T23:40:14.472026
28,22,2026-05-03T23:49:42.469329
28,31,2026-05-03T23:53:05.444109
29,26,2026-05-03T23:53:47.450460
30,24,2026-05-04T00:01:42.624964
30,31,2026-05-04T00:03:30.383647
31,26,2026-05-04T00:09:26.658253
32,31,2026-05-04T00:19:45.592466
32,33,2026-05-04T00:20:24.853678
33,32,2026-05-04T00:23:57.387455
34,44,2026-05-04T01:14:37.433353
35,18,2026-05-04T01:19:45.465444
36,51,2026-05-04T01:22:45.303965
37,53,2026-05-04T01:31:39.551465
38,36,2026-05-04T01:33:54.511694
39,47,2026-05-04T01:34:42.491097
40,52,2026-05-04T01:49:29.482944
41,38,2026-05-04T01:51:40.880399
42,48,2026-05-04T02:03:58.002085
43,39,2026-05-04T17:13:47.148934
44,34,2026-05-04T17:15:07.412203
46,36,2026-05-04T18:00:39.026024
47,50,2026-05-04T18:01:59.009323
48,35,2026-05-04T18:19:34.367363
49,52,2026-05-04T18:23:25.820783
50,47,2026-05-04T18:24:54.378861
51,36,2026-05-04T18:35:06.027821
52,50,2026-05-04T18:39:08.490810
51,36,2026-05-04T18:45:44.048581
52,50,2026-05-04T18:49:22.092302
53,35,2026-05-04T23:05:05.111916
54,71,2026-05-04T23:34:15.704153
56,73,2026-05-04T23:46:54.364711
57,69,2026-05-05T10:18:34.901515
58,55,2026-05-05T10:19:51.849581
60,55,2026-05-05T10:34:21.300764
61,59,2026-05-05T10:37:33.696234
61,64,2026-05-05T10:38:55.807914
62,65,2026-05-05T10:46:40.450978
63,65,2026-05-05T10:47:24.250174
64,54,2026-05-05T10:53:26.256405
65,70,2026-05-05T11:01:55.227630
67,54,2026-05-05T11:19:08.562760
68,66,2026-05-05T11:22:44.655508
70,59,2026-05-05T11:37:07.142295
71,55,2026-05-05T11:38:42.516268
73,72,2026-05-05T11:59:07.503034
74,78,2026-05-05T14:34:34.050808
74,93,2026-05-05T17:01:52.815813
75,85,2026-05-05T17:03:49.129073
76,93,2026-05-05T17:11:50.722177
77,84,2026-05-05T17:25:04.340357
78,90,2026-05-05T17:31:09.369702
79,93,2026-05-05T17:42:38.985179
80,88,2026-05-05T17:46:14.748288
81,86,2026-05-05T17:48:27.933227
81,88,2026-05-05T17:54:52.139584
82,77,2026-05-05T18:03:37.727181
84,82,2026-05-05T23:42:32.271871
85,92,2026-05-05T23:47:25.400950
85,87,2026-05-05T23:57:25.404309
86,88,2026-05-06T00:05:26.410806
84,82,2026-05-06T00:25:05.534586
85,92,2026-05-06T00:26:58.956746
85,87,2026-05-06T00:28:17.312063
86,88,2026-05-06T00:35:17.296727
87,81,2026-05-06T23:32:26.317703
88,92,2026-05-06T23:42:13.354046
89,88,2026-05-06T23:46:13.350523
90,77,2026-05-07T00:00:56.368995
91,92,2026-05-07T00:06:07.887728
90,77,2026-05-07T10:45:07.053589
91,92,2026-05-07T10:45:43.806754
90,77,2026-05-07T10:51:45.026878
91,92,2026-05-07T10:52:17.438726
93,89,2026-05-07T11:01:35.560551
