actor_user_id,target_user_id,interaction_type,created_at
11,81,NO,2026-04-27T21:14:23.016170
11,922,NO,2026-04-27T21:14:23.161701
11,918,NO,2026-04-27T21:14:23.273176
11,860,NO,2026-04-27T21:14:23.389200
11,912,NO,2026-04-27T21:14:23.503424
11,865,NO,2026-04-27T21:14:23.615469
11,982,NO,2026-04-27T21:14:23.749348
11,393,NO,2026-04-27T21:14:23.904916
11,194,NO,2026-04-27T21:14:24.018215
11,379,NO,2026-04-27T21:14:24.182446
11,171,NO,2026-04-27T21:14:24.305510
11,66,NO,2026-04-27T21:14:24.456939
11,459,NO,2026-04-27T21:14:24.726892
11,159,NO,2026-04-27T21:14:24.835655
11,297,NO,2026-04-27T21:14:24.946482
11,328,NO,2026-04-27T21:14:25.047352
11,525,NO,2026-04-27T21:14:25.152302
11,281,NO,2026-04-27T21:14:25.267389
11,828,NO,2026-04-27T21:14:25.383381
11,699,NO,2026-04-27T21:14:25.498611
13,914,NO,2026-04-27T21:14:25.664960
13,602,NO,2026-04-27T21:14:25.827399
13,860,NO,2026-04-27T21:14:26.064255
13,305,NO,2026-04-27T21:14:26.163651
13,971,NO,2026-04-27T21:14:26.315985
13,838,NO,2026-04-27T21:14:26.430280
13,214,NO,2026-04-27T21:14:26.759386
13,691,NO,2026-04-27T21:14:26.914169
13,866,NO,2026-04-27T21:14:27.044955
13,894,NO,2026-04-27T21:14:27.189214
13,411,NO,2026-04-27T21:14:27.499670
13,405,YES,2026-04-27T21:14:27.609355
13,657,NO,2026-04-27T21:14:27.832525
13,364,NO,2026-04-27T21:14:28.097702
13,195,NO,2026-04-27T21:14:28.355833
13,327,NO,2026-04-27T21:14:28.470230
15,213,NO,2026-04-27T21:14:28.908857
15,516,NO,2026-04-27T21:14:29.105767
15,458,NO,2026-04-27T21:14:29.470353
15,121,NO,2026-04-27T21:14:29.710046
15,374,NO,2026-04-27T21:14:29.865228
15,480,NO,2026-04-27T21:14:30.077118
15,573,NO,2026-04-27T21:14:30.201650
15,49,NO,2026-04-27T21:14:30.316103
15,495,NO,2026-04-27T21:14:30.557577
15,278,NO,2026-04-27T21:14:30.674674
15,714,NO,2026-04-27T21:14:31.051982
15,951,NO,2026-04-27T21:14:31.314704
15,320,NO,2026-04-27T21:14:31.464789
15,487,NO,2026-04-27T21:14:31.576345
15,908,NO,2026-04-27T21:14:31.796889
15,638,NO,2026-04-27T21:14:31.916619
15,155,NO,2026-04-27T21:14:32.020601
15,752,NO,2026-04-27T21:14:32.167871
15,128,NO,2026-04-27T21:14:32.275091
17,628,NO,2026-04-27T21:14:32.546848
17,966,NO,2026-04-27T21:14:32.651423
17,520,NO,2026-04-27T21:14:32.769807
17,267,NO,2026-04-27T21:14:32.932888
17,905,NO,2026-04-27T21:14:33.116210
17,704,YES,2026-04-27T21:14:33.289245
17,321,YES,2026-04-27T21:14:33.845821
17,396,NO,2026-04-27T21:14:34.224424
17,277,NO,2026-04-27T21:14:34.570103
17,22,NO,2026-04-27T21:14:34.930555
17,567,NO,2026-04-27T21:14:35.122085
17,845,NO,2026-04-27T21:14:35.264473
17,761,YES,2026-04-27T21:14:35.408032
17,195,NO,2026-04-27T21:14:35.665771
17,181,NO,2026-04-27T21:14:35.828000
17,561,NO,2026-04-27T21:14:35.960561
17,275,NO,2026-04-27T21:14:36.118137
17,834,NO,2026-04-27T21:14:36.391203
17,733,NO,2026-04-27T21:14:36.574817
18,593,YES,2026-04-27T21:14:36.872589
18,432,NO,2026-04-27T21:14:37.057156
18,149,NO,2026-04-27T21:14:37.202945
18,160,NO,2026-04-27T21:14:37.342211
18,624,NO,2026-04-27T21:14:37.605889
18,558,NO,2026-04-27T21:14:37.899766
18,1021,NO,2026-04-27T21:14:38.063276
18,580,YES,2026-04-27T21:14:38.344647
18,512,NO,2026-04-27T21:14:38.480938
18,821,NO,2026-04-27T21:14:38.629676
18,474,NO,2026-04-27T21:14:38.770472
18,962,YES,2026-04-27T21:14:38.915010
18,749,NO,2026-04-27T21:14:39.057747
18,795,NO,2026-04-27T21:14:39.228506
18,478,NO,2026-04-27T21:14:39.373434
18,956,YES,2026-04-27T21:14:39.664505
18,416,YES,2026-04-27T21:14:39.800955
19,651,NO,2026-04-27T21:14:40.145514
19,333,YES,2026-04-27T21:14:40.284325
19,926,YES,2026-04-27T21:14:40.527819
19,629,SUPER_LIKE,2026-04-27T21:14:40.674672
19,473,YES,2026-04-27T21:14:40.816451
19,911,YES,2026-04-27T21:14:40.960131
19,41,YES,2026-04-27T21:14:41.141658
19,55,SUPER_LIKE,2026-04-27T21:14:41.291635
19,365,YES,2026-04-27T21:14:41.637327
19,312,YES,2026-04-27T21:14:42.030924
19,463,SUPER_LIKE,2026-04-27T21:14:42.174457
19,556,YES,2026-04-27T21:14:42.324217
19,404,NO,2026-04-27T21:14:42.468367
19,363,YES,2026-04-27T21:14:42.608861
19,732,YES,2026-04-27T21:14:42.946878
19,804,YES,2026-04-27T21:14:43.137140
19,512,YES,2026-04-27T21:14:43.277684
20,642,NO,2026-04-27T21:14:43.592524
20,332,NO,2026-04-27T21:14:43.735720
20,365,NO,2026-04-27T21:14:43.872546
20,13,NO,2026-04-27T21:14:44.044535
20,906,NO,2026-04-27T21:14:44.312299
20,800,NO,2026-04-27T21:14:44.449043
20,1015,NO,2026-04-27T21:14:44.773523
20,387,NO,2026-04-27T21:14:44.984342
20,886,NO,2026-04-27T21:14:45.174846
20,287,YES,2026-04-27T21:14:45.312012
20,880,NO,2026-04-27T21:14:45.587033
20,90,NO,2026-04-27T21:14:45.752896
20,976,NO,2026-04-27T21:14:45.893247
20,941,NO,2026-04-27T21:14:46.024278
20,808,NO,2026-04-27T21:14:46.303222
20,845,NO,2026-04-27T21:14:46.563719
20,63,NO,2026-04-27T21:14:46.819052
20,35,YES,2026-04-27T21:14:46.963430
21,560,NO,2026-04-27T21:14:47.169661
21,57,NO,2026-04-27T21:14:47.301672
21,879,NO,2026-04-27T21:14:47.451616
21,46,NO,2026-04-27T21:14:47.586008
21,393,NO,2026-04-27T21:14:47.852445
21,849,YES,2026-04-27T21:14:48.029798
21,305,NO,2026-04-27T21:14:48.198916
21,311,NO,2026-04-27T21:14:48.619045
21,869,NO,2026-04-27T21:14:48.998332
21,143,YES,2026-04-27T21:14:49.201521
21,381,NO,2026-04-27T21:14:49.403418
21,826,NO,2026-04-27T21:14:49.552369
21,957,NO,2026-04-27T21:14:49.991009
21,241,NO,2026-04-27T21:14:50.123056
21,51,NO,2026-04-27T21:14:50.264777
21,501,NO,2026-04-27T21:14:50.597588
21,881,NO,2026-04-27T21:14:50.734781
22,581,YES,2026-04-27T21:14:50.949882
22,328,YES,2026-04-27T21:14:51.103010
22,860,NO,2026-04-27T21:14:51.250425
22,436,NO,2026-04-27T21:14:51.427706
22,280,NO,2026-04-27T21:14:51.687202
22,917,NO,2026-04-27T21:14:51.965008
22,598,NO,2026-04-27T21:14:52.250435
22,884,NO,2026-04-27T21:14:52.393584
22,257,NO,2026-04-27T21:14:52.650723
22,512,YES,2026-04-27T21:14:52.811078
22,562,YES,2026-04-27T21:14:52.974558
22,260,YES,2026-04-27T21:14:53.143645
22,326,YES,2026-04-27T21:14:53.322648
22,266,NO,2026-04-27T21:14:53.475415
22,478,NO,2026-04-27T21:14:53.757844
22,300,SUPER_LIKE,2026-04-27T21:14:53.921568
22,595,NO,2026-04-27T21:14:54.070597
23,390,YES,2026-04-27T21:14:54.289494
23,29,NO,2026-04-27T21:14:54.614516
23,382,NO,2026-04-27T21:14:54.771526
23,258,NO,2026-04-27T21:14:54.932064
23,764,NO,2026-04-27T21:14:55.102187
23,201,NO,2026-04-27T21:14:55.376230
23,218,NO,2026-04-27T21:14:55.525927
23,1007,YES,2026-04-27T21:14:55.674429
23,345,YES,2026-04-27T21:14:55.950058
23,158,NO,2026-04-27T21:14:56.097807
23,54,NO,2026-04-27T21:14:56.389023
23,167,NO,2026-04-27T21:14:56.518308
23,32,NO,2026-04-27T21:14:56.827674
23,493,NO,2026-04-27T21:14:56.986403
23,1008,NO,2026-04-27T21:14:57.269365
23,975,NO,2026-04-27T21:14:57.425161
23,441,NO,2026-04-27T21:14:57.563133
24,975,NO,2026-04-27T21:14:57.768338
24,624,YES,2026-04-27T21:14:57.906714
24,883,NO,2026-04-27T21:14:58.071329
24,161,NO,2026-04-27T21:14:58.217339
24,291,NO,2026-04-27T21:14:58.350362
24,27,SUPER_LIKE,2026-04-27T21:14:58.502267
24,994,NO,2026-04-27T21:14:58.797474
24,800,NO,2026-04-27T21:14:58.950090
24,753,NO,2026-04-27T21:14:59.085705
24,459,NO,2026-04-27T21:14:59.332678
24,828,YES,2026-04-27T21:14:59.473580
24,236,NO,2026-04-27T21:14:59.619814
24,974,NO,2026-04-27T21:14:59.773565
24,487,NO,2026-04-27T21:14:59.934692
24,131,YES,2026-04-27T21:15:00.098193
24,686,YES,2026-04-27T21:15:00.364858
24,609,YES,2026-04-27T21:15:00.502903
24,824,NO,2026-04-27T21:15:00.643727
24,590,NO,2026-04-27T21:15:00.790976
25,746,YES,2026-04-27T21:15:01.032316
25,501,NO,2026-04-27T21:15:01.183470
25,403,YES,2026-04-27T21:15:01.463507
25,398,NO,2026-04-27T21:15:01.643787
25,798,YES,2026-04-27T21:15:01.814517
25,813,NO,2026-04-27T21:15:02.251026
25,248,SUPER_LIKE,2026-04-27T21:15:02.411630
25,129,YES,2026-04-27T21:15:02.669757
25,157,YES,2026-04-27T21:15:02.844271
25,192,YES,2026-04-27T21:15:03.126338
25,842,YES,2026-04-27T21:15:03.289616
25,430,YES,2026-04-27T21:15:03.635806
25,622,YES,2026-04-27T21:15:03.994148
25,528,NO,2026-04-27T21:15:04.221252
25,673,NO,2026-04-27T21:15:04.407948
25,797,YES,2026-04-27T21:15:04.747296
26,846,SUPER_LIKE,2026-04-27T21:15:05.106277
26,176,YES,2026-04-27T21:15:05.410957
26,634,YES,2026-04-27T21:15:05.655591
26,480,NO,2026-04-27T21:15:05.802077
26,617,YES,2026-04-27T21:15:05.973451
26,993,SUPER_LIKE,2026-04-27T21:15:06.109130
26,940,NO,2026-04-27T21:15:06.238485
26,231,YES,2026-04-27T21:15:06.371878
26,37,NO,2026-04-27T21:15:06.692711
26,825,NO,2026-04-27T21:15:06.823799
26,385,NO,2026-04-27T21:15:07.080065
26,365,SUPER_LIKE,2026-04-27T21:15:07.228886
26,81,NO,2026-04-27T21:15:07.375261
26,70,NO,2026-04-27T21:15:07.708257
26,237,NO,2026-04-27T21:15:07.871881
27,646,NO,2026-04-27T21:15:08.333660
27,84,NO,2026-04-27T21:15:08.470043
27,600,NO,2026-04-27T21:15:08.611944
27,209,NO,2026-04-27T21:15:08.757609
27,555,NO,2026-04-27T21:15:09.051906
27,42,NO,2026-04-27T21:15:09.321254
27,291,NO,2026-04-27T21:15:09.464373
27,631,YES,2026-04-27T21:15:09.627220
27,705,YES,2026-04-27T21:15:09.759438
27,330,NO,2026-04-27T21:15:10.021666
27,229,NO,2026-04-27T21:15:10.178630
27,807,NO,2026-04-27T21:15:10.433465
27,890,YES,2026-04-27T21:15:10.571717
27,204,YES,2026-04-27T21:15:10.742165
27,884,NO,2026-04-27T21:15:10.880935
27,243,NO,2026-04-27T21:15:11.019090
27,650,YES,2026-04-27T21:15:11.150253
27,1010,NO,2026-04-27T21:15:11.299850
27,259,SUPER_LIKE,2026-04-27T21:15:11.454791
28,270,NO,2026-04-27T21:15:11.670068
28,650,NO,2026-04-27T21:15:12.007443
28,851,YES,2026-04-27T21:15:12.177754
28,915,NO,2026-04-27T21:15:12.310291
28,866,NO,2026-04-27T21:15:12.455133
28,918,NO,2026-04-27T21:15:12.614211
28,202,NO,2026-04-27T21:15:12.749188
28,758,NO,2026-04-27T21:15:12.888930
28,985,NO,2026-04-27T21:15:13.025517
28,130,NO,2026-04-27T21:15:13.304687
28,731,NO,2026-04-27T21:15:13.436346
28,107,NO,2026-04-27T21:15:13.597422
28,111,NO,2026-04-27T21:15:13.888685
28,733,NO,2026-04-27T21:15:14.026920
28,59,NO,2026-04-27T21:15:14.175694
28,79,NO,2026-04-27T21:15:14.595842
28,521,NO,2026-04-27T21:15:14.730818
28,734,NO,2026-04-27T21:15:14.884331
29,770,NO,2026-04-27T21:15:15.097431
29,161,YES,2026-04-27T21:15:15.446382
29,564,YES,2026-04-27T21:15:15.814646
29,223,YES,2026-04-27T21:15:16.222184
29,513,NO,2026-04-27T21:15:16.625485
29,827,YES,2026-04-27T21:15:16.774237
29,304,YES,2026-04-27T21:15:16.905155
29,461,NO,2026-04-27T21:15:17.034106
29,290,YES,2026-04-27T21:15:17.316590
29,747,NO,2026-04-27T21:15:17.987204
29,215,NO,2026-04-27T21:15:18.128195
29,340,NO,2026-04-27T21:15:18.269164
30,336,NO,2026-04-27T21:15:18.677617
30,802,NO,2026-04-27T21:15:18.872842
30,573,NO,2026-04-27T21:15:19.085453
30,969,YES,2026-04-27T21:15:19.296712
30,168,NO,2026-04-27T21:15:19.456146
30,18,NO,2026-04-27T21:15:19.638968
30,23,NO,2026-04-27T21:15:19.837961
30,216,YES,2026-04-27T21:15:20.038146
30,945,SUPER_LIKE,2026-04-27T21:15:20.219448
30,334,NO,2026-04-27T21:15:20.569597
30,562,NO,2026-04-27T21:15:21.012808
30,715,NO,2026-04-27T21:15:21.152801
30,343,NO,2026-04-27T21:15:21.287923
30,388,NO,2026-04-27T21:15:21.551464
30,250,NO,2026-04-27T21:15:21.832114
31,879,YES,2026-04-27T21:15:22.356129
31,685,YES,2026-04-27T21:15:22.508021
31,516,YES,2026-04-27T21:15:22.669462
31,767,YES,2026-04-27T21:15:22.950251
31,832,YES,2026-04-27T21:15:23.105542
31,412,YES,2026-04-27T21:15:23.355071
31,598,YES,2026-04-27T21:15:23.488768
31,922,NO,2026-04-27T21:15:23.621226
31,401,YES,2026-04-27T21:15:23.750779
31,206,NO,2026-04-27T21:15:23.910308
31,805,NO,2026-04-27T21:15:24.052493
31,857,NO,2026-04-27T21:15:24.312953
31,387,NO,2026-04-27T21:15:24.465026
31,734,NO,2026-04-27T21:15:24.609584
31,128,YES,2026-04-27T21:15:24.743558
31,423,NO,2026-04-27T21:15:25.000916
31,443,YES,2026-04-27T21:15:25.136150
31,84,NO,2026-04-27T21:15:25.397402
31,256,YES,2026-04-27T21:15:25.561427
32,809,YES,2026-04-27T21:15:25.765965
32,391,YES,2026-04-27T21:15:26.033425
32,35,NO,2026-04-27T21:15:26.187047
32,881,NO,2026-04-27T21:15:26.327254
32,124,NO,2026-04-27T21:15:26.472222
32,79,NO,2026-04-27T21:15:26.609759
32,423,NO,2026-04-27T21:15:26.761605
32,271,YES,2026-04-27T21:15:26.904744
32,837,NO,2026-04-27T21:15:27.041961
32,832,NO,2026-04-27T21:15:27.316868
32,670,NO,2026-04-27T21:15:27.598057
32,138,NO,2026-04-27T21:15:27.725995
32,765,YES,2026-04-27T21:15:27.860838
32,308,YES,2026-04-27T21:15:28.154777
32,785,NO,2026-04-27T21:15:28.417819
32,328,NO,2026-04-27T21:15:28.563073
32,849,SUPER_LIKE,2026-04-27T21:15:28.708406
32,107,YES,2026-04-27T21:15:28.856604
33,344,SUPER_LIKE,2026-04-27T21:15:29.066173
33,565,NO,2026-04-27T21:15:29.222962
33,431,YES,2026-04-27T21:15:29.367767
33,684,NO,2026-04-27T21:15:29.501141
33,316,YES,2026-04-27T21:15:29.636983
33,564,NO,2026-04-27T21:15:30.298028
33,513,NO,2026-04-27T21:15:30.439738
33,676,NO,2026-04-27T21:15:30.579894
33,648,NO,2026-04-27T21:15:30.857563
33,235,NO,2026-04-27T21:15:31.144653
33,825,NO,2026-04-27T21:15:31.289099
33,904,SUPER_LIKE,2026-04-27T21:15:31.794541
33,665,NO,2026-04-27T21:15:31.943909
33,691,YES,2026-04-27T21:15:32.087245
33,218,NO,2026-04-27T21:15:32.223696
34,647,YES,2026-04-27T21:15:32.441181
34,485,YES,2026-04-27T21:15:32.579587
34,49,YES,2026-04-27T21:15:32.725587
34,410,YES,2026-04-27T21:15:32.861395
34,888,NO,2026-04-27T21:15:33.002169
34,777,YES,2026-04-27T21:15:33.159206
34,46,NO,2026-04-27T21:15:33.498947
34,119,NO,2026-04-27T21:15:34.026937
34,42,NO,2026-04-27T21:15:34.218174
34,101,YES,2026-04-27T21:15:34.413246
34,977,YES,2026-04-27T21:15:34.563478
34,942,YES,2026-04-27T21:15:34.709746
34,724,NO,2026-04-27T21:15:34.852903
34,964,NO,2026-04-27T21:15:34.983520
34,114,NO,2026-04-27T21:15:35.269375
34,886,NO,2026-04-27T21:15:35.414631
34,769,NO,2026-04-27T21:15:35.801673
35,388,NO,2026-04-27T21:15:36.009276
35,917,NO,2026-04-27T21:15:36.139691
35,360,NO,2026-04-27T21:15:36.523437
35,870,YES,2026-04-27T21:15:36.662310
35,59,SUPER_LIKE,2026-04-27T21:15:36.800588
35,632,NO,2026-04-27T21:15:37.073081
35,560,NO,2026-04-27T21:15:37.305309
35,367,NO,2026-04-27T21:15:37.457784
35,504,NO,2026-04-27T21:15:37.744696
35,366,NO,2026-04-27T21:15:37.877696
35,458,NO,2026-04-27T21:15:38.013226
35,543,NO,2026-04-27T21:15:38.169364
35,893,NO,2026-04-27T21:15:38.416729
35,172,NO,2026-04-27T21:15:38.549874
35,877,NO,2026-04-27T21:15:38.846122
35,150,NO,2026-04-27T21:15:38.979779
36,847,YES,2026-04-27T21:15:39.193281
36,283,NO,2026-04-27T21:15:39.746348
36,729,NO,2026-04-27T21:15:39.908871
36,275,YES,2026-04-27T21:15:40.072306
36,385,NO,2026-04-27T21:15:40.210520
36,86,YES,2026-04-27T21:15:40.517151
36,267,YES,2026-04-27T21:15:40.939292
36,560,YES,2026-04-27T21:15:41.086234
36,648,NO,2026-04-27T21:15:41.326362
36,810,NO,2026-04-27T21:15:41.471386
36,832,NO,2026-04-27T21:15:41.636590
36,552,YES,2026-04-27T21:15:41.774580
36,722,SUPER_LIKE,2026-04-27T21:15:42.038387
36,287,YES,2026-04-27T21:15:42.198206
37,593,YES,2026-04-27T21:15:42.409619
37,72,NO,2026-04-27T21:15:42.550477
37,815,YES,2026-04-27T21:15:42.688388
37,122,NO,2026-04-27T21:15:42.994516
37,27,NO,2026-04-27T21:15:43.133010
37,540,YES,2026-04-27T21:15:43.264770
37,699,YES,2026-04-27T21:15:43.524083
37,137,YES,2026-04-27T21:15:43.800399
37,631,YES,2026-04-27T21:15:44.063240
37,125,YES,2026-04-27T21:15:44.208506
37,364,NO,2026-04-27T21:15:44.346919
37,622,YES,2026-04-27T21:15:44.513329
37,1013,NO,2026-04-27T21:15:44.659124
37,604,YES,2026-04-27T21:15:44.789240
37,706,NO,2026-04-27T21:15:45.057399
37,339,NO,2026-04-27T21:15:45.202870
38,322,NO,2026-04-27T21:15:45.543010
38,981,NO,2026-04-27T21:15:45.687099
38,496,YES,2026-04-27T21:15:45.855107
38,702,NO,2026-04-27T21:15:45.994183
38,375,YES,2026-04-27T21:15:46.135921
38,248,NO,2026-04-27T21:15:46.388055
38,219,NO,2026-04-27T21:15:46.654757
38,1020,NO,2026-04-27T21:15:46.782095
38,637,YES,2026-04-27T21:15:46.928948
38,583,NO,2026-04-27T21:15:47.187146
38,52,NO,2026-04-27T21:15:47.330166
38,798,YES,2026-04-27T21:15:47.484051
38,19,YES,2026-04-27T21:15:47.624385
38,616,NO,2026-04-27T21:15:48.170624
38,645,NO,2026-04-27T21:15:48.341636
38,965,SUPER_LIKE,2026-04-27T21:15:48.528148
38,918,NO,2026-04-27T21:15:48.874364
38,490,YES,2026-04-27T21:15:49.291073
39,235,YES,2026-04-27T21:15:49.555675
39,966,YES,2026-04-27T21:15:50.000605
39,294,NO,2026-04-27T21:15:50.139014
39,709,SUPER_LIKE,2026-04-27T21:15:50.426793
39,780,YES,2026-04-27T21:15:50.684236
39,836,YES,2026-04-27T21:15:50.819395
39,767,NO,2026-04-27T21:15:51.050665
39,115,YES,2026-04-27T21:15:51.199098
39,528,NO,2026-04-27T21:15:51.327562
39,50,YES,2026-04-27T21:15:51.472599
39,876,YES,2026-04-27T21:15:51.622416
39,746,SUPER_LIKE,2026-04-27T21:15:51.905821
39,324,NO,2026-04-27T21:15:52.293081
39,659,NO,2026-04-27T21:15:52.562798
39,472,YES,2026-04-27T21:15:52.718884
39,253,YES,2026-04-27T21:15:52.979806
40,871,NO,2026-04-27T21:15:53.190013
40,153,NO,2026-04-27T21:15:53.419480
40,137,YES,2026-04-27T21:15:53.857218
40,1009,YES,2026-04-27T21:15:54.015993
40,888,NO,2026-04-27T21:15:54.166950
40,650,NO,2026-04-27T21:15:54.451495
40,988,NO,2026-04-27T21:15:54.603045
40,579,NO,2026-04-27T21:15:54.740301
40,355,NO,2026-04-27T21:15:54.871909
40,656,YES,2026-04-27T21:15:55.081991
40,926,YES,2026-04-27T21:15:55.214406
40,655,NO,2026-04-27T21:15:55.349186
40,206,NO,2026-04-27T21:15:55.498962
40,719,NO,2026-04-27T21:15:55.658099
40,139,NO,2026-04-27T21:15:56.080677
40,115,NO,2026-04-27T21:15:56.219556
40,110,NO,2026-04-27T21:15:56.372036
41,28,NO,2026-04-27T21:15:56.701942
41,1012,YES,2026-04-27T21:15:56.857440
41,331,NO,2026-04-27T21:15:56.994890
41,181,YES,2026-04-27T21:15:57.134864
41,985,SUPER_LIKE,2026-04-27T21:15:57.413650
41,205,YES,2026-04-27T21:15:57.564145
41,531,NO,2026-04-27T21:15:57.692335
41,702,YES,2026-04-27T21:15:57.971179
41,525,NO,2026-04-27T21:15:58.122509
41,26,YES,2026-04-27T21:15:58.262376
41,634,NO,2026-04-27T21:15:58.394681
41,652,YES,2026-04-27T21:15:58.529623
41,240,NO,2026-04-27T21:15:58.682606
41,994,NO,2026-04-27T21:15:58.818405
41,271,NO,2026-04-27T21:15:58.947688
41,682,NO,2026-04-27T21:15:59.078920
41,296,YES,2026-04-27T21:15:59.221887
41,185,NO,2026-04-27T21:15:59.350518
41,962,NO,2026-04-27T21:15:59.480854
42,899,NO,2026-04-27T21:15:59.683120
42,252,NO,2026-04-27T21:15:59.842190
42,473,NO,2026-04-27T21:16:00.098191
42,971,NO,2026-04-27T21:16:00.366117
42,967,NO,2026-04-27T21:16:00.652264
42,576,YES,2026-04-27T21:16:00.792420
42,293,NO,2026-04-27T21:16:01.232178
42,121,NO,2026-04-27T21:16:01.517763
42,885,NO,2026-04-27T21:16:01.937400
42,804,NO,2026-04-27T21:16:02.064634
42,119,NO,2026-04-27T21:16:02.226137
42,387,NO,2026-04-27T21:16:02.357452
42,245,NO,2026-04-27T21:16:02.497531
42,549,NO,2026-04-27T21:16:02.627173
42,677,NO,2026-04-27T21:16:02.776628
43,467,YES,2026-04-27T21:16:03.113702
43,897,NO,2026-04-27T21:16:03.272470
43,305,YES,2026-04-27T21:16:03.414538
43,383,NO,2026-04-27T21:16:03.966213
43,37,NO,2026-04-27T21:16:04.167415
43,935,YES,2026-04-27T21:16:04.322437
43,254,NO,2026-04-27T21:16:04.456372
43,333,NO,2026-04-27T21:16:05.287620
43,861,NO,2026-04-27T21:16:05.432092
43,326,YES,2026-04-27T21:16:05.565621
43,292,NO,2026-04-27T21:16:05.707060
43,135,NO,2026-04-27T21:16:05.852728
43,441,NO,2026-04-27T21:16:05.983428
43,182,YES,2026-04-27T21:16:06.118080
43,281,YES,2026-04-27T21:16:06.264460
44,937,NO,2026-04-27T21:16:06.472970
44,894,NO,2026-04-27T21:16:06.613579
44,395,NO,2026-04-27T21:16:06.744089
44,165,NO,2026-04-27T21:16:06.892854
44,714,YES,2026-04-27T21:16:07.027095
44,666,NO,2026-04-27T21:16:07.337473
44,190,NO,2026-04-27T21:16:07.493798
44,676,NO,2026-04-27T21:16:07.632206
44,447,NO,2026-04-27T21:16:07.895111
44,1020,NO,2026-04-27T21:16:08.054001
44,510,NO,2026-04-27T21:16:08.213786
44,281,NO,2026-04-27T21:16:08.344915
44,736,NO,2026-04-27T21:16:08.482321
44,551,NO,2026-04-27T21:16:08.647111
44,931,NO,2026-04-27T21:16:08.783624
44,877,NO,2026-04-27T21:16:08.918045
44,185,YES,2026-04-27T21:16:09.052975
44,277,NO,2026-04-27T21:16:09.298591
45,931,NO,2026-04-27T21:16:09.501283
45,257,YES,2026-04-27T21:16:09.638937
45,589,NO,2026-04-27T21:16:09.797258
45,983,NO,2026-04-27T21:16:09.939561
45,502,NO,2026-04-27T21:16:10.077443
45,459,NO,2026-04-27T21:16:10.205610
45,619,NO,2026-04-27T21:16:10.345182
45,381,NO,2026-04-27T21:16:10.501046
45,981,NO,2026-04-27T21:16:10.636734
45,80,NO,2026-04-27T21:16:10.890598
45,850,NO,2026-04-27T21:16:11.041029
45,893,NO,2026-04-27T21:16:11.170123
45,943,NO,2026-04-27T21:16:11.453928
45,595,NO,2026-04-27T21:16:11.736097
45,225,NO,2026-04-27T21:16:11.896517
45,536,NO,2026-04-27T21:16:12.178763
45,956,NO,2026-04-27T21:16:12.311712
45,304,YES,2026-04-27T21:16:12.443205
46,971,NO,2026-04-27T21:16:12.646900
46,23,YES,2026-04-27T21:16:12.819048
46,40,NO,2026-04-27T21:16:12.963039
46,771,NO,2026-04-27T21:16:13.108441
46,73,NO,2026-04-27T21:16:13.243741
46,691,NO,2026-04-27T21:16:13.402430
46,486,YES,2026-04-27T21:16:13.549809
46,202,YES,2026-04-27T21:16:14.155764
46,726,YES,2026-04-27T21:16:14.437600
46,402,NO,2026-04-27T21:16:14.727989
46,129,NO,2026-04-27T21:16:14.860449
46,906,YES,2026-04-27T21:16:15.272202
46,242,NO,2026-04-27T21:16:15.421694
46,709,YES,2026-04-27T21:16:15.590065
47,180,NO,2026-04-27T21:16:15.831278
47,88,NO,2026-04-27T21:16:15.979272
47,164,NO,2026-04-27T21:16:16.132147
47,822,YES,2026-04-27T21:16:16.264516
47,949,NO,2026-04-27T21:16:16.405989
47,386,YES,2026-04-27T21:16:16.688305
47,814,YES,2026-04-27T21:16:16.982592
47,63,NO,2026-04-27T21:16:17.383450
47,808,YES,2026-04-27T21:16:17.541428
47,829,YES,2026-04-27T21:16:17.812163
47,512,NO,2026-04-27T21:16:17.940998
47,552,NO,2026-04-27T21:16:18.090675
47,683,NO,2026-04-27T21:16:18.735686
47,539,NO,2026-04-27T21:16:18.908785
47,588,NO,2026-04-27T21:16:19.151209
48,754,NO,2026-04-27T21:16:19.618044
48,444,NO,2026-04-27T21:16:19.797242
48,398,NO,2026-04-27T21:16:19.957482
48,369,NO,2026-04-27T21:16:20.119462
48,984,NO,2026-04-27T21:16:20.299443
48,477,NO,2026-04-27T21:16:20.630244
48,340,NO,2026-04-27T21:16:20.793164
48,658,NO,2026-04-27T21:16:21.087968
48,540,YES,2026-04-27T21:16:21.227626
48,860,YES,2026-04-27T21:16:21.479650
48,740,NO,2026-04-27T21:16:21.610842
48,223,YES,2026-04-27T21:16:21.780814
48,751,NO,2026-04-27T21:16:21.918521
48,744,NO,2026-04-27T21:16:22.194346
48,521,NO,2026-04-27T21:16:22.337869
48,627,NO,2026-04-27T21:16:22.466620
48,621,NO,2026-04-27T21:16:22.596492
49,356,YES,2026-04-27T21:16:22.812513
49,637,YES,2026-04-27T21:16:22.960332
49,952,NO,2026-04-27T21:16:23.096573
49,198,YES,2026-04-27T21:16:23.247551
49,349,NO,2026-04-27T21:16:23.379743
49,655,NO,2026-04-27T21:16:23.830829
49,872,NO,2026-04-27T21:16:24.122259
49,907,NO,2026-04-27T21:16:24.383560
49,787,YES,2026-04-27T21:16:24.522605
49,32,NO,2026-04-27T21:16:24.676214
49,997,NO,2026-04-27T21:16:24.809758
49,809,YES,2026-04-27T21:16:24.946627
49,715,NO,2026-04-27T21:16:25.093192
49,311,NO,2026-04-27T21:16:25.248289
49,859,NO,2026-04-27T21:16:25.381974
49,999,NO,2026-04-27T21:16:25.516154
49,154,YES,2026-04-27T21:16:25.648038
50,829,YES,2026-04-27T21:16:25.864473
50,679,NO,2026-04-27T21:16:26.004075
50,898,NO,2026-04-27T21:16:26.257683
50,996,YES,2026-04-27T21:16:26.416482
50,466,YES,2026-04-27T21:16:26.559391
50,504,YES,2026-04-27T21:16:26.703749
50,744,YES,2026-04-27T21:16:27.007717
50,397,YES,2026-04-27T21:16:27.152794
50,669,YES,2026-04-27T21:16:27.302187
50,680,NO,2026-04-27T21:16:27.556336
50,270,YES,2026-04-27T21:16:27.699122
50,335,YES,2026-04-27T21:16:27.841084
50,227,YES,2026-04-27T21:16:28.097544
50,268,YES,2026-04-27T21:16:28.252673
50,920,NO,2026-04-27T21:16:28.392227
50,421,NO,2026-04-27T21:16:28.526679
50,359,YES,2026-04-27T21:16:28.665631
50,965,NO,2026-04-27T21:16:28.968177
51,25,YES,2026-04-27T21:16:29.173690
51,106,NO,2026-04-27T21:16:29.431138
51,477,NO,2026-04-27T21:16:29.565937
51,576,YES,2026-04-27T21:16:29.716185
51,853,NO,2026-04-27T21:16:29.845619
51,377,YES,2026-04-27T21:16:30.001436
51,360,NO,2026-04-27T21:16:30.138712
51,494,NO,2026-04-27T21:16:30.277268
51,589,NO,2026-04-27T21:16:30.517687
51,60,NO,2026-04-27T21:16:30.659154
51,184,NO,2026-04-27T21:16:30.790274
51,15,NO,2026-04-27T21:16:30.921440
51,401,NO,2026-04-27T21:16:31.054916
51,263,NO,2026-04-27T21:16:31.202999
51,568,NO,2026-04-27T21:16:31.605109
51,924,NO,2026-04-27T21:16:31.765403
51,164,NO,2026-04-27T21:16:31.906647
51,148,NO,2026-04-27T21:16:32.051235
51,759,NO,2026-04-27T21:16:32.191281
52,408,YES,2026-04-27T21:16:32.401300
52,730,YES,2026-04-27T21:16:32.537166
52,575,SUPER_LIKE,2026-04-27T21:16:32.682238
52,966,YES,2026-04-27T21:16:32.820301
52,939,YES,2026-04-27T21:16:32.970764
52,44,YES,2026-04-27T21:16:33.244170
52,68,YES,2026-04-27T21:16:33.524307
52,762,YES,2026-04-27T21:16:33.753083
52,667,YES,2026-04-27T21:16:34.059784
52,160,NO,2026-04-27T21:16:34.237969
52,190,SUPER_LIKE,2026-04-27T21:16:34.491415
52,423,YES,2026-04-27T21:16:34.735685
52,227,YES,2026-04-27T21:16:34.879964
52,719,NO,2026-04-27T21:16:35.009023
52,778,SUPER_LIKE,2026-04-27T21:16:35.147023
52,343,NO,2026-04-27T21:16:35.286879
52,504,NO,2026-04-27T21:16:35.444927
52,359,NO,2026-04-27T21:16:35.586138
52,622,YES,2026-04-27T21:16:35.733872
53,618,NO,2026-04-27T21:16:36.094379
53,625,NO,2026-04-27T21:16:36.231241
53,806,YES,2026-04-27T21:16:36.375124
53,486,NO,2026-04-27T21:16:36.517016
53,548,NO,2026-04-27T21:16:36.659695
53,197,NO,2026-04-27T21:16:36.794374
53,19,NO,2026-04-27T21:16:37.058695
53,290,NO,2026-04-27T21:16:37.197903
53,818,NO,2026-04-27T21:16:37.463098
53,1014,NO,2026-04-27T21:16:37.598080
53,631,NO,2026-04-27T21:16:37.737786
53,380,NO,2026-04-27T21:16:37.875959
53,106,NO,2026-04-27T21:16:38.002046
53,754,NO,2026-04-27T21:16:38.138017
53,531,NO,2026-04-27T21:16:38.299361
53,900,NO,2026-04-27T21:16:38.440765
53,978,NO,2026-04-27T21:16:38.574008
53,524,NO,2026-04-27T21:16:38.705787
53,931,NO,2026-04-27T21:16:38.954075
54,471,NO,2026-04-27T21:16:39.147962
54,200,NO,2026-04-27T21:16:39.285778
54,758,YES,2026-04-27T21:16:39.441427
54,351,NO,2026-04-27T21:16:39.871871
54,640,YES,2026-04-27T21:16:40.312707
54,324,SUPER_LIKE,2026-04-27T21:16:40.457537
54,968,NO,2026-04-27T21:16:40.697849
54,70,NO,2026-04-27T21:16:40.835530
54,537,NO,2026-04-27T21:16:40.970311
54,438,NO,2026-04-27T21:16:41.258526
54,357,YES,2026-04-27T21:16:41.430839
54,795,YES,2026-04-27T21:16:41.591286
54,133,NO,2026-04-27T21:16:41.762264
54,206,NO,2026-04-27T21:16:42.218016
54,575,NO,2026-04-27T21:16:42.383317
55,442,NO,2026-04-27T21:16:42.583283
55,133,NO,2026-04-27T21:16:42.731062
55,784,NO,2026-04-27T21:16:42.873645
55,96,NO,2026-04-27T21:16:43.013384
55,423,NO,2026-04-27T21:16:43.141795
55,15,NO,2026-04-27T21:16:43.271870
55,82,NO,2026-04-27T21:16:43.409802
55,368,NO,2026-04-27T21:16:43.565856
55,758,NO,2026-04-27T21:16:43.697917
55,929,YES,2026-04-27T21:16:44.155113
55,988,YES,2026-04-27T21:16:44.295631
55,517,YES,2026-04-27T21:16:44.435784
55,599,NO,2026-04-27T21:16:44.823727
55,885,YES,2026-04-27T21:16:45.069405
55,624,NO,2026-04-27T21:16:45.217681
55,802,YES,2026-04-27T21:16:45.903535
56,620,NO,2026-04-27T21:16:46.337699
56,879,NO,2026-04-27T21:16:46.643514
56,464,NO,2026-04-27T21:16:46.843786
56,733,NO,2026-04-27T21:16:47.046843
56,279,NO,2026-04-27T21:16:47.232277
56,389,SUPER_LIKE,2026-04-27T21:16:47.765629
56,281,NO,2026-04-27T21:16:47.936830
56,170,NO,2026-04-27T21:16:48.249683
56,941,NO,2026-04-27T21:16:48.406862
56,427,YES,2026-04-27T21:16:48.695431
56,816,NO,2026-04-27T21:16:48.953893
56,226,NO,2026-04-27T21:16:49.170133
56,63,NO,2026-04-27T21:16:49.356398
56,195,NO,2026-04-27T21:16:49.495137
56,212,NO,2026-04-27T21:16:49.632388
56,974,NO,2026-04-27T21:16:49.877423
56,336,NO,2026-04-27T21:16:50.024549
56,272,YES,2026-04-27T21:16:50.155679
57,749,YES,2026-04-27T21:16:50.463931
57,668,NO,2026-04-27T21:16:50.606367
57,689,YES,2026-04-27T21:16:50.743518
57,587,NO,2026-04-27T21:16:50.876322
57,396,NO,2026-04-27T21:16:51.041538
57,677,NO,2026-04-27T21:16:51.288189
57,144,NO,2026-04-27T21:16:51.424469
57,345,NO,2026-04-27T21:16:51.562754
57,308,YES,2026-04-27T21:16:51.943077
57,691,NO,2026-04-27T21:16:52.328999
57,136,YES,2026-04-27T21:16:52.748575
57,41,NO,2026-04-27T21:16:52.889591
57,428,NO,2026-04-27T21:16:53.032806
57,661,NO,2026-04-27T21:16:53.172730
57,39,NO,2026-04-27T21:16:53.331662
57,614,NO,2026-04-27T21:16:53.469803
57,585,NO,2026-04-27T21:16:53.726032
57,760,NO,2026-04-27T21:16:53.903525
58,736,NO,2026-04-27T21:16:54.100834
58,721,YES,2026-04-27T21:16:54.233052
58,560,YES,2026-04-27T21:16:54.364526
58,996,SUPER_LIKE,2026-04-27T21:16:54.529305
58,153,NO,2026-04-27T21:16:54.662457
58,314,NO,2026-04-27T21:16:54.934560
58,658,NO,2026-04-27T21:16:55.095023
58,370,YES,2026-04-27T21:16:55.361937
58,368,NO,2026-04-27T21:16:55.497318
58,332,NO,2026-04-27T21:16:55.668463
58,989,YES,2026-04-27T21:16:55.928500
58,1000,NO,2026-04-27T21:16:56.065869
58,207,NO,2026-04-27T21:16:56.200952
58,496,YES,2026-04-27T21:16:56.346908
58,962,NO,2026-04-27T21:16:56.485885
58,785,NO,2026-04-27T21:16:56.617738
58,426,YES,2026-04-27T21:16:56.752913
58,520,NO,2026-04-27T21:16:56.904640
59,540,YES,2026-04-27T21:16:57.447094
59,792,NO,2026-04-27T21:16:57.581641
59,185,NO,2026-04-27T21:16:57.838381
59,945,YES,2026-04-27T21:16:57.990770
59,965,NO,2026-04-27T21:16:58.123710
59,656,YES,2026-04-27T21:16:58.257578
59,87,NO,2026-04-27T21:16:58.389524
59,876,NO,2026-04-27T21:16:58.700814
59,598,NO,2026-04-27T21:16:58.844602
59,748,YES,2026-04-27T21:16:58.982371
59,130,YES,2026-04-27T21:16:59.148110
59,446,YES,2026-04-27T21:16:59.295767
59,197,NO,2026-04-27T21:16:59.568325
59,422,NO,2026-04-27T21:16:59.717794
59,427,NO,2026-04-27T21:16:59.855599
59,330,NO,2026-04-27T21:17:00.005098
59,452,NO,2026-04-27T21:17:00.551883
60,822,NO,2026-04-27T21:17:00.756596
60,103,NO,2026-04-27T21:17:00.901519
60,874,NO,2026-04-27T21:17:01.045493
60,928,NO,2026-04-27T21:17:01.177907
60,187,YES,2026-04-27T21:17:01.325620
60,627,NO,2026-04-27T21:17:01.478609
60,444,NO,2026-04-27T21:17:01.628891
60,660,NO,2026-04-27T21:17:01.777318
60,196,NO,2026-04-27T21:17:01.919745
60,880,NO,2026-04-27T21:17:02.056416
60,709,NO,2026-04-27T21:17:02.197300
60,700,NO,2026-04-27T21:17:02.455761
60,233,YES,2026-04-27T21:17:02.595798
60,300,NO,2026-04-27T21:17:02.900258
60,534,YES,2026-04-27T21:17:03.154835
60,242,NO,2026-04-27T21:17:03.307783
60,553,YES,2026-04-27T21:17:03.584717
60,844,YES,2026-04-27T21:17:03.825893
60,586,NO,2026-04-27T21:17:03.994970
61,1010,NO,2026-04-27T21:17:04.299156
61,658,YES,2026-04-27T21:17:04.479432
61,385,NO,2026-04-27T21:17:04.771357
61,655,YES,2026-04-27T21:17:04.903073
61,912,NO,2026-04-27T21:17:05.034508
61,555,YES,2026-04-27T21:17:05.174386
61,838,YES,2026-04-27T21:17:05.318499
61,415,NO,2026-04-27T21:17:05.451437
61,1002,NO,2026-04-27T21:17:05.745435
61,518,NO,2026-04-27T21:17:05.911220
61,752,YES,2026-04-27T21:17:06.050707
61,796,YES,2026-04-27T21:17:06.179364
61,976,NO,2026-04-27T21:17:06.346132
61,358,SUPER_LIKE,2026-04-27T21:17:06.478405
61,153,YES,2026-04-27T21:17:06.737166
61,109,YES,2026-04-27T21:17:06.891793
61,226,NO,2026-04-27T21:17:07.022056
61,248,NO,2026-04-27T21:17:07.153892
62,853,NO,2026-04-27T21:17:07.349478
62,429,NO,2026-04-27T21:17:07.660728
62,637,NO,2026-04-27T21:17:07.793969
62,729,NO,2026-04-27T21:17:08.093383
62,531,NO,2026-04-27T21:17:08.243523
62,673,NO,2026-04-27T21:17:08.383671
62,775,NO,2026-04-27T21:17:08.625048
62,710,NO,2026-04-27T21:17:08.755995
62,469,NO,2026-04-27T21:17:08.902859
62,411,NO,2026-04-27T21:17:09.043399
62,285,NO,2026-04-27T21:17:09.187531
62,354,NO,2026-04-27T21:17:09.323367
62,351,NO,2026-04-27T21:17:09.463988
62,185,NO,2026-04-27T21:17:09.592229
62,723,NO,2026-04-27T21:17:09.734853
62,952,NO,2026-04-27T21:17:09.994225
62,848,NO,2026-04-27T21:17:10.122660
63,308,NO,2026-04-27T21:17:10.463002
63,883,NO,2026-04-27T21:17:10.601441
63,271,YES,2026-04-27T21:17:10.734680
63,503,NO,2026-04-27T21:17:10.872651
63,788,NO,2026-04-27T21:17:11.022072
63,751,SUPER_LIKE,2026-04-27T21:17:11.161498
63,212,NO,2026-04-27T21:17:11.295025
63,771,NO,2026-04-27T21:17:11.556301
63,997,NO,2026-04-27T21:17:11.692649
63,464,SUPER_LIKE,2026-04-27T21:17:11.841996
63,967,NO,2026-04-27T21:17:12.009259
63,954,NO,2026-04-27T21:17:12.781114
63,688,NO,2026-04-27T21:17:12.909661
63,647,NO,2026-04-27T21:17:13.338622
63,213,NO,2026-04-27T21:17:13.470411
63,657,NO,2026-04-27T21:17:13.599926
64,379,NO,2026-04-27T21:17:13.815176
64,158,NO,2026-04-27T21:17:13.979112
64,310,NO,2026-04-27T21:17:14.247448
64,21,NO,2026-04-27T21:17:14.394142
64,983,SUPER_LIKE,2026-04-27T21:17:14.546034
64,216,NO,2026-04-27T21:17:14.813100
64,846,NO,2026-04-27T21:17:14.948260
64,472,NO,2026-04-27T21:17:15.092596
64,389,NO,2026-04-27T21:17:15.362703
64,351,NO,2026-04-27T21:17:15.657338
64,626,NO,2026-04-27T21:17:15.813875
64,1004,NO,2026-04-27T21:17:15.991199
64,776,YES,2026-04-27T21:17:16.257256
64,1020,NO,2026-04-27T21:17:16.499431
64,688,NO,2026-04-27T21:17:16.888224
64,140,YES,2026-04-27T21:17:17.028568
64,694,YES,2026-04-27T21:17:17.163822
65,776,NO,2026-04-27T21:17:17.405038
65,223,NO,2026-04-27T21:17:17.680421
65,526,NO,2026-04-27T21:17:17.976764
65,324,NO,2026-04-27T21:17:18.132470
65,833,YES,2026-04-27T21:17:18.283164
65,354,YES,2026-04-27T21:17:18.429577
65,653,NO,2026-04-27T21:17:18.806695
65,379,NO,2026-04-27T21:17:18.980333
65,573,NO,2026-04-27T21:17:19.197907
65,140,YES,2026-04-27T21:17:19.681811
65,612,YES,2026-04-27T21:17:19.852684
65,478,NO,2026-04-27T21:17:20.026977
65,628,YES,2026-04-27T21:17:20.204954
65,749,YES,2026-04-27T21:17:20.368498
65,796,YES,2026-04-27T21:17:20.527203
65,753,YES,2026-04-27T21:17:20.688682
66,52,NO,2026-04-27T21:17:20.914043
66,809,NO,2026-04-27T21:17:21.115868
66,799,YES,2026-04-27T21:17:21.251564
66,853,NO,2026-04-27T21:17:21.391778
66,735,YES,2026-04-27T21:17:21.694443
66,295,NO,2026-04-27T21:17:21.966669
66,860,YES,2026-04-27T21:17:22.099750
66,568,NO,2026-04-27T21:17:22.254138
66,39,NO,2026-04-27T21:17:22.389283
66,11,NO,2026-04-27T21:17:22.518672
66,885,YES,2026-04-27T21:17:22.651303
66,980,YES,2026-04-27T21:17:22.797653
66,223,NO,2026-04-27T21:17:22.938462
66,938,YES,2026-04-27T21:17:23.337200
66,1012,YES,2026-04-27T21:17:23.484322
66,298,YES,2026-04-27T21:17:23.744491
66,553,NO,2026-04-27T21:17:23.876831
67,63,NO,2026-04-27T21:17:24.095844
67,332,NO,2026-04-27T21:17:24.223511
67,497,NO,2026-04-27T21:17:24.360012
67,537,NO,2026-04-27T21:17:24.501728
67,337,NO,2026-04-27T21:17:24.758962
67,385,SUPER_LIKE,2026-04-27T21:17:24.897120
67,223,YES,2026-04-27T21:17:25.036394
67,897,YES,2026-04-27T21:17:25.320380
67,548,NO,2026-04-27T21:17:25.818210
67,750,NO,2026-04-27T21:17:25.963457
67,406,NO,2026-04-27T21:17:26.106271
67,217,NO,2026-04-27T21:17:26.246907
67,847,NO,2026-04-27T21:17:26.531128
67,167,NO,2026-04-27T21:17:26.677350
67,819,YES,2026-04-27T21:17:26.834068
67,674,YES,2026-04-27T21:17:26.978121
67,73,NO,2026-04-27T21:17:27.115957
68,214,NO,2026-04-27T21:17:27.825008
68,122,NO,2026-04-27T21:17:27.972730
68,826,NO,2026-04-27T21:17:28.115389
68,24,NO,2026-04-27T21:17:28.258189
68,152,YES,2026-04-27T21:17:28.400072
68,738,YES,2026-04-27T21:17:28.533215
68,909,NO,2026-04-27T21:17:28.785158
68,109,NO,2026-04-27T21:17:29.036459
68,596,NO,2026-04-27T21:17:29.323186
68,836,NO,2026-04-27T21:17:29.600262
68,449,SUPER_LIKE,2026-04-27T21:17:29.750354
68,1006,YES,2026-04-27T21:17:29.905379
68,862,YES,2026-04-27T21:17:30.043367
68,56,NO,2026-04-27T21:17:30.184404
68,387,NO,2026-04-27T21:17:30.327206
68,562,NO,2026-04-27T21:17:30.491164
68,471,NO,2026-04-27T21:17:30.627610
69,83,NO,2026-04-27T21:17:30.816992
69,444,YES,2026-04-27T21:17:31.115311
69,919,YES,2026-04-27T21:17:31.265703
69,56,YES,2026-04-27T21:17:31.404804
69,627,NO,2026-04-27T21:17:31.552793
69,91,NO,2026-04-27T21:17:31.848918
69,912,NO,2026-04-27T21:17:32.566788
69,927,NO,2026-04-27T21:17:32.743461
69,413,YES,2026-04-27T21:17:32.885688
69,476,NO,2026-04-27T21:17:33.035283
69,1018,NO,2026-04-27T21:17:33.606290
69,384,YES,2026-04-27T21:17:33.817699
69,439,NO,2026-04-27T21:17:33.995180
69,847,YES,2026-04-27T21:17:34.208206
69,747,NO,2026-04-27T21:17:34.379875
70,758,NO,2026-04-27T21:17:34.677401
70,808,NO,2026-04-27T21:17:35.052036
70,216,NO,2026-04-27T21:17:35.223188
70,928,NO,2026-04-27T21:17:35.368074
70,906,NO,2026-04-27T21:17:35.496361
70,688,NO,2026-04-27T21:17:35.627343
70,935,NO,2026-04-27T21:17:35.773243
70,394,NO,2026-04-27T21:17:35.906410
70,909,NO,2026-04-27T21:17:36.047134
70,193,YES,2026-04-27T21:17:36.192284
70,575,SUPER_LIKE,2026-04-27T21:17:36.477360
70,958,NO,2026-04-27T21:17:36.634596
70,46,NO,2026-04-27T21:17:36.787859
70,71,YES,2026-04-27T21:17:36.960837
70,162,NO,2026-04-27T21:17:37.227606
70,774,YES,2026-04-27T21:17:37.612763
70,196,NO,2026-04-27T21:17:37.780145
70,638,NO,2026-04-27T21:17:37.951597
71,779,NO,2026-04-27T21:17:38.190909
71,209,YES,2026-04-27T21:17:38.452403
71,972,SUPER_LIKE,2026-04-27T21:17:38.581077
71,612,NO,2026-04-27T21:17:38.716154
71,986,NO,2026-04-27T21:17:38.847236
71,1007,NO,2026-04-27T21:17:38.988114
71,203,YES,2026-04-27T21:17:39.123117
71,472,NO,2026-04-27T21:17:39.278349
71,148,NO,2026-04-27T21:17:39.412138
71,975,NO,2026-04-27T21:17:39.669359
71,277,NO,2026-04-27T21:17:39.826020
71,29,NO,2026-04-27T21:17:39.965861
71,502,NO,2026-04-27T21:17:40.108230
71,671,NO,2026-04-27T21:17:40.412876
71,220,NO,2026-04-27T21:17:40.697383
71,467,NO,2026-04-27T21:17:40.833735
71,818,NO,2026-04-27T21:17:40.991956
71,119,NO,2026-04-27T21:17:41.124482
72,280,YES,2026-04-27T21:17:41.335930
72,925,NO,2026-04-27T21:17:41.487854
72,459,NO,2026-04-27T21:17:41.633219
72,514,NO,2026-04-27T21:17:41.769929
72,549,NO,2026-04-27T21:17:41.901413
72,259,YES,2026-04-27T21:17:42.053935
72,111,NO,2026-04-27T21:17:42.197217
72,443,NO,2026-04-27T21:17:42.330862
72,892,NO,2026-04-27T21:17:42.612435
72,786,NO,2026-04-27T21:17:42.762094
72,589,NO,2026-04-27T21:17:42.899529
72,638,NO,2026-04-27T21:17:43.144943
72,891,NO,2026-04-27T21:17:43.289149
72,130,NO,2026-04-27T21:17:43.419774
72,269,NO,2026-04-27T21:17:43.712453
72,565,YES,2026-04-27T21:17:43.892564
72,807,NO,2026-04-27T21:17:44.028520
72,282,NO,2026-04-27T21:17:44.404749
73,721,NO,2026-04-27T21:17:44.604236
73,883,NO,2026-04-27T21:17:44.736204
73,968,NO,2026-04-27T21:17:44.869242
73,959,NO,2026-04-27T21:17:45.032960
73,239,NO,2026-04-27T21:17:45.278256
73,148,NO,2026-04-27T21:17:45.413046
73,981,YES,2026-04-27T21:17:45.660383
73,250,NO,2026-04-27T21:17:45.790399
73,754,YES,2026-04-27T21:17:45.930174
73,552,NO,2026-04-27T21:17:46.064941
73,270,YES,2026-04-27T21:17:46.223901
73,974,NO,2026-04-27T21:17:46.357102
73,843,NO,2026-04-27T21:17:46.619985
73,124,NO,2026-04-27T21:17:46.771968
73,595,NO,2026-04-27T21:17:46.898608
73,990,NO,2026-04-27T21:17:47.160658
73,285,NO,2026-04-27T21:17:47.430212
73,741,NO,2026-04-27T21:17:47.561830
73,603,NO,2026-04-27T21:17:47.700211
74,240,NO,2026-04-27T21:17:47.913522
74,98,NO,2026-04-27T21:17:48.049011
74,763,NO,2026-04-27T21:17:48.215622
74,565,NO,2026-04-27T21:17:48.498588
74,669,YES,2026-04-27T21:17:48.825078
74,265,YES,2026-04-27T21:17:49.034985
74,708,NO,2026-04-27T21:17:49.302398
74,651,YES,2026-04-27T21:17:49.522189
74,820,NO,2026-04-27T21:17:49.697623
74,328,YES,2026-04-27T21:17:49.840255
74,866,NO,2026-04-27T21:17:50.082370
74,242,YES,2026-04-27T21:17:50.225563
74,351,YES,2026-04-27T21:17:50.382146
74,209,YES,2026-04-27T21:17:50.518493
74,778,YES,2026-04-27T21:17:50.656692
74,796,YES,2026-04-27T21:17:51.033402
74,505,NO,2026-04-27T21:17:51.298929
75,322,YES,2026-04-27T21:17:51.529598
75,406,NO,2026-04-27T21:17:51.795044
75,131,NO,2026-04-27T21:17:51.944285
75,834,NO,2026-04-27T21:17:52.106234
75,159,NO,2026-04-27T21:17:52.357652
75,1011,SUPER_LIKE,2026-04-27T21:17:52.489284
75,581,NO,2026-04-27T21:17:52.641145
75,964,NO,2026-04-27T21:17:52.775102
75,337,NO,2026-04-27T21:17:52.914490
75,383,YES,2026-04-27T21:17:53.218709
75,514,NO,2026-04-27T21:17:53.361264
75,396,YES,2026-04-27T21:17:53.492628
75,317,YES,2026-04-27T21:17:53.626351
75,432,YES,2026-04-27T21:17:53.783529
75,615,YES,2026-04-27T21:17:53.934304
75,999,NO,2026-04-27T21:17:54.065896
75,15,NO,2026-04-27T21:17:54.199384
75,745,NO,2026-04-27T21:17:54.337900
76,723,YES,2026-04-27T21:17:54.690335
76,78,YES,2026-04-27T21:17:54.824522
76,462,YES,2026-04-27T21:17:55.025006
76,916,YES,2026-04-27T21:17:55.166131
76,631,YES,2026-04-27T21:17:55.447718
76,757,YES,2026-04-27T21:17:55.609050
76,910,NO,2026-04-27T21:17:55.860463
76,187,NO,2026-04-27T21:17:56.270773
76,789,NO,2026-04-27T21:17:56.422223
76,494,YES,2026-04-27T21:17:56.704408
76,231,NO,2026-04-27T21:17:56.851016
76,885,NO,2026-04-27T21:17:56.983993
76,448,YES,2026-04-27T21:17:57.122891
76,871,NO,2026-04-27T21:17:57.499183
76,227,NO,2026-04-27T21:17:57.631136
76,148,YES,2026-04-27T21:17:57.766660
77,440,YES,2026-04-27T21:17:57.984786
77,414,NO,2026-04-27T21:17:58.127888
77,954,NO,2026-04-27T21:17:58.400188
77,126,NO,2026-04-27T21:17:58.704614
77,874,NO,2026-04-27T21:17:58.978581
77,200,NO,2026-04-27T21:17:59.279096
77,735,NO,2026-04-27T21:17:59.539348
77,640,NO,2026-04-27T21:17:59.791354
77,842,NO,2026-04-27T21:17:59.929668
77,587,NO,2026-04-27T21:18:00.069845
77,903,NO,2026-04-27T21:18:00.212976
77,201,NO,2026-04-27T21:18:00.364660
77,670,NO,2026-04-27T21:18:00.502552
77,395,NO,2026-04-27T21:18:00.633537
77,1008,NO,2026-04-27T21:18:00.896817
77,420,NO,2026-04-27T21:18:01.155433
78,513,NO,2026-04-27T21:18:01.357218
78,619,NO,2026-04-27T21:18:01.625317
78,56,NO,2026-04-27T21:18:01.893516
78,910,NO,2026-04-27T21:18:02.046082
78,722,NO,2026-04-27T21:18:02.305804
78,279,NO,2026-04-27T21:18:02.568059
78,770,NO,2026-04-27T21:18:02.702483
78,460,YES,2026-04-27T21:18:02.840762
78,790,NO,2026-04-27T21:18:02.982485
78,698,NO,2026-04-27T21:18:03.253258
78,344,YES,2026-04-27T21:18:03.429144
78,395,NO,2026-04-27T21:18:04.213420
78,357,NO,2026-04-27T21:18:04.405738
78,526,YES,2026-04-27T21:18:04.566154
78,697,NO,2026-04-27T21:18:04.983591
79,670,NO,2026-04-27T21:18:05.300108
79,768,YES,2026-04-27T21:18:05.435472
79,134,YES,2026-04-27T21:18:05.706539
79,805,YES,2026-04-27T21:18:05.861526
79,905,SUPER_LIKE,2026-04-27T21:18:06.014165
79,814,NO,2026-04-27T21:18:06.167966
79,282,SUPER_LIKE,2026-04-27T21:18:06.322973
79,652,YES,2026-04-27T21:18:06.576936
79,396,NO,2026-04-27T21:18:06.871973
79,511,SUPER_LIKE,2026-04-27T21:18:07.007254
79,195,NO,2026-04-27T21:18:07.141865
79,391,NO,2026-04-27T21:18:07.456478
79,45,NO,2026-04-27T21:18:07.591315
79,117,YES,2026-04-27T21:18:07.728116
79,479,YES,2026-04-27T21:18:07.883742
79,302,YES,2026-04-27T21:18:08.038718
79,934,NO,2026-04-27T21:18:08.174627
79,775,NO,2026-04-27T21:18:08.313250
80,121,YES,2026-04-27T21:18:08.548566
80,970,NO,2026-04-27T21:18:08.689871
80,193,NO,2026-04-27T21:18:08.948517
80,528,NO,2026-04-27T21:18:09.117394
80,33,NO,2026-04-27T21:18:09.248506
80,137,SUPER_LIKE,2026-04-27T21:18:09.513374
80,680,NO,2026-04-27T21:18:09.779323
80,60,NO,2026-04-27T21:18:09.918221
80,349,NO,2026-04-27T21:18:10.058147
80,515,NO,2026-04-27T21:18:10.193760
80,797,NO,2026-04-27T21:18:10.480366
80,317,NO,2026-04-27T21:18:10.744726
80,812,NO,2026-04-27T21:18:10.897827
80,834,NO,2026-04-27T21:18:11.036007
80,378,NO,2026-04-27T21:18:11.174549
80,291,NO,2026-04-27T21:18:11.462709
80,1021,NO,2026-04-27T21:18:11.597410
81,754,NO,2026-04-27T21:18:11.923118
81,591,YES,2026-04-27T21:18:12.072918
81,938,YES,2026-04-27T21:18:12.317893
81,979,NO,2026-04-27T21:18:12.550657
81,692,NO,2026-04-27T21:18:12.801698
81,999,SUPER_LIKE,2026-04-27T21:18:13.191276
81,949,NO,2026-04-27T21:18:13.331055
81,792,NO,2026-04-27T21:18:13.468087
81,574,NO,2026-04-27T21:18:13.630117
81,790,NO,2026-04-27T21:18:13.782809
81,280,NO,2026-04-27T21:18:14.043314
81,213,YES,2026-04-27T21:18:14.189596
81,44,NO,2026-04-27T21:18:14.612608
81,836,YES,2026-04-27T21:18:14.751548
81,837,NO,2026-04-27T21:18:14.914105
81,474,NO,2026-04-27T21:18:15.303979
82,728,NO,2026-04-27T21:18:15.533292
82,170,NO,2026-04-27T21:18:15.664811
82,772,YES,2026-04-27T21:18:15.933580
82,238,NO,2026-04-27T21:18:16.106195
82,648,NO,2026-04-27T21:18:16.279285
82,34,SUPER_LIKE,2026-04-27T21:18:16.544150
82,372,NO,2026-04-27T21:18:16.900388
82,583,NO,2026-04-27T21:18:17.064107
82,873,NO,2026-04-27T21:18:17.207001
82,1005,NO,2026-04-27T21:18:17.403018
82,141,NO,2026-04-27T21:18:17.577233
82,939,NO,2026-04-27T21:18:17.716456
82,646,NO,2026-04-27T21:18:17.865023
82,361,YES,2026-04-27T21:18:18.252918
82,634,NO,2026-04-27T21:18:18.420093
82,727,YES,2026-04-27T21:18:18.555775
82,683,YES,2026-04-27T21:18:18.816963
83,923,NO,2026-04-27T21:18:19.081848
83,476,NO,2026-04-27T21:18:19.580338
83,454,NO,2026-04-27T21:18:19.759180
83,529,NO,2026-04-27T21:18:19.947067
83,237,YES,2026-04-27T21:18:20.228798
83,22,NO,2026-04-27T21:18:20.417624
83,845,YES,2026-04-27T21:18:20.624064
83,347,NO,2026-04-27T21:18:20.786838
83,626,YES,2026-04-27T21:18:20.971334
83,879,NO,2026-04-27T21:18:21.141458
83,944,NO,2026-04-27T21:18:21.282493
83,53,NO,2026-04-27T21:18:21.436826
83,589,NO,2026-04-27T21:18:21.575580
83,973,YES,2026-04-27T21:18:22.144047
83,447,NO,2026-04-27T21:18:22.277790
83,41,NO,2026-04-27T21:18:22.684624
84,281,NO,2026-04-27T21:18:23.016061
84,681,YES,2026-04-27T21:18:23.177850
84,392,NO,2026-04-27T21:18:23.338130
84,307,NO,2026-04-27T21:18:23.511682
84,1009,NO,2026-04-27T21:18:23.689429
84,219,NO,2026-04-27T21:18:23.859455
84,835,NO,2026-04-27T21:18:23.996177
84,498,NO,2026-04-27T21:18:24.127104
84,908,NO,2026-04-27T21:18:24.406820
84,314,NO,2026-04-27T21:18:24.553891
84,466,NO,2026-04-27T21:18:24.822873
84,827,NO,2026-04-27T21:18:25.102419
84,557,YES,2026-04-27T21:18:25.358932
84,266,NO,2026-04-27T21:18:25.503194
84,120,NO,2026-04-27T21:18:25.641308
84,615,NO,2026-04-27T21:18:25.781140
84,861,NO,2026-04-27T21:18:25.913995
84,99,YES,2026-04-27T21:18:26.052196
84,49,NO,2026-04-27T21:18:26.307266
85,392,YES,2026-04-27T21:18:26.525179
85,951,NO,2026-04-27T21:18:26.674625
85,237,SUPER_LIKE,2026-04-27T21:18:26.961566
85,96,SUPER_LIKE,2026-04-27T21:18:27.102014
85,28,NO,2026-04-27T21:18:27.410889
85,763,NO,2026-04-27T21:18:27.694777
85,104,YES,2026-04-27T21:18:27.831414
85,758,NO,2026-04-27T21:18:27.982242
85,620,NO,2026-04-27T21:18:28.119196
85,196,SUPER_LIKE,2026-04-27T21:18:28.683276
85,216,YES,2026-04-27T21:18:28.824151
85,597,YES,2026-04-27T21:18:29.137939
85,88,YES,2026-04-27T21:18:29.282489
85,100,NO,2026-04-27T21:18:29.419509
86,1004,SUPER_LIKE,2026-04-27T21:18:29.778167
86,881,NO,2026-04-27T21:18:30.045242
86,480,YES,2026-04-27T21:18:30.204368
86,455,YES,2026-04-27T21:18:30.355504
86,517,YES,2026-04-27T21:18:30.613644
86,220,NO,2026-04-27T21:18:30.744091
86,432,NO,2026-04-27T21:18:30.893975
86,133,NO,2026-04-27T21:18:31.146760
86,974,NO,2026-04-27T21:18:31.279396
86,795,NO,2026-04-27T21:18:31.550617
86,89,NO,2026-04-27T21:18:31.683340
86,492,NO,2026-04-27T21:18:31.854022
86,103,NO,2026-04-27T21:18:32.114858
86,528,NO,2026-04-27T21:18:32.255696
86,933,NO,2026-04-27T21:18:32.517515
86,199,YES,2026-04-27T21:18:32.655675
86,729,YES,2026-04-27T21:18:32.789567
86,635,YES,2026-04-27T21:18:32.931925
87,145,NO,2026-04-27T21:18:33.203751
87,253,YES,2026-04-27T21:18:33.420289
87,386,NO,2026-04-27T21:18:33.589078
87,858,NO,2026-04-27T21:18:33.765891
87,349,NO,2026-04-27T21:18:33.948277
87,564,NO,2026-04-27T21:18:34.154878
87,607,NO,2026-04-27T21:18:34.400646
87,595,YES,2026-04-27T21:18:34.606805
87,857,NO,2026-04-27T21:18:34.820432
87,72,NO,2026-04-27T21:18:34.994639
87,839,NO,2026-04-27T21:18:35.159633
87,332,NO,2026-04-27T21:18:35.324328
87,926,YES,2026-04-27T21:18:35.761702
87,84,NO,2026-04-27T21:18:35.899758
87,961,YES,2026-04-27T21:18:36.056462
87,881,NO,2026-04-27T21:18:36.211693
87,440,NO,2026-04-27T21:18:36.366455
87,269,NO,2026-04-27T21:18:36.508168
88,323,NO,2026-04-27T21:18:36.735772
88,209,NO,2026-04-27T21:18:37.013939
88,481,NO,2026-04-27T21:18:37.203445
88,69,NO,2026-04-27T21:18:37.377797
88,812,NO,2026-04-27T21:18:37.573058
88,119,NO,2026-04-27T21:18:37.860230
88,31,NO,2026-04-27T21:18:38.058442
88,741,NO,2026-04-27T21:18:38.223314
88,305,NO,2026-04-27T21:18:38.479190
88,255,NO,2026-04-27T21:18:38.764337
88,719,NO,2026-04-27T21:18:38.914453
88,397,NO,2026-04-27T21:18:39.077842
88,943,NO,2026-04-27T21:18:39.229458
88,842,NO,2026-04-27T21:18:39.419498
88,793,NO,2026-04-27T21:18:39.610210
88,540,NO,2026-04-27T21:18:39.908006
88,290,NO,2026-04-27T21:18:40.044391
88,938,NO,2026-04-27T21:18:40.202898
88,292,NO,2026-04-27T21:18:40.354554
89,356,YES,2026-04-27T21:18:40.746532
89,998,YES,2026-04-27T21:18:40.903483
89,979,YES,2026-04-27T21:18:41.017750
89,304,SUPER_LIKE,2026-04-27T21:18:41.155230
89,861,NO,2026-04-27T21:18:41.408539
89,103,NO,2026-04-27T21:18:41.517111
89,579,NO,2026-04-27T21:18:41.636667
89,513,YES,2026-04-27T21:18:41.977962
89,799,NO,2026-04-27T21:18:42.086196
89,224,NO,2026-04-27T21:18:42.189507
89,604,NO,2026-04-27T21:18:42.288461
89,614,NO,2026-04-27T21:18:42.496178
89,497,YES,2026-04-27T21:18:42.607718
89,102,NO,2026-04-27T21:18:42.706724
89,227,NO,2026-04-27T21:18:42.810914
89,906,NO,2026-04-27T21:18:43.016948
89,43,YES,2026-04-27T21:18:43.126381
90,618,NO,2026-04-27T21:18:43.291271
90,895,YES,2026-04-27T21:18:43.615306
90,349,SUPER_LIKE,2026-04-27T21:18:43.751744
90,796,YES,2026-04-27T21:18:43.859724
90,60,YES,2026-04-27T21:18:43.970003
90,972,NO,2026-04-27T21:18:44.070007
90,933,YES,2026-04-27T21:18:44.293266
90,901,NO,2026-04-27T21:18:44.525836
90,668,YES,2026-04-27T21:18:44.639198
90,825,YES,2026-04-27T21:18:44.749370
90,225,YES,2026-04-27T21:18:44.864933
90,154,YES,2026-04-27T21:18:45.086455
90,746,YES,2026-04-27T21:18:45.190854
90,669,YES,2026-04-27T21:18:45.413808
90,534,YES,2026-04-27T21:18:45.887923
90,336,NO,2026-04-27T21:18:46.015274
91,281,YES,2026-04-27T21:18:46.187822
91,730,YES,2026-04-27T21:18:46.510851
91,120,NO,2026-04-27T21:18:46.633346
91,260,SUPER_LIKE,2026-04-27T21:18:46.737387
91,552,YES,2026-04-27T21:18:46.859939
91,992,NO,2026-04-27T21:18:46.972046
91,824,YES,2026-04-27T21:18:47.096084
91,385,NO,2026-04-27T21:18:47.222909
91,687,NO,2026-04-27T21:18:47.333483
91,458,NO,2026-04-27T21:18:47.439223
91,795,NO,2026-04-27T21:18:47.541426
91,576,YES,2026-04-27T21:18:47.653281
91,172,NO,2026-04-27T21:18:47.770200
91,638,NO,2026-04-27T21:18:47.994918
91,565,SUPER_LIKE,2026-04-27T21:18:48.111323
91,414,NO,2026-04-27T21:18:48.222850
91,750,NO,2026-04-27T21:18:48.331773
91,47,YES,2026-04-27T21:18:48.441090
91,752,NO,2026-04-27T21:18:48.551238
92,672,NO,2026-04-27T21:18:48.706009
92,313,SUPER_LIKE,2026-04-27T21:18:48.822798
92,141,NO,2026-04-27T21:18:48.928887
92,923,NO,2026-04-27T21:18:49.240865
92,467,NO,2026-04-27T21:18:49.345170
92,675,YES,2026-04-27T21:18:49.466634
92,357,NO,2026-04-27T21:18:49.573739
92,517,NO,2026-04-27T21:18:49.684958
92,474,YES,2026-04-27T21:18:49.797233
92,472,NO,2026-04-27T21:18:49.902268
92,959,YES,2026-04-27T21:18:50.019714
92,586,YES,2026-04-27T21:18:50.119005
92,994,NO,2026-04-27T21:18:50.220074
92,931,NO,2026-04-27T21:18:50.330030
92,547,NO,2026-04-27T21:18:50.435969
92,712,NO,2026-04-27T21:18:50.546246
92,611,NO,2026-04-27T21:18:50.657316
92,187,SUPER_LIKE,2026-04-27T21:18:50.764196
93,561,NO,2026-04-27T21:18:50.924940
93,195,NO,2026-04-27T21:18:51.056733
93,91,NO,2026-04-27T21:18:51.167241
93,34,YES,2026-04-27T21:18:51.268022
93,384,NO,2026-04-27T21:18:51.378169
93,648,NO,2026-04-27T21:18:51.482598
93,512,SUPER_LIKE,2026-04-27T21:18:51.705731
93,750,NO,2026-04-27T21:18:51.932443
93,145,NO,2026-04-27T21:18:52.036056
93,235,NO,2026-04-27T21:18:52.264112
93,351,NO,2026-04-27T21:18:52.650873
93,565,NO,2026-04-27T21:18:52.862582
93,551,NO,2026-04-27T21:18:52.971395
93,581,NO,2026-04-27T21:18:53.200582
93,450,NO,2026-04-27T21:18:53.305209
93,427,SUPER_LIKE,2026-04-27T21:18:53.424758
94,203,NO,2026-04-27T21:18:53.698384
94,515,NO,2026-04-27T21:18:53.799114
94,960,YES,2026-04-27T21:18:53.909889
94,255,NO,2026-04-27T21:18:54.034393
94,90,YES,2026-04-27T21:18:54.142495
94,520,NO,2026-04-27T21:18:54.244211
94,823,NO,2026-04-27T21:18:54.348135
94,670,NO,2026-04-27T21:18:54.593521
94,983,YES,2026-04-27T21:18:54.707165
94,192,NO,2026-04-27T21:18:54.807897
94,176,NO,2026-04-27T21:18:54.913235
94,116,NO,2026-04-27T21:18:55.018020
94,161,NO,2026-04-27T21:18:55.153904
94,786,YES,2026-04-27T21:18:55.254876
94,361,YES,2026-04-27T21:18:55.359482
94,765,YES,2026-04-27T21:18:55.599342
94,235,NO,2026-04-27T21:18:55.703613
94,11,NO,2026-04-27T21:18:55.818000
94,927,YES,2026-04-27T21:18:55.916019
94,985,NO,2026-04-27T21:18:56.020831
95,298,NO,2026-04-27T21:18:56.294546
95,154,NO,2026-04-27T21:18:56.399802
95,366,NO,2026-04-27T21:18:56.507387
95,789,YES,2026-04-27T21:18:56.728250
95,434,YES,2026-04-27T21:18:56.832416
95,53,YES,2026-04-27T21:18:56.948473
95,360,NO,2026-04-27T21:18:57.053685
95,661,NO,2026-04-27T21:18:57.154623
95,746,NO,2026-04-27T21:18:57.255835
95,448,NO,2026-04-27T21:18:57.357433
95,825,NO,2026-04-27T21:18:57.472837
95,963,NO,2026-04-27T21:18:57.576503
95,486,NO,2026-04-27T21:18:57.685902
95,655,NO,2026-04-27T21:18:57.789186
95,155,YES,2026-04-27T21:18:58.002066
95,202,NO,2026-04-27T21:18:58.219738
95,711,NO,2026-04-27T21:18:58.443598
95,243,YES,2026-04-27T21:18:58.558341
95,885,NO,2026-04-27T21:18:58.670676
96,682,NO,2026-04-27T21:18:58.935640
96,829,NO,2026-04-27T21:18:59.051601
96,416,NO,2026-04-27T21:18:59.158236
96,65,NO,2026-04-27T21:18:59.277926
96,209,NO,2026-04-27T21:18:59.377868
96,875,NO,2026-04-27T21:18:59.481878
96,495,NO,2026-04-27T21:18:59.590691
96,849,NO,2026-04-27T21:18:59.694653
96,261,NO,2026-04-27T21:18:59.810363
96,617,NO,2026-04-27T21:19:00.120913
96,734,NO,2026-04-27T21:19:00.330921
96,84,NO,2026-04-27T21:19:00.439734
96,463,NO,2026-04-27T21:19:00.549257
96,133,YES,2026-04-27T21:19:00.666594
96,888,NO,2026-04-27T21:19:00.781633
96,1019,NO,2026-04-27T21:19:00.887803
96,323,NO,2026-04-27T21:19:01.000571
97,747,NO,2026-04-27T21:19:01.168284
97,529,NO,2026-04-27T21:19:01.269517
97,475,NO,2026-04-27T21:19:01.383216
97,348,NO,2026-04-27T21:19:01.709215
97,561,NO,2026-04-27T21:19:01.845375
97,285,NO,2026-04-27T21:19:01.950953
97,403,YES,2026-04-27T21:19:02.082142
97,602,NO,2026-04-27T21:19:02.187086
97,541,NO,2026-04-27T21:19:02.289281
97,533,NO,2026-04-27T21:19:02.511428
97,542,NO,2026-04-27T21:19:02.751442
97,310,NO,2026-04-27T21:19:02.955533
97,365,YES,2026-04-27T21:19:03.215398
97,200,NO,2026-04-27T21:19:03.331292
97,184,NO,2026-04-27T21:19:03.550253
98,820,NO,2026-04-27T21:19:03.708267
98,781,YES,2026-04-27T21:19:03.832673
98,539,YES,2026-04-27T21:19:03.948460
98,302,YES,2026-04-27T21:19:04.049227
98,547,NO,2026-04-27T21:19:04.172244
98,392,NO,2026-04-27T21:19:04.284463
98,900,NO,2026-04-27T21:19:04.626804
98,435,NO,2026-04-27T21:19:04.747505
98,449,NO,2026-04-27T21:19:04.850506
98,818,YES,2026-04-27T21:19:05.087724
98,388,NO,2026-04-27T21:19:05.302262
98,366,YES,2026-04-27T21:19:05.525371
98,989,YES,2026-04-27T21:19:05.741880
98,266,YES,2026-04-27T21:19:05.859736
98,650,NO,2026-04-27T21:19:05.964589
98,963,NO,2026-04-27T21:19:06.290488
98,313,NO,2026-04-27T21:19:06.400735
99,989,YES,2026-04-27T21:19:06.780759
99,858,NO,2026-04-27T21:19:06.884118
99,503,NO,2026-04-27T21:19:06.987951
99,728,NO,2026-04-27T21:19:07.327742
99,674,NO,2026-04-27T21:19:07.428944
99,382,NO,2026-04-27T21:19:07.654224
99,813,NO,2026-04-27T21:19:07.760957
99,743,NO,2026-04-27T21:19:07.985773
99,510,YES,2026-04-27T21:19:08.229776
99,556,YES,2026-04-27T21:19:08.338055
99,404,NO,2026-04-27T21:19:08.455280
99,847,NO,2026-04-27T21:19:08.583205
99,355,NO,2026-04-27T21:19:08.724325
99,108,NO,2026-04-27T21:19:08.848933
99,27,NO,2026-04-27T21:19:08.975776
99,799,NO,2026-04-27T21:19:09.089030
100,186,SUPER_LIKE,2026-04-27T21:19:09.483864
100,985,YES,2026-04-27T21:19:09.602834
100,356,YES,2026-04-27T21:19:09.733275
100,396,NO,2026-04-27T21:19:09.997049
100,570,NO,2026-04-27T21:19:10.230469
100,185,NO,2026-04-27T21:19:10.579359
100,977,SUPER_LIKE,2026-04-27T21:19:11.094177
100,258,NO,2026-04-27T21:19:11.312944
100,837,NO,2026-04-27T21:19:11.412323
100,334,NO,2026-04-27T21:19:11.514173
100,499,NO,2026-04-27T21:19:11.725211
100,817,YES,2026-04-27T21:19:11.842132
100,794,YES,2026-04-27T21:19:11.953866
100,566,YES,2026-04-27T21:19:12.172878
101,837,NO,2026-04-27T21:19:12.329776
101,86,NO,2026-04-27T21:19:12.441116
101,866,NO,2026-04-27T21:19:12.549914
101,450,NO,2026-04-27T21:19:12.772028
101,418,NO,2026-04-27T21:19:12.976741
101,75,NO,2026-04-27T21:19:13.205791
101,541,NO,2026-04-27T21:19:13.434459
101,489,NO,2026-04-27T21:19:13.684453
101,824,NO,2026-04-27T21:19:13.790297
101,780,NO,2026-04-27T21:19:13.994103
101,442,NO,2026-04-27T21:19:14.336003
101,596,NO,2026-04-27T21:19:14.548032
101,481,NO,2026-04-27T21:19:14.674231
101,170,NO,2026-04-27T21:19:14.907237
101,335,NO,2026-04-27T21:19:15.121799
102,414,NO,2026-04-27T21:19:15.277177
102,621,NO,2026-04-27T21:19:15.384495
102,519,NO,2026-04-27T21:19:15.719830
102,293,NO,2026-04-27T21:19:15.822582
102,51,YES,2026-04-27T21:19:16.051731
102,71,NO,2026-04-27T21:19:16.154470
102,614,YES,2026-04-27T21:19:16.268214
102,438,NO,2026-04-27T21:19:16.369706
102,187,NO,2026-04-27T21:19:16.482850
102,897,NO,2026-04-27T21:19:16.621697
102,545,NO,2026-04-27T21:19:16.727608
102,273,NO,2026-04-27T21:19:16.841176
102,746,NO,2026-04-27T21:19:16.950453
102,406,NO,2026-04-27T21:19:17.172503
102,59,NO,2026-04-27T21:19:17.408628
102,286,YES,2026-04-27T21:19:17.519003
102,153,YES,2026-04-27T21:19:17.624099
102,547,NO,2026-04-27T21:19:17.731467
102,137,YES,2026-04-27T21:19:17.843984
102,703,NO,2026-04-27T21:19:17.950968
103,645,NO,2026-04-27T21:19:18.108791
103,205,YES,2026-04-27T21:19:18.333042
103,268,NO,2026-04-27T21:19:18.433806
103,994,NO,2026-04-27T21:19:18.550660
103,435,NO,2026-04-27T21:19:18.657337
103,347,NO,2026-04-27T21:19:18.868699
103,805,YES,2026-04-27T21:19:18.968613
103,251,YES,2026-04-27T21:19:19.321813
103,726,NO,2026-04-27T21:19:19.555762
103,1005,YES,2026-04-27T21:19:19.683853
103,200,YES,2026-04-27T21:19:19.911756
103,780,NO,2026-04-27T21:19:20.022123
103,377,NO,2026-04-27T21:19:20.259262
103,715,YES,2026-04-27T21:19:20.379778
103,543,NO,2026-04-27T21:19:20.500466
103,241,NO,2026-04-27T21:19:20.627194
103,116,NO,2026-04-27T21:19:20.741580
104,743,NO,2026-04-27T21:19:20.935832
104,734,YES,2026-04-27T21:19:21.395620
104,691,NO,2026-04-27T21:19:21.496404
104,35,NO,2026-04-27T21:19:21.817504
104,739,NO,2026-04-27T21:19:21.921386
104,975,YES,2026-04-27T21:19:22.029631
104,656,NO,2026-04-27T21:19:22.136173
104,122,NO,2026-04-27T21:19:22.253400
104,172,YES,2026-04-27T21:19:22.364891
104,347,NO,2026-04-27T21:19:22.477980
104,490,NO,2026-04-27T21:19:22.579348
104,59,NO,2026-04-27T21:19:22.812973
104,699,YES,2026-04-27T21:19:22.921236
104,129,YES,2026-04-27T21:19:23.254306
105,301,YES,2026-04-27T21:19:23.436457
105,1014,YES,2026-04-27T21:19:23.542507
105,727,NO,2026-04-27T21:19:23.668123
105,198,NO,2026-04-27T21:19:23.773140
105,884,NO,2026-04-27T21:19:24.012045
105,770,NO,2026-04-27T21:19:24.363996
105,917,NO,2026-04-27T21:19:24.480214
105,157,NO,2026-04-27T21:19:24.616437
105,56,NO,2026-04-27T21:19:24.743513
105,630,NO,2026-04-27T21:19:25.032764
105,948,NO,2026-04-27T21:19:25.169154
105,81,YES,2026-04-27T21:19:25.326868
105,586,NO,2026-04-27T21:19:25.471384
105,491,NO,2026-04-27T21:19:26.002290
105,169,YES,2026-04-27T21:19:26.154276
105,264,YES,2026-04-27T21:19:26.423730
105,310,YES,2026-04-27T21:19:26.556231
106,183,NO,2026-04-27T21:19:26.730939
106,27,YES,2026-04-27T21:19:26.858617
106,231,NO,2026-04-27T21:19:26.976460
106,951,YES,2026-04-27T21:19:27.100266
106,208,YES,2026-04-27T21:19:27.336331
106,247,NO,2026-04-27T21:19:27.462059
106,805,NO,2026-04-27T21:19:27.694972
106,661,YES,2026-04-27T21:19:27.928554
106,270,YES,2026-04-27T21:19:28.057617
106,577,YES,2026-04-27T21:19:28.296200
106,442,YES,2026-04-27T21:19:28.412061
106,111,NO,2026-04-27T21:19:28.530655
106,311,YES,2026-04-27T21:19:28.664002
106,733,YES,2026-04-27T21:19:28.803794
106,466,NO,2026-04-27T21:19:28.918162
106,762,YES,2026-04-27T21:19:29.035297
106,388,NO,2026-04-27T21:19:29.165163
106,815,NO,2026-04-27T21:19:29.294998
107,724,NO,2026-04-27T21:19:29.589629
107,276,NO,2026-04-27T21:19:29.714864
107,842,NO,2026-04-27T21:19:29.841591
107,592,YES,2026-04-27T21:19:29.957746
107,443,NO,2026-04-27T21:19:30.074173
107,647,NO,2026-04-27T21:19:30.305031
107,494,NO,2026-04-27T21:19:30.659790
107,62,YES,2026-04-27T21:19:30.778897
107,856,NO,2026-04-27T21:19:30.900205
107,68,NO,2026-04-27T21:19:31.136358
107,829,NO,2026-04-27T21:19:31.356240
107,1000,NO,2026-04-27T21:19:31.579302
107,319,NO,2026-04-27T21:19:31.805637
107,498,NO,2026-04-27T21:19:32.032312
107,902,NO,2026-04-27T21:19:32.160043
107,300,NO,2026-04-27T21:19:32.273250
107,81,NO,2026-04-27T21:19:32.633562
108,1004,NO,2026-04-27T21:19:33.068337
108,227,YES,2026-04-27T21:19:33.202398
108,912,NO,2026-04-27T21:19:33.355119
108,680,YES,2026-04-27T21:19:33.478931
108,637,YES,2026-04-27T21:19:33.753451
108,188,YES,2026-04-27T21:19:34.023071
108,835,SUPER_LIKE,2026-04-27T21:19:34.131379
108,726,YES,2026-04-27T21:19:34.241890
108,240,NO,2026-04-27T21:19:34.462853
108,646,YES,2026-04-27T21:19:34.580806
108,449,SUPER_LIKE,2026-04-27T21:19:34.687099
108,497,YES,2026-04-27T21:19:34.800988
108,177,NO,2026-04-27T21:19:35.025084
108,833,NO,2026-04-27T21:19:35.140666
108,774,NO,2026-04-27T21:19:35.372759
108,176,YES,2026-04-27T21:19:35.479460
108,709,YES,2026-04-27T21:19:35.596111
109,559,NO,2026-04-27T21:19:35.755311
109,915,NO,2026-04-27T21:19:36.074031
109,242,NO,2026-04-27T21:19:36.319590
109,221,NO,2026-04-27T21:19:36.428340
109,353,NO,2026-04-27T21:19:36.530359
109,424,NO,2026-04-27T21:19:36.758822
109,689,NO,2026-04-27T21:19:36.865120
109,403,YES,2026-04-27T21:19:36.974961
109,764,YES,2026-04-27T21:19:37.314817
109,73,YES,2026-04-27T21:19:37.430004
109,413,NO,2026-04-27T21:19:37.640735
109,111,NO,2026-04-27T21:19:37.991159
109,900,NO,2026-04-27T21:19:38.230266
109,710,NO,2026-04-27T21:19:38.467645
110,561,YES,2026-04-27T21:19:38.768939
110,49,NO,2026-04-27T21:19:38.872252
110,866,SUPER_LIKE,2026-04-27T21:19:38.986157
110,437,NO,2026-04-27T21:19:39.314703
110,312,NO,2026-04-27T21:19:39.423956
110,828,NO,2026-04-27T21:19:39.527521
110,206,NO,2026-04-27T21:19:39.633131
110,514,NO,2026-04-27T21:19:39.747258
110,506,YES,2026-04-27T21:19:39.860421
110,115,NO,2026-04-27T21:19:39.964298
110,838,NO,2026-04-27T21:19:40.071840
110,464,SUPER_LIKE,2026-04-27T21:19:40.178205
110,586,YES,2026-04-27T21:19:40.293789
110,22,NO,2026-04-27T21:19:40.393382
110,483,NO,2026-04-27T21:19:40.497114
110,888,NO,2026-04-27T21:19:40.708065
110,868,NO,2026-04-27T21:19:40.843906
110,518,NO,2026-04-27T21:19:40.977009
110,805,NO,2026-04-27T21:19:41.102361
111,810,YES,2026-04-27T21:19:41.353534
111,444,YES,2026-04-27T21:19:41.495595
111,608,NO,2026-04-27T21:19:41.624504
111,267,NO,2026-04-27T21:19:42.012152
111,1018,NO,2026-04-27T21:19:42.113376
111,745,YES,2026-04-27T21:19:42.317987
111,532,NO,2026-04-27T21:19:42.418353
111,694,YES,2026-04-27T21:19:42.520015
111,319,NO,2026-04-27T21:19:42.635711
111,821,NO,2026-04-27T21:19:42.750778
111,293,NO,2026-04-27T21:19:42.852369
111,844,NO,2026-04-27T21:19:42.960911
111,394,YES,2026-04-27T21:19:43.283703
111,813,YES,2026-04-27T21:19:43.505788
111,958,YES,2026-04-27T21:19:43.612855
111,848,NO,2026-04-27T21:19:43.720831
111,673,NO,2026-04-27T21:19:43.842116
112,319,NO,2026-04-27T21:19:44.360414
112,435,NO,2026-04-27T21:19:44.472311
112,570,YES,2026-04-27T21:19:44.683348
112,158,NO,2026-04-27T21:19:44.902820
112,558,NO,2026-04-27T21:19:45.017699
112,145,YES,2026-04-27T21:19:45.365093
112,664,NO,2026-04-27T21:19:45.485507
112,52,NO,2026-04-27T21:19:45.605101
112,437,NO,2026-04-27T21:19:45.722283
112,17,YES,2026-04-27T21:19:45.854971
112,202,NO,2026-04-27T21:19:45.987204
112,867,NO,2026-04-27T21:19:46.107082
112,283,NO,2026-04-27T21:19:46.235111
112,517,YES,2026-04-27T21:19:46.356808
112,916,YES,2026-04-27T21:19:46.467524
112,536,NO,2026-04-27T21:19:46.731978
113,352,NO,2026-04-27T21:19:46.925719
113,716,NO,2026-04-27T21:19:47.162319
113,310,NO,2026-04-27T21:19:47.280230
113,979,NO,2026-04-27T21:19:47.404612
113,167,YES,2026-04-27T21:19:47.517799
113,40,NO,2026-04-27T21:19:47.618462
113,511,NO,2026-04-27T21:19:47.718891
113,341,NO,2026-04-27T21:19:47.822666
113,143,NO,2026-04-27T21:19:47.939815
113,715,NO,2026-04-27T21:19:48.171174
113,503,NO,2026-04-27T21:19:48.281344
113,256,NO,2026-04-27T21:19:48.399831
113,822,NO,2026-04-27T21:19:48.629770
113,794,NO,2026-04-27T21:19:48.757253
113,271,YES,2026-04-27T21:19:48.996254
113,30,NO,2026-04-27T21:19:49.112043
113,444,NO,2026-04-27T21:19:49.219805
113,405,NO,2026-04-27T21:19:49.320104
113,1017,NO,2026-04-27T21:19:49.432990
114,152,NO,2026-04-27T21:19:49.595166
114,493,NO,2026-04-27T21:19:49.709163
114,263,NO,2026-04-27T21:19:49.819492
114,138,NO,2026-04-27T21:19:49.926899
114,105,NO,2026-04-27T21:19:50.040716
114,134,NO,2026-04-27T21:19:50.264964
114,84,NO,2026-04-27T21:19:50.373770
114,715,NO,2026-04-27T21:19:50.685475
114,419,YES,2026-04-27T21:19:50.802840
114,703,NO,2026-04-27T21:19:50.919739
114,254,NO,2026-04-27T21:19:51.031515
114,76,NO,2026-04-27T21:19:51.236916
114,79,NO,2026-04-27T21:19:51.457144
114,155,NO,2026-04-27T21:19:51.561881
114,739,YES,2026-04-27T21:19:51.663351
114,796,NO,2026-04-27T21:19:51.883427
114,649,NO,2026-04-27T21:19:51.990906
115,740,NO,2026-04-27T21:19:52.151838
115,259,NO,2026-04-27T21:19:52.260736
115,717,NO,2026-04-27T21:19:52.384563
115,546,NO,2026-04-27T21:19:52.492273
115,381,NO,2026-04-27T21:19:52.602616
115,183,NO,2026-04-27T21:19:52.704528
115,261,YES,2026-04-27T21:19:52.807753
115,866,NO,2026-04-27T21:19:53.018539
115,481,NO,2026-04-27T21:19:53.128776
115,643,NO,2026-04-27T21:19:53.230323
115,30,NO,2026-04-27T21:19:53.459993
115,712,NO,2026-04-27T21:19:53.687551
115,933,NO,2026-04-27T21:19:53.788461
115,584,NO,2026-04-27T21:19:53.900950
115,580,YES,2026-04-27T21:19:54.003631
115,951,SUPER_LIKE,2026-04-27T21:19:54.112077
115,623,NO,2026-04-27T21:19:54.232410
116,691,NO,2026-04-27T21:19:54.599859
116,298,YES,2026-04-27T21:19:54.817413
116,739,NO,2026-04-27T21:19:55.038331
116,318,NO,2026-04-27T21:19:55.145704
116,219,YES,2026-04-27T21:19:55.362809
116,988,NO,2026-04-27T21:19:55.587604
116,702,NO,2026-04-27T21:19:55.698340
116,68,NO,2026-04-27T21:19:55.809631
116,725,NO,2026-04-27T21:19:56.142204
116,599,NO,2026-04-27T21:19:56.237130
116,900,NO,2026-04-27T21:19:56.335211
116,637,NO,2026-04-27T21:19:56.611416
116,502,NO,2026-04-27T21:19:56.827849
116,636,SUPER_LIKE,2026-04-27T21:19:56.939717
116,820,SUPER_LIKE,2026-04-27T21:19:57.068712
116,385,NO,2026-04-27T21:19:57.183678
116,856,NO,2026-04-27T21:19:57.286486
116,657,NO,2026-04-27T21:19:57.385065
117,681,NO,2026-04-27T21:19:57.771655
117,13,NO,2026-04-27T21:19:58.095457
117,895,NO,2026-04-27T21:19:58.217531
117,247,NO,2026-04-27T21:19:58.318078
117,676,YES,2026-04-27T21:19:58.421103
117,1008,NO,2026-04-27T21:19:58.632870
117,153,NO,2026-04-27T21:19:58.738716
117,488,NO,2026-04-27T21:19:58.852028
117,276,NO,2026-04-27T21:19:59.099539
117,785,NO,2026-04-27T21:19:59.195347
117,348,NO,2026-04-27T21:19:59.304236
117,463,NO,2026-04-27T21:19:59.412436
117,162,NO,2026-04-27T21:19:59.519486
117,338,YES,2026-04-27T21:19:59.629637
117,987,NO,2026-04-27T21:19:59.728511
117,425,NO,2026-04-27T21:19:59.929278
117,577,NO,2026-04-27T21:20:00.040930
117,278,NO,2026-04-27T21:20:00.149720
117,736,NO,2026-04-27T21:20:00.249577
118,316,NO,2026-04-27T21:20:00.408870
118,284,YES,2026-04-27T21:20:00.748885
118,193,YES,2026-04-27T21:20:01.077586
118,589,YES,2026-04-27T21:20:01.183112
118,175,NO,2026-04-27T21:20:01.290034
118,901,NO,2026-04-27T21:20:01.605339
118,913,NO,2026-04-27T21:20:01.718586
118,568,NO,2026-04-27T21:20:01.839001
118,733,YES,2026-04-27T21:20:01.950651
118,450,YES,2026-04-27T21:20:02.160404
118,718,NO,2026-04-27T21:20:02.383227
118,975,YES,2026-04-27T21:20:02.599984
119,235,SUPER_LIKE,2026-04-27T21:20:02.765959
119,850,YES,2026-04-27T21:20:02.891553
119,329,NO,2026-04-27T21:20:03.120020
119,990,YES,2026-04-27T21:20:03.249517
119,20,NO,2026-04-27T21:20:03.357813
119,483,YES,2026-04-27T21:20:03.478300
119,100,YES,2026-04-27T21:20:03.583053
119,777,NO,2026-04-27T21:20:03.691349
119,259,NO,2026-04-27T21:20:03.807566
119,930,YES,2026-04-27T21:20:03.918053
119,919,YES,2026-04-27T21:20:04.036336
119,239,YES,2026-04-27T21:20:04.249835
119,481,YES,2026-04-27T21:20:04.695061
119,479,YES,2026-04-27T21:20:04.796292
119,511,YES,2026-04-27T21:20:04.900913
119,159,YES,2026-04-27T21:20:05.003258
119,610,YES,2026-04-27T21:20:05.118360
120,503,NO,2026-04-27T21:20:05.388405
120,790,NO,2026-04-27T21:20:05.614159
120,348,YES,2026-04-27T21:20:05.715458
120,511,YES,2026-04-27T21:20:05.831717
120,403,NO,2026-04-27T21:20:05.941879
120,675,SUPER_LIKE,2026-04-27T21:20:06.051801
120,897,NO,2026-04-27T21:20:06.157807
120,781,NO,2026-04-27T21:20:06.394101
120,911,NO,2026-04-27T21:20:06.494685
120,1008,YES,2026-04-27T21:20:06.599961
120,875,YES,2026-04-27T21:20:06.821290
120,856,NO,2026-04-27T21:20:06.949485
120,914,NO,2026-04-27T21:20:07.184365
120,753,NO,2026-04-27T21:20:07.286744
120,975,YES,2026-04-27T21:20:07.392069
120,295,NO,2026-04-27T21:20:07.506977
120,478,NO,2026-04-27T21:20:07.620691
120,229,NO,2026-04-27T21:20:07.728250
121,358,NO,2026-04-27T21:20:08.114149
121,340,NO,2026-04-27T21:20:08.218106
121,1016,NO,2026-04-27T21:20:08.321402
121,845,NO,2026-04-27T21:20:08.429122
121,604,NO,2026-04-27T21:20:08.646461
121,23,NO,2026-04-27T21:20:08.864995
121,51,NO,2026-04-27T21:20:09.198417
121,377,YES,2026-04-27T21:20:09.301021
121,507,NO,2026-04-27T21:20:09.401670
121,847,NO,2026-04-27T21:20:09.503697
121,391,YES,2026-04-27T21:20:09.861238
121,490,NO,2026-04-27T21:20:10.004349
121,891,NO,2026-04-27T21:20:10.267356
121,970,SUPER_LIKE,2026-04-27T21:20:10.385590
121,194,NO,2026-04-27T21:20:10.487425
121,379,YES,2026-04-27T21:20:10.592609
121,161,NO,2026-04-27T21:20:10.694640
121,422,NO,2026-04-27T21:20:10.814240
121,870,NO,2026-04-27T21:20:11.054991
121,399,NO,2026-04-27T21:20:11.279355
122,959,NO,2026-04-27T21:20:11.470550
122,252,NO,2026-04-27T21:20:11.584787
122,537,NO,2026-04-27T21:20:11.693446
122,133,YES,2026-04-27T21:20:11.802304
122,949,NO,2026-04-27T21:20:12.025165
122,675,NO,2026-04-27T21:20:12.365439
122,101,NO,2026-04-27T21:20:12.594558
122,844,NO,2026-04-27T21:20:12.820008
122,326,YES,2026-04-27T21:20:12.926191
122,567,NO,2026-04-27T21:20:13.044193
122,551,NO,2026-04-27T21:20:13.153915
122,928,YES,2026-04-27T21:20:13.485457
122,355,NO,2026-04-27T21:20:13.596454
122,899,YES,2026-04-27T21:20:13.816883
122,223,NO,2026-04-27T21:20:13.926776
123,841,NO,2026-04-27T21:20:14.200371
123,144,NO,2026-04-27T21:20:14.308289
123,120,SUPER_LIKE,2026-04-27T21:20:14.416616
123,860,YES,2026-04-27T21:20:14.528373
123,465,NO,2026-04-27T21:20:14.631262
123,779,NO,2026-04-27T21:20:14.733582
123,357,NO,2026-04-27T21:20:14.856054
123,96,SUPER_LIKE,2026-04-27T21:20:14.971868
123,959,NO,2026-04-27T21:20:15.077312
123,372,NO,2026-04-27T21:20:15.190204
123,692,YES,2026-04-27T21:20:15.298576
123,938,NO,2026-04-27T21:20:15.418472
123,700,NO,2026-04-27T21:20:15.571439
123,993,NO,2026-04-27T21:20:15.919046
123,100,NO,2026-04-27T21:20:16.033344
123,315,YES,2026-04-27T21:20:16.509567
123,890,NO,2026-04-27T21:20:16.739277
123,92,YES,2026-04-27T21:20:16.846854
124,536,NO,2026-04-27T21:20:17.020818
124,408,NO,2026-04-27T21:20:17.138724
124,263,SUPER_LIKE,2026-04-27T21:20:17.249462
124,985,YES,2026-04-27T21:20:17.353933
124,134,YES,2026-04-27T21:20:17.679031
124,695,YES,2026-04-27T21:20:17.786511
124,475,NO,2026-04-27T21:20:17.890159
124,43,YES,2026-04-27T21:20:17.997770
124,177,NO,2026-04-27T21:20:18.559788
124,832,NO,2026-04-27T21:20:18.672510
124,778,YES,2026-04-27T21:20:18.786284
124,976,NO,2026-04-27T21:20:18.905118
124,819,YES,2026-04-27T21:20:19.018504
124,588,NO,2026-04-27T21:20:19.119289
124,707,NO,2026-04-27T21:20:19.232624
124,821,YES,2026-04-27T21:20:19.482443
124,801,NO,2026-04-27T21:20:19.612246
125,1017,NO,2026-04-27T21:20:19.786257
125,874,NO,2026-04-27T21:20:20.027645
125,766,NO,2026-04-27T21:20:20.282183
125,794,NO,2026-04-27T21:20:20.770999
125,952,NO,2026-04-27T21:20:20.873746
125,61,NO,2026-04-27T21:20:21.111280
125,564,NO,2026-04-27T21:20:21.229367
125,865,YES,2026-04-27T21:20:21.683314
125,392,YES,2026-04-27T21:20:21.803184
125,629,NO,2026-04-27T21:20:21.917887
125,911,NO,2026-04-27T21:20:22.154518
125,292,NO,2026-04-27T21:20:22.272923
125,542,NO,2026-04-27T21:20:22.375185
125,734,NO,2026-04-27T21:20:22.488554
125,888,NO,2026-04-27T21:20:22.598842
126,883,NO,2026-04-27T21:20:22.896955
126,170,NO,2026-04-27T21:20:23.003141
126,117,YES,2026-04-27T21:20:23.235317
126,209,NO,2026-04-27T21:20:23.341482
126,741,NO,2026-04-27T21:20:23.783022
126,502,YES,2026-04-27T21:20:24.002165
126,119,NO,2026-04-27T21:20:24.121676
126,476,NO,2026-04-27T21:20:24.234029
126,210,YES,2026-04-27T21:20:24.562267
126,154,YES,2026-04-27T21:20:24.774050
126,800,YES,2026-04-27T21:20:24.878389
126,296,YES,2026-04-27T21:20:25.121848
126,948,NO,2026-04-27T21:20:25.465899
126,539,NO,2026-04-27T21:20:25.568265
126,320,NO,2026-04-27T21:20:25.673979
127,502,NO,2026-04-27T21:20:25.831622
127,767,NO,2026-04-27T21:20:26.054544
127,214,NO,2026-04-27T21:20:26.161514
127,542,YES,2026-04-27T21:20:26.509942
127,377,NO,2026-04-27T21:20:26.608043
127,846,NO,2026-04-27T21:20:26.919084
127,891,YES,2026-04-27T21:20:27.033844
127,685,NO,2026-04-27T21:20:27.145908
127,872,NO,2026-04-27T21:20:27.386522
127,780,NO,2026-04-27T21:20:27.497589
127,356,NO,2026-04-27T21:20:27.607916
127,865,NO,2026-04-27T21:20:27.714434
127,22,YES,2026-04-27T21:20:27.844647
127,824,NO,2026-04-27T21:20:28.078404
127,101,NO,2026-04-27T21:20:28.200721
127,841,NO,2026-04-27T21:20:28.426083
127,121,NO,2026-04-27T21:20:28.539883
128,65,NO,2026-04-27T21:20:28.705952
128,619,NO,2026-04-27T21:20:28.820925
128,730,NO,2026-04-27T21:20:29.090146
128,686,NO,2026-04-27T21:20:29.205893
128,805,NO,2026-04-27T21:20:29.307519
128,837,NO,2026-04-27T21:20:29.414226
128,434,NO,2026-04-27T21:20:29.640735
128,741,NO,2026-04-27T21:20:29.852731
128,955,NO,2026-04-27T21:20:29.966753
128,511,NO,2026-04-27T21:20:30.085173
128,479,NO,2026-04-27T21:20:30.193690
128,947,YES,2026-04-27T21:20:30.456401
128,818,NO,2026-04-27T21:20:30.771899
128,570,SUPER_LIKE,2026-04-27T21:20:30.995639
128,366,YES,2026-04-27T21:20:31.236902
129,733,YES,2026-04-27T21:20:31.398012
129,775,YES,2026-04-27T21:20:31.617468
129,656,YES,2026-04-27T21:20:31.730832
129,795,NO,2026-04-27T21:20:31.828525
129,482,NO,2026-04-27T21:20:32.066276
129,483,YES,2026-04-27T21:20:32.172538
129,183,YES,2026-04-27T21:20:32.290885
129,363,YES,2026-04-27T21:20:32.494169
129,1017,NO,2026-04-27T21:20:32.589451
129,221,YES,2026-04-27T21:20:32.698055
129,729,YES,2026-04-27T21:20:32.913514
129,477,NO,2026-04-27T21:20:33.135798
129,974,NO,2026-04-27T21:20:33.284040
129,709,NO,2026-04-27T21:20:33.505451
129,273,YES,2026-04-27T21:20:33.816223
129,715,NO,2026-04-27T21:20:33.927320
129,369,YES,2026-04-27T21:20:34.154722
130,59,YES,2026-04-27T21:20:34.557491
130,721,YES,2026-04-27T21:20:34.666853
130,619,SUPER_LIKE,2026-04-27T21:20:34.788445
130,631,YES,2026-04-27T21:20:34.994645
130,290,NO,2026-04-27T21:20:35.327737
130,513,NO,2026-04-27T21:20:35.427672
130,379,NO,2026-04-27T21:20:35.530754
130,800,NO,2026-04-27T21:20:35.758510
130,288,NO,2026-04-27T21:20:35.858572
130,276,NO,2026-04-27T21:20:35.962743
130,284,YES,2026-04-27T21:20:36.174033
130,731,NO,2026-04-27T21:20:36.290716
130,866,YES,2026-04-27T21:20:36.401377
130,151,NO,2026-04-27T21:20:36.503025
131,290,NO,2026-04-27T21:20:36.757489
131,546,YES,2026-04-27T21:20:36.868736
131,818,NO,2026-04-27T21:20:36.976981
131,459,NO,2026-04-27T21:20:37.210288
131,927,NO,2026-04-27T21:20:37.316726
131,675,YES,2026-04-27T21:20:37.425219
131,872,SUPER_LIKE,2026-04-27T21:20:37.651450
131,73,NO,2026-04-27T21:20:37.757246
131,177,NO,2026-04-27T21:20:37.868577
131,830,YES,2026-04-27T21:20:37.974951
131,354,NO,2026-04-27T21:20:38.092562
131,314,NO,2026-04-27T21:20:38.299677
131,234,YES,2026-04-27T21:20:38.510211
131,557,NO,2026-04-27T21:20:38.865963
132,87,NO,2026-04-27T21:20:39.028124
132,507,NO,2026-04-27T21:20:39.136046
132,853,NO,2026-04-27T21:20:39.484004
132,630,YES,2026-04-27T21:20:39.589099
132,442,NO,2026-04-27T21:20:39.694093
132,857,NO,2026-04-27T21:20:39.796678
132,456,NO,2026-04-27T21:20:39.927297
132,706,NO,2026-04-27T21:20:40.171572
132,760,YES,2026-04-27T21:20:40.273821
132,662,YES,2026-04-27T21:20:40.401317
132,705,NO,2026-04-27T21:20:40.510953
132,741,NO,2026-04-27T21:20:40.616838
132,149,NO,2026-04-27T21:20:40.719023
132,105,YES,2026-04-27T21:20:40.830000
132,1001,NO,2026-04-27T21:20:40.928134
132,161,NO,2026-04-27T21:20:41.053700
132,801,YES,2026-04-27T21:20:41.170574
132,723,YES,2026-04-27T21:20:41.506960
133,958,NO,2026-04-27T21:20:41.679026
133,1007,YES,2026-04-27T21:20:41.893546
133,360,NO,2026-04-27T21:20:41.993861
133,337,NO,2026-04-27T21:20:42.096996
133,482,NO,2026-04-27T21:20:42.338640
133,949,YES,2026-04-27T21:20:42.446589
133,423,NO,2026-04-27T21:20:42.549983
133,357,NO,2026-04-27T21:20:42.864517
133,369,NO,2026-04-27T21:20:42.974866
133,666,NO,2026-04-27T21:20:43.079162
133,66,NO,2026-04-27T21:20:43.183345
133,842,NO,2026-04-27T21:20:43.293720
133,796,NO,2026-04-27T21:20:43.394953
133,886,NO,2026-04-27T21:20:43.615328
133,758,NO,2026-04-27T21:20:43.835729
133,338,NO,2026-04-27T21:20:43.948106
134,312,YES,2026-04-27T21:20:44.113382
134,531,NO,2026-04-27T21:20:44.217029
134,693,YES,2026-04-27T21:20:44.323015
134,375,NO,2026-04-27T21:20:44.438426
134,524,YES,2026-04-27T21:20:44.547653
134,922,NO,2026-04-27T21:20:44.646406
134,523,YES,2026-04-27T21:20:44.747065
134,1005,YES,2026-04-27T21:20:44.952533
134,737,YES,2026-04-27T21:20:45.079966
134,763,YES,2026-04-27T21:20:45.292513
134,356,YES,2026-04-27T21:20:45.498795
134,518,NO,2026-04-27T21:20:45.605947
134,926,NO,2026-04-27T21:20:46.037591
134,318,YES,2026-04-27T21:20:46.261629
135,751,NO,2026-04-27T21:20:46.427253
135,812,YES,2026-04-27T21:20:46.757997
135,542,NO,2026-04-27T21:20:46.882461
135,361,NO,2026-04-27T21:20:47.118231
135,856,YES,2026-04-27T21:20:47.328412
135,138,YES,2026-04-27T21:20:47.445624
135,921,YES,2026-04-27T21:20:47.651322
135,247,YES,2026-04-27T21:20:47.757500
135,217,NO,2026-04-27T21:20:47.858687
135,287,NO,2026-04-27T21:20:47.958290
135,577,YES,2026-04-27T21:20:48.082666
135,658,YES,2026-04-27T21:20:48.191623
135,969,NO,2026-04-27T21:20:48.411105
135,934,NO,2026-04-27T21:20:48.515909
135,156,YES,2026-04-27T21:20:48.632519
135,417,SUPER_LIKE,2026-04-27T21:20:48.743773
135,620,NO,2026-04-27T21:20:48.842098
136,474,NO,2026-04-27T21:20:49.110354
136,951,YES,2026-04-27T21:20:49.329578
136,359,NO,2026-04-27T21:20:49.549875
136,992,YES,2026-04-27T21:20:49.656985
136,20,YES,2026-04-27T21:20:49.769624
136,854,NO,2026-04-27T21:20:49.873346
136,267,NO,2026-04-27T21:20:49.976718
136,534,YES,2026-04-27T21:20:50.085347
136,135,NO,2026-04-27T21:20:50.198334
136,916,NO,2026-04-27T21:20:50.315457
136,402,YES,2026-04-27T21:20:50.434660
136,1001,YES,2026-04-27T21:20:50.539652
136,470,YES,2026-04-27T21:20:50.647078
136,788,NO,2026-04-27T21:20:50.867715
136,851,YES,2026-04-27T21:20:51.015002
136,983,NO,2026-04-27T21:20:51.125325
136,327,NO,2026-04-27T21:20:51.224463
136,68,NO,2026-04-27T21:20:51.324498
136,772,YES,2026-04-27T21:20:51.539161
137,575,NO,2026-04-27T21:20:51.699282
137,1021,NO,2026-04-27T21:20:51.801231
137,104,NO,2026-04-27T21:20:52.008890
137,405,NO,2026-04-27T21:20:52.128703
137,121,YES,2026-04-27T21:20:52.270243
137,337,NO,2026-04-27T21:20:52.492585
137,763,YES,2026-04-27T21:20:52.731751
137,663,NO,2026-04-27T21:20:52.954666
137,707,YES,2026-04-27T21:20:53.055059
137,98,NO,2026-04-27T21:20:53.289120
137,799,NO,2026-04-27T21:20:53.397396
137,997,YES,2026-04-27T21:20:53.504043
137,543,NO,2026-04-27T21:20:53.829379
137,609,NO,2026-04-27T21:20:53.943528
137,433,SUPER_LIKE,2026-04-27T21:20:54.164246
137,449,NO,2026-04-27T21:20:54.264696
138,938,YES,2026-04-27T21:20:54.547059
138,53,NO,2026-04-27T21:20:54.650086
138,791,NO,2026-04-27T21:20:54.750226
138,748,NO,2026-04-27T21:20:54.870284
138,866,YES,2026-04-27T21:20:54.994179
138,962,NO,2026-04-27T21:20:55.105453
138,837,NO,2026-04-27T21:20:55.217877
138,140,NO,2026-04-27T21:20:55.321934
138,521,NO,2026-04-27T21:20:55.577123
138,766,NO,2026-04-27T21:20:55.680136
138,972,NO,2026-04-27T21:20:55.782372
138,87,NO,2026-04-27T21:20:55.891562
138,620,NO,2026-04-27T21:20:56.001813
138,946,YES,2026-04-27T21:20:56.228807
138,696,NO,2026-04-27T21:20:56.469039
139,590,YES,2026-04-27T21:20:57.158587
139,522,NO,2026-04-27T21:20:57.479064
139,388,YES,2026-04-27T21:20:57.587152
139,521,NO,2026-04-27T21:20:57.687479
139,382,YES,2026-04-27T21:20:57.963039
139,244,NO,2026-04-27T21:20:58.069126
139,966,NO,2026-04-27T21:20:58.294856
139,657,NO,2026-04-27T21:20:58.400569
139,885,YES,2026-04-27T21:20:58.513491
139,563,NO,2026-04-27T21:20:58.631901
139,962,NO,2026-04-27T21:20:58.980828
139,66,YES,2026-04-27T21:20:59.096637
139,854,SUPER_LIKE,2026-04-27T21:20:59.323142
139,796,YES,2026-04-27T21:20:59.426335
139,339,NO,2026-04-27T21:20:59.531478
140,731,NO,2026-04-27T21:20:59.701732
140,267,NO,2026-04-27T21:20:59.804234
140,473,YES,2026-04-27T21:20:59.916379
140,730,YES,2026-04-27T21:21:00.138336
140,543,NO,2026-04-27T21:21:00.251397
140,468,YES,2026-04-27T21:21:00.359846
140,550,YES,2026-04-27T21:21:00.565112
140,768,YES,2026-04-27T21:21:00.787551
140,83,YES,2026-04-27T21:21:00.891992
140,726,NO,2026-04-27T21:21:01.000769
140,201,NO,2026-04-27T21:21:01.134564
140,179,YES,2026-04-27T21:21:01.246669
140,30,NO,2026-04-27T21:21:01.356159
140,325,SUPER_LIKE,2026-04-27T21:21:01.471220
140,279,NO,2026-04-27T21:21:01.578980
140,583,YES,2026-04-27T21:21:01.816204
140,1019,NO,2026-04-27T21:21:02.253074
141,228,NO,2026-04-27T21:21:02.418297
141,701,SUPER_LIKE,2026-04-27T21:21:02.525779
141,745,NO,2026-04-27T21:21:02.636695
141,107,NO,2026-04-27T21:21:02.855669
141,162,NO,2026-04-27T21:21:03.077284
141,340,NO,2026-04-27T21:21:03.188208
141,478,NO,2026-04-27T21:21:03.296209
141,587,YES,2026-04-27T21:21:03.403466
141,631,YES,2026-04-27T21:21:03.606369
141,114,NO,2026-04-27T21:21:03.713054
141,831,NO,2026-04-27T21:21:03.932992
141,174,YES,2026-04-27T21:21:04.150968
141,26,NO,2026-04-27T21:21:04.279634
141,437,SUPER_LIKE,2026-04-27T21:21:04.392149
141,620,NO,2026-04-27T21:21:04.623234
141,695,YES,2026-04-27T21:21:04.726714
141,160,YES,2026-04-27T21:21:04.966259
142,295,NO,2026-04-27T21:21:05.335925
142,535,NO,2026-04-27T21:21:05.452891
142,548,NO,2026-04-27T21:21:05.559505
142,570,YES,2026-04-27T21:21:05.801870
142,291,YES,2026-04-27T21:21:05.910080
142,712,NO,2026-04-27T21:21:06.032965
142,153,NO,2026-04-27T21:21:06.351705
142,89,NO,2026-04-27T21:21:06.587844
142,624,NO,2026-04-27T21:21:06.693900
142,236,NO,2026-04-27T21:21:06.804309
142,505,NO,2026-04-27T21:21:07.026785
142,789,NO,2026-04-27T21:21:07.147643
142,701,YES,2026-04-27T21:21:07.261740
142,276,NO,2026-04-27T21:21:07.375042
142,339,NO,2026-04-27T21:21:07.480752
142,681,NO,2026-04-27T21:21:07.722718
142,538,YES,2026-04-27T21:21:07.834737
143,249,NO,2026-04-27T21:21:08.322031
143,51,NO,2026-04-27T21:21:08.427904
143,924,YES,2026-04-27T21:21:08.530647
143,37,YES,2026-04-27T21:21:08.637632
143,488,NO,2026-04-27T21:21:08.882758
143,822,NO,2026-04-27T21:21:09.100422
143,740,NO,2026-04-27T21:21:09.204434
143,432,YES,2026-04-27T21:21:09.318353
143,256,YES,2026-04-27T21:21:09.546244
143,399,NO,2026-04-27T21:21:09.648760
143,49,NO,2026-04-27T21:21:09.868549
143,856,YES,2026-04-27T21:21:09.989025
143,58,NO,2026-04-27T21:21:10.119122
143,537,NO,2026-04-27T21:21:10.239854
143,997,NO,2026-04-27T21:21:10.344838
143,626,NO,2026-04-27T21:21:10.448995
144,911,NO,2026-04-27T21:21:10.960593
144,904,NO,2026-04-27T21:21:11.066383
144,352,YES,2026-04-27T21:21:11.283925
144,274,NO,2026-04-27T21:21:11.396876
144,756,NO,2026-04-27T21:21:11.499557
144,632,YES,2026-04-27T21:21:11.612781
144,642,NO,2026-04-27T21:21:11.938632
144,993,NO,2026-04-27T21:21:12.053331
144,513,YES,2026-04-27T21:21:12.159156
144,811,NO,2026-04-27T21:21:12.280926
144,212,NO,2026-04-27T21:21:12.385959
144,538,YES,2026-04-27T21:21:12.729936
144,469,YES,2026-04-27T21:21:13.066768
144,202,YES,2026-04-27T21:21:13.167487
144,382,YES,2026-04-27T21:21:13.293780
145,959,NO,2026-04-27T21:21:13.458823
145,195,NO,2026-04-27T21:21:13.576906
145,657,YES,2026-04-27T21:21:13.690949
145,758,NO,2026-04-27T21:21:13.792065
145,846,NO,2026-04-27T21:21:13.899146
145,637,NO,2026-04-27T21:21:14.007902
145,833,NO,2026-04-27T21:21:14.220198
145,807,NO,2026-04-27T21:21:14.321635
145,654,YES,2026-04-27T21:21:14.422509
145,254,YES,2026-04-27T21:21:14.524713
145,150,NO,2026-04-27T21:21:14.870594
145,786,NO,2026-04-27T21:21:14.973623
145,259,NO,2026-04-27T21:21:15.078926
145,447,NO,2026-04-27T21:21:15.294319
145,530,NO,2026-04-27T21:21:15.435381
145,267,NO,2026-04-27T21:21:15.656973
145,1015,NO,2026-04-27T21:21:15.773341
145,389,NO,2026-04-27T21:21:15.890511
145,970,NO,2026-04-27T21:21:16.334293
146,410,YES,2026-04-27T21:21:16.618056
146,572,NO,2026-04-27T21:21:16.732711
146,832,NO,2026-04-27T21:21:16.853299
146,989,NO,2026-04-27T21:21:17.082376
146,472,NO,2026-04-27T21:21:17.189602
146,287,NO,2026-04-27T21:21:17.293300
146,160,YES,2026-04-27T21:21:17.615806
146,838,NO,2026-04-27T21:21:17.833324
146,468,YES,2026-04-27T21:21:17.938207
146,445,NO,2026-04-27T21:21:18.040578
146,34,NO,2026-04-27T21:21:18.168255
146,441,NO,2026-04-27T21:21:18.285586
146,412,NO,2026-04-27T21:21:18.513769
146,691,YES,2026-04-27T21:21:18.727594
146,644,NO,2026-04-27T21:21:18.841335
146,562,NO,2026-04-27T21:21:18.946282
146,403,YES,2026-04-27T21:21:19.051600
147,69,YES,2026-04-27T21:21:19.340095
147,512,NO,2026-04-27T21:21:19.469810
147,250,NO,2026-04-27T21:21:19.715726
147,738,YES,2026-04-27T21:21:19.834048
147,259,NO,2026-04-27T21:21:20.062804
147,961,YES,2026-04-27T21:21:20.328404
147,977,NO,2026-04-27T21:21:20.442255
147,224,NO,2026-04-27T21:21:20.818769
147,410,YES,2026-04-27T21:21:20.939389
147,522,YES,2026-04-27T21:21:21.142754
147,939,NO,2026-04-27T21:21:21.253057
147,805,YES,2026-04-27T21:21:21.369234
147,150,YES,2026-04-27T21:21:21.485809
147,915,YES,2026-04-27T21:21:21.594139
147,598,NO,2026-04-27T21:21:21.706671
148,390,NO,2026-04-27T21:21:21.879522
148,242,YES,2026-04-27T21:21:22.084618
148,842,NO,2026-04-27T21:21:22.187056
148,597,NO,2026-04-27T21:21:22.301463
148,759,NO,2026-04-27T21:21:22.424029
148,285,NO,2026-04-27T21:21:22.659928
148,79,YES,2026-04-27T21:21:22.777016
148,782,NO,2026-04-27T21:21:23.120714
148,584,NO,2026-04-27T21:21:23.226074
148,653,NO,2026-04-27T21:21:23.356801
148,20,NO,2026-04-27T21:21:23.485504
148,963,YES,2026-04-27T21:21:23.721807
148,950,NO,2026-04-27T21:21:23.952313
148,726,YES,2026-04-27T21:21:24.164797
148,761,NO,2026-04-27T21:21:24.289119
148,724,NO,2026-04-27T21:21:24.397810
149,806,NO,2026-04-27T21:21:24.568751
149,818,NO,2026-04-27T21:21:24.670992
149,333,NO,2026-04-27T21:21:24.775233
149,397,NO,2026-04-27T21:21:24.886847
149,709,NO,2026-04-27T21:21:25.093538
149,845,NO,2026-04-27T21:21:25.310021
149,810,NO,2026-04-27T21:21:25.415125
149,779,YES,2026-04-27T21:21:25.531933
149,617,YES,2026-04-27T21:21:25.634355
149,899,NO,2026-04-27T21:21:25.759328
149,423,NO,2026-04-27T21:21:25.874730
149,392,NO,2026-04-27T21:21:25.983752
149,11,NO,2026-04-27T21:21:26.086630
149,628,NO,2026-04-27T21:21:26.192645
149,623,NO,2026-04-27T21:21:26.303738
149,951,YES,2026-04-27T21:21:26.455687
149,157,NO,2026-04-27T21:21:26.692841
149,128,YES,2026-04-27T21:21:26.810649
150,300,NO,2026-04-27T21:21:27.082421
150,840,NO,2026-04-27T21:21:27.191021
150,947,NO,2026-04-27T21:21:27.294912
150,853,NO,2026-04-27T21:21:27.410936
150,822,NO,2026-04-27T21:21:27.526057
150,530,NO,2026-04-27T21:21:27.742630
150,646,NO,2026-04-27T21:21:27.958302
150,353,NO,2026-04-27T21:21:28.073946
150,696,NO,2026-04-27T21:21:28.419446
150,658,NO,2026-04-27T21:21:28.525747
150,185,YES,2026-04-27T21:21:28.853869
150,505,NO,2026-04-27T21:21:28.970150
150,53,NO,2026-04-27T21:21:29.073776
150,551,NO,2026-04-27T21:21:29.189305
150,513,NO,2026-04-27T21:21:29.292717
151,375,NO,2026-04-27T21:21:29.459236
151,362,NO,2026-04-27T21:21:29.564122
151,21,NO,2026-04-27T21:21:29.786392
151,47,NO,2026-04-27T21:21:29.890631
151,87,NO,2026-04-27T21:21:29.993024
151,595,NO,2026-04-27T21:21:30.224506
151,469,YES,2026-04-27T21:21:30.333490
151,300,NO,2026-04-27T21:21:30.442709
151,96,YES,2026-04-27T21:21:30.551531
151,898,NO,2026-04-27T21:21:30.649929
151,702,NO,2026-04-27T21:21:30.751654
151,533,NO,2026-04-27T21:21:30.866764
151,938,YES,2026-04-27T21:21:31.091920
151,675,NO,2026-04-27T21:21:31.301819
151,544,NO,2026-04-27T21:21:31.413977
151,321,NO,2026-04-27T21:21:31.629463
151,673,YES,2026-04-27T21:21:31.735554
151,311,NO,2026-04-27T21:21:31.843035
151,559,YES,2026-04-27T21:21:31.947182
152,904,YES,2026-04-27T21:21:32.109066
152,101,NO,2026-04-27T21:21:32.211726
152,399,NO,2026-04-27T21:21:32.321258
152,937,NO,2026-04-27T21:21:32.424862
152,466,YES,2026-04-27T21:21:32.546225
152,730,YES,2026-04-27T21:21:32.667407
152,746,YES,2026-04-27T21:21:32.898530
152,960,YES,2026-04-27T21:21:32.995961
152,397,YES,2026-04-27T21:21:33.213606
152,441,NO,2026-04-27T21:21:33.309479
152,447,YES,2026-04-27T21:21:33.411492
152,53,NO,2026-04-27T21:21:33.517122
152,560,NO,2026-04-27T21:21:33.615789
152,308,NO,2026-04-27T21:21:33.835433
152,280,NO,2026-04-27T21:21:34.040046
152,360,NO,2026-04-27T21:21:34.152522
152,227,YES,2026-04-27T21:21:34.254219
152,462,NO,2026-04-27T21:21:34.392587
152,865,NO,2026-04-27T21:21:34.528994
153,128,NO,2026-04-27T21:21:34.686094
153,557,YES,2026-04-27T21:21:34.791318
153,551,NO,2026-04-27T21:21:34.892112
153,185,NO,2026-04-27T21:21:35.137409
153,166,NO,2026-04-27T21:21:35.240462
153,911,NO,2026-04-27T21:21:35.477192
153,888,NO,2026-04-27T21:21:35.583886
153,829,YES,2026-04-27T21:21:35.894459
153,193,YES,2026-04-27T21:21:36.176266
153,461,NO,2026-04-27T21:21:36.322265
153,291,YES,2026-04-27T21:21:36.448027
153,562,YES,2026-04-27T21:21:36.693032
153,636,NO,2026-04-27T21:21:36.817868
153,951,YES,2026-04-27T21:21:36.930668
153,351,YES,2026-04-27T21:21:37.171728
153,820,YES,2026-04-27T21:21:37.299464
154,738,NO,2026-04-27T21:21:37.853915
154,361,YES,2026-04-27T21:21:37.962796
154,308,YES,2026-04-27T21:21:38.076474
154,898,NO,2026-04-27T21:21:38.398431
154,691,YES,2026-04-27T21:21:38.518719
154,960,YES,2026-04-27T21:21:38.624680
154,635,NO,2026-04-27T21:21:38.843190
154,347,NO,2026-04-27T21:21:38.945053
154,421,NO,2026-04-27T21:21:39.050165
154,1007,NO,2026-04-27T21:21:39.154934
154,663,NO,2026-04-27T21:21:39.262589
154,696,YES,2026-04-27T21:21:39.375830
154,589,NO,2026-04-27T21:21:39.480097
154,300,NO,2026-04-27T21:21:39.595514
154,614,NO,2026-04-27T21:21:39.702212
154,890,NO,2026-04-27T21:21:39.923019
154,422,NO,2026-04-27T21:21:40.028852
154,689,YES,2026-04-27T21:21:40.132982
155,923,NO,2026-04-27T21:21:40.399794
155,956,NO,2026-04-27T21:21:40.635988
155,358,YES,2026-04-27T21:21:40.858177
155,204,NO,2026-04-27T21:21:41.195045
155,163,NO,2026-04-27T21:21:41.548806
155,863,YES,2026-04-27T21:21:41.648500
155,998,YES,2026-04-27T21:21:41.756723
155,486,YES,2026-04-27T21:21:41.867302
155,324,NO,2026-04-27T21:21:41.989855
155,860,YES,2026-04-27T21:21:42.105891
155,875,NO,2026-04-27T21:21:42.210449
155,524,YES,2026-04-27T21:21:42.434523
155,719,YES,2026-04-27T21:21:42.541367
156,57,NO,2026-04-27T21:21:43.193629
156,710,SUPER_LIKE,2026-04-27T21:21:43.348599
156,507,NO,2026-04-27T21:21:43.487820
156,247,YES,2026-04-27T21:21:43.606104
156,620,NO,2026-04-27T21:21:43.722993
156,742,YES,2026-04-27T21:21:43.884327
156,181,YES,2026-04-27T21:21:44.106099
156,228,NO,2026-04-27T21:21:44.237769
156,607,NO,2026-04-27T21:21:44.603402
156,163,NO,2026-04-27T21:21:44.728042
156,592,YES,2026-04-27T21:21:44.948457
156,75,NO,2026-04-27T21:21:45.062294
156,469,YES,2026-04-27T21:21:45.177293
156,153,YES,2026-04-27T21:21:45.422146
156,821,NO,2026-04-27T21:21:45.536920
156,545,NO,2026-04-27T21:21:45.655334
157,578,SUPER_LIKE,2026-04-27T21:21:45.834003
157,494,NO,2026-04-27T21:21:45.951032
157,368,NO,2026-04-27T21:21:46.173608
157,514,NO,2026-04-27T21:21:46.284842
157,895,NO,2026-04-27T21:21:46.387972
157,764,NO,2026-04-27T21:21:46.496378
157,781,NO,2026-04-27T21:21:46.601017
157,952,NO,2026-04-27T21:21:46.933983
157,312,NO,2026-04-27T21:21:47.038395
157,327,NO,2026-04-27T21:21:47.140509
157,517,NO,2026-04-27T21:21:47.243056
157,778,NO,2026-04-27T21:21:47.365989
157,544,NO,2026-04-27T21:21:47.595283
157,755,NO,2026-04-27T21:21:47.807319
157,943,NO,2026-04-27T21:21:47.925272
157,76,NO,2026-04-27T21:21:48.040591
157,823,NO,2026-04-27T21:21:48.274326
157,787,NO,2026-04-27T21:21:48.381752
158,375,YES,2026-04-27T21:21:48.666689
158,656,NO,2026-04-27T21:21:48.776066
158,1006,NO,2026-04-27T21:21:48.891324
158,662,NO,2026-04-27T21:21:49.010732
158,520,NO,2026-04-27T21:21:49.116196
158,938,NO,2026-04-27T21:21:49.216890
158,304,NO,2026-04-27T21:21:49.432401
158,164,NO,2026-04-27T21:21:49.548466
158,654,NO,2026-04-27T21:21:49.666576
158,845,NO,2026-04-27T21:21:49.777641
158,757,NO,2026-04-27T21:21:49.885256
158,292,YES,2026-04-27T21:21:49.992340
158,924,YES,2026-04-27T21:21:50.100007
158,124,NO,2026-04-27T21:21:50.211604
158,115,YES,2026-04-27T21:21:50.438061
158,657,NO,2026-04-27T21:21:50.546169
158,448,NO,2026-04-27T21:21:50.773991
159,322,YES,2026-04-27T21:21:50.968518
159,959,YES,2026-04-27T21:21:51.074722
159,704,SUPER_LIKE,2026-04-27T21:21:51.178470
159,527,NO,2026-04-27T21:21:51.296784
159,327,NO,2026-04-27T21:21:51.421159
159,902,NO,2026-04-27T21:21:51.524410
159,840,YES,2026-04-27T21:21:51.738551
159,534,NO,2026-04-27T21:21:51.844914
159,203,NO,2026-04-27T21:21:51.969585
159,720,SUPER_LIKE,2026-04-27T21:21:52.089764
159,292,NO,2026-04-27T21:21:52.192602
159,807,NO,2026-04-27T21:21:52.420060
159,953,SUPER_LIKE,2026-04-27T21:21:52.549782
159,576,YES,2026-04-27T21:21:52.657929
159,317,NO,2026-04-27T21:21:53.088237
159,1018,NO,2026-04-27T21:21:53.199989
159,267,NO,2026-04-27T21:21:53.311520
159,787,NO,2026-04-27T21:21:53.419472
159,592,YES,2026-04-27T21:21:53.527799
160,33,YES,2026-04-27T21:21:53.823798
160,305,NO,2026-04-27T21:21:54.049856
160,772,NO,2026-04-27T21:21:54.166203
160,797,NO,2026-04-27T21:21:54.386319
160,806,NO,2026-04-27T21:21:54.609346
160,591,NO,2026-04-27T21:21:54.729328
160,685,NO,2026-04-27T21:21:54.849212
160,306,NO,2026-04-27T21:21:54.957402
160,53,NO,2026-04-27T21:21:55.076475
160,42,NO,2026-04-27T21:21:55.187931
160,201,YES,2026-04-27T21:21:55.416707
160,911,NO,2026-04-27T21:21:55.538243
160,655,NO,2026-04-27T21:21:55.644610
160,834,NO,2026-04-27T21:21:55.882176
160,1012,NO,2026-04-27T21:21:56.102973
160,935,NO,2026-04-27T21:21:56.212081
160,257,NO,2026-04-27T21:21:56.318592
161,25,YES,2026-04-27T21:21:56.514261
161,397,NO,2026-04-27T21:21:56.617755
161,616,YES,2026-04-27T21:21:56.846526
161,675,NO,2026-04-27T21:21:56.958881
161,429,NO,2026-04-27T21:21:57.077087
161,882,YES,2026-04-27T21:21:57.310628
161,922,YES,2026-04-27T21:21:57.420337
161,708,NO,2026-04-27T21:21:57.531662
161,822,YES,2026-04-27T21:21:57.651397
161,733,YES,2026-04-27T21:21:57.874911
161,142,NO,2026-04-27T21:21:57.986928
161,976,SUPER_LIKE,2026-04-27T21:21:58.094576
161,430,SUPER_LIKE,2026-04-27T21:21:58.316711
161,307,SUPER_LIKE,2026-04-27T21:21:58.462490
161,49,NO,2026-04-27T21:21:58.574142
161,642,NO,2026-04-27T21:21:58.800540
161,814,NO,2026-04-27T21:21:58.914399
161,102,NO,2026-04-27T21:21:59.023982
161,771,YES,2026-04-27T21:21:59.169824
162,347,YES,2026-04-27T21:21:59.464519
162,653,NO,2026-04-27T21:21:59.569994
162,937,NO,2026-04-27T21:21:59.673004
162,948,NO,2026-04-27T21:21:59.904806
162,970,YES,2026-04-27T21:22:00.023243
162,156,NO,2026-04-27T21:22:00.367939
162,152,YES,2026-04-27T21:22:00.637139
162,824,NO,2026-04-27T21:22:00.848517
162,692,SUPER_LIKE,2026-04-27T21:22:00.965671
162,838,NO,2026-04-27T21:22:01.180570
162,1010,YES,2026-04-27T21:22:01.413064
162,480,NO,2026-04-27T21:22:01.640048
162,976,YES,2026-04-27T21:22:01.789168
162,577,SUPER_LIKE,2026-04-27T21:22:01.899981
162,262,NO,2026-04-27T21:22:02.005492
162,615,YES,2026-04-27T21:22:02.109619
163,153,NO,2026-04-27T21:22:02.267436
163,326,NO,2026-04-27T21:22:02.386862
163,441,NO,2026-04-27T21:22:02.600961
163,640,NO,2026-04-27T21:22:02.814427
163,724,YES,2026-04-27T21:22:02.943266
163,600,YES,2026-04-27T21:22:03.053314
163,861,NO,2026-04-27T21:22:03.160346
163,281,NO,2026-04-27T21:22:03.520012
163,922,NO,2026-04-27T21:22:03.645713
163,386,NO,2026-04-27T21:22:03.876543
163,459,YES,2026-04-27T21:22:03.988760
163,609,NO,2026-04-27T21:22:04.102957
163,550,YES,2026-04-27T21:22:04.245554
163,383,NO,2026-04-27T21:22:04.350803
163,866,NO,2026-04-27T21:22:04.611281
163,351,NO,2026-04-27T21:22:04.727026
164,845,YES,2026-04-27T21:22:04.891166
164,437,NO,2026-04-27T21:22:05.010051
164,111,NO,2026-04-27T21:22:05.114608
164,784,NO,2026-04-27T21:22:05.462795
164,75,NO,2026-04-27T21:22:05.674927
164,565,NO,2026-04-27T21:22:05.780737
164,408,YES,2026-04-27T21:22:05.904739
164,486,NO,2026-04-27T21:22:06.016995
164,919,NO,2026-04-27T21:22:06.256817
164,1020,NO,2026-04-27T21:22:06.365718
164,196,NO,2026-04-27T21:22:06.590217
164,62,NO,2026-04-27T21:22:07.031574
164,330,NO,2026-04-27T21:22:07.144785
164,969,NO,2026-04-27T21:22:07.251980
164,759,NO,2026-04-27T21:22:07.356644
164,386,NO,2026-04-27T21:22:07.592913
165,870,NO,2026-04-27T21:22:07.897865
165,929,NO,2026-04-27T21:22:08.252933
165,252,NO,2026-04-27T21:22:08.358340
165,494,YES,2026-04-27T21:22:08.472157
165,762,NO,2026-04-27T21:22:08.583296
165,779,YES,2026-04-27T21:22:08.702185
165,395,NO,2026-04-27T21:22:08.820961
165,989,SUPER_LIKE,2026-04-27T21:22:08.934458
165,767,NO,2026-04-27T21:22:09.046327
165,70,NO,2026-04-27T21:22:09.266343
165,37,NO,2026-04-27T21:22:09.374246
165,188,NO,2026-04-27T21:22:09.493322
165,735,NO,2026-04-27T21:22:09.599821
165,351,NO,2026-04-27T21:22:09.710138
165,785,NO,2026-04-27T21:22:09.822912
165,828,NO,2026-04-27T21:22:10.160806
165,966,NO,2026-04-27T21:22:10.266364
166,603,NO,2026-04-27T21:22:10.420552
166,480,YES,2026-04-27T21:22:10.537578
166,597,NO,2026-04-27T21:22:10.644195
166,347,NO,2026-04-27T21:22:10.860939
166,299,NO,2026-04-27T21:22:10.985256
166,256,NO,2026-04-27T21:22:11.210063
166,160,NO,2026-04-27T21:22:11.332494
166,884,NO,2026-04-27T21:22:11.435871
166,517,NO,2026-04-27T21:22:11.548076
166,185,NO,2026-04-27T21:22:11.662316
166,532,NO,2026-04-27T21:22:11.775827
166,81,NO,2026-04-27T21:22:11.877730
166,59,NO,2026-04-27T21:22:11.979016
166,189,YES,2026-04-27T21:22:12.099881
166,481,NO,2026-04-27T21:22:12.210962
166,898,YES,2026-04-27T21:22:12.326405
166,442,NO,2026-04-27T21:22:12.433230
166,162,NO,2026-04-27T21:22:12.535440
166,250,NO,2026-04-27T21:22:12.637706
167,721,NO,2026-04-27T21:22:12.817317
167,420,YES,2026-04-27T21:22:12.924102
167,326,NO,2026-04-27T21:22:13.161588
167,522,NO,2026-04-27T21:22:13.269645
167,923,NO,2026-04-27T21:22:13.383732
167,615,YES,2026-04-27T21:22:13.624595
167,963,NO,2026-04-27T21:22:13.841460
167,786,NO,2026-04-27T21:22:13.948685
167,1021,NO,2026-04-27T21:22:14.077570
167,454,NO,2026-04-27T21:22:14.179528
167,362,NO,2026-04-27T21:22:14.385898
167,571,NO,2026-04-27T21:22:14.489054
167,946,NO,2026-04-27T21:22:14.602489
167,741,NO,2026-04-27T21:22:14.839255
167,81,NO,2026-04-27T21:22:14.952862
167,103,NO,2026-04-27T21:22:15.055048
167,851,NO,2026-04-27T21:22:15.159249
167,109,NO,2026-04-27T21:22:15.278027
168,899,YES,2026-04-27T21:22:15.443476
168,508,NO,2026-04-27T21:22:15.552934
168,768,NO,2026-04-27T21:22:15.658296
168,636,NO,2026-04-27T21:22:15.768027
168,595,NO,2026-04-27T21:22:15.872174
168,229,NO,2026-04-27T21:22:16.180017
168,422,NO,2026-04-27T21:22:16.302866
168,224,YES,2026-04-27T21:22:16.419173
168,60,NO,2026-04-27T21:22:16.645153
168,628,NO,2026-04-27T21:22:16.932033
168,986,YES,2026-04-27T21:22:17.167299
168,525,NO,2026-04-27T21:22:17.277363
168,297,YES,2026-04-27T21:22:17.513784
168,532,NO,2026-04-27T21:22:17.626155
168,293,NO,2026-04-27T21:22:17.731894
169,748,NO,2026-04-27T21:22:18.002109
169,351,NO,2026-04-27T21:22:18.352488
169,829,YES,2026-04-27T21:22:18.464476
169,862,NO,2026-04-27T21:22:18.576528
169,91,NO,2026-04-27T21:22:18.804990
169,986,YES,2026-04-27T21:22:19.045217
169,793,NO,2026-04-27T21:22:19.291304
169,102,NO,2026-04-27T21:22:19.409829
169,39,NO,2026-04-27T21:22:19.530390
169,21,NO,2026-04-27T21:22:19.909535
169,255,YES,2026-04-27T21:22:20.158605
169,1005,YES,2026-04-27T21:22:20.280794
169,832,YES,2026-04-27T21:22:20.561328
169,896,YES,2026-04-27T21:22:20.701177
169,893,YES,2026-04-27T21:22:20.947706
169,451,NO,2026-04-27T21:22:21.069379
170,303,YES,2026-04-27T21:22:21.340722
170,319,YES,2026-04-27T21:22:21.449439
170,295,NO,2026-04-27T21:22:21.563215
170,392,YES,2026-04-27T21:22:21.685581
170,686,YES,2026-04-27T21:22:21.787885
170,250,NO,2026-04-27T21:22:21.902887
170,272,NO,2026-04-27T21:22:22.242861
170,192,YES,2026-04-27T21:22:22.467142
170,941,YES,2026-04-27T21:22:22.694266
170,606,NO,2026-04-27T21:22:22.818481
170,322,YES,2026-04-27T21:22:22.934150
170,611,SUPER_LIKE,2026-04-27T21:22:23.046053
170,696,YES,2026-04-27T21:22:23.156949
170,349,YES,2026-04-27T21:22:23.272847
170,461,NO,2026-04-27T21:22:23.389886
170,892,YES,2026-04-27T21:22:23.501914
170,792,NO,2026-04-27T21:22:23.612659
170,167,NO,2026-04-27T21:22:23.721170
171,981,YES,2026-04-27T21:22:24.005816
171,655,NO,2026-04-27T21:22:24.112770
171,810,YES,2026-04-27T21:22:24.217857
171,494,NO,2026-04-27T21:22:24.321826
171,776,NO,2026-04-27T21:22:24.538367
171,443,NO,2026-04-27T21:22:24.650663
171,729,NO,2026-04-27T21:22:24.982301
171,628,NO,2026-04-27T21:22:25.095626
171,649,YES,2026-04-27T21:22:25.334063
171,497,NO,2026-04-27T21:22:25.442199
171,53,NO,2026-04-27T21:22:25.660010
171,935,NO,2026-04-27T21:22:25.776598
171,850,NO,2026-04-27T21:22:25.881814
171,401,NO,2026-04-27T21:22:25.986674
171,578,NO,2026-04-27T21:22:26.087686
171,580,NO,2026-04-27T21:22:26.190492
171,597,NO,2026-04-27T21:22:26.305202
171,704,NO,2026-04-27T21:22:26.435332
171,308,NO,2026-04-27T21:22:26.548072
172,204,YES,2026-04-27T21:22:26.722087
172,438,YES,2026-04-27T21:22:27.056542
172,19,YES,2026-04-27T21:22:27.285189
172,567,YES,2026-04-27T21:22:27.527382
172,74,YES,2026-04-27T21:22:27.763913
172,1003,NO,2026-04-27T21:22:27.867773
172,455,NO,2026-04-27T21:22:27.988854
172,262,YES,2026-04-27T21:22:28.107879
172,619,NO,2026-04-27T21:22:28.323390
172,77,NO,2026-04-27T21:22:28.573356
172,758,NO,2026-04-27T21:22:28.690709
172,434,NO,2026-04-27T21:22:28.797051
173,487,NO,2026-04-27T21:22:29.226932
173,970,YES,2026-04-27T21:22:29.338196
173,507,NO,2026-04-27T21:22:29.555031
173,147,NO,2026-04-27T21:22:29.671736
173,187,NO,2026-04-27T21:22:29.798868
173,977,NO,2026-04-27T21:22:29.901115
173,337,NO,2026-04-27T21:22:30.125675
173,137,NO,2026-04-27T21:22:30.234797
173,938,YES,2026-04-27T21:22:30.352420
173,834,NO,2026-04-27T21:22:30.462093
173,201,YES,2026-04-27T21:22:30.568543
173,466,NO,2026-04-27T21:22:30.677457
173,838,NO,2026-04-27T21:22:30.779484
173,47,NO,2026-04-27T21:22:31.020165
173,355,NO,2026-04-27T21:22:31.244161
174,476,NO,2026-04-27T21:22:31.864734
174,764,NO,2026-04-27T21:22:31.979229
174,957,NO,2026-04-27T21:22:32.098735
174,74,NO,2026-04-27T21:22:32.317588
174,202,NO,2026-04-27T21:22:32.432526
174,368,NO,2026-04-27T21:22:32.537517
174,136,YES,2026-04-27T21:22:32.651733
174,61,NO,2026-04-27T21:22:32.764301
174,73,NO,2026-04-27T21:22:32.975419
174,919,NO,2026-04-27T21:22:33.086392
174,515,NO,2026-04-27T21:22:33.204504
174,964,NO,2026-04-27T21:22:33.319581
174,881,NO,2026-04-27T21:22:33.433884
174,916,YES,2026-04-27T21:22:33.550593
174,642,NO,2026-04-27T21:22:33.687937
174,403,YES,2026-04-27T21:22:33.810644
174,383,NO,2026-04-27T21:22:33.918871
174,126,NO,2026-04-27T21:22:34.025426
174,622,NO,2026-04-27T21:22:34.129432
175,700,YES,2026-04-27T21:22:34.421334
175,193,NO,2026-04-27T21:22:34.528327
175,818,NO,2026-04-27T21:22:34.639903
175,352,SUPER_LIKE,2026-04-27T21:22:34.749163
175,296,YES,2026-04-27T21:22:34.856413
175,680,NO,2026-04-27T21:22:34.972479
175,676,YES,2026-04-27T21:22:35.193401
175,55,YES,2026-04-27T21:22:35.298991
175,607,YES,2026-04-27T21:22:35.409153
175,78,YES,2026-04-27T21:22:35.550467
175,672,YES,2026-04-27T21:22:35.665743
175,643,NO,2026-04-27T21:22:35.774069
175,414,YES,2026-04-27T21:22:35.994055
175,530,NO,2026-04-27T21:22:36.125095
175,713,YES,2026-04-27T21:22:36.334630
175,151,NO,2026-04-27T21:22:36.455780
176,500,YES,2026-04-27T21:22:36.749618
176,191,YES,2026-04-27T21:22:36.861125
176,944,NO,2026-04-27T21:22:36.969887
176,831,SUPER_LIKE,2026-04-27T21:22:37.078345
176,62,NO,2026-04-27T21:22:37.230627
176,525,NO,2026-04-27T21:22:37.369781
176,517,YES,2026-04-27T21:22:37.491539
176,826,YES,2026-04-27T21:22:37.821298
176,800,YES,2026-04-27T21:22:37.943783
176,792,YES,2026-04-27T21:22:38.051072
176,512,YES,2026-04-27T21:22:38.154000
176,355,NO,2026-04-27T21:22:38.379968
176,126,NO,2026-04-27T21:22:38.503132
176,28,YES,2026-04-27T21:22:38.753712
176,799,SUPER_LIKE,2026-04-27T21:22:38.987700
176,387,YES,2026-04-27T21:22:39.097670
176,288,YES,2026-04-27T21:22:39.452785
176,199,NO,2026-04-27T21:22:39.674190
177,686,YES,2026-04-27T21:22:39.835560
177,67,NO,2026-04-27T21:22:39.955079
177,236,NO,2026-04-27T21:22:40.062384
177,56,NO,2026-04-27T21:22:40.170120
177,674,NO,2026-04-27T21:22:40.286443
177,169,NO,2026-04-27T21:22:40.392937
177,368,YES,2026-04-27T21:22:40.593302
177,370,NO,2026-04-27T21:22:40.701724
177,669,YES,2026-04-27T21:22:40.925995
177,729,NO,2026-04-27T21:22:41.031803
177,795,NO,2026-04-27T21:22:41.131203
177,873,NO,2026-04-27T21:22:41.239016
177,471,NO,2026-04-27T21:22:41.362257
177,46,NO,2026-04-27T21:22:41.595812
177,692,YES,2026-04-27T21:22:41.720709
177,915,YES,2026-04-27T21:22:41.857351
177,392,NO,2026-04-27T21:22:42.014655
177,579,NO,2026-04-27T21:22:42.127949
178,540,YES,2026-04-27T21:22:42.312379
178,639,NO,2026-04-27T21:22:42.431452
178,311,NO,2026-04-27T21:22:42.558249
178,416,NO,2026-04-27T21:22:42.693155
178,939,NO,2026-04-27T21:22:42.934691
178,801,YES,2026-04-27T21:22:43.053921
178,584,NO,2026-04-27T21:22:43.171055
178,946,YES,2026-04-27T21:22:43.672940
178,960,NO,2026-04-27T21:22:43.807308
178,627,NO,2026-04-27T21:22:44.048292
178,952,NO,2026-04-27T21:22:44.169921
178,811,NO,2026-04-27T21:22:44.288508
178,621,YES,2026-04-27T21:22:44.409355
178,657,YES,2026-04-27T21:22:44.531399
178,175,NO,2026-04-27T21:22:44.761404
178,34,YES,2026-04-27T21:22:44.906314
178,58,YES,2026-04-27T21:22:45.055111
179,305,YES,2026-04-27T21:22:45.214251
179,915,NO,2026-04-27T21:22:45.423671
179,135,YES,2026-04-27T21:22:45.531766
179,526,NO,2026-04-27T21:22:45.642071
179,657,NO,2026-04-27T21:22:45.750483
179,324,YES,2026-04-27T21:22:45.942476
179,314,YES,2026-04-27T21:22:46.203355
179,756,NO,2026-04-27T21:22:47.843194
179,944,YES,2026-04-27T21:22:48.128757
179,929,YES,2026-04-27T21:22:48.343871
179,769,SUPER_LIKE,2026-04-27T21:22:48.896197
179,433,NO,2026-04-27T21:22:49.121641
179,766,NO,2026-04-27T21:22:49.560430
180,697,NO,2026-04-27T21:22:49.991151
180,968,NO,2026-04-27T21:22:50.220208
180,387,YES,2026-04-27T21:22:50.438406
180,205,YES,2026-04-27T21:22:50.655435
180,147,YES,2026-04-27T21:22:50.886314
180,975,YES,2026-04-27T21:22:51.099011
180,777,YES,2026-04-27T21:22:51.314255
180,725,YES,2026-04-27T21:22:51.538863
180,140,YES,2026-04-27T21:22:51.980547
180,1001,YES,2026-04-27T21:22:52.311081
180,474,NO,2026-04-27T21:22:52.528740
180,471,YES,2026-04-27T21:22:52.745023
180,964,NO,2026-04-27T21:22:53.092498
180,850,YES,2026-04-27T21:22:53.321115
180,724,NO,2026-04-27T21:22:53.840476
180,48,NO,2026-04-27T21:22:54.069907
180,35,NO,2026-04-27T21:22:54.414738
180,973,SUPER_LIKE,2026-04-27T21:22:54.762089
181,737,YES,2026-04-27T21:22:55.105154
181,757,SUPER_LIKE,2026-04-27T21:22:55.323996
181,975,YES,2026-04-27T21:22:55.568861
181,226,YES,2026-04-27T21:22:55.923953
181,361,NO,2026-04-27T21:22:56.433558
181,319,YES,2026-04-27T21:22:56.697005
181,981,YES,2026-04-27T21:22:57.050810
181,591,SUPER_LIKE,2026-04-27T21:22:57.304800
181,718,YES,2026-04-27T21:22:57.542754
181,370,YES,2026-04-27T21:22:57.782785
181,657,NO,2026-04-27T21:22:58.019787
181,799,SUPER_LIKE,2026-04-27T21:22:58.260924
181,495,YES,2026-04-27T21:22:58.494648
181,780,YES,2026-04-27T21:22:58.744402
181,56,YES,2026-04-27T21:22:58.995713
181,269,YES,2026-04-27T21:22:59.271552
181,702,YES,2026-04-27T21:22:59.498771
181,906,YES,2026-04-27T21:22:59.830097
182,262,NO,2026-04-27T21:23:00.407838
182,513,NO,2026-04-27T21:23:00.664770
182,483,NO,2026-04-27T21:23:01.157328
182,69,NO,2026-04-27T21:23:01.415634
182,489,NO,2026-04-27T21:23:01.655070
182,553,YES,2026-04-27T21:23:01.890425
182,936,NO,2026-04-27T21:23:02.118785
182,993,NO,2026-04-27T21:23:02.325797
182,132,YES,2026-04-27T21:23:02.547460
182,849,YES,2026-04-27T21:23:02.872423
182,546,NO,2026-04-27T21:23:03.198908
182,314,NO,2026-04-27T21:23:03.414631
182,187,YES,2026-04-27T21:23:03.635925
182,190,NO,2026-04-27T21:23:03.854895
182,571,NO,2026-04-27T21:23:04.079779
182,839,YES,2026-04-27T21:23:04.315949
182,442,NO,2026-04-27T21:23:04.629247
182,756,YES,2026-04-27T21:23:04.959821
183,392,NO,2026-04-27T21:23:05.595154
183,24,NO,2026-04-27T21:23:05.810186
183,491,YES,2026-04-27T21:23:06.036919
183,786,YES,2026-04-27T21:23:06.258001
183,423,NO,2026-04-27T21:23:06.691450
183,800,NO,2026-04-27T21:23:07.128991
183,727,NO,2026-04-27T21:23:07.444511
183,566,NO,2026-04-27T21:23:07.659699
183,489,NO,2026-04-27T21:23:07.876498
183,791,NO,2026-04-27T21:23:08.096231
183,546,NO,2026-04-27T21:23:08.310657
183,771,NO,2026-04-27T21:23:08.523421
183,20,NO,2026-04-27T21:23:08.736480
183,630,NO,2026-04-27T21:23:08.958527
183,536,YES,2026-04-27T21:23:09.185459
183,1005,NO,2026-04-27T21:23:09.512441
183,775,NO,2026-04-27T21:23:09.726878
183,885,NO,2026-04-27T21:23:10.175957
184,617,NO,2026-04-27T21:23:10.491919
184,835,NO,2026-04-27T21:23:10.707022
184,181,NO,2026-04-27T21:23:11.020239
184,378,NO,2026-04-27T21:23:11.340341
184,825,YES,2026-04-27T21:23:11.790623
184,381,NO,2026-04-27T21:23:12.000641
184,685,NO,2026-04-27T21:23:12.338445
184,102,YES,2026-04-27T21:23:12.664938
184,988,NO,2026-04-27T21:23:13.100322
184,833,NO,2026-04-27T21:23:13.434802
184,906,NO,2026-04-27T21:23:13.745398
184,604,NO,2026-04-27T21:23:13.983606
184,855,YES,2026-04-27T21:23:14.305393
184,704,YES,2026-04-27T21:23:14.537229
184,690,NO,2026-04-27T21:23:14.746893
184,149,NO,2026-04-27T21:23:14.971848
184,823,NO,2026-04-27T21:23:15.392215
185,666,NO,2026-04-27T21:23:15.813601
185,782,NO,2026-04-27T21:23:16.140927
185,302,NO,2026-04-27T21:23:16.463247
185,358,NO,2026-04-27T21:23:16.684263
185,840,YES,2026-04-27T21:23:16.898651
185,26,NO,2026-04-27T21:23:17.370155
185,206,NO,2026-04-27T21:23:17.849057
185,475,YES,2026-04-27T21:23:18.125448
185,310,NO,2026-04-27T21:23:18.367684
185,271,YES,2026-04-27T21:23:18.596162
185,846,NO,2026-04-27T21:23:18.921908
185,252,NO,2026-04-27T21:23:19.155085
185,811,NO,2026-04-27T21:23:19.413715
185,701,NO,2026-04-27T21:23:19.694681
185,314,NO,2026-04-27T21:23:19.946305
185,506,NO,2026-04-27T21:23:20.223602
185,964,NO,2026-04-27T21:23:20.493556
185,388,NO,2026-04-27T21:23:20.858996
186,251,YES,2026-04-27T21:23:21.200356
186,173,NO,2026-04-27T21:23:21.413967
186,856,YES,2026-04-27T21:23:21.625442
186,282,NO,2026-04-27T21:23:21.861455
186,787,YES,2026-04-27T21:23:22.294915
186,674,YES,2026-04-27T21:23:22.533411
186,717,NO,2026-04-27T21:23:22.754715
186,505,NO,2026-04-27T21:23:23.080657
186,38,YES,2026-04-27T21:23:23.295509
186,824,YES,2026-04-27T21:23:23.572741
186,597,NO,2026-04-27T21:23:23.790099
186,842,YES,2026-04-27T21:23:24.015143
186,59,NO,2026-04-27T21:23:24.248740
186,654,YES,2026-04-27T21:23:24.461494
186,476,NO,2026-04-27T21:23:24.798007
186,35,NO,2026-04-27T21:23:25.018987
186,612,YES,2026-04-27T21:23:25.354497
186,475,NO,2026-04-27T21:23:25.681128
186,946,YES,2026-04-27T21:23:25.906781
187,531,NO,2026-04-27T21:23:26.326654
187,202,NO,2026-04-27T21:23:26.639020
187,74,NO,2026-04-27T21:23:26.950255
187,246,NO,2026-04-27T21:23:27.186969
187,81,NO,2026-04-27T21:23:27.392047
187,529,NO,2026-04-27T21:23:27.656512
187,729,NO,2026-04-27T21:23:27.976254
187,968,NO,2026-04-27T21:23:28.208751
187,700,NO,2026-04-27T21:23:28.423208
187,108,NO,2026-04-27T21:23:28.635176
187,625,NO,2026-04-27T21:23:28.964203
187,433,YES,2026-04-27T21:23:29.182120
187,342,NO,2026-04-27T21:23:29.419280
187,193,SUPER_LIKE,2026-04-27T21:23:29.629832
187,486,NO,2026-04-27T21:23:29.957216
187,993,NO,2026-04-27T21:23:30.272774
187,754,NO,2026-04-27T21:23:30.591128
187,436,NO,2026-04-27T21:23:30.802444
187,955,NO,2026-04-27T21:23:31.232985
188,637,NO,2026-04-27T21:23:31.552097
188,54,NO,2026-04-27T21:23:31.760481
188,630,NO,2026-04-27T21:23:32.105628
188,769,NO,2026-04-27T21:23:32.317079
188,391,NO,2026-04-27T21:23:32.640662
188,71,NO,2026-04-27T21:23:32.958378
188,44,YES,2026-04-27T21:23:33.422897
188,166,NO,2026-04-27T21:23:33.640375
188,555,NO,2026-04-27T21:23:33.867451
188,735,YES,2026-04-27T21:23:34.085476
188,87,NO,2026-04-27T21:23:34.310048
188,349,NO,2026-04-27T21:23:34.532117
188,176,YES,2026-04-27T21:23:34.854400
188,455,YES,2026-04-27T21:23:35.395601
188,319,YES,2026-04-27T21:23:35.617353
188,123,NO,2026-04-27T21:23:36.075485
189,649,YES,2026-04-27T21:23:37.059109
189,272,YES,2026-04-27T21:23:37.305127
189,345,NO,2026-04-27T21:23:37.630115
189,84,SUPER_LIKE,2026-04-27T21:23:37.859223
189,816,NO,2026-04-27T21:23:38.285961
189,820,NO,2026-04-27T21:23:38.735115
189,140,YES,2026-04-27T21:23:39.052423
189,862,NO,2026-04-27T21:23:39.692925
189,86,YES,2026-04-27T21:23:39.934063
189,403,NO,2026-04-27T21:23:40.171109
189,698,NO,2026-04-27T21:23:40.587781
189,752,SUPER_LIKE,2026-04-27T21:23:40.844681
189,224,YES,2026-04-27T21:23:41.064844
189,396,NO,2026-04-27T21:23:41.288039
189,378,YES,2026-04-27T21:23:41.623651
190,736,YES,2026-04-27T21:23:41.954301
190,262,YES,2026-04-27T21:23:42.270611
190,587,YES,2026-04-27T21:23:42.498501
190,620,NO,2026-04-27T21:23:42.821567
190,130,YES,2026-04-27T21:23:43.048731
190,779,NO,2026-04-27T21:23:43.262283
190,473,YES,2026-04-27T21:23:43.578172
190,664,NO,2026-04-27T21:23:43.894831
190,224,YES,2026-04-27T21:23:44.119236
190,249,YES,2026-04-27T21:23:44.541549
190,765,YES,2026-04-27T21:23:44.773953
190,647,YES,2026-04-27T21:23:44.987898
190,458,YES,2026-04-27T21:23:45.213844
190,341,NO,2026-04-27T21:23:45.542498
190,472,YES,2026-04-27T21:23:46.132929
190,865,YES,2026-04-27T21:23:46.640432
190,216,YES,2026-04-27T21:23:46.857925
190,373,NO,2026-04-27T21:23:47.081223
191,854,NO,2026-04-27T21:23:47.403818
191,916,NO,2026-04-27T21:23:47.729838
191,971,YES,2026-04-27T21:23:47.953753
191,831,NO,2026-04-27T21:23:48.195541
191,713,NO,2026-04-27T21:23:48.410919
191,801,YES,2026-04-27T21:23:48.625103
191,958,NO,2026-04-27T21:23:48.837943
191,803,YES,2026-04-27T21:23:49.050558
191,960,YES,2026-04-27T21:23:49.273668
191,219,NO,2026-04-27T21:23:49.491848
191,512,NO,2026-04-27T21:23:49.701252
191,671,YES,2026-04-27T21:23:49.822101
191,817,NO,2026-04-27T21:23:49.938858
191,618,NO,2026-04-27T21:23:50.044107
191,758,NO,2026-04-27T21:23:50.150588
191,886,NO,2026-04-27T21:23:50.378990
191,401,NO,2026-04-27T21:23:50.497778
191,525,NO,2026-04-27T21:23:50.626459
191,372,NO,2026-04-27T21:23:50.776968
192,56,NO,2026-04-27T21:23:51.119027
192,275,YES,2026-04-27T21:23:51.248729
192,892,YES,2026-04-27T21:23:51.404821
192,1001,YES,2026-04-27T21:23:51.527806
192,556,YES,2026-04-27T21:23:51.648507
192,251,YES,2026-04-27T21:23:51.778109
192,303,NO,2026-04-27T21:23:51.917254
192,824,NO,2026-04-27T21:23:52.037471
192,939,NO,2026-04-27T21:23:52.180605
192,677,NO,2026-04-27T21:23:52.318314
192,643,NO,2026-04-27T21:23:52.439439
192,73,NO,2026-04-27T21:23:52.685465
192,434,NO,2026-04-27T21:23:52.806909
192,895,YES,2026-04-27T21:23:52.937601
192,512,NO,2026-04-27T21:23:53.144105
192,885,YES,2026-04-27T21:23:53.248186
192,100,NO,2026-04-27T21:23:53.362329
192,808,NO,2026-04-27T21:23:53.485378
193,183,NO,2026-04-27T21:23:53.659763
193,960,NO,2026-04-27T21:23:53.791571
193,576,YES,2026-04-27T21:23:53.905738
193,619,YES,2026-04-27T21:23:54.047717
193,838,NO,2026-04-27T21:23:54.156844
193,857,YES,2026-04-27T21:23:54.375839
193,319,YES,2026-04-27T21:23:54.736204
193,921,NO,2026-04-27T21:23:54.962570
193,132,YES,2026-04-27T21:23:55.074005
193,771,YES,2026-04-27T21:23:55.182755
193,503,NO,2026-04-27T21:23:55.395016
193,185,NO,2026-04-27T21:23:55.498067
193,876,NO,2026-04-27T21:23:55.606444
193,238,YES,2026-04-27T21:23:55.719865
193,534,YES,2026-04-27T21:23:55.985677
193,673,NO,2026-04-27T21:23:56.090530
193,33,NO,2026-04-27T21:23:56.318801
194,691,NO,2026-04-27T21:23:56.487261
194,254,YES,2026-04-27T21:23:56.816234
194,223,YES,2026-04-27T21:23:56.942627
194,245,YES,2026-04-27T21:23:57.186516
194,905,YES,2026-04-27T21:23:57.446676
194,524,NO,2026-04-27T21:23:57.578222
194,394,YES,2026-04-27T21:23:57.680195
194,697,NO,2026-04-27T21:23:57.791782
194,538,YES,2026-04-27T21:23:58.011193
194,220,NO,2026-04-27T21:23:58.347601
194,78,NO,2026-04-27T21:23:58.456511
194,444,YES,2026-04-27T21:23:58.564166
194,93,NO,2026-04-27T21:23:58.664391
194,64,NO,2026-04-27T21:23:58.894686
194,717,YES,2026-04-27T21:23:59.017528
194,760,YES,2026-04-27T21:23:59.147570
195,678,SUPER_LIKE,2026-04-27T21:23:59.319528
195,872,NO,2026-04-27T21:23:59.426069
195,478,NO,2026-04-27T21:23:59.532646
195,916,NO,2026-04-27T21:23:59.742046
195,151,NO,2026-04-27T21:23:59.859986
195,547,NO,2026-04-27T21:23:59.974918
195,802,NO,2026-04-27T21:24:00.084157
195,608,SUPER_LIKE,2026-04-27T21:24:00.646100
195,542,NO,2026-04-27T21:24:00.755205
195,159,NO,2026-04-27T21:24:00.857725
195,732,SUPER_LIKE,2026-04-27T21:24:01.096319
195,338,NO,2026-04-27T21:24:01.200674
195,316,YES,2026-04-27T21:24:01.423957
195,116,NO,2026-04-27T21:24:01.531361
195,1015,NO,2026-04-27T21:24:01.656833
195,720,NO,2026-04-27T21:24:01.774747
195,45,NO,2026-04-27T21:24:01.883591
195,539,YES,2026-04-27T21:24:02.003915
196,849,NO,2026-04-27T21:24:02.194969
196,811,YES,2026-04-27T21:24:02.302030
196,742,YES,2026-04-27T21:24:02.409125
196,969,YES,2026-04-27T21:24:02.513531
196,308,NO,2026-04-27T21:24:02.614918
196,253,YES,2026-04-27T21:24:02.834776
196,831,YES,2026-04-27T21:24:03.177996
196,587,SUPER_LIKE,2026-04-27T21:24:03.404847
196,916,NO,2026-04-27T21:24:03.511233
196,232,YES,2026-04-27T21:24:03.743850
196,263,NO,2026-04-27T21:24:03.850793
196,548,YES,2026-04-27T21:24:03.970052
196,156,YES,2026-04-27T21:24:04.231420
196,564,NO,2026-04-27T21:24:04.335838
196,412,YES,2026-04-27T21:24:04.669245
196,90,NO,2026-04-27T21:24:05.038192
197,564,NO,2026-04-27T21:24:05.209300
197,742,NO,2026-04-27T21:24:05.313259
197,355,NO,2026-04-27T21:24:05.420543
197,542,NO,2026-04-27T21:24:05.522225
197,826,YES,2026-04-27T21:24:05.632669
197,961,NO,2026-04-27T21:24:05.751390
197,69,NO,2026-04-27T21:24:05.859187
197,530,NO,2026-04-27T21:24:05.968900
197,732,NO,2026-04-27T21:24:06.195388
197,100,NO,2026-04-27T21:24:06.312453
197,802,NO,2026-04-27T21:24:06.525662
197,155,NO,2026-04-27T21:24:06.774465
197,330,NO,2026-04-27T21:24:07.115078
197,679,NO,2026-04-27T21:24:07.221247
197,285,NO,2026-04-27T21:24:07.451439
197,352,NO,2026-04-27T21:24:07.682940
197,289,NO,2026-04-27T21:24:07.925585
197,486,NO,2026-04-27T21:24:08.037393
198,673,NO,2026-04-27T21:24:08.197351
198,430,NO,2026-04-27T21:24:08.308016
198,336,NO,2026-04-27T21:24:08.534781
198,1004,NO,2026-04-27T21:24:08.779806
198,369,NO,2026-04-27T21:24:09.105925
198,256,NO,2026-04-27T21:24:09.214278
198,712,YES,2026-04-27T21:24:09.320050
198,254,YES,2026-04-27T21:24:09.430570
198,351,NO,2026-04-27T21:24:09.538403
198,243,NO,2026-04-27T21:24:09.648106
198,316,YES,2026-04-27T21:24:09.764862
198,851,NO,2026-04-27T21:24:09.877269
198,168,YES,2026-04-27T21:24:09.990668
198,525,NO,2026-04-27T21:24:10.096468
198,424,NO,2026-04-27T21:24:10.331224
198,806,NO,2026-04-27T21:24:10.448288
199,925,NO,2026-04-27T21:24:10.621198
199,525,NO,2026-04-27T21:24:10.740934
199,417,NO,2026-04-27T21:24:10.869912
199,764,NO,2026-04-27T21:24:11.090859
199,773,NO,2026-04-27T21:24:11.205711
199,483,NO,2026-04-27T21:24:11.429417
199,324,YES,2026-04-27T21:24:11.535960
199,297,NO,2026-04-27T21:24:11.646038
199,1020,NO,2026-04-27T21:24:11.750266
199,840,NO,2026-04-27T21:24:11.858746
199,274,NO,2026-04-27T21:24:12.090178
199,85,NO,2026-04-27T21:24:12.301431
199,520,NO,2026-04-27T21:24:12.417373
199,572,NO,2026-04-27T21:24:12.520461
199,652,YES,2026-04-27T21:24:12.642202
199,799,NO,2026-04-27T21:24:12.747576
199,11,NO,2026-04-27T21:24:12.851958
199,431,YES,2026-04-27T21:24:12.958907
200,263,YES,2026-04-27T21:24:13.120313
200,472,NO,2026-04-27T21:24:13.338508
200,513,NO,2026-04-27T21:24:13.448062
200,116,NO,2026-04-27T21:24:13.555825
200,393,NO,2026-04-27T21:24:13.665357
200,324,NO,2026-04-27T21:24:14.133145
200,366,NO,2026-04-27T21:24:14.368330
200,313,NO,2026-04-27T21:24:14.591354
200,157,NO,2026-04-27T21:24:14.698487
200,694,NO,2026-04-27T21:24:14.801397
200,613,NO,2026-04-27T21:24:14.919420
200,284,NO,2026-04-27T21:24:15.033821
200,480,NO,2026-04-27T21:24:15.380458
200,126,NO,2026-04-27T21:24:15.504732
200,885,YES,2026-04-27T21:24:15.626693
201,732,NO,2026-04-27T21:24:15.897892
201,714,NO,2026-04-27T21:24:16.016031
201,166,NO,2026-04-27T21:24:16.125741
201,580,NO,2026-04-27T21:24:16.227143
201,721,NO,2026-04-27T21:24:16.340334
201,564,NO,2026-04-27T21:24:16.445863
201,586,SUPER_LIKE,2026-04-27T21:24:16.556737
201,963,NO,2026-04-27T21:24:16.676783
201,895,NO,2026-04-27T21:24:16.784624
201,713,NO,2026-04-27T21:24:16.891720
201,24,YES,2026-04-27T21:24:17.130861
201,535,NO,2026-04-27T21:24:17.249180
201,322,YES,2026-04-27T21:24:17.492862
201,398,NO,2026-04-27T21:24:17.721270
201,179,NO,2026-04-27T21:24:17.835125
201,496,NO,2026-04-27T21:24:18.047936
201,497,NO,2026-04-27T21:24:18.156623
201,995,NO,2026-04-27T21:24:18.261010
202,413,NO,2026-04-27T21:24:18.430671
202,81,NO,2026-04-27T21:24:18.550125
202,524,NO,2026-04-27T21:24:18.662875
202,67,NO,2026-04-27T21:24:18.783959
202,141,NO,2026-04-27T21:24:18.897100
202,829,NO,2026-04-27T21:24:19.012045
202,452,YES,2026-04-27T21:24:19.120087
202,243,YES,2026-04-27T21:24:19.356005
202,260,YES,2026-04-27T21:24:19.480658
202,129,NO,2026-04-27T21:24:19.596587
202,59,NO,2026-04-27T21:24:19.715127
202,849,NO,2026-04-27T21:24:19.846804
202,101,NO,2026-04-27T21:24:19.968076
202,961,YES,2026-04-27T21:24:20.089735
202,156,NO,2026-04-27T21:24:20.327672
202,739,NO,2026-04-27T21:24:20.452913
202,120,NO,2026-04-27T21:24:20.578372
202,117,NO,2026-04-27T21:24:20.695168
202,389,NO,2026-04-27T21:24:20.836257
203,588,NO,2026-04-27T21:24:21.256385
203,591,NO,2026-04-27T21:24:21.371343
203,921,NO,2026-04-27T21:24:21.477309
203,810,NO,2026-04-27T21:24:21.695754
203,258,NO,2026-04-27T21:24:21.804911
203,138,YES,2026-04-27T21:24:21.925625
203,391,NO,2026-04-27T21:24:22.039835
203,1002,YES,2026-04-27T21:24:22.391076
203,979,NO,2026-04-27T21:24:22.497146
203,737,SUPER_LIKE,2026-04-27T21:24:22.609806
203,50,YES,2026-04-27T21:24:22.825956
203,26,SUPER_LIKE,2026-04-27T21:24:23.051188
203,55,YES,2026-04-27T21:24:23.274180
203,228,NO,2026-04-27T21:24:23.481282
203,110,NO,2026-04-27T21:24:23.594916
204,160,NO,2026-04-27T21:24:23.761091
204,266,NO,2026-04-27T21:24:23.881303
204,19,NO,2026-04-27T21:24:24.099535
204,327,NO,2026-04-27T21:24:24.233103
204,401,NO,2026-04-27T21:24:24.452516
204,86,YES,2026-04-27T21:24:24.670740
204,313,YES,2026-04-27T21:24:24.789425
204,128,NO,2026-04-27T21:24:24.897444
204,340,NO,2026-04-27T21:24:25.018534
204,680,YES,2026-04-27T21:24:25.128352
204,731,YES,2026-04-27T21:24:25.347658
204,139,YES,2026-04-27T21:24:25.468058
204,532,YES,2026-04-27T21:24:25.681167
204,420,SUPER_LIKE,2026-04-27T21:24:25.924695
204,968,YES,2026-04-27T21:24:26.049522
204,939,YES,2026-04-27T21:24:26.162494
204,838,NO,2026-04-27T21:24:26.277448
205,756,NO,2026-04-27T21:24:26.438117
205,542,NO,2026-04-27T21:24:26.563328
205,695,YES,2026-04-27T21:24:26.672829
205,134,YES,2026-04-27T21:24:26.779213
205,324,YES,2026-04-27T21:24:27.002202
205,479,YES,2026-04-27T21:24:27.110398
205,896,YES,2026-04-27T21:24:27.234090
205,610,NO,2026-04-27T21:24:27.466108
205,177,YES,2026-04-27T21:24:27.572164
205,95,YES,2026-04-27T21:24:27.684026
205,749,NO,2026-04-27T21:24:27.911321
205,444,YES,2026-04-27T21:24:28.019269
205,572,YES,2026-04-27T21:24:28.122787
205,363,YES,2026-04-27T21:24:28.351423
205,541,NO,2026-04-27T21:24:28.695134
205,305,SUPER_LIKE,2026-04-27T21:24:28.800391
205,801,NO,2026-04-27T21:24:29.027807
206,694,NO,2026-04-27T21:24:29.183954
206,938,YES,2026-04-27T21:24:29.297508
206,537,YES,2026-04-27T21:24:29.405761
206,647,YES,2026-04-27T21:24:29.634773
206,43,YES,2026-04-27T21:24:29.743553
206,762,NO,2026-04-27T21:24:29.849636
206,214,NO,2026-04-27T21:24:29.959690
206,675,YES,2026-04-27T21:24:30.399688
206,552,YES,2026-04-27T21:24:30.512752
206,575,YES,2026-04-27T21:24:30.633247
206,284,YES,2026-04-27T21:24:30.871511
206,395,SUPER_LIKE,2026-04-27T21:24:31.083219
206,328,YES,2026-04-27T21:24:31.201339
206,176,YES,2026-04-27T21:24:31.319617
206,633,YES,2026-04-27T21:24:31.549879
207,164,YES,2026-04-27T21:24:31.971866
207,514,YES,2026-04-27T21:24:32.077155
207,182,SUPER_LIKE,2026-04-27T21:24:32.432553
207,87,NO,2026-04-27T21:24:32.539497
207,429,NO,2026-04-27T21:24:32.642855
207,871,NO,2026-04-27T21:24:32.752279
207,864,NO,2026-04-27T21:24:32.981946
207,974,NO,2026-04-27T21:24:33.096487
207,282,YES,2026-04-27T21:24:33.207247
207,834,YES,2026-04-27T21:24:33.411659
207,57,NO,2026-04-27T21:24:33.522910
207,899,NO,2026-04-27T21:24:33.760426
207,1007,YES,2026-04-27T21:24:33.986453
207,446,YES,2026-04-27T21:24:34.101346
207,365,YES,2026-04-27T21:24:34.230449
207,484,YES,2026-04-27T21:24:34.343767
208,777,NO,2026-04-27T21:24:34.624448
208,445,NO,2026-04-27T21:24:34.736166
208,160,NO,2026-04-27T21:24:34.856393
208,743,YES,2026-04-27T21:24:35.194044
208,762,NO,2026-04-27T21:24:35.302552
208,136,NO,2026-04-27T21:24:35.424366
208,651,NO,2026-04-27T21:24:35.642484
208,131,YES,2026-04-27T21:24:35.751161
208,924,NO,2026-04-27T21:24:35.859364
208,917,NO,2026-04-27T21:24:36.096235
208,316,NO,2026-04-27T21:24:36.204384
208,891,YES,2026-04-27T21:24:36.314550
208,568,YES,2026-04-27T21:24:36.425558
208,905,YES,2026-04-27T21:24:36.534307
208,142,YES,2026-04-27T21:24:36.655873
208,859,YES,2026-04-27T21:24:36.759937
209,361,YES,2026-04-27T21:24:37.138125
209,637,NO,2026-04-27T21:24:37.251535
209,542,NO,2026-04-27T21:24:37.352259
209,522,SUPER_LIKE,2026-04-27T21:24:37.470169
209,601,YES,2026-04-27T21:24:37.707751
209,58,YES,2026-04-27T21:24:37.831769
209,760,YES,2026-04-27T21:24:37.939516
209,86,NO,2026-04-27T21:24:38.045061
209,35,NO,2026-04-27T21:24:38.154915
209,544,YES,2026-04-27T21:24:38.265743
209,238,YES,2026-04-27T21:24:38.395581
209,85,NO,2026-04-27T21:24:38.500672
209,120,YES,2026-04-27T21:24:38.609005
209,311,YES,2026-04-27T21:24:38.724133
209,221,YES,2026-04-27T21:24:38.832432
209,147,NO,2026-04-27T21:24:38.966886
209,904,YES,2026-04-27T21:24:39.093938
209,442,YES,2026-04-27T21:24:39.330579
210,914,NO,2026-04-27T21:24:39.825946
210,356,YES,2026-04-27T21:24:39.937739
210,82,NO,2026-04-27T21:24:40.043834
210,902,NO,2026-04-27T21:24:40.171665
210,873,YES,2026-04-27T21:24:40.274028
210,1008,YES,2026-04-27T21:24:40.379831
210,854,YES,2026-04-27T21:24:40.592501
210,166,YES,2026-04-27T21:24:40.704329
210,679,NO,2026-04-27T21:24:40.822319
210,474,NO,2026-04-27T21:24:40.923985
210,66,YES,2026-04-27T21:24:41.274895
210,852,YES,2026-04-27T21:24:41.402275
210,394,SUPER_LIKE,2026-04-27T21:24:41.509906
210,839,NO,2026-04-27T21:24:41.825536
210,604,YES,2026-04-27T21:24:41.950928
210,832,NO,2026-04-27T21:24:42.052062
210,98,NO,2026-04-27T21:24:42.160452
211,749,NO,2026-04-27T21:24:42.317470
211,597,NO,2026-04-27T21:24:42.431874
211,921,YES,2026-04-27T21:24:42.684386
211,520,YES,2026-04-27T21:24:42.837532
211,139,YES,2026-04-27T21:24:43.173438
211,842,NO,2026-04-27T21:24:43.326901
211,595,SUPER_LIKE,2026-04-27T21:24:43.448295
211,738,SUPER_LIKE,2026-04-27T21:24:43.572951
211,1005,YES,2026-04-27T21:24:43.698182
211,305,YES,2026-04-27T21:24:43.819182
211,844,NO,2026-04-27T21:24:43.956317
211,397,YES,2026-04-27T21:24:44.072647
211,926,YES,2026-04-27T21:24:44.228514
211,443,YES,2026-04-27T21:24:44.621698
211,679,NO,2026-04-27T21:24:44.741789
211,25,NO,2026-04-27T21:24:44.888110
212,128,SUPER_LIKE,2026-04-27T21:24:45.172528
212,768,NO,2026-04-27T21:24:45.285424
212,518,YES,2026-04-27T21:24:45.508759
212,456,NO,2026-04-27T21:24:45.620267
212,448,NO,2026-04-27T21:24:45.748258
212,904,NO,2026-04-27T21:24:45.870597
212,116,NO,2026-04-27T21:24:45.986713
212,661,NO,2026-04-27T21:24:46.217588
212,916,NO,2026-04-27T21:24:46.331475
212,147,NO,2026-04-27T21:24:46.446762
212,1005,NO,2026-04-27T21:24:46.547537
212,598,YES,2026-04-27T21:24:46.662690
212,805,NO,2026-04-27T21:24:46.783519
212,393,NO,2026-04-27T21:24:46.892523
212,426,YES,2026-04-27T21:24:47.008658
212,909,YES,2026-04-27T21:24:47.124659
212,1013,NO,2026-04-27T21:24:47.348753
213,78,YES,2026-04-27T21:24:47.722797
213,621,YES,2026-04-27T21:24:47.840714
213,581,NO,2026-04-27T21:24:47.963001
213,926,SUPER_LIKE,2026-04-27T21:24:48.079390
213,575,NO,2026-04-27T21:24:48.310939
213,533,NO,2026-04-27T21:24:48.432909
213,121,NO,2026-04-27T21:24:48.661997
213,313,NO,2026-04-27T21:24:48.764325
213,187,NO,2026-04-27T21:24:48.868167
213,1015,NO,2026-04-27T21:24:48.976593
213,482,NO,2026-04-27T21:24:49.104077
213,378,YES,2026-04-27T21:24:49.214042
213,269,NO,2026-04-27T21:24:49.563782
213,591,NO,2026-04-27T21:24:49.678924
213,779,NO,2026-04-27T21:24:49.916221
213,502,NO,2026-04-27T21:24:50.021569
213,817,NO,2026-04-27T21:24:50.130246
213,501,NO,2026-04-27T21:24:50.240898
213,347,NO,2026-04-27T21:24:50.371702
214,829,NO,2026-04-27T21:24:50.636525
214,733,YES,2026-04-27T21:24:50.740176
214,758,NO,2026-04-27T21:24:50.960539
214,914,NO,2026-04-27T21:24:51.065007
214,1009,NO,2026-04-27T21:24:51.174778
214,288,NO,2026-04-27T21:24:51.500126
214,538,NO,2026-04-27T21:24:51.720572
214,66,NO,2026-04-27T21:24:51.824993
214,572,NO,2026-04-27T21:24:51.944192
214,562,NO,2026-04-27T21:24:52.053113
214,483,YES,2026-04-27T21:24:52.499208
214,39,NO,2026-04-27T21:24:52.612082
214,970,NO,2026-04-27T21:24:52.717688
214,663,YES,2026-04-27T21:24:52.958527
214,688,YES,2026-04-27T21:24:53.085600
214,920,NO,2026-04-27T21:24:53.214454
215,691,NO,2026-04-27T21:24:53.420755
215,445,NO,2026-04-27T21:24:53.785836
215,578,NO,2026-04-27T21:24:53.915911
215,859,NO,2026-04-27T21:24:54.033898
215,681,YES,2026-04-27T21:24:54.151107
215,617,NO,2026-04-27T21:24:54.283449
215,677,NO,2026-04-27T21:24:54.405611
215,147,NO,2026-04-27T21:24:54.527784
215,413,NO,2026-04-27T21:24:54.649970
215,950,NO,2026-04-27T21:24:54.765660
215,448,NO,2026-04-27T21:24:54.887522
215,390,YES,2026-04-27T21:24:55.017186
215,676,NO,2026-04-27T21:24:55.130260
215,128,NO,2026-04-27T21:24:55.241991
215,273,NO,2026-04-27T21:24:55.509292
215,758,NO,2026-04-27T21:24:55.638755
215,581,NO,2026-04-27T21:24:55.771978
215,911,NO,2026-04-27T21:24:55.882379
216,977,NO,2026-04-27T21:24:56.043214
216,811,NO,2026-04-27T21:24:56.403466
216,296,NO,2026-04-27T21:24:56.509851
216,557,NO,2026-04-27T21:24:56.615816
216,672,NO,2026-04-27T21:24:56.735399
216,905,NO,2026-04-27T21:24:56.849836
216,357,NO,2026-04-27T21:24:56.960324
216,720,NO,2026-04-27T21:24:57.065380
216,65,NO,2026-04-27T21:24:57.178685
216,964,NO,2026-04-27T21:24:57.406867
216,766,NO,2026-04-27T21:24:57.628841
216,823,NO,2026-04-27T21:24:57.746076
216,156,NO,2026-04-27T21:24:57.873648
216,856,YES,2026-04-27T21:24:58.230892
216,636,NO,2026-04-27T21:24:58.353376
216,523,NO,2026-04-27T21:24:58.596239
216,683,NO,2026-04-27T21:24:58.708446
217,891,NO,2026-04-27T21:24:58.864298
217,584,NO,2026-04-27T21:24:58.985570
217,825,YES,2026-04-27T21:24:59.098164
217,447,NO,2026-04-27T21:24:59.204596
217,934,NO,2026-04-27T21:24:59.428633
217,328,NO,2026-04-27T21:24:59.570490
217,590,NO,2026-04-27T21:24:59.679063
217,356,NO,2026-04-27T21:24:59.899287
217,31,NO,2026-04-27T21:25:00.017090
217,985,NO,2026-04-27T21:25:00.241082
217,434,NO,2026-04-27T21:25:00.388149
217,707,NO,2026-04-27T21:25:00.496451
217,351,NO,2026-04-27T21:25:00.608129
217,213,NO,2026-04-27T21:25:00.840380
217,451,NO,2026-04-27T21:25:01.058101
217,763,YES,2026-04-27T21:25:01.167805
218,319,SUPER_LIKE,2026-04-27T21:25:01.377422
218,924,YES,2026-04-27T21:25:01.487126
218,373,SUPER_LIKE,2026-04-27T21:25:01.591863
218,69,YES,2026-04-27T21:25:01.696931
218,460,NO,2026-04-27T21:25:01.843842
218,904,YES,2026-04-27T21:25:01.964774
218,227,NO,2026-04-27T21:25:02.076674
218,502,YES,2026-04-27T21:25:02.184803
218,970,SUPER_LIKE,2026-04-27T21:25:02.299220
218,358,YES,2026-04-27T21:25:02.428208
218,169,NO,2026-04-27T21:25:02.765330
218,339,NO,2026-04-27T21:25:02.870002
218,550,NO,2026-04-27T21:25:02.986803
218,35,NO,2026-04-27T21:25:03.109389
218,289,NO,2026-04-27T21:25:03.219610
218,496,NO,2026-04-27T21:25:03.331248
218,683,NO,2026-04-27T21:25:03.450177
218,313,YES,2026-04-27T21:25:03.568650
218,165,NO,2026-04-27T21:25:03.803693
219,648,YES,2026-04-27T21:25:03.965427
219,69,YES,2026-04-27T21:25:04.073801
219,617,YES,2026-04-27T21:25:04.293754
219,1021,NO,2026-04-27T21:25:04.506992
219,508,NO,2026-04-27T21:25:04.617262
219,660,YES,2026-04-27T21:25:04.845131
219,555,NO,2026-04-27T21:25:04.969550
219,706,NO,2026-04-27T21:25:05.078838
219,635,NO,2026-04-27T21:25:05.182685
219,988,YES,2026-04-27T21:25:05.303393
219,849,NO,2026-04-27T21:25:05.419411
219,377,YES,2026-04-27T21:25:05.528957
219,646,NO,2026-04-27T21:25:05.641926
219,435,NO,2026-04-27T21:25:05.747832
219,552,YES,2026-04-27T21:25:05.861080
219,851,NO,2026-04-27T21:25:05.978644
219,732,NO,2026-04-27T21:25:06.081329
219,296,NO,2026-04-27T21:25:06.185882
220,70,NO,2026-04-27T21:25:06.346775
220,497,YES,2026-04-27T21:25:06.471987
220,613,NO,2026-04-27T21:25:06.584760
220,988,NO,2026-04-27T21:25:06.692224
220,117,NO,2026-04-27T21:25:06.800295
220,798,NO,2026-04-27T21:25:06.906100
220,850,NO,2026-04-27T21:25:07.028408
220,423,NO,2026-04-27T21:25:07.143058
220,975,NO,2026-04-27T21:25:07.279656
220,950,NO,2026-04-27T21:25:07.713116
220,986,YES,2026-04-27T21:25:07.824711
220,772,NO,2026-04-27T21:25:08.081895
220,611,NO,2026-04-27T21:25:08.223033
220,442,NO,2026-04-27T21:25:08.339754
220,744,NO,2026-04-27T21:25:08.445880
220,438,NO,2026-04-27T21:25:08.552646
220,797,NO,2026-04-27T21:25:08.657163
221,180,YES,2026-04-27T21:25:08.838354
221,896,YES,2026-04-27T21:25:08.957623
221,451,YES,2026-04-27T21:25:09.065889
221,768,NO,2026-04-27T21:25:09.321701
221,404,YES,2026-04-27T21:25:09.443083
221,72,NO,2026-04-27T21:25:09.681612
221,370,NO,2026-04-27T21:25:09.784521
221,562,YES,2026-04-27T21:25:10.001219
221,979,NO,2026-04-27T21:25:10.109466
221,462,YES,2026-04-27T21:25:10.226303
221,470,YES,2026-04-27T21:25:10.341545
221,101,YES,2026-04-27T21:25:10.462131
221,132,YES,2026-04-27T21:25:10.576534
221,329,NO,2026-04-27T21:25:10.688865
221,289,NO,2026-04-27T21:25:10.808424
221,742,SUPER_LIKE,2026-04-27T21:25:11.185989
221,662,SUPER_LIKE,2026-04-27T21:25:11.303807
221,89,NO,2026-04-27T21:25:11.523195
222,684,NO,2026-04-27T21:25:11.696539
222,209,NO,2026-04-27T21:25:11.808323
222,571,NO,2026-04-27T21:25:11.919399
222,732,YES,2026-04-27T21:25:12.031685
222,366,YES,2026-04-27T21:25:12.156583
222,622,YES,2026-04-27T21:25:12.408003
222,492,YES,2026-04-27T21:25:12.517242
222,267,NO,2026-04-27T21:25:12.751440
222,784,NO,2026-04-27T21:25:13.008308
222,201,NO,2026-04-27T21:25:13.123512
222,662,NO,2026-04-27T21:25:13.374194
222,941,NO,2026-04-27T21:25:13.831886
222,602,YES,2026-04-27T21:25:13.987301
222,449,YES,2026-04-27T21:25:14.224090
222,745,NO,2026-04-27T21:25:14.444273
222,246,YES,2026-04-27T21:25:14.814575
223,151,YES,2026-04-27T21:25:14.984885
223,720,NO,2026-04-27T21:25:15.104313
223,461,NO,2026-04-27T21:25:15.220884
223,126,NO,2026-04-27T21:25:15.352459
223,698,NO,2026-04-27T21:25:15.470130
223,457,NO,2026-04-27T21:25:15.705665
223,175,YES,2026-04-27T21:25:15.949448
223,95,NO,2026-04-27T21:25:16.052426
223,234,NO,2026-04-27T21:25:16.270103
223,1021,NO,2026-04-27T21:25:16.491882
223,34,YES,2026-04-27T21:25:16.712757
223,87,NO,2026-04-27T21:25:16.824747
223,359,NO,2026-04-27T21:25:17.042788
223,739,NO,2026-04-27T21:25:17.145297
223,636,NO,2026-04-27T21:25:17.249948
223,325,YES,2026-04-27T21:25:17.380810
223,33,YES,2026-04-27T21:25:17.498962
223,758,NO,2026-04-27T21:25:17.636293
223,864,NO,2026-04-27T21:25:17.746695
224,309,NO,2026-04-27T21:25:17.933378
224,670,NO,2026-04-27T21:25:18.052141
224,749,NO,2026-04-27T21:25:18.183183
224,391,NO,2026-04-27T21:25:18.412289
224,725,NO,2026-04-27T21:25:18.634117
224,416,NO,2026-04-27T21:25:18.748336
224,444,NO,2026-04-27T21:25:18.859114
224,142,NO,2026-04-27T21:25:18.966220
224,694,NO,2026-04-27T21:25:19.078315
224,546,NO,2026-04-27T21:25:19.188839
224,977,NO,2026-04-27T21:25:19.317254
224,633,YES,2026-04-27T21:25:19.446113
224,199,NO,2026-04-27T21:25:19.573083
224,441,NO,2026-04-27T21:25:19.819832
224,137,YES,2026-04-27T21:25:19.954677
224,678,NO,2026-04-27T21:25:20.064212
224,531,NO,2026-04-27T21:25:20.188757
224,769,NO,2026-04-27T21:25:20.418959
225,765,YES,2026-04-27T21:25:20.750407
225,634,NO,2026-04-27T21:25:20.883366
225,824,NO,2026-04-27T21:25:21.116095
225,792,NO,2026-04-27T21:25:21.222363
225,530,NO,2026-04-27T21:25:21.435023
225,80,NO,2026-04-27T21:25:21.763446
225,370,YES,2026-04-27T21:25:21.879314
225,431,NO,2026-04-27T21:25:22.000819
225,71,NO,2026-04-27T21:25:22.123672
225,610,NO,2026-04-27T21:25:22.276010
225,586,NO,2026-04-27T21:25:22.490938
225,407,NO,2026-04-27T21:25:22.603116
225,1002,NO,2026-04-27T21:25:22.718695
225,300,NO,2026-04-27T21:25:22.825909
225,931,NO,2026-04-27T21:25:22.946856
225,980,NO,2026-04-27T21:25:23.054345
225,410,YES,2026-04-27T21:25:23.192595
226,1010,YES,2026-04-27T21:25:23.479944
226,740,YES,2026-04-27T21:25:23.589753
226,518,SUPER_LIKE,2026-04-27T21:25:23.702752
226,921,NO,2026-04-27T21:25:23.828103
226,793,NO,2026-04-27T21:25:23.941192
226,655,YES,2026-04-27T21:25:24.182218
226,104,YES,2026-04-27T21:25:24.305648
226,530,YES,2026-04-27T21:25:24.532373
226,163,NO,2026-04-27T21:25:24.639426
226,502,YES,2026-04-27T21:25:24.757207
226,349,YES,2026-04-27T21:25:24.900116
226,486,YES,2026-04-27T21:25:25.010058
226,277,SUPER_LIKE,2026-04-27T21:25:25.341319
226,469,YES,2026-04-27T21:25:25.708387
226,786,YES,2026-04-27T21:25:25.820318
226,665,SUPER_LIKE,2026-04-27T21:25:25.931469
227,871,NO,2026-04-27T21:25:26.224181
227,1018,NO,2026-04-27T21:25:26.368926
227,740,YES,2026-04-27T21:25:26.475486
227,81,YES,2026-04-27T21:25:26.585246
227,433,YES,2026-04-27T21:25:26.694313
227,695,YES,2026-04-27T21:25:26.810441
227,533,SUPER_LIKE,2026-04-27T21:25:26.918582
227,994,NO,2026-04-27T21:25:27.264998
227,736,YES,2026-04-27T21:25:27.509792
227,362,YES,2026-04-27T21:25:27.619490
227,241,NO,2026-04-27T21:25:27.727754
227,138,NO,2026-04-27T21:25:27.855275
227,235,YES,2026-04-27T21:25:27.976182
227,823,NO,2026-04-27T21:25:28.199819
227,562,YES,2026-04-27T21:25:28.554067
227,310,YES,2026-04-27T21:25:28.668456
228,979,YES,2026-04-27T21:25:28.933380
228,794,NO,2026-04-27T21:25:29.047818
228,559,NO,2026-04-27T21:25:29.158936
228,323,NO,2026-04-27T21:25:29.273866
228,865,NO,2026-04-27T21:25:29.388126
228,340,NO,2026-04-27T21:25:29.495543
228,1007,YES,2026-04-27T21:25:29.720607
228,665,YES,2026-04-27T21:25:29.834793
228,954,YES,2026-04-27T21:25:29.939445
228,66,NO,2026-04-27T21:25:30.042734
228,383,YES,2026-04-27T21:25:30.498687
228,292,NO,2026-04-27T21:25:30.733947
228,118,NO,2026-04-27T21:25:30.959675
228,484,YES,2026-04-27T21:25:31.181880
228,692,SUPER_LIKE,2026-04-27T21:25:31.395346
229,974,NO,2026-04-27T21:25:31.675936
229,11,NO,2026-04-27T21:25:31.815102
229,750,NO,2026-04-27T21:25:31.928710
229,624,NO,2026-04-27T21:25:32.039610
229,455,YES,2026-04-27T21:25:32.144456
229,594,NO,2026-04-27T21:25:32.257736
229,482,NO,2026-04-27T21:25:32.361632
229,408,NO,2026-04-27T21:25:32.801066
229,913,YES,2026-04-27T21:25:32.913667
229,768,YES,2026-04-27T21:25:33.251776
229,263,NO,2026-04-27T21:25:33.369275
229,456,YES,2026-04-27T21:25:33.484831
229,170,YES,2026-04-27T21:25:33.595067
229,385,NO,2026-04-27T21:25:33.716223
229,679,NO,2026-04-27T21:25:33.935366
229,378,NO,2026-04-27T21:25:34.055491
229,215,NO,2026-04-27T21:25:34.272515
230,414,NO,2026-04-27T21:25:34.548453
230,498,YES,2026-04-27T21:25:34.654013
230,799,NO,2026-04-27T21:25:34.762674
230,203,YES,2026-04-27T21:25:34.866982
230,135,YES,2026-04-27T21:25:35.086069
230,941,YES,2026-04-27T21:25:35.196661
230,635,NO,2026-04-27T21:25:35.423373
230,324,YES,2026-04-27T21:25:35.540079
230,926,NO,2026-04-27T21:25:35.646789
230,496,NO,2026-04-27T21:25:35.873577
230,871,NO,2026-04-27T21:25:35.979553
230,593,NO,2026-04-27T21:25:36.457627
230,492,NO,2026-04-27T21:25:36.568734
230,217,YES,2026-04-27T21:25:36.689722
230,960,YES,2026-04-27T21:25:36.798467
230,477,NO,2026-04-27T21:25:36.903853
230,490,NO,2026-04-27T21:25:37.009289
230,959,YES,2026-04-27T21:25:37.118571
230,298,SUPER_LIKE,2026-04-27T21:25:37.240685
231,69,NO,2026-04-27T21:25:37.410984
231,738,NO,2026-04-27T21:25:37.522157
231,745,NO,2026-04-27T21:25:37.627514
231,228,YES,2026-04-27T21:25:37.851074
231,970,NO,2026-04-27T21:25:38.078522
231,959,NO,2026-04-27T21:25:38.326253
231,185,YES,2026-04-27T21:25:38.449836
231,682,NO,2026-04-27T21:25:38.572642
231,332,NO,2026-04-27T21:25:38.685463
231,567,YES,2026-04-27T21:25:38.784184
231,460,YES,2026-04-27T21:25:38.893406
231,507,NO,2026-04-27T21:25:38.998488
231,955,NO,2026-04-27T21:25:39.246187
231,326,YES,2026-04-27T21:25:39.702707
231,309,NO,2026-04-27T21:25:39.919781
231,1021,NO,2026-04-27T21:25:40.028947
232,168,NO,2026-04-27T21:25:40.216547
232,796,YES,2026-04-27T21:25:40.435146
232,13,NO,2026-04-27T21:25:40.651545
232,868,YES,2026-04-27T21:25:40.852764
232,825,YES,2026-04-27T21:25:40.959195
232,837,NO,2026-04-27T21:25:41.303576
232,902,NO,2026-04-27T21:25:41.435299
232,652,SUPER_LIKE,2026-04-27T21:25:41.559732
232,233,YES,2026-04-27T21:25:41.688901
232,535,NO,2026-04-27T21:25:41.817587
232,661,YES,2026-04-27T21:25:41.994952
232,578,NO,2026-04-27T21:25:42.122743
232,957,YES,2026-04-27T21:25:42.239456
232,265,SUPER_LIKE,2026-04-27T21:25:42.464831
232,146,YES,2026-04-27T21:25:42.730427
233,524,YES,2026-04-27T21:25:43.015717
233,465,SUPER_LIKE,2026-04-27T21:25:43.130138
233,593,YES,2026-04-27T21:25:43.252447
233,659,YES,2026-04-27T21:25:43.365515
233,994,NO,2026-04-27T21:25:43.476464
233,120,YES,2026-04-27T21:25:43.583906
233,808,YES,2026-04-27T21:25:43.736441
233,650,YES,2026-04-27T21:25:43.861232
233,890,YES,2026-04-27T21:25:43.973705
233,863,YES,2026-04-27T21:25:44.084578
233,116,NO,2026-04-27T21:25:44.194195
233,537,YES,2026-04-27T21:25:44.317980
233,153,SUPER_LIKE,2026-04-27T21:25:44.666751
233,737,YES,2026-04-27T21:25:44.782042
233,599,YES,2026-04-27T21:25:44.904646
233,87,NO,2026-04-27T21:25:45.241365
234,110,NO,2026-04-27T21:25:45.411056
234,446,YES,2026-04-27T21:25:45.538566
234,702,NO,2026-04-27T21:25:45.758628
234,86,NO,2026-04-27T21:25:45.979780
234,588,NO,2026-04-27T21:25:46.099399
234,528,YES,2026-04-27T21:25:46.217985
234,916,NO,2026-04-27T21:25:46.324580
234,480,NO,2026-04-27T21:25:46.437882
234,826,NO,2026-04-27T21:25:46.547348
234,270,NO,2026-04-27T21:25:46.917058
234,78,YES,2026-04-27T21:25:47.031871
234,689,NO,2026-04-27T21:25:47.154560
234,296,NO,2026-04-27T21:25:47.289762
234,115,NO,2026-04-27T21:25:47.408859
234,962,NO,2026-04-27T21:25:47.640871
234,231,NO,2026-04-27T21:25:47.747759
234,571,NO,2026-04-27T21:25:47.876128
234,426,YES,2026-04-27T21:25:48.120608
235,611,YES,2026-04-27T21:25:48.408797
235,26,NO,2026-04-27T21:25:48.532695
235,203,YES,2026-04-27T21:25:48.764870
235,587,YES,2026-04-27T21:25:48.873353
235,685,YES,2026-04-27T21:25:48.990409
235,342,NO,2026-04-27T21:25:49.446731
235,103,NO,2026-04-27T21:25:49.568241
235,37,YES,2026-04-27T21:25:49.691199
235,985,YES,2026-04-27T21:25:49.921617
235,837,NO,2026-04-27T21:25:50.052067
235,891,YES,2026-04-27T21:25:50.172117
235,782,NO,2026-04-27T21:25:50.406308
235,509,YES,2026-04-27T21:25:50.621278
235,499,NO,2026-04-27T21:25:50.726755
235,463,SUPER_LIKE,2026-04-27T21:25:50.864856
236,917,YES,2026-04-27T21:25:51.024753
236,429,NO,2026-04-27T21:25:51.129388
236,477,YES,2026-04-27T21:25:51.245318
236,239,NO,2026-04-27T21:25:51.358150
236,896,NO,2026-04-27T21:25:51.575058
236,536,NO,2026-04-27T21:25:51.800989
236,923,NO,2026-04-27T21:25:52.036227
236,66,NO,2026-04-27T21:25:52.287090
236,160,NO,2026-04-27T21:25:52.398559
236,938,NO,2026-04-27T21:25:52.515465
236,688,NO,2026-04-27T21:25:52.840531
236,996,NO,2026-04-27T21:25:52.951216
236,697,NO,2026-04-27T21:25:53.178957
236,695,NO,2026-04-27T21:25:53.524840
236,213,NO,2026-04-27T21:25:53.731016
237,129,NO,2026-04-27T21:25:54.004594
237,639,YES,2026-04-27T21:25:54.116057
237,578,NO,2026-04-27T21:25:54.219958
237,316,NO,2026-04-27T21:25:54.333775
237,441,YES,2026-04-27T21:25:54.453817
237,526,YES,2026-04-27T21:25:54.567958
237,877,NO,2026-04-27T21:25:54.675134
237,786,YES,2026-04-27T21:25:54.907273
237,217,NO,2026-04-27T21:25:55.234346
237,315,YES,2026-04-27T21:25:55.337417
237,445,NO,2026-04-27T21:25:55.457873
237,468,NO,2026-04-27T21:25:55.573141
237,623,NO,2026-04-27T21:25:55.684668
237,533,NO,2026-04-27T21:25:55.790237
237,714,NO,2026-04-27T21:25:55.894784
237,421,NO,2026-04-27T21:25:56.005715
237,383,YES,2026-04-27T21:25:56.258185
238,190,YES,2026-04-27T21:25:56.534696
238,418,NO,2026-04-27T21:25:56.651509
238,479,NO,2026-04-27T21:25:56.762713
238,305,YES,2026-04-27T21:25:56.878965
238,135,YES,2026-04-27T21:25:56.993013
238,206,YES,2026-04-27T21:25:57.196189
238,285,SUPER_LIKE,2026-04-27T21:25:57.432480
238,997,YES,2026-04-27T21:25:57.539401
238,346,NO,2026-04-27T21:25:57.650986
238,534,YES,2026-04-27T21:25:57.871520
238,48,NO,2026-04-27T21:25:57.982846
238,441,NO,2026-04-27T21:25:58.220251
238,432,NO,2026-04-27T21:25:58.445994
238,330,YES,2026-04-27T21:25:58.556960
238,301,YES,2026-04-27T21:25:58.665968
238,173,NO,2026-04-27T21:25:59.010008
238,827,SUPER_LIKE,2026-04-27T21:25:59.127791
239,298,YES,2026-04-27T21:25:59.310627
239,838,NO,2026-04-27T21:25:59.422756
239,483,YES,2026-04-27T21:25:59.533483
239,185,NO,2026-04-27T21:25:59.666663
239,207,YES,2026-04-27T21:25:59.778003
239,461,NO,2026-04-27T21:25:59.999156
239,169,NO,2026-04-27T21:26:00.117790
239,136,YES,2026-04-27T21:26:00.239237
239,1014,YES,2026-04-27T21:26:00.347245
239,68,NO,2026-04-27T21:26:00.457344
239,421,NO,2026-04-27T21:26:00.558803
239,909,YES,2026-04-27T21:26:00.661894
239,213,NO,2026-04-27T21:26:00.784702
239,289,YES,2026-04-27T21:26:00.892570
239,11,NO,2026-04-27T21:26:01.001612
239,672,NO,2026-04-27T21:26:01.105695
239,570,YES,2026-04-27T21:26:01.216265
239,774,YES,2026-04-27T21:26:01.338469
239,585,NO,2026-04-27T21:26:01.456643
240,619,NO,2026-04-27T21:26:01.723776
240,915,NO,2026-04-27T21:26:01.936842
240,199,SUPER_LIKE,2026-04-27T21:26:02.169204
240,186,NO,2026-04-27T21:26:02.275272
240,569,SUPER_LIKE,2026-04-27T21:26:02.383087
240,613,NO,2026-04-27T21:26:02.490552
240,140,NO,2026-04-27T21:26:02.624349
240,55,NO,2026-04-27T21:26:02.846843
240,766,NO,2026-04-27T21:26:02.956375
240,406,NO,2026-04-27T21:26:03.063209
240,545,SUPER_LIKE,2026-04-27T21:26:03.181812
240,342,NO,2026-04-27T21:26:03.288328
240,534,NO,2026-04-27T21:26:03.400876
240,954,NO,2026-04-27T21:26:03.511128
240,428,YES,2026-04-27T21:26:03.615971
240,929,NO,2026-04-27T21:26:03.742101
240,272,NO,2026-04-27T21:26:03.861859
240,495,NO,2026-04-27T21:26:03.977626
240,811,NO,2026-04-27T21:26:04.086772
241,82,SUPER_LIKE,2026-04-27T21:26:04.490563
241,34,YES,2026-04-27T21:26:04.602871
241,881,NO,2026-04-27T21:26:04.720837
241,491,YES,2026-04-27T21:26:04.840449
241,104,NO,2026-04-27T21:26:04.963831
241,474,NO,2026-04-27T21:26:05.075393
241,515,NO,2026-04-27T21:26:05.178317
241,204,NO,2026-04-27T21:26:05.285520
241,349,NO,2026-04-27T21:26:05.511594
241,727,YES,2026-04-27T21:26:05.788377
241,467,YES,2026-04-27T21:26:06.021694
241,841,NO,2026-04-27T21:26:06.142886
241,752,NO,2026-04-27T21:26:06.487929
241,59,NO,2026-04-27T21:26:06.596078
241,75,NO,2026-04-27T21:26:06.707789
241,202,NO,2026-04-27T21:26:06.818583
241,540,YES,2026-04-27T21:26:06.922253
242,970,NO,2026-04-27T21:26:07.218826
242,183,YES,2026-04-27T21:26:07.343766
242,710,YES,2026-04-27T21:26:07.465149
242,385,YES,2026-04-27T21:26:07.574822
242,60,YES,2026-04-27T21:26:07.681528
242,212,SUPER_LIKE,2026-04-27T21:26:07.912416
242,395,SUPER_LIKE,2026-04-27T21:26:08.284037
242,361,NO,2026-04-27T21:26:08.539274
242,744,YES,2026-04-27T21:26:08.651453
242,264,NO,2026-04-27T21:26:09.013323
242,518,YES,2026-04-27T21:26:09.139531
242,937,NO,2026-04-27T21:26:09.250110
242,209,YES,2026-04-27T21:26:09.363533
242,567,SUPER_LIKE,2026-04-27T21:26:09.621575
242,887,YES,2026-04-27T21:26:09.726713
242,125,NO,2026-04-27T21:26:09.834899
243,61,YES,2026-04-27T21:26:10.049411
243,396,YES,2026-04-27T21:26:10.290778
243,70,SUPER_LIKE,2026-04-27T21:26:10.506862
243,859,YES,2026-04-27T21:26:10.629020
243,736,NO,2026-04-27T21:26:10.848295
243,560,NO,2026-04-27T21:26:10.958216
243,293,NO,2026-04-27T21:26:11.063040
243,923,NO,2026-04-27T21:26:11.168274
243,34,NO,2026-04-27T21:26:11.391271
243,1003,YES,2026-04-27T21:26:11.516944
243,371,YES,2026-04-27T21:26:11.640516
243,77,YES,2026-04-27T21:26:11.745811
243,689,NO,2026-04-27T21:26:11.975040
243,149,NO,2026-04-27T21:26:12.090247
243,145,YES,2026-04-27T21:26:12.215747
243,372,YES,2026-04-27T21:26:12.325461
243,388,YES,2026-04-27T21:26:12.435936
243,237,YES,2026-04-27T21:26:12.661927
243,466,NO,2026-04-27T21:26:12.769647
244,691,YES,2026-04-27T21:26:13.058363
244,725,NO,2026-04-27T21:26:13.310542
244,278,NO,2026-04-27T21:26:13.422003
244,447,NO,2026-04-27T21:26:13.526269
244,970,NO,2026-04-27T21:26:13.633200
244,380,NO,2026-04-27T21:26:13.754003
244,207,NO,2026-04-27T21:26:13.865982
244,21,NO,2026-04-27T21:26:13.983261
244,694,NO,2026-04-27T21:26:14.083691
244,493,NO,2026-04-27T21:26:14.193857
244,199,NO,2026-04-27T21:26:14.313980
244,865,NO,2026-04-27T21:26:14.430537
244,275,YES,2026-04-27T21:26:14.588083
244,294,NO,2026-04-27T21:26:14.827031
244,678,YES,2026-04-27T21:26:14.939645
244,343,NO,2026-04-27T21:26:15.178084
244,621,NO,2026-04-27T21:26:15.283437
244,609,SUPER_LIKE,2026-04-27T21:26:15.400097
244,619,NO,2026-04-27T21:26:15.514111
245,321,NO,2026-04-27T21:26:15.812092
245,187,YES,2026-04-27T21:26:16.064677
245,755,NO,2026-04-27T21:26:16.182991
245,275,YES,2026-04-27T21:26:16.291776
245,567,NO,2026-04-27T21:26:16.397318
245,727,NO,2026-04-27T21:26:16.515621
245,98,YES,2026-04-27T21:26:16.759728
245,798,NO,2026-04-27T21:26:16.872460
245,613,NO,2026-04-27T21:26:16.984163
245,993,YES,2026-04-27T21:26:17.112403
245,308,NO,2026-04-27T21:26:17.225206
245,498,YES,2026-04-27T21:26:17.345632
245,763,NO,2026-04-27T21:26:17.455529
245,329,NO,2026-04-27T21:26:17.701559
245,57,NO,2026-04-27T21:26:17.824813
245,521,NO,2026-04-27T21:26:17.946194
245,430,YES,2026-04-27T21:26:18.168914
245,958,NO,2026-04-27T21:26:18.284260
246,663,NO,2026-04-27T21:26:18.458860
246,552,NO,2026-04-27T21:26:18.678335
246,985,NO,2026-04-27T21:26:18.786359
246,326,NO,2026-04-27T21:26:19.141590
246,455,YES,2026-04-27T21:26:19.251622
246,706,NO,2026-04-27T21:26:19.368574
246,374,NO,2026-04-27T21:26:19.505806
246,381,NO,2026-04-27T21:26:19.620628
246,260,NO,2026-04-27T21:26:19.748769
246,720,NO,2026-04-27T21:26:20.009063
246,961,SUPER_LIKE,2026-04-27T21:26:20.153222
246,869,NO,2026-04-27T21:26:20.419288
246,902,NO,2026-04-27T21:26:20.547324
246,459,YES,2026-04-27T21:26:20.668968
246,226,NO,2026-04-27T21:26:20.787786
246,698,NO,2026-04-27T21:26:20.912711
246,736,NO,2026-04-27T21:26:21.127521
246,584,NO,2026-04-27T21:26:21.233148
247,175,YES,2026-04-27T21:26:21.515996
247,407,YES,2026-04-27T21:26:21.969929
247,504,YES,2026-04-27T21:26:22.079607
247,830,YES,2026-04-27T21:26:22.438663
247,330,YES,2026-04-27T21:26:22.567344
247,281,YES,2026-04-27T21:26:22.672506
247,506,SUPER_LIKE,2026-04-27T21:26:22.783853
247,388,YES,2026-04-27T21:26:23.007797
247,450,YES,2026-04-27T21:26:23.237795
247,651,YES,2026-04-27T21:26:23.345839
247,848,NO,2026-04-27T21:26:23.452080
247,738,YES,2026-04-27T21:26:23.580410
247,385,YES,2026-04-27T21:26:23.694875
247,942,NO,2026-04-27T21:26:23.799407
247,130,SUPER_LIKE,2026-04-27T21:26:23.912892
247,893,YES,2026-04-27T21:26:24.023207
247,870,NO,2026-04-27T21:26:24.131134
248,108,YES,2026-04-27T21:26:24.301425
248,74,NO,2026-04-27T21:26:24.897680
248,578,NO,2026-04-27T21:26:24.999762
248,922,YES,2026-04-27T21:26:25.112442
248,106,YES,2026-04-27T21:26:25.337957
248,666,NO,2026-04-27T21:26:25.561555
248,787,NO,2026-04-27T21:26:25.665159
248,942,NO,2026-04-27T21:26:25.891375
248,796,NO,2026-04-27T21:26:26.008328
248,454,YES,2026-04-27T21:26:26.120424
248,518,YES,2026-04-27T21:26:26.357779
248,834,SUPER_LIKE,2026-04-27T21:26:26.593915
248,711,YES,2026-04-27T21:26:26.822220
248,281,NO,2026-04-27T21:26:26.932428
248,69,YES,2026-04-27T21:26:27.055509
248,133,YES,2026-04-27T21:26:27.166413
248,194,YES,2026-04-27T21:26:27.396780
249,713,YES,2026-04-27T21:26:27.668138
249,418,NO,2026-04-27T21:26:27.771349
249,422,NO,2026-04-27T21:26:27.879481
249,934,NO,2026-04-27T21:26:27.987699
249,479,NO,2026-04-27T21:26:28.088673
249,951,YES,2026-04-27T21:26:28.213996
249,305,YES,2026-04-27T21:26:28.321588
249,83,YES,2026-04-27T21:26:28.547731
249,573,NO,2026-04-27T21:26:28.656550
249,212,NO,2026-04-27T21:26:28.787961
249,674,YES,2026-04-27T21:26:29.011697
249,450,YES,2026-04-27T21:26:29.129466
249,565,NO,2026-04-27T21:26:29.240122
249,837,NO,2026-04-27T21:26:29.357490
249,153,YES,2026-04-27T21:26:29.466508
249,124,SUPER_LIKE,2026-04-27T21:26:29.686391
249,194,YES,2026-04-27T21:26:29.796084
249,265,YES,2026-04-27T21:26:29.910842
249,459,YES,2026-04-27T21:26:30.164644
250,819,NO,2026-04-27T21:26:30.332641
250,632,SUPER_LIKE,2026-04-27T21:26:30.565314
250,552,NO,2026-04-27T21:26:30.670748
250,23,NO,2026-04-27T21:26:30.785174
250,933,NO,2026-04-27T21:26:31.014459
250,331,NO,2026-04-27T21:26:31.135678
250,303,NO,2026-04-27T21:26:31.373829
250,990,YES,2026-04-27T21:26:31.485263
250,770,NO,2026-04-27T21:26:31.599108
250,225,NO,2026-04-27T21:26:31.722347
250,409,YES,2026-04-27T21:26:31.839253
250,317,NO,2026-04-27T21:26:32.071675
250,214,NO,2026-04-27T21:26:32.194804
250,685,YES,2026-04-27T21:26:32.307619
250,687,NO,2026-04-27T21:26:32.537121
250,67,NO,2026-04-27T21:26:32.898494
250,606,NO,2026-04-27T21:26:33.257009
250,330,NO,2026-04-27T21:26:33.377314
250,649,NO,2026-04-27T21:26:33.491679
251,152,NO,2026-04-27T21:26:33.663480
251,981,YES,2026-04-27T21:26:33.888212
251,587,NO,2026-04-27T21:26:33.994059
251,783,NO,2026-04-27T21:26:34.222718
251,50,NO,2026-04-27T21:26:34.336952
251,61,NO,2026-04-27T21:26:34.470699
251,560,YES,2026-04-27T21:26:34.592028
251,1015,NO,2026-04-27T21:26:34.708062
251,806,NO,2026-04-27T21:26:34.821721
251,468,YES,2026-04-27T21:26:35.045632
251,810,YES,2026-04-27T21:26:35.154977
251,378,YES,2026-04-27T21:26:35.380401
251,263,YES,2026-04-27T21:26:35.483269
251,706,NO,2026-04-27T21:26:35.605100
251,870,YES,2026-04-27T21:26:35.719550
251,671,YES,2026-04-27T21:26:35.825166
251,160,YES,2026-04-27T21:26:35.961499
251,904,NO,2026-04-27T21:26:36.075044
251,665,NO,2026-04-27T21:26:36.204111
252,872,NO,2026-04-27T21:26:36.465994
252,548,NO,2026-04-27T21:26:36.575303
252,571,YES,2026-04-27T21:26:36.690214
252,902,NO,2026-04-27T21:26:36.914499
252,864,YES,2026-04-27T21:26:37.029476
252,661,YES,2026-04-27T21:26:37.143527
252,579,SUPER_LIKE,2026-04-27T21:26:37.375658
252,92,NO,2026-04-27T21:26:37.486152
252,656,YES,2026-04-27T21:26:37.599049
252,908,NO,2026-04-27T21:26:37.704947
252,517,YES,2026-04-27T21:26:37.819109
252,978,NO,2026-04-27T21:26:38.036521
252,316,NO,2026-04-27T21:26:38.152133
252,187,NO,2026-04-27T21:26:38.273079
252,888,NO,2026-04-27T21:26:38.378337
252,283,NO,2026-04-27T21:26:38.505610
252,841,NO,2026-04-27T21:26:39.075393
253,847,NO,2026-04-27T21:26:39.342230
253,768,NO,2026-04-27T21:26:39.446693
253,961,SUPER_LIKE,2026-04-27T21:26:39.562293
253,854,NO,2026-04-27T21:26:39.673450
253,676,YES,2026-04-27T21:26:39.799260
253,973,NO,2026-04-27T21:26:39.902451
253,830,NO,2026-04-27T21:26:40.007299
253,1012,NO,2026-04-27T21:26:40.123518
253,238,YES,2026-04-27T21:26:40.242738
253,917,NO,2026-04-27T21:26:40.593516
253,439,SUPER_LIKE,2026-04-27T21:26:40.711246
253,565,NO,2026-04-27T21:26:40.825805
253,380,NO,2026-04-27T21:26:40.945550
253,570,NO,2026-04-27T21:26:41.050539
253,936,YES,2026-04-27T21:26:41.267110
253,378,NO,2026-04-27T21:26:41.376425
253,828,NO,2026-04-27T21:26:41.490053
254,571,NO,2026-04-27T21:26:41.762348
254,945,NO,2026-04-27T21:26:41.873966
254,930,NO,2026-04-27T21:26:41.989144
254,95,NO,2026-04-27T21:26:42.103766
254,760,YES,2026-04-27T21:26:42.212545
254,452,NO,2026-04-27T21:26:42.321744
254,1004,NO,2026-04-27T21:26:42.429484
254,605,NO,2026-04-27T21:26:42.535901
254,874,NO,2026-04-27T21:26:42.668220
254,909,YES,2026-04-27T21:26:42.894247
254,17,NO,2026-04-27T21:26:43.001509
254,614,NO,2026-04-27T21:26:43.111805
254,410,NO,2026-04-27T21:26:43.228537
254,578,NO,2026-04-27T21:26:43.336630
254,338,NO,2026-04-27T21:26:43.455008
254,971,YES,2026-04-27T21:26:43.671160
254,451,NO,2026-04-27T21:26:43.794841
254,816,NO,2026-04-27T21:26:43.911358
255,136,NO,2026-04-27T21:26:44.074697
255,930,YES,2026-04-27T21:26:44.904300
255,902,NO,2026-04-27T21:26:45.238072
255,487,NO,2026-04-27T21:26:45.345406
255,312,NO,2026-04-27T21:26:45.462556
255,530,YES,2026-04-27T21:26:45.697794
255,719,YES,2026-04-27T21:26:45.810951
255,847,NO,2026-04-27T21:26:46.028674
255,926,YES,2026-04-27T21:26:46.250661
255,795,YES,2026-04-27T21:26:46.354457
255,60,NO,2026-04-27T21:26:46.460486
255,524,SUPER_LIKE,2026-04-27T21:26:46.583669
255,102,NO,2026-04-27T21:26:46.814805
255,112,YES,2026-04-27T21:26:46.915032
255,897,YES,2026-04-27T21:26:47.031394
255,571,YES,2026-04-27T21:26:47.145938
255,744,NO,2026-04-27T21:26:47.252029
256,437,YES,2026-04-27T21:26:47.409003
256,492,NO,2026-04-27T21:26:47.511981
256,724,NO,2026-04-27T21:26:47.618244
256,775,YES,2026-04-27T21:26:47.745216
256,446,NO,2026-04-27T21:26:47.862973
256,222,NO,2026-04-27T21:26:47.970396
256,638,NO,2026-04-27T21:26:48.518484
256,35,NO,2026-04-27T21:26:48.629994
256,916,YES,2026-04-27T21:26:48.879405
256,44,NO,2026-04-27T21:26:48.988058
256,798,NO,2026-04-27T21:26:49.348779
256,736,NO,2026-04-27T21:26:49.474003
256,404,NO,2026-04-27T21:26:49.585055
256,899,NO,2026-04-27T21:26:49.920072
256,405,NO,2026-04-27T21:26:50.151025
257,363,NO,2026-04-27T21:26:50.308095
257,656,YES,2026-04-27T21:26:50.422461
257,676,YES,2026-04-27T21:26:50.530413
257,952,NO,2026-04-27T21:26:50.884073
257,323,NO,2026-04-27T21:26:50.986175
257,84,NO,2026-04-27T21:26:51.097839
257,402,NO,2026-04-27T21:26:51.215615
257,353,NO,2026-04-27T21:26:51.329962
257,97,NO,2026-04-27T21:26:51.560196
257,394,YES,2026-04-27T21:26:51.678631
257,145,NO,2026-04-27T21:26:51.806040
257,393,YES,2026-04-27T21:26:51.919707
257,691,YES,2026-04-27T21:26:52.028638
257,1009,YES,2026-04-27T21:26:52.137868
257,599,YES,2026-04-27T21:26:52.244444
257,944,YES,2026-04-27T21:26:52.466321
258,350,YES,2026-04-27T21:26:52.971922
258,229,NO,2026-04-27T21:26:53.202226
258,205,NO,2026-04-27T21:26:53.307151
258,516,NO,2026-04-27T21:26:53.431788
258,886,NO,2026-04-27T21:26:53.553299
258,143,NO,2026-04-27T21:26:53.669458
258,824,NO,2026-04-27T21:26:53.776978
258,309,NO,2026-04-27T21:26:53.887911
258,213,NO,2026-04-27T21:26:54.251139
258,664,SUPER_LIKE,2026-04-27T21:26:54.470191
258,940,NO,2026-04-27T21:26:54.705542
258,789,YES,2026-04-27T21:26:54.811856
258,728,NO,2026-04-27T21:26:55.178714
258,558,YES,2026-04-27T21:26:55.417707
258,474,YES,2026-04-27T21:26:55.530249
258,370,NO,2026-04-27T21:26:55.632916
258,267,NO,2026-04-27T21:26:55.754536
258,465,NO,2026-04-27T21:26:55.872407
259,650,YES,2026-04-27T21:26:56.035129
259,737,NO,2026-04-27T21:26:56.139743
259,599,NO,2026-04-27T21:26:56.376925
259,422,NO,2026-04-27T21:26:56.492649
259,192,NO,2026-04-27T21:26:56.612541
259,635,NO,2026-04-27T21:26:56.852407
259,379,YES,2026-04-27T21:26:56.972584
259,544,NO,2026-04-27T21:26:57.078291
259,384,NO,2026-04-27T21:26:57.193718
259,367,NO,2026-04-27T21:26:57.536024
259,689,NO,2026-04-27T21:26:57.653901
259,574,SUPER_LIKE,2026-04-27T21:26:57.765281
259,749,NO,2026-04-27T21:26:57.994204
259,54,NO,2026-04-27T21:26:58.115467
259,834,NO,2026-04-27T21:26:58.223412
259,613,NO,2026-04-27T21:26:58.329394
259,854,YES,2026-04-27T21:26:58.442231
259,928,NO,2026-04-27T21:26:58.553206
259,407,YES,2026-04-27T21:26:58.669512
260,64,NO,2026-04-27T21:26:59.043666
260,82,NO,2026-04-27T21:26:59.165636
260,349,YES,2026-04-27T21:26:59.285567
260,709,YES,2026-04-27T21:26:59.401862
260,84,YES,2026-04-27T21:26:59.506214
260,47,YES,2026-04-27T21:26:59.836448
260,818,NO,2026-04-27T21:26:59.963967
260,125,SUPER_LIKE,2026-04-27T21:27:00.080351
260,640,NO,2026-04-27T21:27:00.184702
260,456,YES,2026-04-27T21:27:00.436656
260,59,NO,2026-04-27T21:27:00.654069
260,31,NO,2026-04-27T21:27:00.789806
260,885,NO,2026-04-27T21:27:01.005110
260,631,NO,2026-04-27T21:27:01.113740
260,769,NO,2026-04-27T21:27:01.217994
261,128,NO,2026-04-27T21:27:01.375905
261,406,NO,2026-04-27T21:27:01.610685
261,46,NO,2026-04-27T21:27:01.727578
261,434,NO,2026-04-27T21:27:01.842087
261,132,YES,2026-04-27T21:27:01.954273
261,52,NO,2026-04-27T21:27:02.183544
261,864,NO,2026-04-27T21:27:02.402605
261,34,YES,2026-04-27T21:27:02.618129
261,706,NO,2026-04-27T21:27:02.848489
261,383,NO,2026-04-27T21:27:02.958832
261,918,NO,2026-04-27T21:27:03.070743
261,234,NO,2026-04-27T21:27:03.288302
261,479,NO,2026-04-27T21:27:03.403336
261,597,NO,2026-04-27T21:27:03.511030
261,554,NO,2026-04-27T21:27:03.618561
261,620,NO,2026-04-27T21:27:03.839511
262,222,NO,2026-04-27T21:27:04.128315
262,641,NO,2026-04-27T21:27:04.403831
262,191,NO,2026-04-27T21:27:04.532814
262,610,YES,2026-04-27T21:27:04.754540
262,747,NO,2026-04-27T21:27:04.862700
262,648,NO,2026-04-27T21:27:04.971821
262,676,NO,2026-04-27T21:27:05.090180
262,1013,NO,2026-04-27T21:27:05.204702
262,450,NO,2026-04-27T21:27:05.314071
262,214,YES,2026-04-27T21:27:05.547159
262,243,YES,2026-04-27T21:27:05.658193
262,656,YES,2026-04-27T21:27:05.776573
262,599,NO,2026-04-27T21:27:06.001468
262,775,NO,2026-04-27T21:27:06.109827
262,697,NO,2026-04-27T21:27:06.221089
262,440,YES,2026-04-27T21:27:06.346625
262,705,NO,2026-04-27T21:27:06.458632
262,490,NO,2026-04-27T21:27:06.569278
263,146,YES,2026-04-27T21:27:06.863190
263,483,YES,2026-04-27T21:27:07.087887
263,243,NO,2026-04-27T21:27:07.194269
263,288,NO,2026-04-27T21:27:07.306881
263,157,NO,2026-04-27T21:27:07.545187
263,776,NO,2026-04-27T21:27:07.650023
263,633,NO,2026-04-27T21:27:07.884296
263,303,NO,2026-04-27T21:27:08.124029
263,887,NO,2026-04-27T21:27:08.242722
263,405,NO,2026-04-27T21:27:08.351958
263,485,YES,2026-04-27T21:27:08.494948
263,809,NO,2026-04-27T21:27:08.612013
263,597,YES,2026-04-27T21:27:08.735048
263,656,YES,2026-04-27T21:27:08.854279
263,142,NO,2026-04-27T21:27:08.978584
263,389,NO,2026-04-27T21:27:09.211731
263,562,NO,2026-04-27T21:27:09.322299
263,878,NO,2026-04-27T21:27:09.434518
264,450,NO,2026-04-27T21:27:09.601735
264,405,YES,2026-04-27T21:27:09.717640
264,185,NO,2026-04-27T21:27:09.836664
264,22,YES,2026-04-27T21:27:09.973101
264,972,NO,2026-04-27T21:27:10.083749
264,854,YES,2026-04-27T21:27:10.331747
264,748,NO,2026-04-27T21:27:10.447808
264,788,YES,2026-04-27T21:27:10.563744
264,268,YES,2026-04-27T21:27:10.686185
264,137,YES,2026-04-27T21:27:10.797015
264,759,YES,2026-04-27T21:27:11.006222
264,954,NO,2026-04-27T21:27:11.361574
264,116,YES,2026-04-27T21:27:11.475825
264,50,SUPER_LIKE,2026-04-27T21:27:11.605714
264,215,NO,2026-04-27T21:27:11.738428
264,76,NO,2026-04-27T21:27:11.850050
264,897,NO,2026-04-27T21:27:12.078568
265,622,SUPER_LIKE,2026-04-27T21:27:12.458772
265,242,NO,2026-04-27T21:27:12.692526
265,548,NO,2026-04-27T21:27:12.812490
265,757,YES,2026-04-27T21:27:12.924835
265,462,YES,2026-04-27T21:27:13.030284
265,933,NO,2026-04-27T21:27:13.138391
265,856,YES,2026-04-27T21:27:13.262707
265,109,YES,2026-04-27T21:27:13.494269
265,687,YES,2026-04-27T21:27:13.634805
265,697,NO,2026-04-27T21:27:13.749672
265,425,YES,2026-04-27T21:27:13.866623
265,133,NO,2026-04-27T21:27:13.980920
265,225,YES,2026-04-27T21:27:14.089720
265,262,YES,2026-04-27T21:27:14.206123
265,279,YES,2026-04-27T21:27:14.316310
265,258,NO,2026-04-27T21:27:14.432935
266,662,YES,2026-04-27T21:27:14.950595
266,867,YES,2026-04-27T21:27:15.175919
266,520,NO,2026-04-27T21:27:15.401677
266,561,NO,2026-04-27T21:27:15.515291
266,224,NO,2026-04-27T21:27:15.626157
266,242,YES,2026-04-27T21:27:15.744190
266,620,NO,2026-04-27T21:27:15.968643
266,834,NO,2026-04-27T21:27:16.196997
266,701,SUPER_LIKE,2026-04-27T21:27:16.427817
266,265,YES,2026-04-27T21:27:16.914901
266,426,NO,2026-04-27T21:27:17.021508
266,628,NO,2026-04-27T21:27:17.125409
266,401,NO,2026-04-27T21:27:17.231779
266,937,NO,2026-04-27T21:27:17.361456
266,641,NO,2026-04-27T21:27:17.479917
266,300,YES,2026-04-27T21:27:17.587320
267,589,SUPER_LIKE,2026-04-27T21:27:17.884654
267,826,YES,2026-04-27T21:27:18.040721
267,401,YES,2026-04-27T21:27:18.281720
267,239,YES,2026-04-27T21:27:18.535941
267,44,YES,2026-04-27T21:27:18.653063
267,795,NO,2026-04-27T21:27:18.759950
267,214,YES,2026-04-27T21:27:18.977465
267,655,YES,2026-04-27T21:27:19.218583
267,829,YES,2026-04-27T21:27:19.334647
267,932,NO,2026-04-27T21:27:19.579566
267,974,NO,2026-04-27T21:27:19.720593
267,321,YES,2026-04-27T21:27:19.848115
267,357,NO,2026-04-27T21:27:19.979152
267,993,YES,2026-04-27T21:27:20.105334
267,511,YES,2026-04-27T21:27:20.232598
267,696,YES,2026-04-27T21:27:20.360864
267,539,NO,2026-04-27T21:27:20.729981
268,816,YES,2026-04-27T21:27:21.065104
268,198,NO,2026-04-27T21:27:21.177119
268,233,NO,2026-04-27T21:27:21.387926
268,320,YES,2026-04-27T21:27:21.506544
268,817,YES,2026-04-27T21:27:21.739233
268,779,NO,2026-04-27T21:27:21.970965
268,396,NO,2026-04-27T21:27:22.076262
268,562,YES,2026-04-27T21:27:22.208073
268,691,NO,2026-04-27T21:27:22.537648
268,952,YES,2026-04-27T21:27:22.644778
268,507,NO,2026-04-27T21:27:22.879850
268,226,YES,2026-04-27T21:27:23.101080
268,808,YES,2026-04-27T21:27:23.207625
268,734,YES,2026-04-27T21:27:23.431426
268,749,NO,2026-04-27T21:27:23.543943
269,851,YES,2026-04-27T21:27:23.723213
269,579,YES,2026-04-27T21:27:23.840608
269,519,SUPER_LIKE,2026-04-27T21:27:23.961281
269,102,YES,2026-04-27T21:27:24.205750
269,868,YES,2026-04-27T21:27:24.435549
269,800,NO,2026-04-27T21:27:24.875903
269,821,YES,2026-04-27T21:27:24.988781
269,191,SUPER_LIKE,2026-04-27T21:27:25.103565
269,606,YES,2026-04-27T21:27:25.221600
269,1001,SUPER_LIKE,2026-04-27T21:27:25.330561
269,260,NO,2026-04-27T21:27:25.446124
269,825,NO,2026-04-27T21:27:25.560841
269,969,NO,2026-04-27T21:27:25.684884
269,778,YES,2026-04-27T21:27:25.800019
269,721,YES,2026-04-27T21:27:26.022433
269,793,NO,2026-04-27T21:27:26.136024
269,468,YES,2026-04-27T21:27:26.247325
269,760,YES,2026-04-27T21:27:26.381592
270,729,YES,2026-04-27T21:27:26.539341
270,239,YES,2026-04-27T21:27:26.776892
270,107,NO,2026-04-27T21:27:27.014263
270,249,YES,2026-04-27T21:27:27.125161
270,947,NO,2026-04-27T21:27:27.231355
270,541,NO,2026-04-27T21:27:27.441870
270,293,NO,2026-04-27T21:27:27.569513
270,294,NO,2026-04-27T21:27:27.687762
270,996,NO,2026-04-27T21:27:27.800566
270,113,NO,2026-04-27T21:27:27.903053
270,128,NO,2026-04-27T21:27:28.141982
270,135,YES,2026-04-27T21:27:28.281566
270,904,YES,2026-04-27T21:27:28.493635
270,744,NO,2026-04-27T21:27:28.821641
270,773,NO,2026-04-27T21:27:28.960390
270,620,NO,2026-04-27T21:27:29.182541
270,1010,NO,2026-04-27T21:27:29.305436
271,507,NO,2026-04-27T21:27:29.468810
271,885,YES,2026-04-27T21:27:29.709263
271,26,NO,2026-04-27T21:27:29.829285
271,710,NO,2026-04-27T21:27:29.967607
271,844,NO,2026-04-27T21:27:30.087300
271,106,YES,2026-04-27T21:27:30.193255
271,675,NO,2026-04-27T21:27:30.315633
271,402,YES,2026-04-27T21:27:30.443143
271,936,NO,2026-04-27T21:27:30.547504
271,933,NO,2026-04-27T21:27:30.658511
271,599,YES,2026-04-27T21:27:30.764266
271,274,NO,2026-04-27T21:27:31.108532
271,761,NO,2026-04-27T21:27:31.445671
271,745,NO,2026-04-27T21:27:31.559824
271,229,NO,2026-04-27T21:27:31.681204
271,353,NO,2026-04-27T21:27:31.910437
271,343,NO,2026-04-27T21:27:32.035828
271,768,NO,2026-04-27T21:27:32.380653
272,211,NO,2026-04-27T21:27:32.693754
272,63,NO,2026-04-27T21:27:32.819635
272,295,NO,2026-04-27T21:27:33.248653
272,741,NO,2026-04-27T21:27:33.368313
272,496,NO,2026-04-27T21:27:33.479837
272,942,YES,2026-04-27T21:27:33.585035
272,883,YES,2026-04-27T21:27:33.827599
272,873,NO,2026-04-27T21:27:33.961585
272,182,NO,2026-04-27T21:27:34.070828
272,674,YES,2026-04-27T21:27:34.186451
272,855,YES,2026-04-27T21:27:34.297343
272,887,YES,2026-04-27T21:27:34.529251
272,945,NO,2026-04-27T21:27:34.741971
272,563,NO,2026-04-27T21:27:34.852195
272,751,NO,2026-04-27T21:27:34.963612
273,1006,NO,2026-04-27T21:27:35.138253
273,81,SUPER_LIKE,2026-04-27T21:27:35.376564
273,80,NO,2026-04-27T21:27:35.595066
273,215,NO,2026-04-27T21:27:35.708695
273,377,YES,2026-04-27T21:27:35.823467
273,238,YES,2026-04-27T21:27:36.173921
273,325,SUPER_LIKE,2026-04-27T21:27:36.406550
273,123,YES,2026-04-27T21:27:36.514180
273,316,NO,2026-04-27T21:27:36.741999
273,852,YES,2026-04-27T21:27:36.860678
273,127,NO,2026-04-27T21:27:36.976535
273,268,NO,2026-04-27T21:27:37.087028
273,302,YES,2026-04-27T21:27:37.369014
273,869,NO,2026-04-27T21:27:37.488499
273,701,YES,2026-04-27T21:27:37.614540
273,560,YES,2026-04-27T21:27:37.727130
273,559,YES,2026-04-27T21:27:37.837852
273,838,YES,2026-04-27T21:27:37.959833
274,860,YES,2026-04-27T21:27:38.125717
274,516,NO,2026-04-27T21:27:38.231076
274,406,NO,2026-04-27T21:27:38.341165
274,463,NO,2026-04-27T21:27:38.460097
274,1014,YES,2026-04-27T21:27:38.600934
274,145,YES,2026-04-27T21:27:38.957620
274,610,NO,2026-04-27T21:27:39.067775
274,932,NO,2026-04-27T21:27:39.314167
274,491,NO,2026-04-27T21:27:39.416527
274,685,NO,2026-04-27T21:27:39.891681
274,221,NO,2026-04-27T21:27:39.998780
274,209,NO,2026-04-27T21:27:40.110815
274,283,NO,2026-04-27T21:27:40.335066
274,260,NO,2026-04-27T21:27:40.451362
274,205,YES,2026-04-27T21:27:40.563120
274,316,YES,2026-04-27T21:27:40.674688
275,401,NO,2026-04-27T21:27:40.831724
275,477,NO,2026-04-27T21:27:40.960081
275,645,NO,2026-04-27T21:27:41.071309
275,102,YES,2026-04-27T21:27:41.220058
275,373,NO,2026-04-27T21:27:41.329550
275,253,NO,2026-04-27T21:27:41.439817
275,151,SUPER_LIKE,2026-04-27T21:27:41.554084
275,137,YES,2026-04-27T21:27:41.661006
275,104,NO,2026-04-27T21:27:41.997289
275,355,NO,2026-04-27T21:27:42.116388
275,526,YES,2026-04-27T21:27:42.456807
275,588,NO,2026-04-27T21:27:42.681245
275,445,NO,2026-04-27T21:27:42.907725
275,223,YES,2026-04-27T21:27:43.014733
275,385,NO,2026-04-27T21:27:43.235512
275,408,YES,2026-04-27T21:27:43.350043
276,697,NO,2026-04-27T21:27:43.510141
276,285,NO,2026-04-27T21:27:43.615777
276,119,NO,2026-04-27T21:27:43.846623
276,681,NO,2026-04-27T21:27:44.068685
276,102,NO,2026-04-27T21:27:44.293777
276,509,NO,2026-04-27T21:27:44.407211
276,848,NO,2026-04-27T21:27:44.520237
276,839,NO,2026-04-27T21:27:44.749259
276,456,NO,2026-04-27T21:27:45.202557
276,729,NO,2026-04-27T21:27:45.427452
276,677,NO,2026-04-27T21:27:45.547962
276,642,NO,2026-04-27T21:27:45.783312
276,674,SUPER_LIKE,2026-04-27T21:27:46.007585
276,233,NO,2026-04-27T21:27:46.112666
276,647,NO,2026-04-27T21:27:46.222482
277,956,YES,2026-04-27T21:27:46.498334
277,310,YES,2026-04-27T21:27:46.606220
277,225,NO,2026-04-27T21:27:46.727227
277,921,YES,2026-04-27T21:27:47.133027
277,273,NO,2026-04-27T21:27:47.244971
277,696,YES,2026-04-27T21:27:47.383485
277,290,NO,2026-04-27T21:27:47.491485
277,97,NO,2026-04-27T21:27:47.599658
277,120,YES,2026-04-27T21:27:47.712156
277,753,NO,2026-04-27T21:27:48.270575
277,176,YES,2026-04-27T21:27:48.378939
277,790,SUPER_LIKE,2026-04-27T21:27:48.496408
277,22,NO,2026-04-27T21:27:49.166662
277,233,YES,2026-04-27T21:27:49.278560
278,386,NO,2026-04-27T21:27:49.560714
278,39,NO,2026-04-27T21:27:49.667307
278,517,NO,2026-04-27T21:27:49.789626
278,333,NO,2026-04-27T21:27:49.907077
278,654,YES,2026-04-27T21:27:50.273625
278,120,NO,2026-04-27T21:27:50.382868
278,760,NO,2026-04-27T21:27:50.488412
278,757,NO,2026-04-27T21:27:50.617103
278,115,NO,2026-04-27T21:27:50.849210
278,758,NO,2026-04-27T21:27:50.962027
278,791,SUPER_LIKE,2026-04-27T21:27:51.190074
278,573,NO,2026-04-27T21:27:51.427649
278,229,NO,2026-04-27T21:27:51.556357
278,118,NO,2026-04-27T21:27:51.666085
278,245,NO,2026-04-27T21:27:51.780751
278,110,NO,2026-04-27T21:27:51.889763
278,594,NO,2026-04-27T21:27:52.116406
278,42,NO,2026-04-27T21:27:52.229758
279,939,NO,2026-04-27T21:27:52.523498
279,381,NO,2026-04-27T21:27:52.639443
279,33,NO,2026-04-27T21:27:52.924567
279,948,NO,2026-04-27T21:27:53.193820
279,246,NO,2026-04-27T21:27:53.461357
279,159,NO,2026-04-27T21:27:53.723647
279,468,NO,2026-04-27T21:27:53.992139
279,48,NO,2026-04-27T21:27:54.244071
279,609,NO,2026-04-27T21:27:54.475924
279,823,NO,2026-04-27T21:27:55.176106
279,27,NO,2026-04-27T21:27:55.394760
279,536,NO,2026-04-27T21:27:55.627117
279,735,NO,2026-04-27T21:27:55.835392
279,295,NO,2026-04-27T21:27:56.070806
279,702,NO,2026-04-27T21:27:56.280624
279,759,NO,2026-04-27T21:27:56.503676
279,288,NO,2026-04-27T21:27:56.723173
279,476,NO,2026-04-27T21:27:56.942231
280,947,NO,2026-04-27T21:27:57.374426
280,259,YES,2026-04-27T21:27:57.702769
280,1005,NO,2026-04-27T21:27:57.912099
280,991,NO,2026-04-27T21:27:58.237904
280,691,NO,2026-04-27T21:27:58.479634
280,1020,NO,2026-04-27T21:27:58.812153
280,754,YES,2026-04-27T21:27:59.261630
280,866,YES,2026-04-27T21:27:59.494288
280,546,SUPER_LIKE,2026-04-27T21:27:59.713712
280,584,NO,2026-04-27T21:27:59.925472
280,824,NO,2026-04-27T21:28:00.146031
280,835,NO,2026-04-27T21:28:00.355808
280,424,NO,2026-04-27T21:28:00.570349
280,641,NO,2026-04-27T21:28:00.797223
280,748,NO,2026-04-27T21:28:01.556479
280,513,YES,2026-04-27T21:28:01.809542
281,537,NO,2026-04-27T21:28:02.356256
281,680,NO,2026-04-27T21:28:02.775859
281,843,NO,2026-04-27T21:28:03.018174
281,89,NO,2026-04-27T21:28:03.589976
281,144,YES,2026-04-27T21:28:03.921862
281,648,NO,2026-04-27T21:28:04.257044
281,685,NO,2026-04-27T21:28:05.353538
281,219,NO,2026-04-27T21:28:05.784755
281,172,NO,2026-04-27T21:28:05.999840
281,388,SUPER_LIKE,2026-04-27T21:28:06.220617
281,602,NO,2026-04-27T21:28:06.433931
281,406,YES,2026-04-27T21:28:06.988896
281,251,NO,2026-04-27T21:28:07.204378
282,611,NO,2026-04-27T21:28:07.528575
282,51,YES,2026-04-27T21:28:07.962889
282,989,NO,2026-04-27T21:28:08.214345
282,613,YES,2026-04-27T21:28:08.428593
282,562,NO,2026-04-27T21:28:08.642239
282,764,YES,2026-04-27T21:28:08.871987
282,793,NO,2026-04-27T21:28:09.086580
282,365,YES,2026-04-27T21:28:09.318329
282,994,NO,2026-04-27T21:28:09.529107
282,103,NO,2026-04-27T21:28:10.059673
282,974,NO,2026-04-27T21:28:10.381406
282,888,NO,2026-04-27T21:28:10.808035
282,860,YES,2026-04-27T21:28:11.034337
282,336,NO,2026-04-27T21:28:11.251745
282,768,NO,2026-04-27T21:28:11.470191
282,940,NO,2026-04-27T21:28:11.688392
282,1010,NO,2026-04-27T21:28:12.339618
283,102,YES,2026-04-27T21:28:12.752402
283,832,NO,2026-04-27T21:28:12.964238
283,427,NO,2026-04-27T21:28:13.184497
283,561,YES,2026-04-27T21:28:13.409217
283,237,SUPER_LIKE,2026-04-27T21:28:13.725809
283,710,YES,2026-04-27T21:28:13.962850
283,860,YES,2026-04-27T21:28:14.398468
283,351,YES,2026-04-27T21:28:14.621406
283,42,NO,2026-04-27T21:28:15.073086
283,491,NO,2026-04-27T21:28:15.283296
283,126,NO,2026-04-27T21:28:15.752027
283,932,NO,2026-04-27T21:28:16.410785
283,693,SUPER_LIKE,2026-04-27T21:28:16.647397
283,204,YES,2026-04-27T21:28:16.878809
283,725,YES,2026-04-27T21:28:17.098338
283,692,NO,2026-04-27T21:28:17.316378
284,933,YES,2026-04-27T21:28:17.646992
284,1004,YES,2026-04-27T21:28:17.866346
284,954,NO,2026-04-27T21:28:18.227840
284,516,NO,2026-04-27T21:28:18.583926
284,722,YES,2026-04-27T21:28:18.846702
284,813,NO,2026-04-27T21:28:19.229374
284,903,YES,2026-04-27T21:28:19.765112
284,652,YES,2026-04-27T21:28:20.023287
284,133,NO,2026-04-27T21:28:20.292589
284,895,YES,2026-04-27T21:28:20.553586
284,62,NO,2026-04-27T21:28:21.265221
284,993,SUPER_LIKE,2026-04-27T21:28:21.510784
284,169,YES,2026-04-27T21:28:21.731555
284,115,YES,2026-04-27T21:28:21.954939
284,13,NO,2026-04-27T21:28:22.187696
284,832,NO,2026-04-27T21:28:22.408964
284,878,YES,2026-04-27T21:28:22.650296
285,113,NO,2026-04-27T21:28:22.965451
285,609,NO,2026-04-27T21:28:23.190032
285,532,YES,2026-04-27T21:28:23.519317
285,569,NO,2026-04-27T21:28:23.728357
285,987,YES,2026-04-27T21:28:23.950719
285,962,NO,2026-04-27T21:28:24.161754
285,43,YES,2026-04-27T21:28:24.488217
285,337,YES,2026-04-27T21:28:25.045491
285,67,NO,2026-04-27T21:28:25.796066
285,833,NO,2026-04-27T21:28:26.031297
285,934,NO,2026-04-27T21:28:26.245218
285,296,YES,2026-04-27T21:28:26.464987
285,615,NO,2026-04-27T21:28:26.686032
285,745,NO,2026-04-27T21:28:26.907578
285,15,NO,2026-04-27T21:28:27.249064
285,490,NO,2026-04-27T21:28:27.467337
285,545,NO,2026-04-27T21:28:27.685499
286,666,NO,2026-04-27T21:28:28.012021
286,169,NO,2026-04-27T21:28:28.226300
286,581,NO,2026-04-27T21:28:28.455440
286,737,NO,2026-04-27T21:28:28.669628
286,128,YES,2026-04-27T21:28:28.991615
286,640,SUPER_LIKE,2026-04-27T21:28:29.207842
286,701,SUPER_LIKE,2026-04-27T21:28:29.439001
286,1008,YES,2026-04-27T21:28:29.750926
286,313,NO,2026-04-27T21:28:29.983450
286,15,NO,2026-04-27T21:28:30.202426
286,327,NO,2026-04-27T21:28:30.415701
286,422,YES,2026-04-27T21:28:30.848524
286,35,NO,2026-04-27T21:28:31.171951
286,609,NO,2026-04-27T21:28:31.380888
286,260,NO,2026-04-27T21:28:31.590688
286,833,NO,2026-04-27T21:28:31.818311
286,203,NO,2026-04-27T21:28:32.030932
286,889,NO,2026-04-27T21:28:32.245883
286,570,YES,2026-04-27T21:28:32.469631
287,533,NO,2026-04-27T21:28:32.898741
287,692,YES,2026-04-27T21:28:33.215357
287,96,SUPER_LIKE,2026-04-27T21:28:33.453687
287,477,NO,2026-04-27T21:28:34.017719
287,687,NO,2026-04-27T21:28:34.376019
287,926,NO,2026-04-27T21:28:34.915396
287,73,YES,2026-04-27T21:28:35.363289
287,559,NO,2026-04-27T21:28:35.781655
287,154,NO,2026-04-27T21:28:36.102094
287,263,NO,2026-04-27T21:28:36.337124
287,900,NO,2026-04-27T21:28:36.563723
287,724,NO,2026-04-27T21:28:36.783861
287,90,NO,2026-04-27T21:28:36.995416
287,281,NO,2026-04-27T21:28:37.328868
287,226,NO,2026-04-27T21:28:37.875059
288,726,NO,2026-04-27T21:28:38.423018
288,143,NO,2026-04-27T21:28:38.890344
288,132,SUPER_LIKE,2026-04-27T21:28:39.138271
288,913,NO,2026-04-27T21:28:39.358041
288,215,NO,2026-04-27T21:28:39.686664
288,491,YES,2026-04-27T21:28:40.005143
288,723,NO,2026-04-27T21:28:40.240657
288,126,NO,2026-04-27T21:28:40.454318
288,374,NO,2026-04-27T21:28:40.671868
288,503,NO,2026-04-27T21:28:40.934387
288,663,NO,2026-04-27T21:28:41.148188
288,859,NO,2026-04-27T21:28:41.527074
288,321,NO,2026-04-27T21:28:41.784079
288,826,NO,2026-04-27T21:28:42.028220
288,919,NO,2026-04-27T21:28:42.503946
288,967,YES,2026-04-27T21:28:42.774327
288,834,NO,2026-04-27T21:28:43.013114
288,525,NO,2026-04-27T21:28:43.249728
289,588,YES,2026-04-27T21:28:43.599759
289,279,NO,2026-04-27T21:28:43.843590
289,767,NO,2026-04-27T21:28:44.077369
289,553,YES,2026-04-27T21:28:44.330894
289,430,YES,2026-04-27T21:28:44.541448
289,190,YES,2026-04-27T21:28:44.756675
289,706,NO,2026-04-27T21:28:44.982699
289,545,NO,2026-04-27T21:28:45.195657
289,44,YES,2026-04-27T21:28:45.413825
289,88,NO,2026-04-27T21:28:45.621965
289,519,YES,2026-04-27T21:28:45.965302
289,701,YES,2026-04-27T21:28:46.185013
289,738,NO,2026-04-27T21:28:46.524481
289,173,YES,2026-04-27T21:28:46.736573
289,967,NO,2026-04-27T21:28:47.192940
289,86,NO,2026-04-27T21:28:47.402140
289,878,NO,2026-04-27T21:28:47.720588
289,336,NO,2026-04-27T21:28:47.942638
289,364,YES,2026-04-27T21:28:48.158882
290,277,NO,2026-04-27T21:28:48.585870
290,749,YES,2026-04-27T21:28:48.814312
290,260,NO,2026-04-27T21:28:49.028434
290,73,NO,2026-04-27T21:28:49.370180
290,948,NO,2026-04-27T21:28:49.579017
290,676,NO,2026-04-27T21:28:50.024003
290,276,NO,2026-04-27T21:28:50.345320
290,494,NO,2026-04-27T21:28:50.764618
290,538,NO,2026-04-27T21:28:50.999814
290,303,NO,2026-04-27T21:28:51.320802
290,774,NO,2026-04-27T21:28:51.545382
290,459,NO,2026-04-27T21:28:51.757955
290,191,YES,2026-04-27T21:28:51.981117
290,456,NO,2026-04-27T21:28:52.205587
290,369,NO,2026-04-27T21:28:52.426064
290,679,YES,2026-04-27T21:28:52.648637
290,167,NO,2026-04-27T21:28:53.083261
290,647,NO,2026-04-27T21:28:53.446432
291,198,NO,2026-04-27T21:28:53.870549
291,839,NO,2026-04-27T21:28:54.086430
291,343,NO,2026-04-27T21:28:54.533476
291,828,NO,2026-04-27T21:28:54.960077
291,234,NO,2026-04-27T21:28:55.405209
291,550,NO,2026-04-27T21:28:55.641207
291,76,SUPER_LIKE,2026-04-27T21:28:56.205676
291,99,NO,2026-04-27T21:28:56.525872
291,480,YES,2026-04-27T21:28:56.774042
291,701,YES,2026-04-27T21:28:57.097907
291,753,YES,2026-04-27T21:28:57.332553
291,199,YES,2026-04-27T21:28:57.560795
291,764,NO,2026-04-27T21:28:57.773903
291,559,NO,2026-04-27T21:28:58.099577
291,673,NO,2026-04-27T21:28:58.313932
292,215,NO,2026-04-27T21:28:58.847607
292,932,NO,2026-04-27T21:28:59.078793
292,194,NO,2026-04-27T21:28:59.301130
292,837,NO,2026-04-27T21:28:59.512843
292,174,SUPER_LIKE,2026-04-27T21:28:59.852181
292,409,NO,2026-04-27T21:29:00.165370
292,516,NO,2026-04-27T21:29:00.385037
292,706,NO,2026-04-27T21:29:00.717989
292,449,NO,2026-04-27T21:29:00.936871
292,283,NO,2026-04-27T21:29:01.258186
292,377,NO,2026-04-27T21:29:01.479203
292,916,YES,2026-04-27T21:29:01.805747
292,913,NO,2026-04-27T21:29:02.028892
292,280,NO,2026-04-27T21:29:02.246020
292,60,YES,2026-04-27T21:29:02.474317
292,446,NO,2026-04-27T21:29:02.689007
292,309,NO,2026-04-27T21:29:02.905191
292,662,NO,2026-04-27T21:29:03.149938
292,555,NO,2026-04-27T21:29:03.364910
292,902,NO,2026-04-27T21:29:03.691475
293,519,YES,2026-04-27T21:29:04.355504
293,981,NO,2026-04-27T21:29:04.568917
293,330,NO,2026-04-27T21:29:04.803674
293,848,YES,2026-04-27T21:29:05.025984
293,271,NO,2026-04-27T21:29:05.235622
293,528,NO,2026-04-27T21:29:05.547454
293,771,NO,2026-04-27T21:29:05.758058
293,585,NO,2026-04-27T21:29:05.981551
293,323,NO,2026-04-27T21:29:06.285905
293,31,NO,2026-04-27T21:29:06.782209
293,549,NO,2026-04-27T21:29:07.044111
293,399,NO,2026-04-27T21:29:07.400205
293,935,NO,2026-04-27T21:29:07.725147
293,919,YES,2026-04-27T21:29:08.041906
293,507,YES,2026-04-27T21:29:08.264928
293,372,NO,2026-04-27T21:29:08.477325
293,728,NO,2026-04-27T21:29:08.691331
293,698,YES,2026-04-27T21:29:09.022650
294,521,NO,2026-04-27T21:29:09.585185
294,202,NO,2026-04-27T21:29:09.799028
294,185,NO,2026-04-27T21:29:10.048376
294,711,NO,2026-04-27T21:29:10.483574
294,244,NO,2026-04-27T21:29:10.712655
294,80,NO,2026-04-27T21:29:11.158055
294,832,YES,2026-04-27T21:29:11.633721
294,98,YES,2026-04-27T21:29:12.156050
294,498,NO,2026-04-27T21:29:12.420625
294,119,NO,2026-04-27T21:29:12.663374
294,416,NO,2026-04-27T21:29:12.982229
294,48,NO,2026-04-27T21:29:13.193673
294,643,NO,2026-04-27T21:29:13.407090
294,541,NO,2026-04-27T21:29:13.637049
294,524,SUPER_LIKE,2026-04-27T21:29:13.899504
295,868,YES,2026-04-27T21:29:14.228620
295,357,NO,2026-04-27T21:29:14.546457
295,392,NO,2026-04-27T21:29:15.086674
295,185,YES,2026-04-27T21:29:15.426555
295,502,YES,2026-04-27T21:29:15.647253
295,188,NO,2026-04-27T21:29:15.869226
295,298,NO,2026-04-27T21:29:16.089662
295,733,NO,2026-04-27T21:29:16.322346
295,837,YES,2026-04-27T21:29:16.649071
295,449,YES,2026-04-27T21:29:16.987131
295,249,NO,2026-04-27T21:29:17.205220
295,236,NO,2026-04-27T21:29:17.536642
295,397,NO,2026-04-27T21:29:17.750851
295,482,NO,2026-04-27T21:29:17.987080
295,907,NO,2026-04-27T21:29:18.207462
295,183,SUPER_LIKE,2026-04-27T21:29:18.471181
295,488,YES,2026-04-27T21:29:19.283090
296,807,NO,2026-04-27T21:29:19.915200
296,717,NO,2026-04-27T21:29:20.169443
296,584,NO,2026-04-27T21:29:20.418961
296,157,NO,2026-04-27T21:29:20.790574
296,90,NO,2026-04-27T21:29:21.051919
296,350,NO,2026-04-27T21:29:21.488607
296,417,SUPER_LIKE,2026-04-27T21:29:21.928482
296,868,YES,2026-04-27T21:29:22.264969
296,453,SUPER_LIKE,2026-04-27T21:29:22.484698
296,771,NO,2026-04-27T21:29:22.722698
296,298,YES,2026-04-27T21:29:22.939180
296,661,SUPER_LIKE,2026-04-27T21:29:23.492903
296,818,NO,2026-04-27T21:29:23.708875
296,353,YES,2026-04-27T21:29:24.026921
296,292,NO,2026-04-27T21:29:24.453036
296,734,NO,2026-04-27T21:29:24.668930
297,486,NO,2026-04-27T21:29:25.002710
297,13,NO,2026-04-27T21:29:25.218419
297,344,YES,2026-04-27T21:29:25.437395
297,670,NO,2026-04-27T21:29:25.664145
297,860,YES,2026-04-27T21:29:26.219347
297,406,NO,2026-04-27T21:29:26.996023
297,454,NO,2026-04-27T21:29:27.212409
297,972,NO,2026-04-27T21:29:27.442037
297,635,YES,2026-04-27T21:29:27.655741
297,811,NO,2026-04-27T21:29:27.878331
297,517,NO,2026-04-27T21:29:28.215929
297,60,NO,2026-04-27T21:29:28.437816
297,840,YES,2026-04-27T21:29:28.675508
297,483,YES,2026-04-27T21:29:28.894477
297,151,YES,2026-04-27T21:29:29.238911
297,566,YES,2026-04-27T21:29:29.814179
298,289,NO,2026-04-27T21:29:30.236013
298,147,NO,2026-04-27T21:29:30.463198
298,826,NO,2026-04-27T21:29:30.676424
298,869,YES,2026-04-27T21:29:31.019474
298,963,YES,2026-04-27T21:29:31.239895
298,725,YES,2026-04-27T21:29:31.465331
298,19,YES,2026-04-27T21:29:31.899238
298,39,SUPER_LIKE,2026-04-27T21:29:32.125991
298,602,YES,2026-04-27T21:29:32.345390
298,574,NO,2026-04-27T21:29:32.574253
298,154,NO,2026-04-27T21:29:32.807736
298,242,NO,2026-04-27T21:29:33.026546
298,667,NO,2026-04-27T21:29:33.270013
298,733,YES,2026-04-27T21:29:33.829774
298,498,NO,2026-04-27T21:29:34.059582
298,466,NO,2026-04-27T21:29:34.516252
298,291,YES,2026-04-27T21:29:34.733181
298,975,YES,2026-04-27T21:29:34.955215
299,335,NO,2026-04-27T21:29:35.388863
299,106,NO,2026-04-27T21:29:35.627911
299,67,YES,2026-04-27T21:29:35.841649
299,914,NO,2026-04-27T21:29:36.736794
299,622,YES,2026-04-27T21:29:37.046315
299,1021,NO,2026-04-27T21:29:37.290559
299,811,NO,2026-04-27T21:29:37.620069
299,464,NO,2026-04-27T21:29:37.835734
299,705,NO,2026-04-27T21:29:38.050008
299,575,NO,2026-04-27T21:29:38.518131
299,685,SUPER_LIKE,2026-04-27T21:29:38.858188
299,813,SUPER_LIKE,2026-04-27T21:29:39.073112
299,911,NO,2026-04-27T21:29:39.293109
299,884,YES,2026-04-27T21:29:39.631719
299,510,NO,2026-04-27T21:29:39.847737
299,221,NO,2026-04-27T21:29:40.070389
299,818,NO,2026-04-27T21:29:40.294952
300,828,NO,2026-04-27T21:29:40.620256
300,932,YES,2026-04-27T21:29:40.941321
300,141,SUPER_LIKE,2026-04-27T21:29:41.169225
300,579,YES,2026-04-27T21:29:41.406895
300,74,YES,2026-04-27T21:29:41.743345
300,51,YES,2026-04-27T21:29:41.969375
300,55,YES,2026-04-27T21:29:42.424151
300,253,YES,2026-04-27T21:29:42.750509
300,839,NO,2026-04-27T21:29:42.977435
300,263,NO,2026-04-27T21:29:43.213800
300,509,YES,2026-04-27T21:29:43.429396
300,722,YES,2026-04-27T21:29:43.992206
300,142,YES,2026-04-27T21:29:44.468077
300,426,YES,2026-04-27T21:29:44.690808
300,630,YES,2026-04-27T21:29:44.931087
300,279,YES,2026-04-27T21:29:45.146573
300,148,YES,2026-04-27T21:29:45.367711
301,31,NO,2026-04-27T21:29:45.691311
301,896,NO,2026-04-27T21:29:45.907266
301,853,NO,2026-04-27T21:29:46.118931
301,259,NO,2026-04-27T21:29:46.334216
301,67,SUPER_LIKE,2026-04-27T21:29:46.657316
301,757,YES,2026-04-27T21:29:46.869323
301,382,NO,2026-04-27T21:29:47.315386
301,799,NO,2026-04-27T21:29:47.534121
301,317,NO,2026-04-27T21:29:47.768549
301,180,NO,2026-04-27T21:29:48.096310
301,135,NO,2026-04-27T21:29:48.484750
301,674,YES,2026-04-27T21:29:48.703825
301,192,YES,2026-04-27T21:29:48.946466
301,713,NO,2026-04-27T21:29:49.163537
301,312,NO,2026-04-27T21:29:49.386565
301,375,NO,2026-04-27T21:29:49.597997
301,844,NO,2026-04-27T21:29:49.809417
301,627,NO,2026-04-27T21:29:50.034803
301,1009,NO,2026-04-27T21:29:50.350565
302,778,YES,2026-04-27T21:29:50.783327
302,227,NO,2026-04-27T21:29:51.217290
302,738,YES,2026-04-27T21:29:51.897210
302,111,YES,2026-04-27T21:29:52.114124
302,604,NO,2026-04-27T21:29:52.339582
302,772,NO,2026-04-27T21:29:52.553373
302,364,NO,2026-04-27T21:29:52.766351
302,170,NO,2026-04-27T21:29:53.086316
302,377,NO,2026-04-27T21:29:53.419977
302,984,YES,2026-04-27T21:29:53.633733
302,395,YES,2026-04-27T21:29:53.852262
302,760,NO,2026-04-27T21:29:54.071311
302,787,NO,2026-04-27T21:29:54.398376
302,66,NO,2026-04-27T21:29:54.625107
302,675,NO,2026-04-27T21:29:54.848619
302,467,YES,2026-04-27T21:29:55.090093
303,1001,NO,2026-04-27T21:29:55.733747
303,445,NO,2026-04-27T21:29:55.963704
303,420,YES,2026-04-27T21:29:56.190419
303,238,NO,2026-04-27T21:29:56.536505
303,333,NO,2026-04-27T21:29:56.759074
303,515,NO,2026-04-27T21:29:56.997955
303,271,SUPER_LIKE,2026-04-27T21:29:57.554045
303,590,NO,2026-04-27T21:29:57.998459
303,510,NO,2026-04-27T21:29:58.214478
303,359,NO,2026-04-27T21:29:58.430313
303,557,NO,2026-04-27T21:29:59.127285
303,853,YES,2026-04-27T21:29:59.348785
303,504,YES,2026-04-27T21:29:59.906361
303,533,NO,2026-04-27T21:30:00.133352
303,239,NO,2026-04-27T21:30:00.378270
304,84,YES,2026-04-27T21:30:00.939514
304,274,NO,2026-04-27T21:30:01.164363
304,149,NO,2026-04-27T21:30:01.399749
304,935,NO,2026-04-27T21:30:01.627393
304,607,NO,2026-04-27T21:30:01.839375
304,220,NO,2026-04-27T21:30:02.070233
304,945,NO,2026-04-27T21:30:02.286995
304,510,YES,2026-04-27T21:30:02.506830
304,278,NO,2026-04-27T21:30:02.730184
304,685,NO,2026-04-27T21:30:02.942961
304,987,NO,2026-04-27T21:30:03.194249
304,722,NO,2026-04-27T21:30:03.412676
304,522,NO,2026-04-27T21:30:03.632691
304,40,YES,2026-04-27T21:30:04.092860
304,253,YES,2026-04-27T21:30:04.343498
304,183,NO,2026-04-27T21:30:04.559328
304,534,NO,2026-04-27T21:30:04.778511
304,165,NO,2026-04-27T21:30:05.116180
304,111,NO,2026-04-27T21:30:05.443107
305,905,NO,2026-04-27T21:30:06.100971
305,586,NO,2026-04-27T21:30:06.319464
305,643,NO,2026-04-27T21:30:06.534362
305,974,NO,2026-04-27T21:30:06.750389
305,215,NO,2026-04-27T21:30:06.966725
305,838,YES,2026-04-27T21:30:07.204801
305,836,SUPER_LIKE,2026-04-27T21:30:07.422674
305,735,NO,2026-04-27T21:30:07.748698
305,35,NO,2026-04-27T21:30:07.958368
305,92,NO,2026-04-27T21:30:08.299151
305,17,NO,2026-04-27T21:30:08.511743
305,700,YES,2026-04-27T21:30:08.733609
305,180,YES,2026-04-27T21:30:09.074000
305,785,NO,2026-04-27T21:30:09.294907
305,431,NO,2026-04-27T21:30:09.518777
305,746,YES,2026-04-27T21:30:09.777899
305,810,YES,2026-04-27T21:30:10.104677
305,397,NO,2026-04-27T21:30:10.320739
305,915,NO,2026-04-27T21:30:10.533533
306,116,SUPER_LIKE,2026-04-27T21:30:10.958102
306,884,NO,2026-04-27T21:30:11.199475
306,820,YES,2026-04-27T21:30:11.416998
306,184,YES,2026-04-27T21:30:11.638627
306,325,YES,2026-04-27T21:30:11.865894
306,964,NO,2026-04-27T21:30:12.340259
306,742,NO,2026-04-27T21:30:12.565112
306,892,NO,2026-04-27T21:30:12.786429
306,1021,NO,2026-04-27T21:30:13.323396
306,538,SUPER_LIKE,2026-04-27T21:30:13.561618
306,346,SUPER_LIKE,2026-04-27T21:30:13.779354
306,935,NO,2026-04-27T21:30:14.217460
306,986,NO,2026-04-27T21:30:14.526352
306,25,SUPER_LIKE,2026-04-27T21:30:14.770946
306,620,NO,2026-04-27T21:30:14.984163
306,880,NO,2026-04-27T21:30:15.200567
306,680,YES,2026-04-27T21:30:15.453558
307,629,NO,2026-04-27T21:30:15.887897
307,250,SUPER_LIKE,2026-04-27T21:30:16.107082
307,696,NO,2026-04-27T21:30:16.322827
307,992,NO,2026-04-27T21:30:16.547985
307,99,NO,2026-04-27T21:30:16.871912
307,246,NO,2026-04-27T21:30:17.107877
307,689,NO,2026-04-27T21:30:17.322322
307,720,NO,2026-04-27T21:30:17.550497
307,238,NO,2026-04-27T21:30:18.092054
307,747,NO,2026-04-27T21:30:18.307057
307,651,NO,2026-04-27T21:30:18.620313
307,716,NO,2026-04-27T21:30:19.084895
307,847,NO,2026-04-27T21:30:19.599598
307,772,NO,2026-04-27T21:30:19.860491
307,790,YES,2026-04-27T21:30:20.111624
307,858,NO,2026-04-27T21:30:20.373613
307,228,NO,2026-04-27T21:30:20.633647
308,528,NO,2026-04-27T21:30:21.040970
308,854,NO,2026-04-27T21:30:21.257807
308,415,NO,2026-04-27T21:30:21.479688
308,974,NO,2026-04-27T21:30:21.704761
308,290,SUPER_LIKE,2026-04-27T21:30:21.921462
308,167,NO,2026-04-27T21:30:22.151935
308,589,NO,2026-04-27T21:30:22.384981
308,326,NO,2026-04-27T21:30:22.595922
308,406,NO,2026-04-27T21:30:22.825604
308,578,NO,2026-04-27T21:30:23.039917
308,549,NO,2026-04-27T21:30:23.361880
308,459,SUPER_LIKE,2026-04-27T21:30:23.624164
308,401,YES,2026-04-27T21:30:23.861860
308,864,NO,2026-04-27T21:30:24.080598
308,221,NO,2026-04-27T21:30:24.406578
308,128,SUPER_LIKE,2026-04-27T21:30:24.971481
308,430,SUPER_LIKE,2026-04-27T21:30:25.400407
308,403,SUPER_LIKE,2026-04-27T21:30:25.636951
309,1014,YES,2026-04-27T21:30:25.965976
309,980,YES,2026-04-27T21:30:26.198415
309,816,YES,2026-04-27T21:30:26.416825
309,296,YES,2026-04-27T21:30:26.884785
309,690,NO,2026-04-27T21:30:27.100722
309,626,YES,2026-04-27T21:30:27.319382
309,890,SUPER_LIKE,2026-04-27T21:30:27.997575
309,425,YES,2026-04-27T21:30:28.316887
309,832,NO,2026-04-27T21:30:28.540249
309,474,NO,2026-04-27T21:30:28.973048
309,870,NO,2026-04-27T21:30:29.207646
309,682,NO,2026-04-27T21:30:29.969789
309,414,NO,2026-04-27T21:30:30.313653
310,78,NO,2026-04-27T21:30:30.872068
310,721,NO,2026-04-27T21:30:31.087748
310,544,NO,2026-04-27T21:30:31.303727
310,513,NO,2026-04-27T21:30:31.527380
310,1012,NO,2026-04-27T21:30:31.737710
310,294,YES,2026-04-27T21:30:31.955770
310,916,YES,2026-04-27T21:30:32.294308
310,222,NO,2026-04-27T21:30:32.519370
310,201,NO,2026-04-27T21:30:32.743629
310,36,NO,2026-04-27T21:30:32.959855
310,609,NO,2026-04-27T21:30:33.179092
310,352,NO,2026-04-27T21:30:33.610174
310,689,YES,2026-04-27T21:30:33.832631
310,447,NO,2026-04-27T21:30:34.048258
310,98,NO,2026-04-27T21:30:34.269435
310,307,NO,2026-04-27T21:30:34.536002
310,596,YES,2026-04-27T21:30:34.761696
310,243,NO,2026-04-27T21:30:34.987745
310,817,YES,2026-04-27T21:30:35.206821
311,179,YES,2026-04-27T21:30:35.546888
311,283,YES,2026-04-27T21:30:35.767464
311,857,YES,2026-04-27T21:30:36.089466
311,606,YES,2026-04-27T21:30:36.406456
311,570,YES,2026-04-27T21:30:36.646744
311,446,YES,2026-04-27T21:30:37.132211
311,398,SUPER_LIKE,2026-04-27T21:30:37.586916
311,512,SUPER_LIKE,2026-04-27T21:30:38.248081
311,303,YES,2026-04-27T21:30:38.580215
311,547,NO,2026-04-27T21:30:39.020980
311,346,SUPER_LIKE,2026-04-27T21:30:39.245798
311,917,NO,2026-04-27T21:30:39.461066
311,84,NO,2026-04-27T21:30:39.682682
311,569,YES,2026-04-27T21:30:39.904941
311,798,YES,2026-04-27T21:30:40.243753
311,348,YES,2026-04-27T21:30:40.458248
312,372,NO,2026-04-27T21:30:40.992150
312,945,NO,2026-04-27T21:30:41.218635
312,710,NO,2026-04-27T21:30:41.437187
312,990,NO,2026-04-27T21:30:41.651964
312,516,NO,2026-04-27T21:30:41.884529
312,906,NO,2026-04-27T21:30:42.099438
312,368,YES,2026-04-27T21:30:42.424753
312,245,NO,2026-04-27T21:30:42.643342
312,620,NO,2026-04-27T21:30:43.202793
312,51,NO,2026-04-27T21:30:43.528287
312,138,YES,2026-04-27T21:30:43.747921
312,204,NO,2026-04-27T21:30:43.969643
312,122,NO,2026-04-27T21:30:44.188937
312,266,NO,2026-04-27T21:30:44.500361
312,311,NO,2026-04-27T21:30:44.727748
312,959,NO,2026-04-27T21:30:44.943474
312,290,NO,2026-04-27T21:30:45.167388
312,564,NO,2026-04-27T21:30:45.384908
313,574,NO,2026-04-27T21:30:45.939128
313,845,YES,2026-04-27T21:30:46.384112
313,965,NO,2026-04-27T21:30:46.707517
313,703,NO,2026-04-27T21:30:47.043257
313,863,NO,2026-04-27T21:30:47.260002
313,586,YES,2026-04-27T21:30:47.498861
313,683,NO,2026-04-27T21:30:47.719334
313,541,YES,2026-04-27T21:30:47.938087
313,963,NO,2026-04-27T21:30:48.172409
313,855,NO,2026-04-27T21:30:48.387233
313,821,YES,2026-04-27T21:30:48.825989
313,161,NO,2026-04-27T21:30:49.297073
313,803,NO,2026-04-27T21:30:49.612926
313,765,NO,2026-04-27T21:30:49.847195
313,153,YES,2026-04-27T21:30:50.064508
313,668,NO,2026-04-27T21:30:50.276923
313,92,YES,2026-04-27T21:30:50.507023
314,901,YES,2026-04-27T21:30:51.058127
314,462,NO,2026-04-27T21:30:51.267575
314,939,NO,2026-04-27T21:30:51.487040
314,645,NO,2026-04-27T21:30:52.045901
314,222,YES,2026-04-27T21:30:52.270626
314,923,NO,2026-04-27T21:30:52.812858
314,54,YES,2026-04-27T21:30:53.031709
314,848,NO,2026-04-27T21:30:53.362463
314,769,YES,2026-04-27T21:30:53.599299
314,291,NO,2026-04-27T21:30:53.832372
314,207,NO,2026-04-27T21:30:54.046638
314,869,NO,2026-04-27T21:30:54.263989
314,770,YES,2026-04-27T21:30:54.579406
314,589,NO,2026-04-27T21:30:54.905999
314,949,NO,2026-04-27T21:30:55.122127
314,285,NO,2026-04-27T21:30:55.464623
314,148,NO,2026-04-27T21:30:55.782551
315,500,YES,2026-04-27T21:30:56.126181
315,866,NO,2026-04-27T21:30:56.558048
315,614,NO,2026-04-27T21:30:56.775018
315,142,NO,2026-04-27T21:30:57.098960
315,543,SUPER_LIKE,2026-04-27T21:30:57.427211
315,206,NO,2026-04-27T21:30:57.645409
315,205,YES,2026-04-27T21:30:57.878011
315,796,NO,2026-04-27T21:30:58.313559
315,331,YES,2026-04-27T21:30:58.535459
315,945,NO,2026-04-27T21:30:58.967415
315,370,NO,2026-04-27T21:30:59.172941
315,630,YES,2026-04-27T21:30:59.401669
315,312,NO,2026-04-27T21:30:59.626266
315,466,NO,2026-04-27T21:30:59.849361
315,88,NO,2026-04-27T21:31:00.083052
315,513,YES,2026-04-27T21:31:00.413584
315,171,NO,2026-04-27T21:31:00.635761
315,635,NO,2026-04-27T21:31:00.852565
316,335,NO,2026-04-27T21:31:01.278273
316,343,NO,2026-04-27T21:31:01.491297
316,153,NO,2026-04-27T21:31:01.728655
316,930,NO,2026-04-27T21:31:02.152841
316,431,YES,2026-04-27T21:31:02.385885
316,177,YES,2026-04-27T21:31:02.613068
316,68,NO,2026-04-27T21:31:02.825424
316,198,YES,2026-04-27T21:31:03.366682
316,838,NO,2026-04-27T21:31:03.588005
316,297,YES,2026-04-27T21:31:03.811457
316,603,NO,2026-04-27T21:31:04.031282
316,964,NO,2026-04-27T21:31:04.249065
316,861,NO,2026-04-27T21:31:04.693659
316,266,NO,2026-04-27T21:31:04.913790
316,195,YES,2026-04-27T21:31:05.599781
316,588,NO,2026-04-27T21:31:05.923800
317,221,NO,2026-04-27T21:31:06.243702
317,965,NO,2026-04-27T21:31:06.468114
317,1014,NO,2026-04-27T21:31:06.683085
317,259,NO,2026-04-27T21:31:06.905582
317,431,YES,2026-04-27T21:31:07.144828
317,540,NO,2026-04-27T21:31:07.481928
317,957,NO,2026-04-27T21:31:07.703602
317,962,NO,2026-04-27T21:31:08.247049
317,904,NO,2026-04-27T21:31:08.687924
317,364,NO,2026-04-27T21:31:08.907326
317,449,NO,2026-04-27T21:31:09.117681
317,919,NO,2026-04-27T21:31:09.334590
317,680,NO,2026-04-27T21:31:09.644121
317,849,NO,2026-04-27T21:31:09.869294
317,790,NO,2026-04-27T21:31:10.194985
317,964,NO,2026-04-27T21:31:10.427632
317,160,NO,2026-04-27T21:31:10.648888
317,767,NO,2026-04-27T21:31:10.873591
318,900,NO,2026-04-27T21:31:11.187925
318,517,NO,2026-04-27T21:31:11.626827
318,470,NO,2026-04-27T21:31:12.089482
318,199,NO,2026-04-27T21:31:12.304390
318,150,YES,2026-04-27T21:31:12.627911
318,592,NO,2026-04-27T21:31:12.944836
318,929,NO,2026-04-27T21:31:13.175180
318,803,YES,2026-04-27T21:31:13.392955
318,78,YES,2026-04-27T21:31:13.624045
318,467,YES,2026-04-27T21:31:13.943987
318,79,NO,2026-04-27T21:31:14.199738
318,895,YES,2026-04-27T21:31:14.422943
318,98,YES,2026-04-27T21:31:14.866896
318,941,NO,2026-04-27T21:31:15.653537
318,466,YES,2026-04-27T21:31:15.871615
319,891,YES,2026-04-27T21:31:16.202079
319,110,NO,2026-04-27T21:31:16.566365
319,646,NO,2026-04-27T21:31:16.880280
319,682,NO,2026-04-27T21:31:17.215358
319,521,YES,2026-04-27T21:31:17.537188
319,852,SUPER_LIKE,2026-04-27T21:31:17.771999
319,643,NO,2026-04-27T21:31:18.327679
319,453,YES,2026-04-27T21:31:18.552298
319,155,NO,2026-04-27T21:31:19.124923
319,461,NO,2026-04-27T21:31:19.370064
319,286,NO,2026-04-27T21:31:19.758414
319,926,NO,2026-04-27T21:31:20.012722
319,953,SUPER_LIKE,2026-04-27T21:31:20.286254
319,42,NO,2026-04-27T21:31:20.549882
319,351,YES,2026-04-27T21:31:20.824395
319,562,YES,2026-04-27T21:31:21.076939
319,114,NO,2026-04-27T21:31:21.516784
320,644,NO,2026-04-27T21:31:21.854671
320,382,NO,2026-04-27T21:31:22.074435
320,451,NO,2026-04-27T21:31:22.306368
320,620,NO,2026-04-27T21:31:22.743385
320,747,NO,2026-04-27T21:31:22.971660
320,888,NO,2026-04-27T21:31:23.283260
320,894,NO,2026-04-27T21:31:23.504991
320,654,NO,2026-04-27T21:31:23.722091
320,176,YES,2026-04-27T21:31:23.953290
320,670,YES,2026-04-27T21:31:24.182952
320,587,YES,2026-04-27T21:31:24.403409
320,168,NO,2026-04-27T21:31:24.731171
320,183,YES,2026-04-27T21:31:25.291150
320,826,NO,2026-04-27T21:31:25.502690
320,469,YES,2026-04-27T21:31:25.728156
320,272,YES,2026-04-27T21:31:25.957244
320,605,YES,2026-04-27T21:31:26.176861
320,782,YES,2026-04-27T21:31:26.404285
321,640,YES,2026-04-27T21:31:26.725503
321,540,YES,2026-04-27T21:31:26.947015
321,364,NO,2026-04-27T21:31:27.282170
321,182,YES,2026-04-27T21:31:27.517542
321,140,SUPER_LIKE,2026-04-27T21:31:27.729840
321,402,NO,2026-04-27T21:31:27.942571
321,842,SUPER_LIKE,2026-04-27T21:31:28.197512
321,664,NO,2026-04-27T21:31:28.410934
321,304,YES,2026-04-27T21:31:28.738584
321,629,YES,2026-04-27T21:31:29.110819
321,134,YES,2026-04-27T21:31:29.435990
321,59,NO,2026-04-27T21:31:29.749134
321,895,YES,2026-04-27T21:31:30.207622
321,195,NO,2026-04-27T21:31:30.705374
321,977,YES,2026-04-27T21:31:30.927933
321,797,NO,2026-04-27T21:31:31.609182
322,405,NO,2026-04-27T21:31:32.146737
322,119,NO,2026-04-27T21:31:32.590859
322,413,NO,2026-04-27T21:31:32.949256
322,423,YES,2026-04-27T21:31:33.527562
322,260,NO,2026-04-27T21:31:33.746383
322,180,NO,2026-04-27T21:31:33.976664
322,368,YES,2026-04-27T21:31:34.198004
322,388,NO,2026-04-27T21:31:34.536515
322,48,YES,2026-04-27T21:31:34.764922
322,986,NO,2026-04-27T21:31:34.978790
322,254,YES,2026-04-27T21:31:35.449268
322,563,NO,2026-04-27T21:31:35.893952
322,652,NO,2026-04-27T21:31:36.451816
322,624,YES,2026-04-27T21:31:36.786536
322,1017,NO,2026-04-27T21:31:37.009005
323,673,YES,2026-04-27T21:31:37.438582
323,714,YES,2026-04-27T21:31:37.660389
323,639,NO,2026-04-27T21:31:37.883057
323,562,YES,2026-04-27T21:31:38.122735
323,691,NO,2026-04-27T21:31:38.369710
323,680,NO,2026-04-27T21:31:38.701399
323,797,NO,2026-04-27T21:31:38.914138
323,846,NO,2026-04-27T21:31:39.129551
323,783,YES,2026-04-27T21:31:39.370507
323,512,YES,2026-04-27T21:31:39.731775
323,675,NO,2026-04-27T21:31:40.218278
323,974,NO,2026-04-27T21:31:40.454297
323,466,YES,2026-04-27T21:31:40.683396
323,571,NO,2026-04-27T21:31:41.129295
323,927,YES,2026-04-27T21:31:41.344588
323,607,YES,2026-04-27T21:31:41.558989
323,177,NO,2026-04-27T21:31:41.883442
323,393,NO,2026-04-27T21:31:42.097577
324,46,NO,2026-04-27T21:31:42.423788
324,755,NO,2026-04-27T21:31:42.673836
324,662,NO,2026-04-27T21:31:42.900377
324,852,NO,2026-04-27T21:31:43.120940
324,413,YES,2026-04-27T21:31:43.343299
324,659,NO,2026-04-27T21:31:43.657242
324,504,YES,2026-04-27T21:31:43.885135
324,79,NO,2026-04-27T21:31:44.102362
324,271,YES,2026-04-27T21:31:44.322299
324,197,NO,2026-04-27T21:31:44.548305
324,809,NO,2026-04-27T21:31:44.771740
324,978,NO,2026-04-27T21:31:45.014935
324,672,NO,2026-04-27T21:31:45.236930
324,1016,NO,2026-04-27T21:31:45.459830
324,128,SUPER_LIKE,2026-04-27T21:31:45.689139
324,67,YES,2026-04-27T21:31:46.009319
324,669,YES,2026-04-27T21:31:46.251413
324,725,NO,2026-04-27T21:31:46.462654
324,393,YES,2026-04-27T21:31:46.680283
324,227,NO,2026-04-27T21:31:46.909720
325,604,YES,2026-04-27T21:31:47.225297
325,645,YES,2026-04-27T21:31:47.668294
325,415,NO,2026-04-27T21:31:47.912821
325,333,YES,2026-04-27T21:31:48.140932
325,868,YES,2026-04-27T21:31:48.359666
325,609,NO,2026-04-27T21:31:48.597394
325,191,YES,2026-04-27T21:31:49.043717
325,589,YES,2026-04-27T21:31:49.281022
325,103,YES,2026-04-27T21:31:49.494369
325,463,YES,2026-04-27T21:31:49.828272
325,154,YES,2026-04-27T21:31:50.160098
325,710,YES,2026-04-27T21:31:50.631593
325,705,YES,2026-04-27T21:31:50.861342
325,767,NO,2026-04-27T21:31:51.083304
325,144,NO,2026-04-27T21:31:51.315845
325,557,YES,2026-04-27T21:31:51.549910
325,717,YES,2026-04-27T21:31:51.869479
326,417,YES,2026-04-27T21:31:52.220254
326,722,YES,2026-04-27T21:31:52.432164
326,365,NO,2026-04-27T21:31:52.877752
326,519,YES,2026-04-27T21:31:53.445239
326,69,NO,2026-04-27T21:31:53.662053
326,467,YES,2026-04-27T21:31:53.885426
326,209,NO,2026-04-27T21:31:54.103664
326,374,YES,2026-04-27T21:31:54.346054
326,396,NO,2026-04-27T21:31:54.559766
326,137,YES,2026-04-27T21:31:54.777577
326,90,NO,2026-04-27T21:31:55.007605
326,836,NO,2026-04-27T21:31:55.221707
326,442,SUPER_LIKE,2026-04-27T21:31:55.542653
326,693,SUPER_LIKE,2026-04-27T21:31:55.757136
326,680,NO,2026-04-27T21:31:55.964585
326,980,YES,2026-04-27T21:31:56.199387
326,982,NO,2026-04-27T21:31:56.413312
326,322,NO,2026-04-27T21:31:56.733302
327,22,YES,2026-04-27T21:31:57.273592
327,285,NO,2026-04-27T21:31:57.489733
327,46,YES,2026-04-27T21:31:57.729873
327,290,NO,2026-04-27T21:31:58.056784
327,343,NO,2026-04-27T21:31:58.285253
327,515,YES,2026-04-27T21:31:58.510859
327,484,NO,2026-04-27T21:31:58.738260
327,528,NO,2026-04-27T21:31:58.977950
327,595,NO,2026-04-27T21:31:59.416022
327,915,YES,2026-04-27T21:31:59.647754
327,668,YES,2026-04-27T21:31:59.989569
327,787,NO,2026-04-27T21:32:00.236570
327,376,YES,2026-04-27T21:32:00.714898
327,730,YES,2026-04-27T21:32:00.932502
327,844,NO,2026-04-27T21:32:01.156778
327,96,NO,2026-04-27T21:32:01.485338
327,659,YES,2026-04-27T21:32:02.043045
328,475,NO,2026-04-27T21:32:02.478069
328,410,NO,2026-04-27T21:32:02.694496
328,490,NO,2026-04-27T21:32:03.255774
328,291,NO,2026-04-27T21:32:03.465075
328,733,NO,2026-04-27T21:32:03.793828
328,126,NO,2026-04-27T21:32:04.012803
328,657,YES,2026-04-27T21:32:04.269374
328,807,NO,2026-04-27T21:32:04.479474
328,973,NO,2026-04-27T21:32:04.710733
328,34,YES,2026-04-27T21:32:04.937177
328,827,NO,2026-04-27T21:32:05.147836
328,941,NO,2026-04-27T21:32:05.478497
328,911,NO,2026-04-27T21:32:05.700265
328,977,NO,2026-04-27T21:32:06.042360
328,143,YES,2026-04-27T21:32:06.367368
328,551,NO,2026-04-27T21:32:06.679443
328,956,NO,2026-04-27T21:32:06.892775
328,808,YES,2026-04-27T21:32:07.130113
328,433,NO,2026-04-27T21:32:07.347697
329,254,YES,2026-04-27T21:32:07.693905
329,376,NO,2026-04-27T21:32:07.907916
329,1017,NO,2026-04-27T21:32:08.142284
329,249,NO,2026-04-27T21:32:08.460363
329,663,NO,2026-04-27T21:32:08.689885
329,482,NO,2026-04-27T21:32:08.910426
329,693,NO,2026-04-27T21:32:09.134248
329,766,YES,2026-04-27T21:32:09.595777
329,850,YES,2026-04-27T21:32:09.913175
329,698,NO,2026-04-27T21:32:10.132828
329,266,NO,2026-04-27T21:32:10.354140
329,738,NO,2026-04-27T21:32:10.691816
329,734,NO,2026-04-27T21:32:11.030154
329,846,NO,2026-04-27T21:32:11.261519
329,876,NO,2026-04-27T21:32:11.499662
329,661,NO,2026-04-27T21:32:11.769984
329,79,YES,2026-04-27T21:32:12.125512
329,28,YES,2026-04-27T21:32:12.364903
329,924,YES,2026-04-27T21:32:12.609494
330,200,NO,2026-04-27T21:32:12.983425
330,218,NO,2026-04-27T21:32:13.315817
330,653,NO,2026-04-27T21:32:13.532098
330,540,NO,2026-04-27T21:32:13.748038
330,393,YES,2026-04-27T21:32:13.986394
330,74,NO,2026-04-27T21:32:14.202313
330,481,NO,2026-04-27T21:32:14.431533
330,889,NO,2026-04-27T21:32:14.646501
330,633,NO,2026-04-27T21:32:15.092316
330,545,NO,2026-04-27T21:32:15.307902
330,165,NO,2026-04-27T21:32:15.648619
330,50,NO,2026-04-27T21:32:15.979395
330,116,NO,2026-04-27T21:32:16.208461
330,380,YES,2026-04-27T21:32:16.429414
330,83,NO,2026-04-27T21:32:16.651824
330,804,NO,2026-04-27T21:32:16.869404
330,327,NO,2026-04-27T21:32:17.207604
330,59,NO,2026-04-27T21:32:17.427466
330,852,NO,2026-04-27T21:32:17.742796
331,1018,NO,2026-04-27T21:32:18.186238
331,160,NO,2026-04-27T21:32:18.413462
331,591,NO,2026-04-27T21:32:18.627716
331,154,NO,2026-04-27T21:32:18.956884
331,701,NO,2026-04-27T21:32:19.173833
331,419,YES,2026-04-27T21:32:19.530519
331,834,NO,2026-04-27T21:32:19.899801
331,632,NO,2026-04-27T21:32:20.396121
331,981,NO,2026-04-27T21:32:20.663830
331,959,YES,2026-04-27T21:32:21.009025
331,585,NO,2026-04-27T21:32:21.344031
331,30,YES,2026-04-27T21:32:21.662810
331,963,NO,2026-04-27T21:32:21.894684
331,319,NO,2026-04-27T21:32:22.112142
331,542,NO,2026-04-27T21:32:22.338190
331,408,NO,2026-04-27T21:32:22.671199
331,867,NO,2026-04-27T21:32:22.913170
331,729,NO,2026-04-27T21:32:23.169303
331,294,NO,2026-04-27T21:32:23.390626
332,176,YES,2026-04-27T21:32:23.723211
332,562,YES,2026-04-27T21:32:23.944269
332,958,NO,2026-04-27T21:32:24.268131
332,1015,NO,2026-04-27T21:32:24.485744
332,641,YES,2026-04-27T21:32:24.809937
332,944,NO,2026-04-27T21:32:25.274020
332,260,YES,2026-04-27T21:32:25.713361
332,823,YES,2026-04-27T21:32:25.947196
332,592,YES,2026-04-27T21:32:26.401325
332,278,YES,2026-04-27T21:32:26.625784
332,361,NO,2026-04-27T21:32:26.940178
332,483,YES,2026-04-27T21:32:27.172635
332,895,YES,2026-04-27T21:32:27.398118
332,434,YES,2026-04-27T21:32:27.642074
332,471,YES,2026-04-27T21:32:27.962484
332,932,NO,2026-04-27T21:32:28.186144
332,273,YES,2026-04-27T21:32:28.412941
333,681,YES,2026-04-27T21:32:28.853687
333,189,YES,2026-04-27T21:32:29.069748
333,120,YES,2026-04-27T21:32:29.416823
333,614,YES,2026-04-27T21:32:29.632582
333,966,NO,2026-04-27T21:32:30.075911
333,861,YES,2026-04-27T21:32:30.510398
333,866,YES,2026-04-27T21:32:30.729374
333,246,NO,2026-04-27T21:32:30.960097
333,753,NO,2026-04-27T21:32:31.188207
333,47,YES,2026-04-27T21:32:31.858076
333,986,NO,2026-04-27T21:32:32.423036
333,929,NO,2026-04-27T21:32:32.640823
333,15,NO,2026-04-27T21:32:32.880583
333,755,YES,2026-04-27T21:32:33.531377
333,663,YES,2026-04-27T21:32:33.750282
333,295,NO,2026-04-27T21:32:33.969666
334,804,YES,2026-04-27T21:32:34.295800
334,873,NO,2026-04-27T21:32:34.515043
334,636,NO,2026-04-27T21:32:34.739333
334,524,SUPER_LIKE,2026-04-27T21:32:35.070018
334,728,NO,2026-04-27T21:32:35.309461
334,661,NO,2026-04-27T21:32:35.535736
334,313,NO,2026-04-27T21:32:35.974817
334,997,NO,2026-04-27T21:32:36.191692
334,447,NO,2026-04-27T21:32:36.531576
334,505,NO,2026-04-27T21:32:36.748896
334,413,NO,2026-04-27T21:32:36.972538
334,761,NO,2026-04-27T21:32:37.427329
334,987,NO,2026-04-27T21:32:37.648167
334,852,NO,2026-04-27T21:32:37.868183
334,962,NO,2026-04-27T21:32:38.199535
334,206,NO,2026-04-27T21:32:38.414884
334,85,NO,2026-04-27T21:32:38.963335
335,476,YES,2026-04-27T21:32:39.715095
335,165,YES,2026-04-27T21:32:40.033269
335,625,YES,2026-04-27T21:32:40.278556
335,362,YES,2026-04-27T21:32:40.499113
335,644,NO,2026-04-27T21:32:40.718310
335,393,YES,2026-04-27T21:32:40.950643
335,823,YES,2026-04-27T21:32:41.274682
335,276,YES,2026-04-27T21:32:41.521458
335,457,YES,2026-04-27T21:32:41.848395
335,582,NO,2026-04-27T21:32:42.084431
335,952,SUPER_LIKE,2026-04-27T21:32:42.312442
335,968,YES,2026-04-27T21:32:43.108431
335,523,YES,2026-04-27T21:32:43.347444
335,101,NO,2026-04-27T21:32:43.563473
335,848,NO,2026-04-27T21:32:43.789440
335,735,NO,2026-04-27T21:32:44.010233
335,774,NO,2026-04-27T21:32:44.227912
336,183,NO,2026-04-27T21:32:44.566867
336,111,NO,2026-04-27T21:32:44.785727
336,537,NO,2026-04-27T21:32:45.227781
336,53,NO,2026-04-27T21:32:45.773056
336,294,NO,2026-04-27T21:32:45.990030
336,766,YES,2026-04-27T21:32:46.213881
336,446,YES,2026-04-27T21:32:46.428293
336,993,YES,2026-04-27T21:32:47.195655
336,739,NO,2026-04-27T21:32:47.409535
336,553,NO,2026-04-27T21:32:47.629766
336,582,NO,2026-04-27T21:32:47.951807
336,406,NO,2026-04-27T21:32:48.169243
336,312,YES,2026-04-27T21:32:48.620188
336,451,YES,2026-04-27T21:32:49.159784
336,38,NO,2026-04-27T21:32:49.375309
337,194,NO,2026-04-27T21:32:49.718394
337,343,YES,2026-04-27T21:32:49.941982
337,836,YES,2026-04-27T21:32:50.168161
337,184,NO,2026-04-27T21:32:50.622264
337,57,NO,2026-04-27T21:32:51.406377
337,810,YES,2026-04-27T21:32:51.857701
337,811,YES,2026-04-27T21:32:52.629522
337,464,NO,2026-04-27T21:32:52.856882
337,950,YES,2026-04-27T21:32:53.626627
337,754,NO,2026-04-27T21:32:53.848147
337,431,NO,2026-04-27T21:32:54.398708
337,553,NO,2026-04-27T21:32:54.741623
338,379,NO,2026-04-27T21:32:55.303460
338,221,NO,2026-04-27T21:32:55.610617
338,527,NO,2026-04-27T21:32:55.829798
338,766,NO,2026-04-27T21:32:56.058735
338,446,NO,2026-04-27T21:32:56.378121
338,409,NO,2026-04-27T21:32:56.599319
338,491,NO,2026-04-27T21:32:57.148505
338,222,YES,2026-04-27T21:32:57.368865
338,971,NO,2026-04-27T21:32:57.634380
338,449,YES,2026-04-27T21:32:57.852106
338,897,YES,2026-04-27T21:32:58.084015
338,859,NO,2026-04-27T21:32:58.320962
338,49,NO,2026-04-27T21:32:58.537191
338,884,NO,2026-04-27T21:32:58.994985
338,755,YES,2026-04-27T21:32:59.215246
338,231,YES,2026-04-27T21:32:59.766137
339,170,NO,2026-04-27T21:33:00.198714
339,512,NO,2026-04-27T21:33:00.422216
339,199,NO,2026-04-27T21:33:00.643161
339,988,NO,2026-04-27T21:33:00.978467
339,815,YES,2026-04-27T21:33:01.200498
339,783,NO,2026-04-27T21:33:01.748896
339,780,NO,2026-04-27T21:33:02.071837
339,732,NO,2026-04-27T21:33:02.299803
339,347,NO,2026-04-27T21:33:02.610864
339,44,YES,2026-04-27T21:33:02.871815
339,562,NO,2026-04-27T21:33:03.084491
339,808,NO,2026-04-27T21:33:03.516107
339,404,NO,2026-04-27T21:33:03.737628
339,617,NO,2026-04-27T21:33:04.295253
339,541,NO,2026-04-27T21:33:04.535080
339,771,NO,2026-04-27T21:33:05.097816
340,684,NO,2026-04-27T21:33:05.424626
340,125,NO,2026-04-27T21:33:05.643329
340,673,NO,2026-04-27T21:33:05.871369
340,347,NO,2026-04-27T21:33:07.525767
340,751,NO,2026-04-27T21:33:08.189823
340,349,NO,2026-04-27T21:33:08.522125
340,497,NO,2026-04-27T21:33:09.478709
340,1000,NO,2026-04-27T21:33:09.798567
340,109,NO,2026-04-27T21:33:10.123250
340,251,NO,2026-04-27T21:33:10.351170
340,589,NO,2026-04-27T21:33:10.671572
341,983,YES,2026-04-27T21:33:11.003844
341,325,NO,2026-04-27T21:33:11.324011
341,96,NO,2026-04-27T21:33:11.548168
341,167,NO,2026-04-27T21:33:11.763323
341,528,NO,2026-04-27T21:33:12.208337
341,242,NO,2026-04-27T21:33:12.550667
341,197,NO,2026-04-27T21:33:12.764026
341,797,NO,2026-04-27T21:33:12.977956
341,950,YES,2026-04-27T21:33:13.220341
341,977,NO,2026-04-27T21:33:13.443849
341,73,NO,2026-04-27T21:33:13.665701
341,866,NO,2026-04-27T21:33:13.901799
341,313,NO,2026-04-27T21:33:14.117675
341,767,YES,2026-04-27T21:33:14.340691
341,732,YES,2026-04-27T21:33:14.783463
341,76,NO,2026-04-27T21:33:15.008515
341,194,NO,2026-04-27T21:33:15.222403
341,800,NO,2026-04-27T21:33:15.550971
342,788,YES,2026-04-27T21:33:15.970278
342,569,NO,2026-04-27T21:33:16.206845
342,274,NO,2026-04-27T21:33:16.425572
342,674,YES,2026-04-27T21:33:16.663994
342,382,NO,2026-04-27T21:33:16.972892
342,823,YES,2026-04-27T21:33:17.217798
342,570,YES,2026-04-27T21:33:18.001277
342,605,YES,2026-04-27T21:33:18.222669
342,639,NO,2026-04-27T21:33:18.470037
342,553,NO,2026-04-27T21:33:18.915342
342,682,NO,2026-04-27T21:33:19.242701
342,73,NO,2026-04-27T21:33:19.517115
342,916,NO,2026-04-27T21:33:19.823028
342,476,NO,2026-04-27T21:33:20.082437
342,786,YES,2026-04-27T21:33:20.327305
342,868,SUPER_LIKE,2026-04-27T21:33:20.591635
342,332,YES,2026-04-27T21:33:20.868798
343,320,NO,2026-04-27T21:33:21.244359
343,826,SUPER_LIKE,2026-04-27T21:33:21.634361
343,112,NO,2026-04-27T21:33:21.855427
343,585,YES,2026-04-27T21:33:22.743445
343,116,NO,2026-04-27T21:33:22.957667
343,606,YES,2026-04-27T21:33:23.189727
343,235,SUPER_LIKE,2026-04-27T21:33:23.406757
343,730,NO,2026-04-27T21:33:23.820049
343,297,YES,2026-04-27T21:33:24.049064
343,338,YES,2026-04-27T21:33:24.265934
343,520,YES,2026-04-27T21:33:24.484648
343,576,NO,2026-04-27T21:33:24.702572
343,29,YES,2026-04-27T21:33:24.930466
343,726,NO,2026-04-27T21:33:25.146500
343,855,YES,2026-04-27T21:33:25.466085
343,118,NO,2026-04-27T21:33:25.687735
343,311,YES,2026-04-27T21:33:25.907986
343,751,NO,2026-04-27T21:33:26.147798
344,441,NO,2026-04-27T21:33:26.463225
344,216,YES,2026-04-27T21:33:26.789720
344,1009,YES,2026-04-27T21:33:27.006649
344,133,YES,2026-04-27T21:33:27.239483
344,552,NO,2026-04-27T21:33:27.666333
344,864,NO,2026-04-27T21:33:27.996042
344,556,YES,2026-04-27T21:33:28.320095
344,531,NO,2026-04-27T21:33:28.640951
344,906,NO,2026-04-27T21:33:28.879095
344,293,NO,2026-04-27T21:33:29.102470
344,386,YES,2026-04-27T21:33:29.322947
344,558,NO,2026-04-27T21:33:29.648113
344,804,SUPER_LIKE,2026-04-27T21:33:29.986003
344,101,YES,2026-04-27T21:33:30.206193
344,751,NO,2026-04-27T21:33:30.423205
344,225,YES,2026-04-27T21:33:30.663649
344,646,NO,2026-04-27T21:33:31.115370
344,931,NO,2026-04-27T21:33:31.343439
345,157,NO,2026-04-27T21:33:31.654911
345,561,NO,2026-04-27T21:33:31.880282
345,672,NO,2026-04-27T21:33:32.092997
345,603,NO,2026-04-27T21:33:32.323921
345,260,NO,2026-04-27T21:33:32.641040
345,513,NO,2026-04-27T21:33:32.853819
345,563,NO,2026-04-27T21:33:33.186424
345,311,NO,2026-04-27T21:33:33.411778
345,588,NO,2026-04-27T21:33:33.639096
345,257,NO,2026-04-27T21:33:33.852159
345,119,NO,2026-04-27T21:33:34.068138
345,617,NO,2026-04-27T21:33:34.383856
345,320,NO,2026-04-27T21:33:34.932286
345,989,YES,2026-04-27T21:33:35.168065
345,235,NO,2026-04-27T21:33:35.383505
345,649,SUPER_LIKE,2026-04-27T21:33:35.613940
345,985,NO,2026-04-27T21:33:35.859744
345,49,NO,2026-04-27T21:33:36.078754
346,199,YES,2026-04-27T21:33:36.741156
346,131,YES,2026-04-27T21:33:36.987436
346,459,NO,2026-04-27T21:33:37.212422
346,879,YES,2026-04-27T21:33:37.434745
346,401,YES,2026-04-27T21:33:38.215326
346,194,SUPER_LIKE,2026-04-27T21:33:38.535720
346,253,YES,2026-04-27T21:33:38.799101
346,120,SUPER_LIKE,2026-04-27T21:33:39.021510
346,443,YES,2026-04-27T21:33:39.240119
346,42,YES,2026-04-27T21:33:39.556811
346,86,NO,2026-04-27T21:33:39.899550
346,409,NO,2026-04-27T21:33:40.119639
346,941,NO,2026-04-27T21:33:40.331959
346,492,YES,2026-04-27T21:33:40.574673
346,158,NO,2026-04-27T21:33:40.792211
346,547,NO,2026-04-27T21:33:41.119294
346,848,NO,2026-04-27T21:33:41.357631
346,51,SUPER_LIKE,2026-04-27T21:33:41.583721
347,998,YES,2026-04-27T21:33:42.459863
347,859,NO,2026-04-27T21:33:42.706985
347,267,NO,2026-04-27T21:33:43.372838
347,275,NO,2026-04-27T21:33:43.804314
347,727,NO,2026-04-27T21:33:44.043439
347,212,NO,2026-04-27T21:33:44.592486
347,559,NO,2026-04-27T21:33:44.812402
347,595,NO,2026-04-27T21:33:45.155525
347,512,NO,2026-04-27T21:33:45.370526
347,314,NO,2026-04-27T21:33:45.710276
347,158,NO,2026-04-27T21:33:45.930026
347,784,YES,2026-04-27T21:33:46.149448
347,747,NO,2026-04-27T21:33:46.379949
347,366,NO,2026-04-27T21:33:46.600714
347,434,NO,2026-04-27T21:33:46.840565
348,542,NO,2026-04-27T21:33:47.155706
348,818,YES,2026-04-27T21:33:47.378463
348,980,YES,2026-04-27T21:33:47.603281
348,184,YES,2026-04-27T21:33:47.868391
348,723,YES,2026-04-27T21:33:48.227329
348,867,YES,2026-04-27T21:33:48.482316
348,710,YES,2026-04-27T21:33:48.698627
348,591,YES,2026-04-27T21:33:48.971929
348,362,NO,2026-04-27T21:33:49.239221
348,951,YES,2026-04-27T21:33:49.520177
348,325,SUPER_LIKE,2026-04-27T21:33:49.789642
348,443,YES,2026-04-27T21:33:50.047740
348,283,YES,2026-04-27T21:33:50.293341
348,400,NO,2026-04-27T21:33:50.525682
348,900,NO,2026-04-27T21:33:50.846021
348,631,YES,2026-04-27T21:33:51.105105
348,286,NO,2026-04-27T21:33:51.378044
348,391,YES,2026-04-27T21:33:51.625830
348,264,NO,2026-04-27T21:33:51.869876
348,202,YES,2026-04-27T21:33:52.113051
349,305,YES,2026-04-27T21:33:52.486899
349,520,YES,2026-04-27T21:33:52.750165
349,631,YES,2026-04-27T21:33:53.056357
349,866,YES,2026-04-27T21:33:53.322302
349,126,NO,2026-04-27T21:33:53.521426
349,820,YES,2026-04-27T21:33:53.808600
349,678,NO,2026-04-27T21:33:54.333059
349,51,NO,2026-04-27T21:33:54.517962
349,611,YES,2026-04-27T21:33:54.869682
349,25,SUPER_LIKE,2026-04-27T21:33:55.144546
349,482,NO,2026-04-27T21:33:55.384201
349,455,YES,2026-04-27T21:33:55.634453
349,953,NO,2026-04-27T21:33:56.169064
349,555,NO,2026-04-27T21:33:56.368218
349,993,YES,2026-04-27T21:33:56.573237
349,100,YES,2026-04-27T21:33:56.882635
349,171,NO,2026-04-27T21:33:57.132173
350,451,YES,2026-04-27T21:33:57.373738
350,412,NO,2026-04-27T21:33:57.657945
350,839,NO,2026-04-27T21:33:57.920801
350,201,NO,2026-04-27T21:33:58.689595
350,486,NO,2026-04-27T21:33:58.943799
350,81,YES,2026-04-27T21:33:59.077348
350,794,NO,2026-04-27T21:33:59.314960
350,162,NO,2026-04-27T21:33:59.439054
350,1018,NO,2026-04-27T21:33:59.568198
350,632,YES,2026-04-27T21:33:59.704747
350,943,YES,2026-04-27T21:34:00.049387
350,286,NO,2026-04-27T21:34:00.180813
350,1011,NO,2026-04-27T21:34:00.308588
350,62,YES,2026-04-27T21:34:00.791139
350,156,NO,2026-04-27T21:34:00.912765
351,748,NO,2026-04-27T21:34:01.345911
351,143,YES,2026-04-27T21:34:01.510502
351,58,NO,2026-04-27T21:34:01.749225
351,348,NO,2026-04-27T21:34:01.868154
351,890,NO,2026-04-27T21:34:02.002697
351,960,NO,2026-04-27T21:34:02.176803
351,105,NO,2026-04-27T21:34:02.348434
351,959,NO,2026-04-27T21:34:02.481900
351,402,NO,2026-04-27T21:34:02.644768
351,508,NO,2026-04-27T21:34:02.897128
351,379,NO,2026-04-27T21:34:03.050223
351,77,NO,2026-04-27T21:34:03.178224
351,167,NO,2026-04-27T21:34:03.412494
352,98,NO,2026-04-27T21:34:03.824463
352,916,NO,2026-04-27T21:34:03.940211
352,476,NO,2026-04-27T21:34:04.057662
352,750,NO,2026-04-27T21:34:04.277056
352,428,NO,2026-04-27T21:34:04.384365
352,309,YES,2026-04-27T21:34:04.506437
352,845,NO,2026-04-27T21:34:05.076612
352,622,YES,2026-04-27T21:34:05.534339
352,361,NO,2026-04-27T21:34:05.653876
352,343,YES,2026-04-27T21:34:05.923012
352,764,NO,2026-04-27T21:34:06.038576
352,146,YES,2026-04-27T21:34:06.163047
353,328,NO,2026-04-27T21:34:06.356762
353,75,NO,2026-04-27T21:34:06.483653
353,783,YES,2026-04-27T21:34:06.717502
353,953,YES,2026-04-27T21:34:06.855456
353,749,NO,2026-04-27T21:34:06.981819
353,511,NO,2026-04-27T21:34:07.114883
353,431,YES,2026-04-27T21:34:07.248145
353,448,NO,2026-04-27T21:34:07.379289
353,753,NO,2026-04-27T21:34:07.530381
353,521,NO,2026-04-27T21:34:07.789771
353,30,NO,2026-04-27T21:34:08.044062
353,841,NO,2026-04-27T21:34:08.166203
353,463,YES,2026-04-27T21:34:08.318746
353,700,NO,2026-04-27T21:34:08.802929
353,661,NO,2026-04-27T21:34:08.972655
353,777,YES,2026-04-27T21:34:09.274170
353,634,NO,2026-04-27T21:34:09.527386
353,850,SUPER_LIKE,2026-04-27T21:34:09.647362
354,963,YES,2026-04-27T21:34:09.873776
354,335,YES,2026-04-27T21:34:10.281441
354,558,NO,2026-04-27T21:34:10.394889
354,784,NO,2026-04-27T21:34:10.857917
354,186,YES,2026-04-27T21:34:10.987789
354,191,YES,2026-04-27T21:34:11.109378
354,800,NO,2026-04-27T21:34:11.249144
354,98,NO,2026-04-27T21:34:11.373800
354,691,NO,2026-04-27T21:34:11.630908
354,328,YES,2026-04-27T21:34:11.761981
354,604,SUPER_LIKE,2026-04-27T21:34:11.889381
354,488,YES,2026-04-27T21:34:12.012915
354,40,NO,2026-04-27T21:34:12.175230
354,561,YES,2026-04-27T21:34:12.412470
354,244,NO,2026-04-27T21:34:12.550512
354,573,NO,2026-04-27T21:34:12.672418
355,724,NO,2026-04-27T21:34:12.889457
355,58,YES,2026-04-27T21:34:13.027259
355,42,NO,2026-04-27T21:34:13.143832
355,914,NO,2026-04-27T21:34:13.729468
355,755,NO,2026-04-27T21:34:13.844764
355,15,NO,2026-04-27T21:34:13.971736
355,428,NO,2026-04-27T21:34:14.098769
355,286,YES,2026-04-27T21:34:14.338810
355,445,YES,2026-04-27T21:34:14.451166
355,277,NO,2026-04-27T21:34:14.571364
355,796,NO,2026-04-27T21:34:14.692720
355,26,YES,2026-04-27T21:34:15.164668
355,625,SUPER_LIKE,2026-04-27T21:34:15.405316
356,553,NO,2026-04-27T21:34:15.583460
356,193,NO,2026-04-27T21:34:15.810543
356,500,SUPER_LIKE,2026-04-27T21:34:15.929489
356,656,YES,2026-04-27T21:34:16.049168
356,325,YES,2026-04-27T21:34:16.176589
356,481,SUPER_LIKE,2026-04-27T21:34:16.291447
356,961,SUPER_LIKE,2026-04-27T21:34:16.418389
356,889,YES,2026-04-27T21:34:16.537433
356,372,NO,2026-04-27T21:34:16.648972
356,726,NO,2026-04-27T21:34:16.993764
356,437,YES,2026-04-27T21:34:17.117348
356,204,NO,2026-04-27T21:34:17.352994
356,622,SUPER_LIKE,2026-04-27T21:34:17.466585
356,955,YES,2026-04-27T21:34:17.588068
356,946,NO,2026-04-27T21:34:17.713831
356,253,SUPER_LIKE,2026-04-27T21:34:17.862862
357,898,NO,2026-04-27T21:34:18.268424
357,312,NO,2026-04-27T21:34:18.372702
357,762,NO,2026-04-27T21:34:18.491965
357,255,NO,2026-04-27T21:34:19.231507
357,63,NO,2026-04-27T21:34:19.359199
357,694,NO,2026-04-27T21:34:19.584182
357,981,NO,2026-04-27T21:34:19.713601
357,598,NO,2026-04-27T21:34:20.000782
357,662,NO,2026-04-27T21:34:20.147275
357,613,YES,2026-04-27T21:34:20.293962
357,289,NO,2026-04-27T21:34:20.426217
357,359,NO,2026-04-27T21:34:20.683282
357,845,NO,2026-04-27T21:34:20.837493
357,567,NO,2026-04-27T21:34:20.969477
357,46,NO,2026-04-27T21:34:21.311157
357,288,NO,2026-04-27T21:34:21.441625
358,914,NO,2026-04-27T21:34:21.751459
358,436,NO,2026-04-27T21:34:21.879565
358,844,YES,2026-04-27T21:34:22.289673
358,842,YES,2026-04-27T21:34:22.412937
358,229,NO,2026-04-27T21:34:22.592298
358,674,SUPER_LIKE,2026-04-27T21:34:22.725243
358,950,YES,2026-04-27T21:34:22.843810
358,837,NO,2026-04-27T21:34:22.974974
358,389,NO,2026-04-27T21:34:23.242398
358,748,NO,2026-04-27T21:34:23.385673
358,573,NO,2026-04-27T21:34:23.539577
358,621,YES,2026-04-27T21:34:23.828045
358,406,NO,2026-04-27T21:34:24.158473
358,614,YES,2026-04-27T21:34:24.342352
358,125,NO,2026-04-27T21:34:24.677041
359,775,NO,2026-04-27T21:34:24.912523
359,1003,YES,2026-04-27T21:34:25.051115
359,331,NO,2026-04-27T21:34:25.307625
359,438,SUPER_LIKE,2026-04-27T21:34:25.541581
359,625,NO,2026-04-27T21:34:26.096016
359,244,NO,2026-04-27T21:34:26.215360
359,936,YES,2026-04-27T21:34:26.334131
359,952,YES,2026-04-27T21:34:26.458273
359,198,NO,2026-04-27T21:34:26.698755
359,220,NO,2026-04-27T21:34:26.824098
359,391,NO,2026-04-27T21:34:26.930555
359,573,NO,2026-04-27T21:34:27.045425
359,507,NO,2026-04-27T21:34:27.463497
359,955,NO,2026-04-27T21:34:27.605053
360,659,YES,2026-04-27T21:34:27.818860
360,783,NO,2026-04-27T21:34:27.992646
360,522,SUPER_LIKE,2026-04-27T21:34:28.150198
360,411,NO,2026-04-27T21:34:28.273827
360,277,YES,2026-04-27T21:34:28.440573
360,543,NO,2026-04-27T21:34:28.560734
360,60,YES,2026-04-27T21:34:28.694419
360,566,YES,2026-04-27T21:34:28.815305
360,413,YES,2026-04-27T21:34:28.942836
360,530,YES,2026-04-27T21:34:29.061146
360,106,YES,2026-04-27T21:34:29.175759
360,699,YES,2026-04-27T21:34:29.387885
360,997,YES,2026-04-27T21:34:29.631199
360,665,YES,2026-04-27T21:34:29.756387
360,332,YES,2026-04-27T21:34:29.875357
360,1020,YES,2026-04-27T21:34:29.997127
360,34,SUPER_LIKE,2026-04-27T21:34:30.121178
360,717,SUPER_LIKE,2026-04-27T21:34:30.250440
361,546,NO,2026-04-27T21:34:30.653161
361,55,NO,2026-04-27T21:34:30.766645
361,736,NO,2026-04-27T21:34:30.885638
361,660,NO,2026-04-27T21:34:30.998654
361,325,NO,2026-04-27T21:34:31.225470
361,767,NO,2026-04-27T21:34:31.572572
361,785,YES,2026-04-27T21:34:31.798100
361,93,NO,2026-04-27T21:34:31.921375
361,38,NO,2026-04-27T21:34:32.032328
361,923,NO,2026-04-27T21:34:32.154662
361,394,NO,2026-04-27T21:34:32.268224
361,620,NO,2026-04-27T21:34:32.508892
361,900,NO,2026-04-27T21:34:32.622529
361,838,NO,2026-04-27T21:34:32.743134
361,642,NO,2026-04-27T21:34:32.862832
361,989,YES,2026-04-27T21:34:33.105119
362,985,YES,2026-04-27T21:34:33.275756
362,943,NO,2026-04-27T21:34:33.384851
362,853,YES,2026-04-27T21:34:33.612909
362,203,NO,2026-04-27T21:34:33.856835
362,847,YES,2026-04-27T21:34:33.971246
362,766,YES,2026-04-27T21:34:34.210317
362,406,NO,2026-04-27T21:34:34.340236
362,537,YES,2026-04-27T21:34:34.458325
362,670,NO,2026-04-27T21:34:34.571863
362,274,NO,2026-04-27T21:34:34.804102
362,299,NO,2026-04-27T21:34:34.928152
362,159,YES,2026-04-27T21:34:35.042760
362,433,YES,2026-04-27T21:34:35.154238
362,171,NO,2026-04-27T21:34:35.380554
362,783,YES,2026-04-27T21:34:35.510387
363,435,NO,2026-04-27T21:34:35.802790
363,574,NO,2026-04-27T21:34:35.914779
363,731,NO,2026-04-27T21:34:36.156268
363,58,NO,2026-04-27T21:34:36.263537
363,825,NO,2026-04-27T21:34:36.381972
363,140,NO,2026-04-27T21:34:36.490768
363,123,YES,2026-04-27T21:34:36.607670
363,955,YES,2026-04-27T21:34:36.731006
363,165,NO,2026-04-27T21:34:36.839771
363,983,YES,2026-04-27T21:34:36.961804
363,418,NO,2026-04-27T21:34:37.069686
363,616,NO,2026-04-27T21:34:37.184957
363,248,NO,2026-04-27T21:34:37.550232
363,751,NO,2026-04-27T21:34:37.665857
363,20,NO,2026-04-27T21:34:37.783354
363,492,NO,2026-04-27T21:34:38.015421
363,916,NO,2026-04-27T21:34:38.124085
364,365,YES,2026-04-27T21:34:38.292778
364,104,NO,2026-04-27T21:34:38.420175
364,700,NO,2026-04-27T21:34:38.542466
364,660,NO,2026-04-27T21:34:38.658527
364,920,NO,2026-04-27T21:34:38.883931
364,975,NO,2026-04-27T21:34:39.000902
364,128,NO,2026-04-27T21:34:39.114086
364,467,YES,2026-04-27T21:34:39.228617
364,360,NO,2026-04-27T21:34:39.451549
364,622,NO,2026-04-27T21:34:39.689832
364,908,NO,2026-04-27T21:34:39.809911
364,935,NO,2026-04-27T21:34:39.917328
364,146,NO,2026-04-27T21:34:40.028020
364,461,NO,2026-04-27T21:34:40.484311
364,331,YES,2026-04-27T21:34:40.606792
364,482,NO,2026-04-27T21:34:40.741879
364,744,NO,2026-04-27T21:34:40.967093
364,867,NO,2026-04-27T21:34:41.087423
364,515,NO,2026-04-27T21:34:41.212792
365,694,NO,2026-04-27T21:34:41.394731
365,270,NO,2026-04-27T21:34:41.502044
365,117,NO,2026-04-27T21:34:41.614138
365,331,NO,2026-04-27T21:34:41.734165
365,36,NO,2026-04-27T21:34:41.854493
365,769,NO,2026-04-27T21:34:41.965354
365,543,NO,2026-04-27T21:34:42.081876
365,31,NO,2026-04-27T21:34:42.197757
365,72,NO,2026-04-27T21:34:42.318842
365,356,NO,2026-04-27T21:34:42.444062
365,181,NO,2026-04-27T21:34:42.558792
365,422,NO,2026-04-27T21:34:42.784309
365,989,YES,2026-04-27T21:34:42.902857
365,572,NO,2026-04-27T21:34:43.144497
365,274,YES,2026-04-27T21:34:43.254469
365,962,NO,2026-04-27T21:34:43.361215
365,55,NO,2026-04-27T21:34:43.597954
365,918,YES,2026-04-27T21:34:43.882403
366,769,NO,2026-04-27T21:34:44.172034
366,257,SUPER_LIKE,2026-04-27T21:34:44.398051
366,657,YES,2026-04-27T21:34:44.623015
366,1018,NO,2026-04-27T21:34:44.743049
366,468,NO,2026-04-27T21:34:44.960201
366,105,NO,2026-04-27T21:34:45.064725
366,258,NO,2026-04-27T21:34:45.185025
366,433,YES,2026-04-27T21:34:45.311967
366,188,NO,2026-04-27T21:34:45.415592
366,709,NO,2026-04-27T21:34:45.526394
366,278,NO,2026-04-27T21:34:45.635758
366,486,NO,2026-04-27T21:34:45.753388
366,47,NO,2026-04-27T21:34:45.882625
366,947,YES,2026-04-27T21:34:46.005478
366,740,NO,2026-04-27T21:34:46.120882
366,352,NO,2026-04-27T21:34:46.361620
366,892,NO,2026-04-27T21:34:46.481712
366,242,NO,2026-04-27T21:34:46.593092
367,202,NO,2026-04-27T21:34:46.754271
367,201,NO,2026-04-27T21:34:46.863674
367,86,YES,2026-04-27T21:34:46.995777
367,339,NO,2026-04-27T21:34:47.105649
367,996,NO,2026-04-27T21:34:47.221952
367,476,NO,2026-04-27T21:34:47.331781
367,743,YES,2026-04-27T21:34:47.567032
367,231,YES,2026-04-27T21:34:47.696152
367,449,YES,2026-04-27T21:34:47.843094
367,166,YES,2026-04-27T21:34:47.962488
367,962,NO,2026-04-27T21:34:48.072917
367,84,NO,2026-04-27T21:34:48.194901
367,513,NO,2026-04-27T21:34:48.303667
367,330,YES,2026-04-27T21:34:48.413205
367,625,NO,2026-04-27T21:34:48.524988
367,185,NO,2026-04-27T21:34:48.795207
367,919,YES,2026-04-27T21:34:48.907303
367,816,YES,2026-04-27T21:34:49.016925
368,530,NO,2026-04-27T21:34:49.198765
368,593,NO,2026-04-27T21:34:49.335201
368,15,NO,2026-04-27T21:34:49.452254
368,827,NO,2026-04-27T21:34:49.564364
368,59,YES,2026-04-27T21:34:49.668692
368,405,NO,2026-04-27T21:34:49.782425
368,447,NO,2026-04-27T21:34:49.905369
368,757,NO,2026-04-27T21:34:50.030248
368,350,NO,2026-04-27T21:34:50.150314
368,73,YES,2026-04-27T21:34:50.269898
368,101,NO,2026-04-27T21:34:50.378302
368,532,YES,2026-04-27T21:34:50.512376
368,810,NO,2026-04-27T21:34:50.630982
368,816,NO,2026-04-27T21:34:50.858756
368,995,NO,2026-04-27T21:34:51.218563
368,1015,NO,2026-04-27T21:34:51.341204
368,227,NO,2026-04-27T21:34:51.460729
368,664,NO,2026-04-27T21:34:51.578693
369,231,NO,2026-04-27T21:34:51.918036
369,910,YES,2026-04-27T21:34:52.076293
369,247,YES,2026-04-27T21:34:52.234625
369,400,NO,2026-04-27T21:34:52.366075
369,811,YES,2026-04-27T21:34:52.603376
369,981,YES,2026-04-27T21:34:52.958197
369,422,NO,2026-04-27T21:34:53.187336
369,568,NO,2026-04-27T21:34:53.303744
369,86,YES,2026-04-27T21:34:53.428199
369,907,YES,2026-04-27T21:34:53.559981
369,542,NO,2026-04-27T21:34:53.676983
369,288,NO,2026-04-27T21:34:53.921314
369,648,NO,2026-04-27T21:34:54.142456
369,344,YES,2026-04-27T21:34:54.255743
369,928,NO,2026-04-27T21:34:54.366481
369,330,YES,2026-04-27T21:34:54.590115
369,784,NO,2026-04-27T21:34:54.714483
370,383,NO,2026-04-27T21:34:55.007439
370,105,NO,2026-04-27T21:34:55.225305
370,131,NO,2026-04-27T21:34:55.343372
370,89,NO,2026-04-27T21:34:55.564085
370,33,YES,2026-04-27T21:34:55.679951
370,186,NO,2026-04-27T21:34:55.796682
370,257,NO,2026-04-27T21:34:55.925188
370,310,NO,2026-04-27T21:34:56.059810
370,525,NO,2026-04-27T21:34:56.183786
370,221,NO,2026-04-27T21:34:56.295931
370,489,NO,2026-04-27T21:34:56.418951
370,963,NO,2026-04-27T21:34:56.541380
370,830,NO,2026-04-27T21:34:56.653452
370,655,YES,2026-04-27T21:34:56.771737
370,336,NO,2026-04-27T21:34:56.890273
370,415,NO,2026-04-27T21:34:57.019766
370,116,NO,2026-04-27T21:34:57.151798
370,169,NO,2026-04-27T21:34:57.262945
370,230,NO,2026-04-27T21:34:57.507316
371,144,NO,2026-04-27T21:34:57.684978
371,742,NO,2026-04-27T21:34:57.828691
371,610,NO,2026-04-27T21:34:57.974914
371,535,NO,2026-04-27T21:34:58.130629
371,148,YES,2026-04-27T21:34:58.299189
371,69,NO,2026-04-27T21:34:58.577159
371,305,YES,2026-04-27T21:34:58.748474
371,709,SUPER_LIKE,2026-04-27T21:34:58.916047
371,61,YES,2026-04-27T21:34:59.331078
371,370,NO,2026-04-27T21:34:59.641563
371,903,NO,2026-04-27T21:34:59.940964
371,140,YES,2026-04-27T21:35:00.227481
371,804,NO,2026-04-27T21:35:00.585160
371,958,NO,2026-04-27T21:35:00.719248
372,731,YES,2026-04-27T21:35:00.894811
372,848,YES,2026-04-27T21:35:01.014191
372,760,YES,2026-04-27T21:35:01.259698
372,199,YES,2026-04-27T21:35:01.495655
372,742,NO,2026-04-27T21:35:01.608328
372,792,NO,2026-04-27T21:35:01.748951
372,724,NO,2026-04-27T21:35:01.878906
372,374,YES,2026-04-27T21:35:01.997514
372,971,YES,2026-04-27T21:35:02.249582
372,648,YES,2026-04-27T21:35:02.419579
372,839,NO,2026-04-27T21:35:02.790041
372,201,NO,2026-04-27T21:35:03.179805
372,920,NO,2026-04-27T21:35:03.291839
372,863,NO,2026-04-27T21:35:03.423810
372,715,YES,2026-04-27T21:35:03.540752
372,915,YES,2026-04-27T21:35:03.651368
373,652,NO,2026-04-27T21:35:03.841013
373,108,YES,2026-04-27T21:35:03.963954
373,210,YES,2026-04-27T21:35:04.213486
373,871,NO,2026-04-27T21:35:04.326422
373,62,YES,2026-04-27T21:35:04.439565
373,140,YES,2026-04-27T21:35:04.551951
373,990,NO,2026-04-27T21:35:04.685544
373,154,NO,2026-04-27T21:35:04.915650
373,970,YES,2026-04-27T21:35:05.028848
373,469,YES,2026-04-27T21:35:05.260991
373,216,NO,2026-04-27T21:35:05.376386
373,541,NO,2026-04-27T21:35:05.486839
373,321,NO,2026-04-27T21:35:05.598845
373,594,YES,2026-04-27T21:35:05.714420
373,419,NO,2026-04-27T21:35:05.833696
373,517,YES,2026-04-27T21:35:05.956190
373,366,NO,2026-04-27T21:35:06.064844
373,155,YES,2026-04-27T21:35:06.175313
374,701,NO,2026-04-27T21:35:06.339220
374,805,NO,2026-04-27T21:35:06.593178
374,690,NO,2026-04-27T21:35:06.702528
374,245,NO,2026-04-27T21:35:06.826042
374,511,NO,2026-04-27T21:35:06.937639
374,900,NO,2026-04-27T21:35:07.052172
374,36,NO,2026-04-27T21:35:07.167106
374,576,NO,2026-04-27T21:35:07.278961
374,473,NO,2026-04-27T21:35:07.496868
374,345,NO,2026-04-27T21:35:07.619646
374,799,NO,2026-04-27T21:35:07.728158
374,452,YES,2026-04-27T21:35:07.946882
374,130,NO,2026-04-27T21:35:08.056566
374,550,NO,2026-04-27T21:35:08.282983
374,811,NO,2026-04-27T21:35:08.394707
374,31,NO,2026-04-27T21:35:08.507305
374,587,NO,2026-04-27T21:35:08.758549
374,996,NO,2026-04-27T21:35:08.871466
374,502,NO,2026-04-27T21:35:09.101088
375,661,NO,2026-04-27T21:35:09.273391
375,1017,NO,2026-04-27T21:35:09.390392
375,26,YES,2026-04-27T21:35:09.499294
375,434,NO,2026-04-27T21:35:09.607601
375,99,NO,2026-04-27T21:35:09.984982
375,703,NO,2026-04-27T21:35:10.224804
375,960,NO,2026-04-27T21:35:10.689859
375,180,NO,2026-04-27T21:35:10.809567
375,765,NO,2026-04-27T21:35:11.030327
375,64,NO,2026-04-27T21:35:11.158523
375,282,NO,2026-04-27T21:35:11.283816
375,90,NO,2026-04-27T21:35:11.401231
375,788,NO,2026-04-27T21:35:11.512967
375,34,NO,2026-04-27T21:35:11.771443
375,684,NO,2026-04-27T21:35:11.885481
376,935,NO,2026-04-27T21:35:12.194006
376,155,NO,2026-04-27T21:35:12.670636
376,178,NO,2026-04-27T21:35:12.794844
376,80,YES,2026-04-27T21:35:13.261371
376,676,NO,2026-04-27T21:35:13.400930
376,947,NO,2026-04-27T21:35:13.516071
376,220,NO,2026-04-27T21:35:13.621714
376,61,NO,2026-04-27T21:35:13.733634
376,508,NO,2026-04-27T21:35:13.850024
376,612,NO,2026-04-27T21:35:13.979027
376,446,NO,2026-04-27T21:35:14.089910
376,449,YES,2026-04-27T21:35:14.200711
376,437,NO,2026-04-27T21:35:14.559980
376,626,NO,2026-04-27T21:35:14.669710
376,972,NO,2026-04-27T21:35:14.900635
376,617,YES,2026-04-27T21:35:15.017238
377,760,YES,2026-04-27T21:35:15.306391
377,944,NO,2026-04-27T21:35:15.424219
377,286,YES,2026-04-27T21:35:15.541169
377,344,YES,2026-04-27T21:35:15.659964
377,844,YES,2026-04-27T21:35:15.780818
377,807,NO,2026-04-27T21:35:15.890758
377,630,YES,2026-04-27T21:35:16.003725
377,533,NO,2026-04-27T21:35:16.116046
377,503,NO,2026-04-27T21:35:16.238690
377,640,YES,2026-04-27T21:35:16.359296
377,206,NO,2026-04-27T21:35:16.470750
377,156,NO,2026-04-27T21:35:16.583833
377,213,NO,2026-04-27T21:35:16.692634
377,528,YES,2026-04-27T21:35:16.810098
377,860,NO,2026-04-27T21:35:16.942003
377,894,NO,2026-04-27T21:35:17.047757
377,770,NO,2026-04-27T21:35:17.263094
377,71,NO,2026-04-27T21:35:17.372395
377,794,NO,2026-04-27T21:35:17.499200
378,439,YES,2026-04-27T21:35:17.680786
378,49,NO,2026-04-27T21:35:17.831378
378,118,NO,2026-04-27T21:35:17.940451
378,239,NO,2026-04-27T21:35:18.063381
378,877,NO,2026-04-27T21:35:18.289703
378,126,NO,2026-04-27T21:35:18.401579
378,448,NO,2026-04-27T21:35:18.511961
378,28,NO,2026-04-27T21:35:18.638031
378,92,NO,2026-04-27T21:35:18.750954
378,71,NO,2026-04-27T21:35:18.869551
378,148,NO,2026-04-27T21:35:18.983794
378,779,NO,2026-04-27T21:35:19.103806
378,759,NO,2026-04-27T21:35:19.226422
378,550,NO,2026-04-27T21:35:19.491321
378,337,NO,2026-04-27T21:35:19.635943
378,822,NO,2026-04-27T21:35:19.863295
378,139,NO,2026-04-27T21:35:19.985356
378,597,YES,2026-04-27T21:35:20.111873
378,295,NO,2026-04-27T21:35:20.254338
379,146,NO,2026-04-27T21:35:20.510000
379,779,NO,2026-04-27T21:35:20.676700
379,345,NO,2026-04-27T21:35:20.826243
379,141,NO,2026-04-27T21:35:21.075854
379,575,NO,2026-04-27T21:35:21.203277
379,300,NO,2026-04-27T21:35:21.313616
379,919,NO,2026-04-27T21:35:21.427160
379,623,NO,2026-04-27T21:35:21.668142
379,558,YES,2026-04-27T21:35:21.922378
379,125,NO,2026-04-27T21:35:22.135513
379,299,NO,2026-04-27T21:35:22.248847
379,186,NO,2026-04-27T21:35:22.379926
379,797,YES,2026-04-27T21:35:22.617301
379,481,NO,2026-04-27T21:35:22.740188
379,224,NO,2026-04-27T21:35:22.860878
379,743,YES,2026-04-27T21:35:23.085134
379,616,YES,2026-04-27T21:35:23.334350
380,271,YES,2026-04-27T21:35:23.635566
380,907,NO,2026-04-27T21:35:23.752339
380,665,YES,2026-04-27T21:35:23.885678
380,584,NO,2026-04-27T21:35:24.012506
380,911,YES,2026-04-27T21:35:24.237428
380,175,NO,2026-04-27T21:35:24.355664
380,143,YES,2026-04-27T21:35:24.636926
380,423,NO,2026-04-27T21:35:24.756024
380,211,NO,2026-04-27T21:35:24.882856
380,728,NO,2026-04-27T21:35:25.129483
380,906,NO,2026-04-27T21:35:25.247247
380,470,NO,2026-04-27T21:35:25.493117
380,137,YES,2026-04-27T21:35:25.628381
380,1017,NO,2026-04-27T21:35:25.742624
380,358,YES,2026-04-27T21:35:25.866979
380,362,NO,2026-04-27T21:35:26.100810
381,371,NO,2026-04-27T21:35:26.512581
381,860,NO,2026-04-27T21:35:26.620775
381,597,YES,2026-04-27T21:35:26.746383
381,892,YES,2026-04-27T21:35:26.867433
381,267,NO,2026-04-27T21:35:27.095038
381,270,NO,2026-04-27T21:35:27.334498
381,268,NO,2026-04-27T21:35:27.485334
381,464,NO,2026-04-27T21:35:27.725758
381,497,NO,2026-04-27T21:35:27.845387
381,752,NO,2026-04-27T21:35:27.975454
381,954,YES,2026-04-27T21:35:28.109946
381,818,YES,2026-04-27T21:35:28.241274
381,596,NO,2026-04-27T21:35:28.476999
381,815,NO,2026-04-27T21:35:28.730740
381,353,NO,2026-04-27T21:35:28.849637
381,195,NO,2026-04-27T21:35:28.980948
382,554,NO,2026-04-27T21:35:29.164285
382,123,NO,2026-04-27T21:35:29.281366
382,987,NO,2026-04-27T21:35:29.398049
382,980,NO,2026-04-27T21:35:29.624311
382,582,NO,2026-04-27T21:35:29.747036
382,611,NO,2026-04-27T21:35:29.866728
382,23,NO,2026-04-27T21:35:29.985141
382,919,NO,2026-04-27T21:35:30.111099
382,172,NO,2026-04-27T21:35:30.583508
382,324,YES,2026-04-27T21:35:30.945338
382,440,NO,2026-04-27T21:35:31.065020
382,660,NO,2026-04-27T21:35:31.182684
382,217,NO,2026-04-27T21:35:31.586793
382,706,NO,2026-04-27T21:35:31.830749
383,1016,NO,2026-04-27T21:35:32.008869
383,843,NO,2026-04-27T21:35:32.124053
383,587,NO,2026-04-27T21:35:32.639769
383,897,NO,2026-04-27T21:35:32.746414
383,905,NO,2026-04-27T21:35:32.865321
383,995,NO,2026-04-27T21:35:32.987033
383,529,NO,2026-04-27T21:35:33.101179
383,622,NO,2026-04-27T21:35:33.220960
383,214,NO,2026-04-27T21:35:33.348742
383,237,YES,2026-04-27T21:35:33.578955
383,682,NO,2026-04-27T21:35:33.810798
383,527,YES,2026-04-27T21:35:33.929168
383,847,NO,2026-04-27T21:35:34.273141
383,396,SUPER_LIKE,2026-04-27T21:35:34.388877
383,147,NO,2026-04-27T21:35:34.512833
383,777,NO,2026-04-27T21:35:34.637291
383,893,NO,2026-04-27T21:35:34.868601
384,721,YES,2026-04-27T21:35:35.059015
384,491,NO,2026-04-27T21:35:35.178022
384,1008,SUPER_LIKE,2026-04-27T21:35:35.299347
384,298,YES,2026-04-27T21:35:35.432506
384,255,NO,2026-04-27T21:35:35.552111
384,282,NO,2026-04-27T21:35:35.791232
384,844,YES,2026-04-27T21:35:35.925211
384,425,NO,2026-04-27T21:35:36.166384
384,471,SUPER_LIKE,2026-04-27T21:35:36.413447
384,694,NO,2026-04-27T21:35:36.534661
384,91,NO,2026-04-27T21:35:36.790985
384,836,YES,2026-04-27T21:35:36.915029
384,692,NO,2026-04-27T21:35:37.034177
384,787,NO,2026-04-27T21:35:37.165231
384,607,NO,2026-04-27T21:35:37.322361
384,77,NO,2026-04-27T21:35:37.443770
385,709,YES,2026-04-27T21:35:37.866285
385,350,NO,2026-04-27T21:35:37.974622
385,652,NO,2026-04-27T21:35:38.088862
385,254,NO,2026-04-27T21:35:38.208436
385,505,NO,2026-04-27T21:35:38.338505
385,913,YES,2026-04-27T21:35:38.590514
385,821,NO,2026-04-27T21:35:38.714338
385,879,NO,2026-04-27T21:35:38.949992
385,508,NO,2026-04-27T21:35:39.063684
385,985,YES,2026-04-27T21:35:39.184341
385,479,NO,2026-04-27T21:35:39.532221
385,120,NO,2026-04-27T21:35:39.761352
385,15,NO,2026-04-27T21:35:39.875567
385,105,NO,2026-04-27T21:35:40.118092
385,502,NO,2026-04-27T21:35:40.237676
385,355,NO,2026-04-27T21:35:40.348369
386,304,NO,2026-04-27T21:35:40.664425
386,42,NO,2026-04-27T21:35:40.779097
386,734,NO,2026-04-27T21:35:41.012552
386,504,NO,2026-04-27T21:35:41.122021
386,250,NO,2026-04-27T21:35:41.245354
386,637,NO,2026-04-27T21:35:41.363394
386,616,NO,2026-04-27T21:35:41.726408
386,929,NO,2026-04-27T21:35:41.852349
386,299,NO,2026-04-27T21:35:42.083527
386,761,NO,2026-04-27T21:35:42.212787
386,893,NO,2026-04-27T21:35:42.320887
386,153,NO,2026-04-27T21:35:42.606019
386,524,NO,2026-04-27T21:35:42.725091
386,151,YES,2026-04-27T21:35:42.846309
386,780,NO,2026-04-27T21:35:42.970662
386,39,NO,2026-04-27T21:35:43.098738
387,290,NO,2026-04-27T21:35:43.265685
387,913,YES,2026-04-27T21:35:43.511238
387,713,NO,2026-04-27T21:35:43.636567
387,1019,NO,2026-04-27T21:35:43.974566
387,627,NO,2026-04-27T21:35:44.203242
387,812,YES,2026-04-27T21:35:44.331913
387,647,YES,2026-04-27T21:35:44.455479
387,981,YES,2026-04-27T21:35:44.569791
387,419,NO,2026-04-27T21:35:44.686609
387,458,YES,2026-04-27T21:35:44.812295
387,864,NO,2026-04-27T21:35:44.932009
387,653,YES,2026-04-27T21:35:45.162975
387,666,NO,2026-04-27T21:35:45.283862
387,1009,YES,2026-04-27T21:35:45.403684
387,906,NO,2026-04-27T21:35:45.512342
387,228,NO,2026-04-27T21:35:45.633233
387,659,NO,2026-04-27T21:35:45.745856
387,413,NO,2026-04-27T21:35:45.862309
387,456,NO,2026-04-27T21:35:45.973387
388,519,YES,2026-04-27T21:35:46.151732
388,314,YES,2026-04-27T21:35:46.274087
388,287,NO,2026-04-27T21:35:46.385941
388,736,YES,2026-04-27T21:35:46.504447
388,192,YES,2026-04-27T21:35:46.616662
388,939,YES,2026-04-27T21:35:46.741829
388,401,SUPER_LIKE,2026-04-27T21:35:46.858351
388,160,NO,2026-04-27T21:35:46.982432
388,725,SUPER_LIKE,2026-04-27T21:35:47.222656
388,55,YES,2026-04-27T21:35:47.449599
388,481,SUPER_LIKE,2026-04-27T21:35:47.818536
388,781,YES,2026-04-27T21:35:47.932283
388,444,YES,2026-04-27T21:35:48.049925
388,520,YES,2026-04-27T21:35:48.170577
388,588,YES,2026-04-27T21:35:48.301415
388,57,YES,2026-04-27T21:35:48.409357
388,222,SUPER_LIKE,2026-04-27T21:35:48.639267
389,862,YES,2026-04-27T21:35:48.813103
389,982,YES,2026-04-27T21:35:48.932303
389,305,NO,2026-04-27T21:35:49.045082
389,474,NO,2026-04-27T21:35:49.183740
389,658,NO,2026-04-27T21:35:49.302229
389,746,NO,2026-04-27T21:35:49.423253
389,720,NO,2026-04-27T21:35:49.532979
389,266,NO,2026-04-27T21:35:49.641500
389,436,NO,2026-04-27T21:35:49.765473
389,722,NO,2026-04-27T21:35:49.983950
389,622,NO,2026-04-27T21:35:50.093937
389,608,YES,2026-04-27T21:35:50.212490
389,60,NO,2026-04-27T21:35:50.328734
389,715,NO,2026-04-27T21:35:50.446590
389,542,NO,2026-04-27T21:35:50.563221
389,259,NO,2026-04-27T21:35:50.688157
389,828,NO,2026-04-27T21:35:50.799323
389,441,NO,2026-04-27T21:35:50.913603
389,11,NO,2026-04-27T21:35:51.033763
389,725,NO,2026-04-27T21:35:51.145401
390,946,SUPER_LIKE,2026-04-27T21:35:51.430224
390,873,NO,2026-04-27T21:35:51.535589
390,788,YES,2026-04-27T21:35:51.767426
390,34,YES,2026-04-27T21:35:51.882486
390,927,NO,2026-04-27T21:35:52.017525
390,603,YES,2026-04-27T21:35:52.149427
390,820,NO,2026-04-27T21:35:52.272639
390,386,YES,2026-04-27T21:35:52.510065
390,689,NO,2026-04-27T21:35:52.614714
390,395,NO,2026-04-27T21:35:52.724245
390,48,YES,2026-04-27T21:35:52.972216
390,1017,NO,2026-04-27T21:35:53.190730
390,119,NO,2026-04-27T21:35:53.308564
390,874,NO,2026-04-27T21:35:53.527062
390,460,YES,2026-04-27T21:35:53.639044
390,228,YES,2026-04-27T21:35:53.751148
390,898,NO,2026-04-27T21:35:53.859733
390,799,NO,2026-04-27T21:35:53.977057
390,116,NO,2026-04-27T21:35:54.095045
391,608,NO,2026-04-27T21:35:54.388396
391,461,NO,2026-04-27T21:35:54.500952
391,299,NO,2026-04-27T21:35:54.733092
391,597,NO,2026-04-27T21:35:54.841125
391,61,NO,2026-04-27T21:35:55.062356
391,124,NO,2026-04-27T21:35:55.190204
391,264,NO,2026-04-27T21:35:55.307685
391,748,NO,2026-04-27T21:35:55.427577
391,1013,NO,2026-04-27T21:35:55.551756
391,739,YES,2026-04-27T21:35:55.661050
391,450,NO,2026-04-27T21:35:55.778154
391,484,NO,2026-04-27T21:35:55.887730
391,870,NO,2026-04-27T21:35:56.010684
391,100,YES,2026-04-27T21:35:56.240440
391,142,NO,2026-04-27T21:35:56.355869
391,160,NO,2026-04-27T21:35:56.470910
391,348,NO,2026-04-27T21:35:56.590636
391,298,NO,2026-04-27T21:35:56.702574
391,77,NO,2026-04-27T21:35:56.808138
391,448,NO,2026-04-27T21:35:56.926419
392,237,YES,2026-04-27T21:35:57.109178
392,733,NO,2026-04-27T21:35:57.216458
392,245,NO,2026-04-27T21:35:57.336139
392,624,YES,2026-04-27T21:35:57.468199
392,965,NO,2026-04-27T21:35:57.686601
392,430,YES,2026-04-27T21:35:57.917024
392,503,YES,2026-04-27T21:35:58.042963
392,192,NO,2026-04-27T21:35:58.280697
392,874,NO,2026-04-27T21:35:58.384438
392,748,NO,2026-04-27T21:35:58.615403
392,142,YES,2026-04-27T21:35:58.858048
392,975,YES,2026-04-27T21:35:58.977327
392,659,NO,2026-04-27T21:35:59.447606
392,413,YES,2026-04-27T21:35:59.565211
392,769,NO,2026-04-27T21:35:59.676240
392,767,NO,2026-04-27T21:35:59.804193
392,123,SUPER_LIKE,2026-04-27T21:35:59.922388
393,130,NO,2026-04-27T21:36:00.099333
393,170,NO,2026-04-27T21:36:00.336801
393,503,NO,2026-04-27T21:36:00.461112
393,767,YES,2026-04-27T21:36:00.587535
393,635,NO,2026-04-27T21:36:00.697930
393,576,NO,2026-04-27T21:36:00.815551
393,247,NO,2026-04-27T21:36:00.924395
393,56,NO,2026-04-27T21:36:01.056190
393,54,YES,2026-04-27T21:36:01.169872
393,900,NO,2026-04-27T21:36:01.528289
393,532,NO,2026-04-27T21:36:01.643417
393,188,NO,2026-04-27T21:36:01.870333
393,272,NO,2026-04-27T21:36:01.990400
393,194,NO,2026-04-27T21:36:02.101395
393,235,NO,2026-04-27T21:36:02.222125
393,727,NO,2026-04-27T21:36:02.445238
393,282,NO,2026-04-27T21:36:02.557643
394,629,YES,2026-04-27T21:36:02.732228
394,765,YES,2026-04-27T21:36:02.846648
394,393,NO,2026-04-27T21:36:02.957413
394,412,YES,2026-04-27T21:36:03.091231
394,990,YES,2026-04-27T21:36:03.214873
394,126,YES,2026-04-27T21:36:03.349115
394,211,NO,2026-04-27T21:36:03.809739
394,375,NO,2026-04-27T21:36:03.933248
394,755,NO,2026-04-27T21:36:04.298112
394,276,YES,2026-04-27T21:36:04.423004
394,839,NO,2026-04-27T21:36:04.556513
394,33,YES,2026-04-27T21:36:04.672456
394,413,NO,2026-04-27T21:36:04.778827
394,263,NO,2026-04-27T21:36:05.001898
394,787,YES,2026-04-27T21:36:05.241431
394,628,YES,2026-04-27T21:36:05.370386
395,827,NO,2026-04-27T21:36:05.663255
395,698,YES,2026-04-27T21:36:05.776956
395,472,YES,2026-04-27T21:36:05.892842
395,244,NO,2026-04-27T21:36:06.005650
395,115,NO,2026-04-27T21:36:06.117137
395,731,NO,2026-04-27T21:36:06.333541
395,650,NO,2026-04-27T21:36:06.450705
395,70,NO,2026-04-27T21:36:06.674514
395,560,YES,2026-04-27T21:36:06.800643
395,500,YES,2026-04-27T21:36:07.261087
395,298,YES,2026-04-27T21:36:07.386139
395,450,NO,2026-04-27T21:36:07.762175
395,547,NO,2026-04-27T21:36:08.007507
395,948,YES,2026-04-27T21:36:08.127701
395,988,YES,2026-04-27T21:36:08.265743
395,246,NO,2026-04-27T21:36:08.483753
395,779,YES,2026-04-27T21:36:08.622598
395,614,YES,2026-04-27T21:36:08.741712
396,949,NO,2026-04-27T21:36:08.915942
396,512,NO,2026-04-27T21:36:09.136188
396,306,NO,2026-04-27T21:36:09.373660
396,813,NO,2026-04-27T21:36:09.499276
396,443,NO,2026-04-27T21:36:09.739880
396,353,NO,2026-04-27T21:36:09.877087
396,634,NO,2026-04-27T21:36:09.996940
396,80,NO,2026-04-27T21:36:10.124976
396,850,NO,2026-04-27T21:36:10.232882
396,755,NO,2026-04-27T21:36:10.810630
396,786,NO,2026-04-27T21:36:10.945076
396,150,NO,2026-04-27T21:36:11.360657
396,979,NO,2026-04-27T21:36:11.491897
396,624,YES,2026-04-27T21:36:11.615086
396,516,NO,2026-04-27T21:36:11.728571
396,620,NO,2026-04-27T21:36:11.838609
397,550,NO,2026-04-27T21:36:12.149860
397,384,NO,2026-04-27T21:36:12.381691
397,975,NO,2026-04-27T21:36:12.495146
397,593,NO,2026-04-27T21:36:12.624447
397,902,YES,2026-04-27T21:36:12.745686
397,291,NO,2026-04-27T21:36:12.967973
397,1021,NO,2026-04-27T21:36:13.086178
397,818,YES,2026-04-27T21:36:13.210914
397,150,NO,2026-04-27T21:36:13.329472
397,187,NO,2026-04-27T21:36:13.452636
397,833,NO,2026-04-27T21:36:13.575851
397,819,YES,2026-04-27T21:36:13.926676
397,276,NO,2026-04-27T21:36:14.049342
397,640,SUPER_LIKE,2026-04-27T21:36:14.175020
397,834,NO,2026-04-27T21:36:14.308070
397,459,NO,2026-04-27T21:36:14.429464
397,557,NO,2026-04-27T21:36:14.545293
397,923,NO,2026-04-27T21:36:14.668467
398,161,YES,2026-04-27T21:36:14.840448
398,20,NO,2026-04-27T21:36:14.959216
398,142,YES,2026-04-27T21:36:15.205051
398,949,YES,2026-04-27T21:36:15.336625
398,389,NO,2026-04-27T21:36:15.448415
398,944,YES,2026-04-27T21:36:15.580321
398,405,NO,2026-04-27T21:36:15.702610
398,988,YES,2026-04-27T21:36:15.959704
398,844,YES,2026-04-27T21:36:16.426121
398,162,YES,2026-04-27T21:36:16.654903
398,751,YES,2026-04-27T21:36:17.132355
398,265,NO,2026-04-27T21:36:17.241293
398,802,YES,2026-04-27T21:36:17.491096
399,772,NO,2026-04-27T21:36:17.793018
399,836,YES,2026-04-27T21:36:17.918975
399,508,NO,2026-04-27T21:36:18.038625
399,724,YES,2026-04-27T21:36:18.147256
399,762,YES,2026-04-27T21:36:18.265581
399,100,YES,2026-04-27T21:36:18.517061
399,28,NO,2026-04-27T21:36:18.653064
399,679,NO,2026-04-27T21:36:18.769424
399,832,YES,2026-04-27T21:36:18.885955
399,709,NO,2026-04-27T21:36:19.109976
399,957,YES,2026-04-27T21:36:19.239123
399,97,NO,2026-04-27T21:36:19.367228
399,726,SUPER_LIKE,2026-04-27T21:36:19.489855
399,869,YES,2026-04-27T21:36:19.621812
399,359,YES,2026-04-27T21:36:19.744024
399,408,NO,2026-04-27T21:36:19.964164
399,645,YES,2026-04-27T21:36:20.117623
399,752,YES,2026-04-27T21:36:20.405063
399,843,YES,2026-04-27T21:36:20.674730
400,404,NO,2026-04-27T21:36:20.969311
400,46,NO,2026-04-27T21:36:21.195526
400,708,NO,2026-04-27T21:36:21.302643
400,779,SUPER_LIKE,2026-04-27T21:36:21.427017
400,286,NO,2026-04-27T21:36:21.551008
400,338,NO,2026-04-27T21:36:21.682739
400,226,YES,2026-04-27T21:36:21.800122
400,45,NO,2026-04-27T21:36:21.912715
400,665,NO,2026-04-27T21:36:22.172905
400,71,NO,2026-04-27T21:36:22.290234
400,507,NO,2026-04-27T21:36:22.398817
400,245,YES,2026-04-27T21:36:22.520967
400,756,NO,2026-04-27T21:36:22.747096
400,940,YES,2026-04-27T21:36:22.870568
400,289,NO,2026-04-27T21:36:23.104729
400,224,NO,2026-04-27T21:36:23.211833
401,284,YES,2026-04-27T21:36:23.674362
401,294,NO,2026-04-27T21:36:23.785388
401,120,NO,2026-04-27T21:36:23.897279
401,825,NO,2026-04-27T21:36:24.015659
401,696,NO,2026-04-27T21:36:24.243906
401,963,NO,2026-04-27T21:36:24.353819
401,572,NO,2026-04-27T21:36:24.483524
401,486,SUPER_LIKE,2026-04-27T21:36:24.608283
401,1003,YES,2026-04-27T21:36:24.719025
401,717,NO,2026-04-27T21:36:24.833079
401,425,YES,2026-04-27T21:36:24.967430
401,668,YES,2026-04-27T21:36:25.095660
401,675,NO,2026-04-27T21:36:25.213060
401,640,NO,2026-04-27T21:36:25.430403
401,387,NO,2026-04-27T21:36:25.550631
401,414,NO,2026-04-27T21:36:25.670867
401,979,NO,2026-04-27T21:36:25.783214
401,207,NO,2026-04-27T21:36:25.895164
401,134,NO,2026-04-27T21:36:26.015969
402,316,NO,2026-04-27T21:36:26.320284
402,253,NO,2026-04-27T21:36:26.429597
402,641,NO,2026-04-27T21:36:26.538718
402,635,NO,2026-04-27T21:36:26.758511
402,56,NO,2026-04-27T21:36:26.877475
402,20,NO,2026-04-27T21:36:26.995745
402,526,NO,2026-04-27T21:36:27.225289
402,145,YES,2026-04-27T21:36:27.355752
402,882,NO,2026-04-27T21:36:27.479817
402,183,NO,2026-04-27T21:36:27.608568
402,166,NO,2026-04-27T21:36:27.727068
402,549,NO,2026-04-27T21:36:27.977960
402,636,YES,2026-04-27T21:36:28.102045
402,63,SUPER_LIKE,2026-04-27T21:36:28.224952
402,211,NO,2026-04-27T21:36:28.456673
402,493,NO,2026-04-27T21:36:28.585957
402,260,YES,2026-04-27T21:36:28.715986
402,231,NO,2026-04-27T21:36:28.839949
403,974,NO,2026-04-27T21:36:29.115221
403,686,NO,2026-04-27T21:36:29.351439
403,298,NO,2026-04-27T21:36:29.468019
403,468,YES,2026-04-27T21:36:29.728101
403,462,YES,2026-04-27T21:36:29.848952
403,723,YES,2026-04-27T21:36:30.082636
403,289,YES,2026-04-27T21:36:30.197413
403,109,YES,2026-04-27T21:36:30.332755
403,350,NO,2026-04-27T21:36:30.441171
403,703,NO,2026-04-27T21:36:30.556827
403,563,NO,2026-04-27T21:36:30.893903
403,526,YES,2026-04-27T21:36:31.019599
403,1021,NO,2026-04-27T21:36:31.250348
403,859,NO,2026-04-27T21:36:31.370283
403,970,NO,2026-04-27T21:36:31.506417
403,902,YES,2026-04-27T21:36:31.619599
403,384,NO,2026-04-27T21:36:31.731300
404,991,NO,2026-04-27T21:36:32.123225
404,85,NO,2026-04-27T21:36:32.345859
404,230,NO,2026-04-27T21:36:32.455355
404,718,NO,2026-04-27T21:36:32.681721
404,797,NO,2026-04-27T21:36:33.044991
404,403,YES,2026-04-27T21:36:33.292945
404,471,NO,2026-04-27T21:36:33.420635
404,28,SUPER_LIKE,2026-04-27T21:36:33.536883
404,930,NO,2026-04-27T21:36:33.644119
404,71,YES,2026-04-27T21:36:33.761515
404,559,NO,2026-04-27T21:36:33.888246
404,614,NO,2026-04-27T21:36:33.999421
404,587,NO,2026-04-27T21:36:34.368566
404,576,NO,2026-04-27T21:36:34.488097
404,141,NO,2026-04-27T21:36:34.598450
404,534,YES,2026-04-27T21:36:34.713706
404,723,NO,2026-04-27T21:36:34.938362
404,963,NO,2026-04-27T21:36:35.174325
405,681,NO,2026-04-27T21:36:35.586210
405,636,YES,2026-04-27T21:36:36.064720
405,499,NO,2026-04-27T21:36:36.178336
405,555,NO,2026-04-27T21:36:36.411405
405,493,YES,2026-04-27T21:36:36.528387
405,410,NO,2026-04-27T21:36:36.650557
405,804,YES,2026-04-27T21:36:36.775904
405,68,NO,2026-04-27T21:36:37.016175
405,159,NO,2026-04-27T21:36:37.140474
405,72,NO,2026-04-27T21:36:37.269561
405,287,NO,2026-04-27T21:36:37.394481
405,149,NO,2026-04-27T21:36:37.512834
405,138,YES,2026-04-27T21:36:37.747025
405,639,NO,2026-04-27T21:36:37.985118
406,497,NO,2026-04-27T21:36:38.275036
406,755,YES,2026-04-27T21:36:38.393695
406,925,YES,2026-04-27T21:36:38.509034
406,332,NO,2026-04-27T21:36:38.624559
406,146,NO,2026-04-27T21:36:38.734617
406,35,NO,2026-04-27T21:36:38.857760
406,217,NO,2026-04-27T21:36:38.968041
406,781,NO,2026-04-27T21:36:39.092041
406,318,NO,2026-04-27T21:36:39.444221
406,80,NO,2026-04-27T21:36:39.566089
406,892,SUPER_LIKE,2026-04-27T21:36:39.728025
406,789,NO,2026-04-27T21:36:39.843388
406,322,NO,2026-04-27T21:36:39.953721
406,179,NO,2026-04-27T21:36:40.471357
406,277,NO,2026-04-27T21:36:40.585992
406,838,NO,2026-04-27T21:36:40.705249
406,788,NO,2026-04-27T21:36:40.974326
406,920,NO,2026-04-27T21:36:41.096192
407,1007,NO,2026-04-27T21:36:41.273382
407,802,NO,2026-04-27T21:36:41.391459
407,836,NO,2026-04-27T21:36:41.625565
407,435,NO,2026-04-27T21:36:41.743247
407,559,NO,2026-04-27T21:36:41.987756
407,489,NO,2026-04-27T21:36:42.105440
407,746,NO,2026-04-27T21:36:42.447327
407,53,NO,2026-04-27T21:36:42.585387
407,776,NO,2026-04-27T21:36:42.709209
407,254,YES,2026-04-27T21:36:42.929355
407,172,NO,2026-04-27T21:36:43.034705
407,314,NO,2026-04-27T21:36:43.157027
407,1014,NO,2026-04-27T21:36:43.267587
407,600,NO,2026-04-27T21:36:43.616677
407,798,NO,2026-04-27T21:36:43.743394
407,130,NO,2026-04-27T21:36:43.855998
407,115,YES,2026-04-27T21:36:43.979218
407,917,NO,2026-04-27T21:36:44.095194
408,754,NO,2026-04-27T21:36:44.412438
408,873,NO,2026-04-27T21:36:44.640487
408,903,NO,2026-04-27T21:36:44.773024
408,223,NO,2026-04-27T21:36:44.895699
408,563,NO,2026-04-27T21:36:45.004526
408,422,NO,2026-04-27T21:36:45.121470
408,929,NO,2026-04-27T21:36:45.360449
408,377,SUPER_LIKE,2026-04-27T21:36:45.472889
408,799,NO,2026-04-27T21:36:45.584781
408,948,NO,2026-04-27T21:36:45.691024
408,479,NO,2026-04-27T21:36:45.915929
408,149,NO,2026-04-27T21:36:46.020120
408,916,NO,2026-04-27T21:36:46.136570
408,484,NO,2026-04-27T21:36:46.371533
408,84,NO,2026-04-27T21:36:46.650956
408,657,NO,2026-04-27T21:36:46.887704
408,229,NO,2026-04-27T21:36:47.128304
408,711,YES,2026-04-27T21:36:47.239554
408,405,NO,2026-04-27T21:36:47.479171
408,231,YES,2026-04-27T21:36:47.606752
409,622,YES,2026-04-27T21:36:47.792847
409,44,NO,2026-04-27T21:36:47.905633
409,813,NO,2026-04-27T21:36:48.015831
409,79,YES,2026-04-27T21:36:48.126372
409,514,NO,2026-04-27T21:36:48.353431
409,349,NO,2026-04-27T21:36:48.801217
409,720,NO,2026-04-27T21:36:48.912276
409,741,NO,2026-04-27T21:36:49.140183
409,258,NO,2026-04-27T21:36:49.262233
409,522,NO,2026-04-27T21:36:49.395479
409,77,NO,2026-04-27T21:36:49.622804
409,616,NO,2026-04-27T21:36:49.729460
409,51,NO,2026-04-27T21:36:49.851079
409,713,NO,2026-04-27T21:36:49.970756
409,380,YES,2026-04-27T21:36:50.090052
409,660,NO,2026-04-27T21:36:50.313776
410,264,NO,2026-04-27T21:36:50.512442
410,502,NO,2026-04-27T21:36:50.626005
410,651,NO,2026-04-27T21:36:50.968433
410,989,YES,2026-04-27T21:36:51.191741
410,393,NO,2026-04-27T21:36:51.428757
410,876,SUPER_LIKE,2026-04-27T21:36:51.649102
410,123,YES,2026-04-27T21:36:51.774539
410,387,SUPER_LIKE,2026-04-27T21:36:52.010780
410,44,YES,2026-04-27T21:36:52.120315
410,972,NO,2026-04-27T21:36:52.237056
410,606,YES,2026-04-27T21:36:52.355863
410,140,YES,2026-04-27T21:36:52.587472
410,407,NO,2026-04-27T21:36:52.699506
410,940,NO,2026-04-27T21:36:52.956645
411,404,NO,2026-04-27T21:36:53.373610
411,539,NO,2026-04-27T21:36:53.499327
411,190,NO,2026-04-27T21:36:53.616441
411,780,NO,2026-04-27T21:36:53.732670
411,89,NO,2026-04-27T21:36:53.970588
411,760,YES,2026-04-27T21:36:54.090742
411,184,NO,2026-04-27T21:36:54.196919
411,665,NO,2026-04-27T21:36:54.311017
411,150,YES,2026-04-27T21:36:54.421287
411,1004,NO,2026-04-27T21:36:54.664636
411,845,NO,2026-04-27T21:36:54.775483
411,444,NO,2026-04-27T21:36:55.013179
411,408,YES,2026-04-27T21:36:55.295252
411,387,NO,2026-04-27T21:36:55.404559
411,838,NO,2026-04-27T21:36:55.626064
411,550,NO,2026-04-27T21:36:55.870566
411,18,NO,2026-04-27T21:36:56.104819
412,623,NO,2026-04-27T21:36:56.270606
412,707,YES,2026-04-27T21:36:56.396907
412,60,NO,2026-04-27T21:36:56.628911
412,797,NO,2026-04-27T21:36:56.739271
412,778,YES,2026-04-27T21:36:56.956145
412,427,NO,2026-04-27T21:36:57.182020
412,23,NO,2026-04-27T21:36:57.315436
412,826,NO,2026-04-27T21:36:57.431520
412,847,NO,2026-04-27T21:36:57.549441
412,325,NO,2026-04-27T21:36:57.666175
412,67,YES,2026-04-27T21:36:57.785427
412,790,YES,2026-04-27T21:36:57.900702
412,149,NO,2026-04-27T21:36:58.014840
412,836,YES,2026-04-27T21:36:58.143867
412,766,NO,2026-04-27T21:36:58.267134
412,317,NO,2026-04-27T21:36:58.371037
412,916,SUPER_LIKE,2026-04-27T21:36:58.747111
412,798,YES,2026-04-27T21:36:58.873886
413,590,NO,2026-04-27T21:36:59.039725
413,384,YES,2026-04-27T21:36:59.148399
413,811,YES,2026-04-27T21:36:59.407661
413,999,YES,2026-04-27T21:36:59.524417
413,93,NO,2026-04-27T21:36:59.636252
413,639,NO,2026-04-27T21:36:59.743023
413,674,YES,2026-04-27T21:36:59.864075
413,182,YES,2026-04-27T21:36:59.987054
413,222,NO,2026-04-27T21:37:00.112236
413,806,NO,2026-04-27T21:37:00.224400
413,114,NO,2026-04-27T21:37:00.469505
413,951,YES,2026-04-27T21:37:00.719707
413,70,NO,2026-04-27T21:37:00.848975
413,94,YES,2026-04-27T21:37:01.077576
413,717,SUPER_LIKE,2026-04-27T21:37:01.193448
413,185,NO,2026-04-27T21:37:01.313187
413,321,YES,2026-04-27T21:37:01.428637
413,824,YES,2026-04-27T21:37:01.540643
414,82,YES,2026-04-27T21:37:01.854712
414,729,YES,2026-04-27T21:37:01.966223
414,277,YES,2026-04-27T21:37:02.220285
414,403,YES,2026-04-27T21:37:02.347290
414,986,YES,2026-04-27T21:37:02.574206
414,905,NO,2026-04-27T21:37:02.689295
414,38,YES,2026-04-27T21:37:02.825624
414,933,NO,2026-04-27T21:37:02.941239
414,357,YES,2026-04-27T21:37:03.057860
414,718,NO,2026-04-27T21:37:03.284856
414,648,NO,2026-04-27T21:37:03.757617
414,341,YES,2026-04-27T21:37:03.884078
414,797,NO,2026-04-27T21:37:04.139772
414,843,YES,2026-04-27T21:37:04.258752
414,58,YES,2026-04-27T21:37:04.499958
415,290,NO,2026-04-27T21:37:04.696701
415,624,NO,2026-04-27T21:37:04.953847
415,956,NO,2026-04-27T21:37:05.078163
415,607,NO,2026-04-27T21:37:05.199264
415,377,NO,2026-04-27T21:37:05.316387
415,937,NO,2026-04-27T21:37:05.429620
415,145,YES,2026-04-27T21:37:05.660162
415,900,YES,2026-04-27T21:37:05.780935
415,457,NO,2026-04-27T21:37:05.896678
415,1010,NO,2026-04-27T21:37:06.008283
415,964,SUPER_LIKE,2026-04-27T21:37:06.268253
415,840,NO,2026-04-27T21:37:06.396044
415,999,NO,2026-04-27T21:37:06.640370
415,651,NO,2026-04-27T21:37:06.749168
415,41,NO,2026-04-27T21:37:06.858970
415,1012,NO,2026-04-27T21:37:06.991963
415,991,NO,2026-04-27T21:37:07.107902
415,686,NO,2026-04-27T21:37:07.232823
416,86,YES,2026-04-27T21:37:07.626005
416,438,YES,2026-04-27T21:37:07.740221
416,72,NO,2026-04-27T21:37:07.851712
416,1006,YES,2026-04-27T21:37:08.098468
416,1011,YES,2026-04-27T21:37:08.217228
416,389,YES,2026-04-27T21:37:08.353462
416,251,NO,2026-04-27T21:37:08.487667
416,925,YES,2026-04-27T21:37:08.624272
416,175,YES,2026-04-27T21:37:08.863302
416,889,YES,2026-04-27T21:37:09.100341
416,683,NO,2026-04-27T21:37:09.224265
416,253,SUPER_LIKE,2026-04-27T21:37:09.354321
416,715,YES,2026-04-27T21:37:09.848370
416,450,YES,2026-04-27T21:37:09.978527
416,936,SUPER_LIKE,2026-04-27T21:37:10.099445
417,932,YES,2026-04-27T21:37:10.536481
417,518,NO,2026-04-27T21:37:10.880991
417,70,NO,2026-04-27T21:37:10.998269
417,745,YES,2026-04-27T21:37:11.123196
417,49,SUPER_LIKE,2026-04-27T21:37:11.244149
417,729,YES,2026-04-27T21:37:11.358362
417,394,YES,2026-04-27T21:37:11.480398
417,626,NO,2026-04-27T21:37:11.740252
417,273,YES,2026-04-27T21:37:11.854961
417,651,YES,2026-04-27T21:37:11.971122
417,1007,YES,2026-04-27T21:37:12.094917
417,860,YES,2026-04-27T21:37:12.214499
417,575,NO,2026-04-27T21:37:12.341731
417,569,NO,2026-04-27T21:37:12.583831
417,810,NO,2026-04-27T21:37:12.801907
417,663,NO,2026-04-27T21:37:12.927041
417,158,NO,2026-04-27T21:37:13.046921
418,593,NO,2026-04-27T21:37:13.457316
418,271,YES,2026-04-27T21:37:13.592775
418,38,NO,2026-04-27T21:37:13.707929
418,696,YES,2026-04-27T21:37:14.053254
418,81,YES,2026-04-27T21:37:14.408951
418,970,YES,2026-04-27T21:37:14.531674
418,385,NO,2026-04-27T21:37:14.655612
418,842,NO,2026-04-27T21:37:14.783917
418,929,NO,2026-04-27T21:37:15.129493
418,901,NO,2026-04-27T21:37:15.594152
418,721,NO,2026-04-27T21:37:15.712716
418,508,NO,2026-04-27T21:37:15.949566
418,685,NO,2026-04-27T21:37:16.062951
419,325,NO,2026-04-27T21:37:16.353248
419,522,NO,2026-04-27T21:37:16.483652
419,322,NO,2026-04-27T21:37:16.596005
419,838,NO,2026-04-27T21:37:16.720592
419,999,NO,2026-04-27T21:37:16.840370
419,682,YES,2026-04-27T21:37:17.184870
419,609,YES,2026-04-27T21:37:17.321725
419,134,NO,2026-04-27T21:37:17.446447
419,582,YES,2026-04-27T21:37:17.570698
419,271,NO,2026-04-27T21:37:17.805736
419,1009,NO,2026-04-27T21:37:17.918139
419,270,NO,2026-04-27T21:37:18.026728
419,853,NO,2026-04-27T21:37:18.260759
419,517,YES,2026-04-27T21:37:18.388356
419,283,NO,2026-04-27T21:37:18.501744
419,777,NO,2026-04-27T21:37:18.616904
419,175,NO,2026-04-27T21:37:18.743050
420,983,NO,2026-04-27T21:37:19.046247
420,970,YES,2026-04-27T21:37:19.165795
420,897,NO,2026-04-27T21:37:19.286474
420,962,NO,2026-04-27T21:37:19.405792
420,293,YES,2026-04-27T21:37:19.552161
420,683,NO,2026-04-27T21:37:19.805019
420,21,SUPER_LIKE,2026-04-27T21:37:19.933230
420,913,YES,2026-04-27T21:37:20.190345
420,1018,NO,2026-04-27T21:37:20.320899
420,176,YES,2026-04-27T21:37:20.450179
420,856,YES,2026-04-27T21:37:20.651777
420,121,YES,2026-04-27T21:37:20.944965
420,90,NO,2026-04-27T21:37:21.064214
420,969,NO,2026-04-27T21:37:21.287556
420,926,NO,2026-04-27T21:37:21.405247
420,620,NO,2026-04-27T21:37:21.637824
420,138,NO,2026-04-27T21:37:21.760049
420,192,NO,2026-04-27T21:37:21.992076
421,961,NO,2026-04-27T21:37:22.283701
421,681,NO,2026-04-27T21:37:22.411216
421,1015,YES,2026-04-27T21:37:22.531936
421,156,NO,2026-04-27T21:37:22.647921
421,769,YES,2026-04-27T21:37:22.780885
421,498,NO,2026-04-27T21:37:22.904033
421,682,NO,2026-04-27T21:37:23.028664
421,306,NO,2026-04-27T21:37:23.146683
421,234,NO,2026-04-27T21:37:23.753247
421,588,YES,2026-04-27T21:37:23.873692
421,342,NO,2026-04-27T21:37:24.340022
421,814,NO,2026-04-27T21:37:24.573441
421,198,YES,2026-04-27T21:37:24.801308
422,481,YES,2026-04-27T21:37:25.356948
422,696,NO,2026-04-27T21:37:25.475518
422,96,NO,2026-04-27T21:37:25.597503
422,101,NO,2026-04-27T21:37:25.712373
422,966,NO,2026-04-27T21:37:25.835515
422,994,NO,2026-04-27T21:37:25.963439
422,748,NO,2026-04-27T21:37:26.193366
422,212,NO,2026-04-27T21:37:26.306813
422,820,NO,2026-04-27T21:37:26.446424
422,350,NO,2026-04-27T21:37:26.598595
422,100,NO,2026-04-27T21:37:26.727678
422,859,NO,2026-04-27T21:37:26.853962
422,873,NO,2026-04-27T21:37:26.985893
422,917,NO,2026-04-27T21:37:27.335858
422,439,YES,2026-04-27T21:37:27.456933
422,335,NO,2026-04-27T21:37:27.571862
422,365,NO,2026-04-27T21:37:27.805340
422,344,YES,2026-04-27T21:37:27.925813
423,269,YES,2026-04-27T21:37:28.098544
423,475,NO,2026-04-27T21:37:28.217921
423,719,NO,2026-04-27T21:37:28.466643
423,499,NO,2026-04-27T21:37:28.584743
423,352,YES,2026-04-27T21:37:28.831373
423,39,SUPER_LIKE,2026-04-27T21:37:28.947097
423,857,YES,2026-04-27T21:37:29.072183
423,493,NO,2026-04-27T21:37:29.197536
423,928,NO,2026-04-27T21:37:29.322912
423,40,NO,2026-04-27T21:37:29.565089
423,819,NO,2026-04-27T21:37:29.795000
423,505,YES,2026-04-27T21:37:29.909286
423,226,NO,2026-04-27T21:37:30.025537
423,398,NO,2026-04-27T21:37:30.265443
423,320,YES,2026-04-27T21:37:30.388309
423,1003,SUPER_LIKE,2026-04-27T21:37:30.505002
423,986,NO,2026-04-27T21:37:30.729852
424,645,NO,2026-04-27T21:37:31.035946
424,124,SUPER_LIKE,2026-04-27T21:37:31.160479
424,930,YES,2026-04-27T21:37:31.284666
424,362,YES,2026-04-27T21:37:31.410694
424,958,NO,2026-04-27T21:37:31.881456
424,38,YES,2026-04-27T21:37:32.008426
424,890,NO,2026-04-27T21:37:32.141629
424,127,NO,2026-04-27T21:37:32.286365
424,401,YES,2026-04-27T21:37:32.801753
424,759,NO,2026-04-27T21:37:32.928672
424,728,NO,2026-04-27T21:37:33.045669
424,534,YES,2026-04-27T21:37:33.166593
424,119,YES,2026-04-27T21:37:33.278568
424,170,YES,2026-04-27T21:37:33.411282
424,516,NO,2026-04-27T21:37:33.536084
425,489,YES,2026-04-27T21:37:33.841544
425,872,NO,2026-04-27T21:37:33.954798
425,835,YES,2026-04-27T21:37:34.076380
425,199,YES,2026-04-27T21:37:34.211009
425,301,YES,2026-04-27T21:37:34.333760
425,692,YES,2026-04-27T21:37:34.450597
425,623,YES,2026-04-27T21:37:34.566129
425,135,YES,2026-04-27T21:37:34.785091
425,251,YES,2026-04-27T21:37:34.901834
425,325,YES,2026-04-27T21:37:35.131411
425,69,YES,2026-04-27T21:37:35.247263
425,28,YES,2026-04-27T21:37:35.491607
425,340,YES,2026-04-27T21:37:35.602852
425,487,YES,2026-04-27T21:37:35.946640
425,212,NO,2026-04-27T21:37:36.069628
425,753,YES,2026-04-27T21:37:36.182478
425,326,YES,2026-04-27T21:37:36.301076
426,577,NO,2026-04-27T21:37:36.478863
426,446,YES,2026-04-27T21:37:36.601204
426,189,NO,2026-04-27T21:37:36.729774
426,713,NO,2026-04-27T21:37:36.968581
426,30,NO,2026-04-27T21:37:37.077536
426,724,YES,2026-04-27T21:37:37.198347
426,957,NO,2026-04-27T21:37:37.323108
426,545,NO,2026-04-27T21:37:37.457770
426,763,NO,2026-04-27T21:37:37.573846
426,725,NO,2026-04-27T21:37:37.681680
426,494,NO,2026-04-27T21:37:37.813399
426,944,NO,2026-04-27T21:37:37.934630
426,885,YES,2026-04-27T21:37:38.053466
426,443,NO,2026-04-27T21:37:38.203310
426,110,NO,2026-04-27T21:37:38.432184
426,559,NO,2026-04-27T21:37:38.594972
426,263,YES,2026-04-27T21:37:38.738977
426,517,NO,2026-04-27T21:37:38.934728
426,500,NO,2026-04-27T21:37:39.087720
427,20,NO,2026-04-27T21:37:39.296312
427,141,NO,2026-04-27T21:37:39.457576
427,327,NO,2026-04-27T21:37:39.606158
427,138,YES,2026-04-27T21:37:39.769578
427,320,NO,2026-04-27T21:37:39.941096
427,804,NO,2026-04-27T21:37:40.116482
427,1013,YES,2026-04-27T21:37:40.256078
427,978,YES,2026-04-27T21:37:40.488884
427,833,NO,2026-04-27T21:37:40.634077
427,148,NO,2026-04-27T21:37:40.795840
427,133,NO,2026-04-27T21:37:40.944743
427,87,NO,2026-04-27T21:37:41.068283
427,662,NO,2026-04-27T21:37:41.287034
427,712,NO,2026-04-27T21:37:41.540046
427,957,NO,2026-04-27T21:37:41.671451
427,145,NO,2026-04-27T21:37:41.915240
427,488,YES,2026-04-27T21:37:42.164799
427,289,SUPER_LIKE,2026-04-27T21:37:42.300780
428,86,NO,2026-04-27T21:37:42.483900
428,235,NO,2026-04-27T21:37:42.614957
428,1013,NO,2026-04-27T21:37:42.734295
428,366,NO,2026-04-27T21:37:42.856510
428,343,NO,2026-04-27T21:37:42.974911
428,271,YES,2026-04-27T21:37:43.332333
428,591,NO,2026-04-27T21:37:43.451522
428,648,YES,2026-04-27T21:37:43.568033
428,391,NO,2026-04-27T21:37:43.681101
428,916,NO,2026-04-27T21:37:43.799400
428,834,NO,2026-04-27T21:37:43.933222
428,357,NO,2026-04-27T21:37:44.048152
428,75,YES,2026-04-27T21:37:44.276968
428,152,NO,2026-04-27T21:37:44.391537
428,529,NO,2026-04-27T21:37:44.622422
428,67,NO,2026-04-27T21:37:44.739997
428,809,NO,2026-04-27T21:37:44.875424
428,609,YES,2026-04-27T21:37:45.103473
429,420,NO,2026-04-27T21:37:45.414117
429,613,YES,2026-04-27T21:37:45.531493
429,162,NO,2026-04-27T21:37:45.645924
429,521,NO,2026-04-27T21:37:45.761335
429,567,NO,2026-04-27T21:37:45.872963
429,1017,NO,2026-04-27T21:37:45.998098
429,168,YES,2026-04-27T21:37:46.255845
429,696,YES,2026-04-27T21:37:46.385865
429,990,YES,2026-04-27T21:37:46.506809
429,776,NO,2026-04-27T21:37:46.633024
429,189,NO,2026-04-27T21:37:46.748955
429,506,NO,2026-04-27T21:37:46.982126
429,171,NO,2026-04-27T21:37:47.103854
429,388,NO,2026-04-27T21:37:47.343033
429,534,YES,2026-04-27T21:37:47.578765
429,469,NO,2026-04-27T21:37:47.695012
429,254,YES,2026-04-27T21:37:47.808443
429,924,SUPER_LIKE,2026-04-27T21:37:48.049137
430,559,NO,2026-04-27T21:37:48.216310
430,509,NO,2026-04-27T21:37:48.341524
430,259,YES,2026-04-27T21:37:48.482710
430,652,NO,2026-04-27T21:37:48.597543
430,999,YES,2026-04-27T21:37:48.717925
430,211,YES,2026-04-27T21:37:48.964186
430,114,YES,2026-04-27T21:37:49.081402
430,281,YES,2026-04-27T21:37:49.351162
430,213,NO,2026-04-27T21:37:49.700316
430,584,NO,2026-04-27T21:37:49.920506
430,276,YES,2026-04-27T21:37:50.166350
430,759,NO,2026-04-27T21:37:50.279477
430,622,YES,2026-04-27T21:37:50.519328
430,104,YES,2026-04-27T21:37:50.647706
430,886,YES,2026-04-27T21:37:50.764943
430,543,NO,2026-04-27T21:37:50.994462
430,348,NO,2026-04-27T21:37:51.251382
431,664,NO,2026-04-27T21:37:51.532992
431,693,NO,2026-04-27T21:37:51.650152
431,943,NO,2026-04-27T21:37:51.761861
431,479,NO,2026-04-27T21:37:52.016754
431,712,NO,2026-04-27T21:37:52.128282
431,738,NO,2026-04-27T21:37:52.485520
431,536,YES,2026-04-27T21:37:52.733536
431,253,NO,2026-04-27T21:37:52.853057
431,456,NO,2026-04-27T21:37:52.988291
431,177,YES,2026-04-27T21:37:53.114492
431,31,NO,2026-04-27T21:37:53.347509
431,651,NO,2026-04-27T21:37:53.582839
431,547,NO,2026-04-27T21:37:54.044630
431,470,NO,2026-04-27T21:37:54.177098
431,237,YES,2026-04-27T21:37:54.301403
431,247,NO,2026-04-27T21:37:54.420349
431,962,NO,2026-04-27T21:37:54.536508
432,219,YES,2026-04-27T21:37:54.744857
432,292,NO,2026-04-27T21:37:54.860029
432,183,NO,2026-04-27T21:37:55.083633
432,489,NO,2026-04-27T21:37:55.318457
432,429,NO,2026-04-27T21:37:55.434323
432,1001,NO,2026-04-27T21:37:55.680178
432,226,NO,2026-04-27T21:37:55.801288
432,279,NO,2026-04-27T21:37:56.043212
432,922,NO,2026-04-27T21:37:56.158883
432,1014,NO,2026-04-27T21:37:56.283915
432,646,NO,2026-04-27T21:37:56.397384
432,876,YES,2026-04-27T21:37:56.521004
432,833,YES,2026-04-27T21:37:56.637958
432,232,NO,2026-04-27T21:37:56.752773
432,731,YES,2026-04-27T21:37:56.873088
432,384,NO,2026-04-27T21:37:56.987994
432,187,NO,2026-04-27T21:37:57.106328
432,928,NO,2026-04-27T21:37:57.221569
432,479,NO,2026-04-27T21:37:57.339472
433,428,NO,2026-04-27T21:37:57.522557
433,262,NO,2026-04-27T21:37:57.641649
433,912,YES,2026-04-27T21:37:57.767220
433,296,NO,2026-04-27T21:37:57.877556
433,114,NO,2026-04-27T21:37:58.143467
433,447,NO,2026-04-27T21:37:58.274766
433,529,NO,2026-04-27T21:37:58.396019
433,755,NO,2026-04-27T21:37:58.515392
433,972,NO,2026-04-27T21:37:58.659861
433,376,NO,2026-04-27T21:37:58.774428
433,707,NO,2026-04-27T21:37:58.891542
433,122,NO,2026-04-27T21:37:59.005862
433,128,YES,2026-04-27T21:37:59.121928
433,427,NO,2026-04-27T21:37:59.234500
433,374,YES,2026-04-27T21:37:59.356798
433,153,NO,2026-04-27T21:37:59.479509
433,697,NO,2026-04-27T21:37:59.601108
433,355,YES,2026-04-27T21:37:59.826473
434,268,YES,2026-04-27T21:38:00.025038
434,263,NO,2026-04-27T21:38:00.145680
434,578,YES,2026-04-27T21:38:00.263332
434,806,YES,2026-04-27T21:38:00.384060
434,500,YES,2026-04-27T21:38:00.511527
434,205,NO,2026-04-27T21:38:01.116823
434,259,YES,2026-04-27T21:38:01.246743
434,829,NO,2026-04-27T21:38:01.360200
434,812,YES,2026-04-27T21:38:01.628694
434,199,YES,2026-04-27T21:38:01.758779
434,520,NO,2026-04-27T21:38:01.873682
434,367,NO,2026-04-27T21:38:01.996218
434,206,NO,2026-04-27T21:38:02.103122
434,253,YES,2026-04-27T21:38:02.215955
434,37,NO,2026-04-27T21:38:02.343432
434,973,NO,2026-04-27T21:38:02.482826
434,280,YES,2026-04-27T21:38:02.599098
435,24,NO,2026-04-27T21:38:02.768137
435,705,NO,2026-04-27T21:38:02.881430
435,221,NO,2026-04-27T21:38:03.004748
435,977,NO,2026-04-27T21:38:03.245664
435,569,NO,2026-04-27T21:38:03.589750
435,380,YES,2026-04-27T21:38:03.705040
435,443,NO,2026-04-27T21:38:03.813955
435,151,YES,2026-04-27T21:38:03.933933
435,799,NO,2026-04-27T21:38:04.098401
435,797,NO,2026-04-27T21:38:04.212753
435,897,NO,2026-04-27T21:38:04.336064
435,43,NO,2026-04-27T21:38:04.447178
435,66,NO,2026-04-27T21:38:04.563868
435,97,SUPER_LIKE,2026-04-27T21:38:04.699620
435,366,NO,2026-04-27T21:38:04.823352
435,937,NO,2026-04-27T21:38:05.043135
435,680,NO,2026-04-27T21:38:05.278021
435,478,NO,2026-04-27T21:38:05.391897
435,566,NO,2026-04-27T21:38:05.507598
436,265,NO,2026-04-27T21:38:05.678890
436,964,SUPER_LIKE,2026-04-27T21:38:05.802789
436,305,NO,2026-04-27T21:38:05.928046
436,781,NO,2026-04-27T21:38:06.035000
436,56,NO,2026-04-27T21:38:06.152061
436,911,YES,2026-04-27T21:38:06.869485
436,637,YES,2026-04-27T21:38:06.993209
436,586,NO,2026-04-27T21:38:07.122915
436,469,YES,2026-04-27T21:38:07.238499
436,342,NO,2026-04-27T21:38:07.465320
436,885,NO,2026-04-27T21:38:07.593537
436,168,NO,2026-04-27T21:38:07.712932
436,810,NO,2026-04-27T21:38:07.952682
436,234,NO,2026-04-27T21:38:08.208589
436,534,NO,2026-04-27T21:38:08.328876
436,382,NO,2026-04-27T21:38:08.444897
437,46,NO,2026-04-27T21:38:08.619371
437,687,YES,2026-04-27T21:38:08.845774
437,216,NO,2026-04-27T21:38:09.080937
437,856,NO,2026-04-27T21:38:09.321112
437,318,YES,2026-04-27T21:38:09.552214
437,918,NO,2026-04-27T21:38:10.044997
437,827,YES,2026-04-27T21:38:10.161867
437,846,NO,2026-04-27T21:38:10.384482
437,556,YES,2026-04-27T21:38:10.510841
437,597,YES,2026-04-27T21:38:10.625176
437,267,NO,2026-04-27T21:38:10.746912
437,522,NO,2026-04-27T21:38:10.864925
437,935,YES,2026-04-27T21:38:10.986042
437,533,NO,2026-04-27T21:38:11.115127
437,170,NO,2026-04-27T21:38:11.238951
437,141,NO,2026-04-27T21:38:11.473270
437,494,NO,2026-04-27T21:38:11.591649
437,969,NO,2026-04-27T21:38:11.837936
438,552,YES,2026-04-27T21:38:12.015194
438,891,NO,2026-04-27T21:38:12.149523
438,1019,NO,2026-04-27T21:38:12.288005
438,465,NO,2026-04-27T21:38:12.536909
438,15,NO,2026-04-27T21:38:12.656342
438,988,YES,2026-04-27T21:38:12.779272
438,395,YES,2026-04-27T21:38:12.904719
438,142,YES,2026-04-27T21:38:13.026006
438,176,NO,2026-04-27T21:38:13.133137
438,934,NO,2026-04-27T21:38:13.357526
438,1017,NO,2026-04-27T21:38:13.502302
438,875,YES,2026-04-27T21:38:13.648665
438,408,NO,2026-04-27T21:38:14.007978
438,504,YES,2026-04-27T21:38:14.129771
438,180,YES,2026-04-27T21:38:14.248175
438,798,YES,2026-04-27T21:38:14.363386
439,83,NO,2026-04-27T21:38:14.536849
439,1021,NO,2026-04-27T21:38:14.663214
439,512,NO,2026-04-27T21:38:14.785954
439,677,NO,2026-04-27T21:38:14.902889
439,540,NO,2026-04-27T21:38:15.137692
439,653,YES,2026-04-27T21:38:15.253333
439,66,NO,2026-04-27T21:38:15.486512
439,553,YES,2026-04-27T21:38:15.737157
439,514,NO,2026-04-27T21:38:15.869107
439,912,NO,2026-04-27T21:38:16.096948
439,98,YES,2026-04-27T21:38:16.219030
439,862,YES,2026-04-27T21:38:16.365311
439,161,NO,2026-04-27T21:38:16.489105
439,715,YES,2026-04-27T21:38:16.745074
439,636,NO,2026-04-27T21:38:16.852383
439,697,NO,2026-04-27T21:38:16.970975
439,842,NO,2026-04-27T21:38:17.096211
440,382,NO,2026-04-27T21:38:17.264750
440,559,YES,2026-04-27T21:38:17.382946
440,647,SUPER_LIKE,2026-04-27T21:38:17.625432
440,183,YES,2026-04-27T21:38:17.869702
440,849,NO,2026-04-27T21:38:18.243921
440,643,NO,2026-04-27T21:38:18.353573
440,112,NO,2026-04-27T21:38:18.468783
440,547,YES,2026-04-27T21:38:18.591357
440,98,NO,2026-04-27T21:38:18.839802
440,360,YES,2026-04-27T21:38:18.966827
440,1012,YES,2026-04-27T21:38:19.090066
440,903,YES,2026-04-27T21:38:19.324457
440,288,NO,2026-04-27T21:38:19.459246
440,806,NO,2026-04-27T21:38:19.597928
440,756,SUPER_LIKE,2026-04-27T21:38:19.737366
440,601,NO,2026-04-27T21:38:19.870339
441,612,YES,2026-04-27T21:38:20.064231
441,958,NO,2026-04-27T21:38:20.200636
441,323,YES,2026-04-27T21:38:20.336707
441,760,YES,2026-04-27T21:38:20.577625
441,733,YES,2026-04-27T21:38:20.735658
441,724,NO,2026-04-27T21:38:20.885630
441,790,NO,2026-04-27T21:38:21.140795
441,309,YES,2026-04-27T21:38:21.399257
441,69,YES,2026-04-27T21:38:21.636741
441,749,YES,2026-04-27T21:38:21.899940
441,47,YES,2026-04-27T21:38:22.032389
441,767,NO,2026-04-27T21:38:22.141293
441,675,SUPER_LIKE,2026-04-27T21:38:22.256792
441,39,YES,2026-04-27T21:38:22.371221
441,279,NO,2026-04-27T21:38:22.619271
441,507,NO,2026-04-27T21:38:22.751079
441,351,SUPER_LIKE,2026-04-27T21:38:22.873929
442,742,YES,2026-04-27T21:38:23.062293
442,671,NO,2026-04-27T21:38:23.190178
442,812,YES,2026-04-27T21:38:23.308268
442,138,NO,2026-04-27T21:38:23.425050
442,774,NO,2026-04-27T21:38:23.803195
442,46,YES,2026-04-27T21:38:23.916854
442,485,NO,2026-04-27T21:38:24.038266
442,590,NO,2026-04-27T21:38:24.276353
442,412,NO,2026-04-27T21:38:24.403572
442,290,NO,2026-04-27T21:38:24.548982
442,82,NO,2026-04-27T21:38:24.670650
442,948,YES,2026-04-27T21:38:24.809923
442,798,YES,2026-04-27T21:38:25.281144
442,128,NO,2026-04-27T21:38:25.633909
442,810,NO,2026-04-27T21:38:25.752445
442,332,NO,2026-04-27T21:38:25.876506
443,987,NO,2026-04-27T21:38:26.053234
443,998,NO,2026-04-27T21:38:26.178448
443,852,YES,2026-04-27T21:38:26.293691
443,166,NO,2026-04-27T21:38:26.630953
443,381,YES,2026-04-27T21:38:26.744243
443,432,NO,2026-04-27T21:38:26.966448
443,411,NO,2026-04-27T21:38:27.204757
443,611,YES,2026-04-27T21:38:27.332768
443,870,YES,2026-04-27T21:38:27.445698
443,219,NO,2026-04-27T21:38:27.557080
443,361,NO,2026-04-27T21:38:27.670037
443,45,NO,2026-04-27T21:38:28.032414
443,858,YES,2026-04-27T21:38:28.363743
443,176,YES,2026-04-27T21:38:28.472681
443,96,NO,2026-04-27T21:38:28.588949
443,476,YES,2026-04-27T21:38:28.833093
443,719,YES,2026-04-27T21:38:28.984375
444,71,YES,2026-04-27T21:38:29.156157
444,204,NO,2026-04-27T21:38:29.390592
444,828,NO,2026-04-27T21:38:29.646141
444,159,YES,2026-04-27T21:38:29.768606
444,799,NO,2026-04-27T21:38:30.003854
444,237,YES,2026-04-27T21:38:30.139753
444,856,NO,2026-04-27T21:38:30.248094
444,361,NO,2026-04-27T21:38:30.361769
444,458,SUPER_LIKE,2026-04-27T21:38:30.478485
444,681,NO,2026-04-27T21:38:30.594115
444,575,YES,2026-04-27T21:38:30.716138
444,802,YES,2026-04-27T21:38:30.970486
444,635,NO,2026-04-27T21:38:31.089646
444,339,NO,2026-04-27T21:38:31.333872
444,171,NO,2026-04-27T21:38:31.488207
444,778,SUPER_LIKE,2026-04-27T21:38:31.719236
445,392,NO,2026-04-27T21:38:32.019321
445,372,NO,2026-04-27T21:38:32.142562
445,747,NO,2026-04-27T21:38:32.261903
445,545,YES,2026-04-27T21:38:32.374129
445,383,NO,2026-04-27T21:38:32.505956
445,512,SUPER_LIKE,2026-04-27T21:38:32.636067
445,983,NO,2026-04-27T21:38:32.752678
445,451,NO,2026-04-27T21:38:32.972628
445,531,NO,2026-04-27T21:38:33.095669
445,168,NO,2026-04-27T21:38:33.322063
445,209,NO,2026-04-27T21:38:33.432208
445,920,YES,2026-04-27T21:38:33.654609
445,785,NO,2026-04-27T21:38:34.372055
445,453,NO,2026-04-27T21:38:34.488725
445,519,NO,2026-04-27T21:38:34.616021
445,767,NO,2026-04-27T21:38:34.750936
446,755,NO,2026-04-27T21:38:34.920870
446,246,NO,2026-04-27T21:38:35.146098
446,776,NO,2026-04-27T21:38:35.254730
446,335,NO,2026-04-27T21:38:35.388090
446,956,NO,2026-04-27T21:38:35.504921
446,78,NO,2026-04-27T21:38:35.628654
446,417,NO,2026-04-27T21:38:35.858666
446,117,NO,2026-04-27T21:38:35.975034
446,205,NO,2026-04-27T21:38:36.199150
446,783,NO,2026-04-27T21:38:36.316586
446,991,NO,2026-04-27T21:38:36.432998
446,719,NO,2026-04-27T21:38:36.555881
446,330,NO,2026-04-27T21:38:36.904358
446,628,NO,2026-04-27T21:38:37.032244
446,130,YES,2026-04-27T21:38:37.150217
446,633,YES,2026-04-27T21:38:37.271608
446,420,NO,2026-04-27T21:38:37.527703
446,779,NO,2026-04-27T21:38:37.668599
447,747,NO,2026-04-27T21:38:37.847274
447,13,NO,2026-04-27T21:38:37.961893
447,252,NO,2026-04-27T21:38:38.071522
447,960,YES,2026-04-27T21:38:38.198955
447,600,YES,2026-04-27T21:38:38.322304
447,700,NO,2026-04-27T21:38:38.547690
447,330,NO,2026-04-27T21:38:38.698543
447,980,NO,2026-04-27T21:38:38.846020
447,289,NO,2026-04-27T21:38:38.965612
447,427,NO,2026-04-27T21:38:39.096899
447,44,NO,2026-04-27T21:38:39.265839
447,437,NO,2026-04-27T21:38:39.412034
447,233,NO,2026-04-27T21:38:39.559183
447,218,NO,2026-04-27T21:38:39.677719
447,351,NO,2026-04-27T21:38:39.832483
447,631,NO,2026-04-27T21:38:39.963924
447,333,NO,2026-04-27T21:38:40.092094
447,165,YES,2026-04-27T21:38:40.251435
447,931,YES,2026-04-27T21:38:40.540188
448,207,YES,2026-04-27T21:38:40.763438
448,755,YES,2026-04-27T21:38:40.908152
448,904,YES,2026-04-27T21:38:41.156447
448,121,YES,2026-04-27T21:38:41.276245
448,832,NO,2026-04-27T21:38:41.397224
448,105,NO,2026-04-27T21:38:41.507194
448,335,SUPER_LIKE,2026-04-27T21:38:41.618045
448,213,NO,2026-04-27T21:38:41.741993
448,963,YES,2026-04-27T21:38:41.873019
448,173,NO,2026-04-27T21:38:42.001532
448,250,NO,2026-04-27T21:38:42.134491
448,310,NO,2026-04-27T21:38:42.261430
448,271,NO,2026-04-27T21:38:42.380049
448,732,NO,2026-04-27T21:38:42.507118
448,508,YES,2026-04-27T21:38:42.749067
448,28,YES,2026-04-27T21:38:42.871660
448,114,NO,2026-04-27T21:38:42.990307
448,398,YES,2026-04-27T21:38:43.230605
448,615,NO,2026-04-27T21:38:43.342602
449,590,NO,2026-04-27T21:38:43.986378
449,621,YES,2026-04-27T21:38:44.114256
449,837,YES,2026-04-27T21:38:44.234795
449,937,NO,2026-04-27T21:38:44.480747
449,251,YES,2026-04-27T21:38:44.732399
449,824,YES,2026-04-27T21:38:44.842042
449,294,NO,2026-04-27T21:38:44.998841
449,977,NO,2026-04-27T21:38:45.281616
449,217,NO,2026-04-27T21:38:45.412816
449,207,YES,2026-04-27T21:38:45.545702
449,480,YES,2026-04-27T21:38:45.666165
449,669,NO,2026-04-27T21:38:45.783615
449,459,YES,2026-04-27T21:38:46.023659
450,289,NO,2026-04-27T21:38:46.437914
450,677,NO,2026-04-27T21:38:46.559580
450,179,YES,2026-04-27T21:38:46.773981
450,362,NO,2026-04-27T21:38:46.901805
450,524,NO,2026-04-27T21:38:47.036243
450,799,YES,2026-04-27T21:38:47.153138
450,518,YES,2026-04-27T21:38:47.377581
450,986,SUPER_LIKE,2026-04-27T21:38:47.500423
450,979,YES,2026-04-27T21:38:47.628758
450,531,SUPER_LIKE,2026-04-27T21:38:47.886507
450,757,NO,2026-04-27T21:38:47.995951
450,307,YES,2026-04-27T21:38:48.119486
450,351,NO,2026-04-27T21:38:48.244990
450,430,YES,2026-04-27T21:38:48.476840
450,587,YES,2026-04-27T21:38:48.717566
450,477,YES,2026-04-27T21:38:48.833346
450,219,NO,2026-04-27T21:38:49.077472
451,766,YES,2026-04-27T21:38:49.259230
451,788,YES,2026-04-27T21:38:49.370084
451,464,YES,2026-04-27T21:38:49.617017
451,501,NO,2026-04-27T21:38:49.744933
451,892,YES,2026-04-27T21:38:49.863449
451,238,NO,2026-04-27T21:38:49.967246
451,549,NO,2026-04-27T21:38:50.092604
451,122,YES,2026-04-27T21:38:50.213223
451,381,NO,2026-04-27T21:38:50.323906
451,811,NO,2026-04-27T21:38:50.798886
451,923,NO,2026-04-27T21:38:51.049233
451,22,NO,2026-04-27T21:38:51.165983
451,78,NO,2026-04-27T21:38:51.401752
451,54,NO,2026-04-27T21:38:51.518732
451,269,YES,2026-04-27T21:38:51.761453
452,46,NO,2026-04-27T21:38:51.956296
452,186,YES,2026-04-27T21:38:52.065980
452,617,NO,2026-04-27T21:38:52.177605
452,930,NO,2026-04-27T21:38:52.299913
452,213,NO,2026-04-27T21:38:52.423957
452,41,NO,2026-04-27T21:38:52.655481
452,384,NO,2026-04-27T21:38:52.780499
452,821,NO,2026-04-27T21:38:53.011313
452,339,YES,2026-04-27T21:38:53.127119
452,443,NO,2026-04-27T21:38:53.364110
452,389,NO,2026-04-27T21:38:53.589958
452,481,NO,2026-04-27T21:38:53.703575
452,677,YES,2026-04-27T21:38:53.822583
452,195,YES,2026-04-27T21:38:53.946694
452,918,NO,2026-04-27T21:38:54.179659
452,712,NO,2026-04-27T21:38:54.300953
452,362,YES,2026-04-27T21:38:54.411333
452,157,YES,2026-04-27T21:38:54.536305
452,421,NO,2026-04-27T21:38:54.654156
452,397,NO,2026-04-27T21:38:54.912984
453,649,YES,2026-04-27T21:38:55.183251
453,131,YES,2026-04-27T21:38:55.310199
453,987,YES,2026-04-27T21:38:55.422902
453,939,NO,2026-04-27T21:38:55.531606
453,85,YES,2026-04-27T21:38:55.765118
453,409,YES,2026-04-27T21:38:55.906275
453,424,YES,2026-04-27T21:38:56.020848
453,761,NO,2026-04-27T21:38:56.146384
453,636,YES,2026-04-27T21:38:56.261171
453,909,NO,2026-04-27T21:38:56.517390
453,312,YES,2026-04-27T21:38:56.636807
453,995,YES,2026-04-27T21:38:56.880407
453,501,YES,2026-04-27T21:38:56.996724
453,543,NO,2026-04-27T21:38:57.123412
453,619,YES,2026-04-27T21:38:57.256159
453,66,NO,2026-04-27T21:38:57.402226
453,662,YES,2026-04-27T21:38:57.535428
453,825,NO,2026-04-27T21:38:57.663166
454,513,NO,2026-04-27T21:38:57.968938
454,863,NO,2026-04-27T21:38:58.080250
454,934,NO,2026-04-27T21:38:58.191374
454,139,NO,2026-04-27T21:38:58.308001
454,35,NO,2026-04-27T21:38:58.437128
454,725,NO,2026-04-27T21:38:58.684225
454,114,NO,2026-04-27T21:38:58.813447
454,502,NO,2026-04-27T21:38:58.932738
454,867,YES,2026-04-27T21:38:59.174411
454,862,YES,2026-04-27T21:38:59.419156
454,855,YES,2026-04-27T21:38:59.546453
454,141,NO,2026-04-27T21:38:59.775143
454,553,YES,2026-04-27T21:38:59.899901
454,582,YES,2026-04-27T21:39:00.143228
454,235,NO,2026-04-27T21:39:00.252592
454,372,NO,2026-04-27T21:39:00.368926
454,96,NO,2026-04-27T21:39:00.601628
454,156,NO,2026-04-27T21:39:00.725187
455,604,NO,2026-04-27T21:39:00.899213
455,831,NO,2026-04-27T21:39:01.010938
455,563,NO,2026-04-27T21:39:01.133162
455,775,NO,2026-04-27T21:39:01.258557
455,117,NO,2026-04-27T21:39:01.378289
455,934,NO,2026-04-27T21:39:01.486817
455,463,NO,2026-04-27T21:39:01.602119
455,83,NO,2026-04-27T21:39:01.712693
455,183,NO,2026-04-27T21:39:01.845913
455,524,YES,2026-04-27T21:39:01.973010
455,509,NO,2026-04-27T21:39:02.210645
455,901,NO,2026-04-27T21:39:02.326824
455,405,NO,2026-04-27T21:39:02.446218
455,407,NO,2026-04-27T21:39:02.722352
455,363,NO,2026-04-27T21:39:02.845013
455,301,NO,2026-04-27T21:39:02.975505
455,718,YES,2026-04-27T21:39:03.091283
455,675,NO,2026-04-27T21:39:03.206244
455,953,NO,2026-04-27T21:39:03.316329
456,812,YES,2026-04-27T21:39:03.606024
456,86,YES,2026-04-27T21:39:03.725346
456,116,YES,2026-04-27T21:39:03.867653
456,524,NO,2026-04-27T21:39:03.986375
456,755,SUPER_LIKE,2026-04-27T21:39:04.361547
456,759,NO,2026-04-27T21:39:04.473925
456,972,NO,2026-04-27T21:39:04.592207
456,761,YES,2026-04-27T21:39:04.844477
456,704,NO,2026-04-27T21:39:05.202057
456,230,YES,2026-04-27T21:39:05.318768
456,670,NO,2026-04-27T21:39:05.433334
456,252,NO,2026-04-27T21:39:05.549499
456,217,NO,2026-04-27T21:39:05.923952
456,462,NO,2026-04-27T21:39:06.036259
456,518,YES,2026-04-27T21:39:06.150145
456,547,NO,2026-04-27T21:39:06.388459
457,698,YES,2026-04-27T21:39:06.566069
457,739,NO,2026-04-27T21:39:06.678355
457,142,YES,2026-04-27T21:39:07.140067
457,318,NO,2026-04-27T21:39:07.251626
457,819,NO,2026-04-27T21:39:07.364886
457,962,NO,2026-04-27T21:39:07.475861
457,96,NO,2026-04-27T21:39:07.590593
457,892,NO,2026-04-27T21:39:07.827114
457,888,NO,2026-04-27T21:39:07.942976
457,452,YES,2026-04-27T21:39:08.201762
457,765,NO,2026-04-27T21:39:08.681662
457,750,NO,2026-04-27T21:39:08.823365
457,557,NO,2026-04-27T21:39:08.955833
458,733,NO,2026-04-27T21:39:09.178968
458,513,NO,2026-04-27T21:39:09.636807
458,834,NO,2026-04-27T21:39:09.757960
458,783,NO,2026-04-27T21:39:09.991818
458,359,NO,2026-04-27T21:39:10.102907
458,889,NO,2026-04-27T21:39:10.322821
458,796,YES,2026-04-27T21:39:10.436193
458,205,YES,2026-04-27T21:39:10.558172
458,31,NO,2026-04-27T21:39:10.794375
458,753,YES,2026-04-27T21:39:11.044384
458,930,NO,2026-04-27T21:39:11.169259
458,992,NO,2026-04-27T21:39:11.283107
458,645,NO,2026-04-27T21:39:11.647360
458,119,NO,2026-04-27T21:39:11.777550
458,847,NO,2026-04-27T21:39:11.890977
459,966,YES,2026-04-27T21:39:12.069709
459,443,SUPER_LIKE,2026-04-27T21:39:12.300668
459,733,NO,2026-04-27T21:39:12.411341
459,391,YES,2026-04-27T21:39:12.536137
459,133,NO,2026-04-27T21:39:12.758642
459,1009,NO,2026-04-27T21:39:13.011572
459,470,NO,2026-04-27T21:39:13.141151
459,800,NO,2026-04-27T21:39:13.289464
459,55,YES,2026-04-27T21:39:13.438544
459,564,NO,2026-04-27T21:39:13.570740
459,366,YES,2026-04-27T21:39:13.721945
459,993,NO,2026-04-27T21:39:13.877855
459,158,NO,2026-04-27T21:39:14.262588
459,419,NO,2026-04-27T21:39:14.371924
459,577,NO,2026-04-27T21:39:14.486551
459,329,YES,2026-04-27T21:39:14.719418
460,379,NO,2026-04-27T21:39:15.011348
460,765,NO,2026-04-27T21:39:15.239180
460,151,SUPER_LIKE,2026-04-27T21:39:15.372773
460,341,NO,2026-04-27T21:39:15.486065
460,573,NO,2026-04-27T21:39:15.612829
460,84,NO,2026-04-27T21:39:15.865602
460,854,NO,2026-04-27T21:39:15.986831
460,316,YES,2026-04-27T21:39:16.211780
460,54,NO,2026-04-27T21:39:16.449328
460,867,YES,2026-04-27T21:39:16.576537
460,554,YES,2026-04-27T21:39:16.704711
460,756,NO,2026-04-27T21:39:16.827994
460,312,YES,2026-04-27T21:39:17.060546
460,982,NO,2026-04-27T21:39:17.175809
460,229,NO,2026-04-27T21:39:17.288135
460,632,NO,2026-04-27T21:39:17.400664
461,517,NO,2026-04-27T21:39:17.597034
461,846,NO,2026-04-27T21:39:17.716203
461,918,NO,2026-04-27T21:39:17.828831
461,769,NO,2026-04-27T21:39:17.947164
461,502,NO,2026-04-27T21:39:18.069715
461,76,NO,2026-04-27T21:39:18.207523
461,377,NO,2026-04-27T21:39:18.334271
461,599,NO,2026-04-27T21:39:18.678229
461,1003,YES,2026-04-27T21:39:18.829227
461,478,NO,2026-04-27T21:39:18.954107
461,742,NO,2026-04-27T21:39:19.077243
461,464,YES,2026-04-27T21:39:19.319335
461,555,NO,2026-04-27T21:39:19.455749
461,944,NO,2026-04-27T21:39:19.591296
461,561,NO,2026-04-27T21:39:19.713979
461,437,NO,2026-04-27T21:39:19.833894
461,97,NO,2026-04-27T21:39:19.980539
461,273,NO,2026-04-27T21:39:20.110029
462,221,NO,2026-04-27T21:39:20.444652
462,364,NO,2026-04-27T21:39:20.678391
462,551,NO,2026-04-27T21:39:20.820377
462,174,NO,2026-04-27T21:39:20.974845
462,743,NO,2026-04-27T21:39:21.102278
462,850,NO,2026-04-27T21:39:21.219463
462,706,NO,2026-04-27T21:39:21.335103
462,493,NO,2026-04-27T21:39:21.452892
462,487,NO,2026-04-27T21:39:21.574952
462,705,NO,2026-04-27T21:39:21.701129
462,888,NO,2026-04-27T21:39:21.824168
462,35,NO,2026-04-27T21:39:21.942133
462,317,NO,2026-04-27T21:39:22.180630
462,79,NO,2026-04-27T21:39:22.412033
462,665,NO,2026-04-27T21:39:22.530126
462,612,NO,2026-04-27T21:39:22.640667
462,698,NO,2026-04-27T21:39:22.763191
462,586,NO,2026-04-27T21:39:23.130213
462,646,NO,2026-04-27T21:39:23.267889
463,270,NO,2026-04-27T21:39:23.454614
463,546,NO,2026-04-27T21:39:23.564508
463,574,NO,2026-04-27T21:39:23.788329
463,367,NO,2026-04-27T21:39:23.923962
463,157,NO,2026-04-27T21:39:24.045996
463,777,NO,2026-04-27T21:39:24.157732
463,691,NO,2026-04-27T21:39:24.410570
463,506,NO,2026-04-27T21:39:24.644349
463,227,NO,2026-04-27T21:39:24.765593
463,447,NO,2026-04-27T21:39:25.012350
463,144,NO,2026-04-27T21:39:25.137683
463,972,NO,2026-04-27T21:39:25.250818
463,215,NO,2026-04-27T21:39:25.373590
463,20,NO,2026-04-27T21:39:25.596840
463,610,YES,2026-04-27T21:39:25.842987
463,638,YES,2026-04-27T21:39:25.968513
464,570,NO,2026-04-27T21:39:26.140336
464,119,YES,2026-04-27T21:39:26.357635
464,675,SUPER_LIKE,2026-04-27T21:39:26.585931
464,486,YES,2026-04-27T21:39:26.811579
464,159,SUPER_LIKE,2026-04-27T21:39:26.938129
464,831,YES,2026-04-27T21:39:27.049338
464,79,YES,2026-04-27T21:39:27.280657
464,261,NO,2026-04-27T21:39:27.404452
464,85,YES,2026-04-27T21:39:27.654633
464,993,NO,2026-04-27T21:39:27.766934
464,526,NO,2026-04-27T21:39:27.880926
464,934,NO,2026-04-27T21:39:28.122619
464,730,YES,2026-04-27T21:39:28.235065
464,575,YES,2026-04-27T21:39:28.347638
464,527,NO,2026-04-27T21:39:28.458620
464,873,YES,2026-04-27T21:39:28.605344
464,662,NO,2026-04-27T21:39:28.848736
464,497,NO,2026-04-27T21:39:28.973678
465,302,NO,2026-04-27T21:39:29.146086
465,336,NO,2026-04-27T21:39:29.271490
465,821,NO,2026-04-27T21:39:29.490049
465,309,NO,2026-04-27T21:39:29.717852
465,205,NO,2026-04-27T21:39:29.832419
465,656,YES,2026-04-27T21:39:29.978252
465,299,NO,2026-04-27T21:39:30.095592
465,282,NO,2026-04-27T21:39:30.206381
465,380,YES,2026-04-27T21:39:30.445250
465,311,NO,2026-04-27T21:39:30.562373
465,513,NO,2026-04-27T21:39:30.676801
465,77,NO,2026-04-27T21:39:30.923994
465,66,NO,2026-04-27T21:39:31.053636
465,128,YES,2026-04-27T21:39:31.174130
465,733,NO,2026-04-27T21:39:31.303889
465,649,NO,2026-04-27T21:39:31.546266
465,917,YES,2026-04-27T21:39:31.672492
466,923,NO,2026-04-27T21:39:32.090686
466,88,NO,2026-04-27T21:39:32.226078
466,547,NO,2026-04-27T21:39:32.348353
466,817,NO,2026-04-27T21:39:32.461158
466,149,NO,2026-04-27T21:39:32.576417
466,780,NO,2026-04-27T21:39:32.691982
466,94,YES,2026-04-27T21:39:32.821686
466,962,NO,2026-04-27T21:39:32.940752
466,682,NO,2026-04-27T21:39:33.056030
466,879,NO,2026-04-27T21:39:33.304291
466,65,NO,2026-04-27T21:39:33.413245
466,191,YES,2026-04-27T21:39:33.528165
466,680,NO,2026-04-27T21:39:33.759570
466,790,NO,2026-04-27T21:39:33.876617
466,187,NO,2026-04-27T21:39:33.994353
466,398,NO,2026-04-27T21:39:34.116019
466,69,YES,2026-04-27T21:39:34.336014
466,706,NO,2026-04-27T21:39:34.448526
466,606,YES,2026-04-27T21:39:34.567408
467,936,NO,2026-04-27T21:39:34.847528
467,816,NO,2026-04-27T21:39:34.975231
467,375,NO,2026-04-27T21:39:35.089624
467,402,NO,2026-04-27T21:39:35.207364
467,947,NO,2026-04-27T21:39:35.324056
467,930,NO,2026-04-27T21:39:35.445842
467,553,YES,2026-04-27T21:39:35.560394
467,823,NO,2026-04-27T21:39:35.948255
467,202,NO,2026-04-27T21:39:36.283404
467,426,YES,2026-04-27T21:39:36.397429
467,493,NO,2026-04-27T21:39:36.509299
467,131,NO,2026-04-27T21:39:36.629308
467,217,NO,2026-04-27T21:39:36.736956
467,274,YES,2026-04-27T21:39:36.982006
467,117,NO,2026-04-27T21:39:37.104215
467,596,NO,2026-04-27T21:39:37.340735
467,701,NO,2026-04-27T21:39:37.468104
468,278,YES,2026-04-27T21:39:38.089333
468,171,NO,2026-04-27T21:39:38.321313
468,339,NO,2026-04-27T21:39:38.446556
468,510,NO,2026-04-27T21:39:38.581878
468,115,NO,2026-04-27T21:39:38.697646
468,260,NO,2026-04-27T21:39:38.802470
468,973,NO,2026-04-27T21:39:38.929124
468,705,NO,2026-04-27T21:39:39.161513
468,1014,SUPER_LIKE,2026-04-27T21:39:39.399658
468,533,NO,2026-04-27T21:39:39.510059
468,645,NO,2026-04-27T21:39:39.624464
468,871,NO,2026-04-27T21:39:39.748886
468,254,NO,2026-04-27T21:39:39.988551
468,78,YES,2026-04-27T21:39:40.229105
468,731,NO,2026-04-27T21:39:40.335425
468,147,YES,2026-04-27T21:39:40.565950
468,758,NO,2026-04-27T21:39:40.680401
468,738,NO,2026-04-27T21:39:40.802605
468,572,YES,2026-04-27T21:39:40.937517
469,613,NO,2026-04-27T21:39:41.107320
469,235,NO,2026-04-27T21:39:41.219152
469,663,SUPER_LIKE,2026-04-27T21:39:41.342046
469,996,NO,2026-04-27T21:39:41.463421
469,827,NO,2026-04-27T21:39:41.580505
469,593,NO,2026-04-27T21:39:41.686591
469,1015,NO,2026-04-27T21:39:41.793607
469,98,YES,2026-04-27T21:39:42.019344
469,643,NO,2026-04-27T21:39:42.249550
469,382,NO,2026-04-27T21:39:42.360535
469,66,NO,2026-04-27T21:39:42.494414
469,320,NO,2026-04-27T21:39:42.610786
469,698,NO,2026-04-27T21:39:42.724328
469,15,NO,2026-04-27T21:39:42.839756
469,383,NO,2026-04-27T21:39:42.953999
469,309,NO,2026-04-27T21:39:43.325856
469,604,YES,2026-04-27T21:39:43.600887
469,306,NO,2026-04-27T21:39:43.739762
470,910,NO,2026-04-27T21:39:44.024750
470,45,NO,2026-04-27T21:39:44.145994
470,351,NO,2026-04-27T21:39:44.262774
470,955,NO,2026-04-27T21:39:44.385007
470,646,NO,2026-04-27T21:39:44.610491
470,917,SUPER_LIKE,2026-04-27T21:39:44.847199
470,228,NO,2026-04-27T21:39:44.966513
470,787,NO,2026-04-27T21:39:45.088732
470,89,YES,2026-04-27T21:39:45.202245
470,214,NO,2026-04-27T21:39:45.316564
470,682,NO,2026-04-27T21:39:45.539890
470,190,NO,2026-04-27T21:39:45.649608
470,974,NO,2026-04-27T21:39:45.875374
470,848,YES,2026-04-27T21:39:45.999543
470,537,NO,2026-04-27T21:39:46.219727
470,544,NO,2026-04-27T21:39:46.347198
470,238,YES,2026-04-27T21:39:46.583872
470,612,NO,2026-04-27T21:39:46.700474
471,831,NO,2026-04-27T21:39:46.878949
471,439,YES,2026-04-27T21:39:47.006976
471,428,NO,2026-04-27T21:39:47.131326
471,297,YES,2026-04-27T21:39:47.256872
471,85,YES,2026-04-27T21:39:47.371162
471,424,NO,2026-04-27T21:39:47.590666
471,456,YES,2026-04-27T21:39:47.716787
471,121,NO,2026-04-27T21:39:47.859802
471,777,YES,2026-04-27T21:39:47.997859
471,346,NO,2026-04-27T21:39:48.361674
471,143,YES,2026-04-27T21:39:48.482330
471,641,SUPER_LIKE,2026-04-27T21:39:48.598331
471,25,NO,2026-04-27T21:39:48.713582
471,711,NO,2026-04-27T21:39:48.836833
471,372,YES,2026-04-27T21:39:48.961704
471,546,NO,2026-04-27T21:39:49.075550
471,561,NO,2026-04-27T21:39:49.191180
471,953,NO,2026-04-27T21:39:49.321922
472,941,YES,2026-04-27T21:39:49.503337
472,294,NO,2026-04-27T21:39:49.734584
472,444,NO,2026-04-27T21:39:49.846113
472,342,YES,2026-04-27T21:39:50.077282
472,461,NO,2026-04-27T21:39:50.195111
472,777,YES,2026-04-27T21:39:50.318168
472,595,NO,2026-04-27T21:39:50.429537
472,123,YES,2026-04-27T21:39:50.669106
472,778,SUPER_LIKE,2026-04-27T21:39:50.911054
472,804,SUPER_LIKE,2026-04-27T21:39:51.038562
472,339,NO,2026-04-27T21:39:51.389416
472,799,NO,2026-04-27T21:39:51.627104
472,480,YES,2026-04-27T21:39:51.775998
472,763,NO,2026-04-27T21:39:51.895349
472,722,YES,2026-04-27T21:39:52.024531
472,39,SUPER_LIKE,2026-04-27T21:39:52.141806
472,493,SUPER_LIKE,2026-04-27T21:39:52.373277
472,473,YES,2026-04-27T21:39:52.611119
472,793,NO,2026-04-27T21:39:52.845975
473,281,YES,2026-04-27T21:39:53.031193
473,511,SUPER_LIKE,2026-04-27T21:39:53.155403
473,893,YES,2026-04-27T21:39:53.284924
473,934,NO,2026-04-27T21:39:53.409560
473,671,YES,2026-04-27T21:39:53.526838
473,645,YES,2026-04-27T21:39:53.638263
473,83,YES,2026-04-27T21:39:53.754349
473,201,NO,2026-04-27T21:39:53.867042
473,387,YES,2026-04-27T21:39:54.111303
473,35,NO,2026-04-27T21:39:54.220447
473,440,YES,2026-04-27T21:39:54.340884
473,290,YES,2026-04-27T21:39:54.468225
473,353,YES,2026-04-27T21:39:54.619240
473,609,NO,2026-04-27T21:39:54.738859
473,662,YES,2026-04-27T21:39:54.961999
473,270,YES,2026-04-27T21:39:55.087804
473,986,NO,2026-04-27T21:39:55.205093
473,1005,SUPER_LIKE,2026-04-27T21:39:55.326680
473,865,NO,2026-04-27T21:39:55.443467
474,294,NO,2026-04-27T21:39:55.612540
474,347,NO,2026-04-27T21:39:55.767522
474,744,NO,2026-04-27T21:39:55.896633
474,181,NO,2026-04-27T21:39:56.020122
474,333,NO,2026-04-27T21:39:56.153793
474,111,NO,2026-04-27T21:39:56.274578
474,754,YES,2026-04-27T21:39:56.509485
474,794,NO,2026-04-27T21:39:56.784298
474,25,YES,2026-04-27T21:39:56.948496
474,654,NO,2026-04-27T21:39:57.094003
474,612,YES,2026-04-27T21:39:57.260273
474,51,YES,2026-04-27T21:39:57.503549
474,831,NO,2026-04-27T21:39:57.621319
474,240,NO,2026-04-27T21:39:57.847291
474,521,NO,2026-04-27T21:39:57.957699
474,329,NO,2026-04-27T21:39:58.080814
474,135,NO,2026-04-27T21:39:58.203660
474,201,NO,2026-04-27T21:39:58.317727
475,842,NO,2026-04-27T21:39:58.735537
475,790,NO,2026-04-27T21:39:59.088874
475,445,YES,2026-04-27T21:39:59.208033
475,217,NO,2026-04-27T21:39:59.328996
475,522,NO,2026-04-27T21:39:59.796482
475,731,NO,2026-04-27T21:39:59.934219
475,852,NO,2026-04-27T21:40:00.082067
475,29,NO,2026-04-27T21:40:00.196967
475,553,NO,2026-04-27T21:40:00.572683
475,287,NO,2026-04-27T21:40:00.691361
475,915,NO,2026-04-27T21:40:00.912172
475,420,NO,2026-04-27T21:40:01.035633
475,503,NO,2026-04-27T21:40:01.282109
476,472,NO,2026-04-27T21:40:01.453456
476,51,YES,2026-04-27T21:40:01.576256
476,643,NO,2026-04-27T21:40:01.711452
476,931,YES,2026-04-27T21:40:01.836651
476,222,NO,2026-04-27T21:40:01.955155
476,814,NO,2026-04-27T21:40:02.089804
476,122,YES,2026-04-27T21:40:02.216750
476,547,NO,2026-04-27T21:40:02.341535
476,63,SUPER_LIKE,2026-04-27T21:40:02.566988
476,516,NO,2026-04-27T21:40:02.682694
476,991,NO,2026-04-27T21:40:02.803393
476,43,NO,2026-04-27T21:40:02.935437
476,216,YES,2026-04-27T21:40:03.049998
476,735,YES,2026-04-27T21:40:03.194086
476,192,NO,2026-04-27T21:40:03.525236
476,990,NO,2026-04-27T21:40:03.756909
477,207,NO,2026-04-27T21:40:04.071985
477,956,NO,2026-04-27T21:40:04.186224
477,855,YES,2026-04-27T21:40:04.308942
477,930,NO,2026-04-27T21:40:04.424220
477,678,YES,2026-04-27T21:40:04.777459
477,889,NO,2026-04-27T21:40:04.889563
477,156,NO,2026-04-27T21:40:05.008396
477,877,YES,2026-04-27T21:40:05.131176
477,473,YES,2026-04-27T21:40:05.264519
477,629,SUPER_LIKE,2026-04-27T21:40:05.411661
477,190,NO,2026-04-27T21:40:05.523502
477,591,NO,2026-04-27T21:40:05.634443
477,323,NO,2026-04-27T21:40:05.752700
477,281,NO,2026-04-27T21:40:05.868816
477,508,NO,2026-04-27T21:40:06.103116
477,425,NO,2026-04-27T21:40:06.321014
477,688,NO,2026-04-27T21:40:06.435781
477,901,YES,2026-04-27T21:40:06.679915
477,169,YES,2026-04-27T21:40:06.808458
478,586,NO,2026-04-27T21:40:07.020569
478,355,NO,2026-04-27T21:40:07.269541
478,833,YES,2026-04-27T21:40:07.399202
478,94,NO,2026-04-27T21:40:07.515231
478,208,NO,2026-04-27T21:40:07.631884
478,366,YES,2026-04-27T21:40:07.749560
478,729,YES,2026-04-27T21:40:07.867944
478,585,YES,2026-04-27T21:40:07.997212
478,493,YES,2026-04-27T21:40:08.143654
478,372,NO,2026-04-27T21:40:08.394311
478,58,YES,2026-04-27T21:40:08.508860
478,322,YES,2026-04-27T21:40:08.733325
478,453,YES,2026-04-27T21:40:08.964745
478,636,YES,2026-04-27T21:40:09.240240
478,1015,NO,2026-04-27T21:40:09.371946
478,41,YES,2026-04-27T21:40:09.632457
478,523,NO,2026-04-27T21:40:09.787024
478,227,NO,2026-04-27T21:40:09.953885
479,420,YES,2026-04-27T21:40:10.306976
479,71,NO,2026-04-27T21:40:10.450450
479,461,YES,2026-04-27T21:40:10.616244
479,492,NO,2026-04-27T21:40:10.878146
479,184,YES,2026-04-27T21:40:11.127953
479,243,YES,2026-04-27T21:40:11.276168
479,709,YES,2026-04-27T21:40:11.415282
479,657,NO,2026-04-27T21:40:11.570064
479,898,NO,2026-04-27T21:40:11.725360
479,263,NO,2026-04-27T21:40:12.010179
479,557,NO,2026-04-27T21:40:12.247436
479,390,NO,2026-04-27T21:40:12.556943
479,1011,NO,2026-04-27T21:40:12.694680
479,878,YES,2026-04-27T21:40:12.971908
479,105,NO,2026-04-27T21:40:13.098301
479,596,NO,2026-04-27T21:40:13.218744
480,377,NO,2026-04-27T21:40:13.522522
480,196,NO,2026-04-27T21:40:13.652402
480,921,NO,2026-04-27T21:40:13.765498
480,611,NO,2026-04-27T21:40:14.004799
480,324,NO,2026-04-27T21:40:14.130508
480,112,YES,2026-04-27T21:40:14.383801
480,72,NO,2026-04-27T21:40:14.499772
480,961,NO,2026-04-27T21:40:14.609477
480,325,NO,2026-04-27T21:40:14.731766
480,950,NO,2026-04-27T21:40:14.850312
480,97,YES,2026-04-27T21:40:14.984960
480,404,NO,2026-04-27T21:40:15.099539
480,183,NO,2026-04-27T21:40:15.470026
480,11,NO,2026-04-27T21:40:15.814895
480,508,NO,2026-04-27T21:40:15.947823
480,159,NO,2026-04-27T21:40:16.069224
481,518,YES,2026-04-27T21:40:16.354263
481,770,YES,2026-04-27T21:40:16.573192
481,895,YES,2026-04-27T21:40:16.924613
481,471,YES,2026-04-27T21:40:17.047797
481,917,NO,2026-04-27T21:40:17.287447
481,195,NO,2026-04-27T21:40:17.423111
481,474,NO,2026-04-27T21:40:17.545061
481,649,YES,2026-04-27T21:40:17.756327
481,541,NO,2026-04-27T21:40:17.864296
481,744,YES,2026-04-27T21:40:18.106238
481,789,NO,2026-04-27T21:40:18.231795
481,452,YES,2026-04-27T21:40:18.350124
481,389,NO,2026-04-27T21:40:18.464351
481,887,SUPER_LIKE,2026-04-27T21:40:18.580503
481,950,YES,2026-04-27T21:40:18.701674
481,234,NO,2026-04-27T21:40:18.953499
481,750,YES,2026-04-27T21:40:19.070625
481,914,NO,2026-04-27T21:40:19.190937
482,93,NO,2026-04-27T21:40:19.376786
482,306,NO,2026-04-27T21:40:19.520611
482,601,NO,2026-04-27T21:40:19.692903
482,733,NO,2026-04-27T21:40:19.948658
482,263,NO,2026-04-27T21:40:20.081506
482,84,NO,2026-04-27T21:40:20.351855
482,957,NO,2026-04-27T21:40:20.495866
482,905,NO,2026-04-27T21:40:20.637891
482,810,NO,2026-04-27T21:40:20.799040
482,61,YES,2026-04-27T21:40:20.947572
482,953,NO,2026-04-27T21:40:21.105356
482,88,NO,2026-04-27T21:40:21.265497
482,600,NO,2026-04-27T21:40:21.467464
482,218,NO,2026-04-27T21:40:21.738312
482,781,NO,2026-04-27T21:40:21.890630
482,365,NO,2026-04-27T21:40:22.354736
483,350,NO,2026-04-27T21:40:22.545870
483,181,YES,2026-04-27T21:40:22.658952
483,858,NO,2026-04-27T21:40:23.001589
483,48,SUPER_LIKE,2026-04-27T21:40:23.133264
483,408,YES,2026-04-27T21:40:23.249077
483,513,NO,2026-04-27T21:40:23.359654
483,598,NO,2026-04-27T21:40:23.478299
483,922,NO,2026-04-27T21:40:23.594514
483,885,YES,2026-04-27T21:40:23.845329
483,476,NO,2026-04-27T21:40:23.956935
483,84,YES,2026-04-27T21:40:24.335360
483,863,YES,2026-04-27T21:40:24.448500
483,18,YES,2026-04-27T21:40:24.562472
483,208,NO,2026-04-27T21:40:24.817986
483,618,NO,2026-04-27T21:40:24.949880
483,284,NO,2026-04-27T21:40:25.065427
484,883,NO,2026-04-27T21:40:25.250165
484,760,YES,2026-04-27T21:40:25.373958
484,460,NO,2026-04-27T21:40:25.621249
484,939,NO,2026-04-27T21:40:25.733366
484,423,NO,2026-04-27T21:40:25.853205
484,228,YES,2026-04-27T21:40:25.983517
484,461,NO,2026-04-27T21:40:26.218068
484,717,YES,2026-04-27T21:40:26.456959
484,342,YES,2026-04-27T21:40:26.698954
484,501,NO,2026-04-27T21:40:26.816877
484,591,NO,2026-04-27T21:40:27.042854
484,426,SUPER_LIKE,2026-04-27T21:40:27.326398
484,578,NO,2026-04-27T21:40:27.445476
484,456,NO,2026-04-27T21:40:27.554317
484,596,NO,2026-04-27T21:40:27.662587
484,354,NO,2026-04-27T21:40:27.926498
485,741,NO,2026-04-27T21:40:28.095011
485,292,NO,2026-04-27T21:40:28.339300
485,48,YES,2026-04-27T21:40:28.702434
485,980,NO,2026-04-27T21:40:28.819464
485,847,NO,2026-04-27T21:40:28.945408
485,753,NO,2026-04-27T21:40:29.063436
485,279,NO,2026-04-27T21:40:29.414153
485,342,NO,2026-04-27T21:40:29.544691
485,497,NO,2026-04-27T21:40:29.781773
485,457,YES,2026-04-27T21:40:29.902949
485,143,NO,2026-04-27T21:40:30.190242
485,1006,NO,2026-04-27T21:40:30.314432
485,51,YES,2026-04-27T21:40:30.437386
485,593,NO,2026-04-27T21:40:30.574239
485,172,NO,2026-04-27T21:40:30.816491
485,503,NO,2026-04-27T21:40:30.926301
485,132,YES,2026-04-27T21:40:31.182233
486,793,YES,2026-04-27T21:40:31.361496
486,376,YES,2026-04-27T21:40:31.471774
486,375,NO,2026-04-27T21:40:31.588235
486,521,SUPER_LIKE,2026-04-27T21:40:31.699099
486,621,SUPER_LIKE,2026-04-27T21:40:32.174006
486,652,NO,2026-04-27T21:40:32.296448
486,267,YES,2026-04-27T21:40:32.423548
486,373,NO,2026-04-27T21:40:32.540737
486,543,NO,2026-04-27T21:40:32.887840
486,808,SUPER_LIKE,2026-04-27T21:40:33.022262
486,620,YES,2026-04-27T21:40:33.239503
486,1021,NO,2026-04-27T21:40:33.356670
486,355,NO,2026-04-27T21:40:33.592026
486,47,NO,2026-04-27T21:40:33.716180
486,859,NO,2026-04-27T21:40:34.096139
486,151,NO,2026-04-27T21:40:34.231408
487,286,YES,2026-04-27T21:40:34.636099
487,30,YES,2026-04-27T21:40:35.002793
487,327,SUPER_LIKE,2026-04-27T21:40:35.119809
487,443,NO,2026-04-27T21:40:35.347348
487,989,YES,2026-04-27T21:40:35.690821
487,921,YES,2026-04-27T21:40:35.943696
487,292,YES,2026-04-27T21:40:36.301591
487,47,YES,2026-04-27T21:40:36.429086
487,427,YES,2026-04-27T21:40:36.557527
487,895,YES,2026-04-27T21:40:36.786691
487,43,YES,2026-04-27T21:40:36.907278
487,973,YES,2026-04-27T21:40:37.023250
487,611,YES,2026-04-27T21:40:37.160124
488,967,NO,2026-04-27T21:40:37.343130
488,213,NO,2026-04-27T21:40:37.575483
488,669,YES,2026-04-27T21:40:37.805015
488,22,YES,2026-04-27T21:40:37.920339
488,256,YES,2026-04-27T21:40:38.031729
488,838,YES,2026-04-27T21:40:38.259070
488,641,YES,2026-04-27T21:40:38.495453
488,676,NO,2026-04-27T21:40:38.609220
488,941,YES,2026-04-27T21:40:38.735588
488,618,YES,2026-04-27T21:40:38.977847
488,764,NO,2026-04-27T21:40:39.086351
488,779,NO,2026-04-27T21:40:39.204391
488,36,NO,2026-04-27T21:40:39.327605
488,188,YES,2026-04-27T21:40:39.479802
488,1010,YES,2026-04-27T21:40:39.732173
488,1003,NO,2026-04-27T21:40:39.853939
489,163,NO,2026-04-27T21:40:40.170858
489,370,NO,2026-04-27T21:40:40.290930
489,277,NO,2026-04-27T21:40:40.421193
489,18,NO,2026-04-27T21:40:40.533285
489,504,NO,2026-04-27T21:40:40.666647
489,786,NO,2026-04-27T21:40:40.779060
489,597,NO,2026-04-27T21:40:40.896660
489,870,NO,2026-04-27T21:40:41.131353
489,346,YES,2026-04-27T21:40:41.257218
489,499,NO,2026-04-27T21:40:41.380424
489,718,NO,2026-04-27T21:40:41.640745
489,199,YES,2026-04-27T21:40:41.855300
489,70,YES,2026-04-27T21:40:42.093815
489,197,YES,2026-04-27T21:40:42.216173
489,20,YES,2026-04-27T21:40:42.337941
489,426,NO,2026-04-27T21:40:42.582377
489,751,NO,2026-04-27T21:40:42.699884
489,271,NO,2026-04-27T21:40:42.818126
490,300,NO,2026-04-27T21:40:43.112837
490,370,NO,2026-04-27T21:40:43.230432
490,996,NO,2026-04-27T21:40:43.351754
490,169,NO,2026-04-27T21:40:43.689530
490,774,NO,2026-04-27T21:40:43.806909
490,918,NO,2026-04-27T21:40:43.930051
490,98,YES,2026-04-27T21:40:44.160563
490,871,NO,2026-04-27T21:40:44.268055
490,109,NO,2026-04-27T21:40:44.378340
490,668,NO,2026-04-27T21:40:44.867293
490,877,NO,2026-04-27T21:40:45.099854
490,704,NO,2026-04-27T21:40:45.212872
490,187,NO,2026-04-27T21:40:45.337220
490,126,NO,2026-04-27T21:40:45.456141
490,741,NO,2026-04-27T21:40:45.574888
491,497,NO,2026-04-27T21:40:45.759506
491,999,NO,2026-04-27T21:40:45.890906
491,468,NO,2026-04-27T21:40:46.010969
491,660,NO,2026-04-27T21:40:46.241887
491,930,YES,2026-04-27T21:40:46.369133
491,835,YES,2026-04-27T21:40:46.501650
491,729,NO,2026-04-27T21:40:46.618559
491,62,NO,2026-04-27T21:40:46.864919
491,36,NO,2026-04-27T21:40:46.982497
491,873,NO,2026-04-27T21:40:47.114657
491,24,NO,2026-04-27T21:40:47.227258
491,678,NO,2026-04-27T21:40:47.338800
491,276,SUPER_LIKE,2026-04-27T21:40:47.452503
491,412,YES,2026-04-27T21:40:47.572454
491,352,NO,2026-04-27T21:40:47.694721
491,351,NO,2026-04-27T21:40:47.808563
491,441,NO,2026-04-27T21:40:47.915687
491,917,YES,2026-04-27T21:40:48.143439
491,160,NO,2026-04-27T21:40:48.270063
492,651,NO,2026-04-27T21:40:48.556267
492,529,YES,2026-04-27T21:40:48.674246
492,713,NO,2026-04-27T21:40:48.789079
492,237,YES,2026-04-27T21:40:48.915565
492,374,NO,2026-04-27T21:40:49.160110
492,725,NO,2026-04-27T21:40:49.392461
492,1000,NO,2026-04-27T21:40:49.508670
492,601,NO,2026-04-27T21:40:49.621109
492,810,YES,2026-04-27T21:40:49.739338
492,324,NO,2026-04-27T21:40:49.862356
492,760,NO,2026-04-27T21:40:49.975856
492,848,NO,2026-04-27T21:40:50.095619
492,924,SUPER_LIKE,2026-04-27T21:40:50.209508
492,993,NO,2026-04-27T21:40:50.452272
492,761,NO,2026-04-27T21:40:50.577447
492,428,NO,2026-04-27T21:40:50.698320
492,239,NO,2026-04-27T21:40:50.811462
492,569,NO,2026-04-27T21:40:50.927201
493,562,YES,2026-04-27T21:40:51.125297
493,696,YES,2026-04-27T21:40:51.373535
493,35,NO,2026-04-27T21:40:51.491348
493,555,YES,2026-04-27T21:40:51.623412
493,713,YES,2026-04-27T21:40:51.866484
493,404,YES,2026-04-27T21:40:51.996005
493,888,YES,2026-04-27T21:40:52.113627
493,633,YES,2026-04-27T21:40:52.241704
493,296,SUPER_LIKE,2026-04-27T21:40:52.367537
493,530,YES,2026-04-27T21:40:52.492159
493,960,NO,2026-04-27T21:40:52.607285
493,463,YES,2026-04-27T21:40:52.723322
493,916,NO,2026-04-27T21:40:52.844180
493,417,YES,2026-04-27T21:40:52.972635
493,1000,NO,2026-04-27T21:40:53.112981
493,635,YES,2026-04-27T21:40:53.362544
493,226,YES,2026-04-27T21:40:53.489475
493,712,YES,2026-04-27T21:40:53.609711
493,533,YES,2026-04-27T21:40:53.842259
494,96,NO,2026-04-27T21:40:54.369308
494,508,YES,2026-04-27T21:40:54.492337
494,1003,NO,2026-04-27T21:40:54.620009
494,61,YES,2026-04-27T21:40:54.871837
494,943,YES,2026-04-27T21:40:54.986703
494,740,YES,2026-04-27T21:40:55.101547
494,101,YES,2026-04-27T21:40:55.553232
494,274,YES,2026-04-27T21:40:55.792543
494,963,YES,2026-04-27T21:40:55.923239
494,784,NO,2026-04-27T21:40:56.036250
494,677,YES,2026-04-27T21:40:56.150441
494,842,YES,2026-04-27T21:40:56.381443
494,184,NO,2026-04-27T21:40:56.511567
494,328,NO,2026-04-27T21:40:56.622252
494,794,NO,2026-04-27T21:40:56.739105
494,571,YES,2026-04-27T21:40:56.869049
495,562,SUPER_LIKE,2026-04-27T21:40:57.066704
495,518,NO,2026-04-27T21:40:57.322509
495,755,NO,2026-04-27T21:40:57.441877
495,60,YES,2026-04-27T21:40:57.560060
495,621,NO,2026-04-27T21:40:57.676224
495,722,NO,2026-04-27T21:40:57.805263
495,695,YES,2026-04-27T21:40:58.037341
495,123,NO,2026-04-27T21:40:58.257132
495,950,SUPER_LIKE,2026-04-27T21:40:58.378389
495,637,NO,2026-04-27T21:40:58.493297
495,192,YES,2026-04-27T21:40:58.610006
495,329,YES,2026-04-27T21:40:58.724001
495,678,YES,2026-04-27T21:40:58.854624
495,97,YES,2026-04-27T21:40:58.979431
495,624,NO,2026-04-27T21:40:59.202897
495,373,NO,2026-04-27T21:40:59.328548
495,829,NO,2026-04-27T21:40:59.462314
495,790,NO,2026-04-27T21:40:59.575098
495,86,NO,2026-04-27T21:40:59.687473
496,870,YES,2026-04-27T21:40:59.865794
496,477,NO,2026-04-27T21:40:59.984092
496,704,NO,2026-04-27T21:41:00.099300
496,590,NO,2026-04-27T21:41:00.210487
496,132,NO,2026-04-27T21:41:00.333718
496,587,NO,2026-04-27T21:41:00.447942
496,405,NO,2026-04-27T21:41:00.576393
496,282,NO,2026-04-27T21:41:00.690007
496,793,YES,2026-04-27T21:41:00.803897
496,505,NO,2026-04-27T21:41:00.912604
496,769,YES,2026-04-27T21:41:01.037749
496,56,NO,2026-04-27T21:41:01.265038
496,862,YES,2026-04-27T21:41:01.412138
496,309,NO,2026-04-27T21:41:01.523022
496,629,NO,2026-04-27T21:41:01.654440
496,695,NO,2026-04-27T21:41:01.774766
496,48,NO,2026-04-27T21:41:01.889671
496,542,NO,2026-04-27T21:41:02.001573
496,903,NO,2026-04-27T21:41:02.250837
496,945,YES,2026-04-27T21:41:02.381967
497,90,NO,2026-04-27T21:41:02.665326
497,754,NO,2026-04-27T21:41:02.885085
497,614,NO,2026-04-27T21:41:03.029027
497,477,YES,2026-04-27T21:41:03.148113
497,672,NO,2026-04-27T21:41:03.258166
497,330,NO,2026-04-27T21:41:03.389256
497,140,SUPER_LIKE,2026-04-27T21:41:03.630144
497,66,YES,2026-04-27T21:41:03.750383
497,105,YES,2026-04-27T21:41:03.872037
497,651,YES,2026-04-27T21:41:04.021380
497,794,NO,2026-04-27T21:41:04.278056
497,232,YES,2026-04-27T21:41:04.519882
497,80,NO,2026-04-27T21:41:04.642149
497,320,NO,2026-04-27T21:41:04.760670
497,677,NO,2026-04-27T21:41:04.908793
497,1000,NO,2026-04-27T21:41:05.026093
498,699,YES,2026-04-27T21:41:05.489696
498,668,YES,2026-04-27T21:41:05.616145
498,810,YES,2026-04-27T21:41:05.735418
498,501,YES,2026-04-27T21:41:05.865319
498,440,YES,2026-04-27T21:41:05.996922
498,410,YES,2026-04-27T21:41:06.113424
498,652,YES,2026-04-27T21:41:06.584492
498,421,NO,2026-04-27T21:41:06.744548
498,692,NO,2026-04-27T21:41:06.857244
498,230,YES,2026-04-27T21:41:06.971000
498,793,NO,2026-04-27T21:41:07.086096
498,639,NO,2026-04-27T21:41:07.220469
498,978,NO,2026-04-27T21:41:07.334837
498,245,YES,2026-04-27T21:41:07.477579
498,612,YES,2026-04-27T21:41:07.595457
498,753,YES,2026-04-27T21:41:07.724743
498,153,YES,2026-04-27T21:41:07.840517
499,216,NO,2026-04-27T21:41:08.133160
499,721,NO,2026-04-27T21:41:08.250974
499,695,NO,2026-04-27T21:41:08.505277
499,845,NO,2026-04-27T21:41:08.617791
499,335,NO,2026-04-27T21:41:08.857346
499,842,NO,2026-04-27T21:41:08.976558
499,950,NO,2026-04-27T21:41:09.083927
499,735,NO,2026-04-27T21:41:09.198540
499,436,NO,2026-04-27T21:41:09.422803
499,935,NO,2026-04-27T21:41:09.583366
499,872,YES,2026-04-27T21:41:09.697850
499,223,NO,2026-04-27T21:41:09.817997
499,317,NO,2026-04-27T21:41:09.942848
499,621,NO,2026-04-27T21:41:10.070234
499,457,NO,2026-04-27T21:41:10.187430
499,366,NO,2026-04-27T21:41:10.416991
499,936,NO,2026-04-27T21:41:10.564137
499,28,NO,2026-04-27T21:41:10.673296
500,894,YES,2026-04-27T21:41:11.081736
500,908,NO,2026-04-27T21:41:11.209346
500,348,YES,2026-04-27T21:41:11.356321
500,561,YES,2026-04-27T21:41:11.489340
500,36,NO,2026-04-27T21:41:11.620535
500,629,YES,2026-04-27T21:41:11.792965
500,863,YES,2026-04-27T21:41:11.934242
500,912,NO,2026-04-27T21:41:12.197028
500,123,YES,2026-04-27T21:41:12.433157
500,411,NO,2026-04-27T21:41:12.562617
500,275,YES,2026-04-27T21:41:12.800334
500,862,NO,2026-04-27T21:41:12.920344
500,662,YES,2026-04-27T21:41:13.172582
500,487,YES,2026-04-27T21:41:13.288406
500,310,YES,2026-04-27T21:41:13.555628
500,622,SUPER_LIKE,2026-04-27T21:41:13.682594
501,79,YES,2026-04-27T21:41:13.854256
501,206,YES,2026-04-27T21:41:13.973876
501,193,YES,2026-04-27T21:41:14.221100
501,37,YES,2026-04-27T21:41:14.336601
501,85,NO,2026-04-27T21:41:14.455904
501,578,NO,2026-04-27T21:41:14.576596
501,780,NO,2026-04-27T21:41:14.815988
501,201,NO,2026-04-27T21:41:14.942522
501,407,NO,2026-04-27T21:41:15.052487
501,694,NO,2026-04-27T21:41:15.409372
501,582,NO,2026-04-27T21:41:15.528221
501,307,NO,2026-04-27T21:41:15.655678
501,845,NO,2026-04-27T21:41:15.768254
501,657,NO,2026-04-27T21:41:15.899720
501,659,NO,2026-04-27T21:41:16.159834
501,59,NO,2026-04-27T21:41:16.275707
501,46,YES,2026-04-27T21:41:16.399095
502,795,YES,2026-04-27T21:41:16.586937
502,421,YES,2026-04-27T21:41:16.950813
502,551,YES,2026-04-27T21:41:17.319281
502,194,NO,2026-04-27T21:41:17.431826
502,445,YES,2026-04-27T21:41:17.551289
502,195,NO,2026-04-27T21:41:17.668295
502,96,NO,2026-04-27T21:41:17.781345
502,468,NO,2026-04-27T21:41:17.899329
502,113,NO,2026-04-27T21:41:18.013517
502,609,NO,2026-04-27T21:41:18.123905
502,201,NO,2026-04-27T21:41:18.614229
502,524,NO,2026-04-27T21:41:18.869873
502,632,NO,2026-04-27T21:41:18.982033
502,276,YES,2026-04-27T21:41:19.203069
503,523,NO,2026-04-27T21:41:19.399991
503,533,SUPER_LIKE,2026-04-27T21:41:19.668871
503,184,NO,2026-04-27T21:41:19.797768
503,818,YES,2026-04-27T21:41:20.065076
503,78,YES,2026-04-27T21:41:20.219441
503,147,SUPER_LIKE,2026-04-27T21:41:20.376510
503,935,YES,2026-04-27T21:41:20.532037
503,280,NO,2026-04-27T21:41:20.668041
503,520,YES,2026-04-27T21:41:20.911443
503,170,YES,2026-04-27T21:41:21.055432
503,643,NO,2026-04-27T21:41:21.175733
503,439,NO,2026-04-27T21:41:21.322168
503,199,NO,2026-04-27T21:41:21.572322
503,527,NO,2026-04-27T21:41:21.686244
503,355,NO,2026-04-27T21:41:21.808073
503,943,YES,2026-04-27T21:41:22.024109
503,657,NO,2026-04-27T21:41:22.147192
503,386,YES,2026-04-27T21:41:22.269471
504,507,NO,2026-04-27T21:41:22.443460
504,238,YES,2026-04-27T21:41:22.563201
504,804,NO,2026-04-27T21:41:22.678977
504,795,NO,2026-04-27T21:41:22.916555
504,809,NO,2026-04-27T21:41:23.207709
504,925,NO,2026-04-27T21:41:23.441492
504,305,NO,2026-04-27T21:41:23.552212
504,503,NO,2026-04-27T21:41:23.677142
504,88,NO,2026-04-27T21:41:23.791865
504,537,NO,2026-04-27T21:41:23.907251
504,68,NO,2026-04-27T21:41:24.017728
504,515,NO,2026-04-27T21:41:24.125695
504,723,NO,2026-04-27T21:41:24.244451
504,866,NO,2026-04-27T21:41:24.363522
504,773,NO,2026-04-27T21:41:24.478009
504,312,NO,2026-04-27T21:41:24.592028
504,199,NO,2026-04-27T21:41:24.709824
504,742,YES,2026-04-27T21:41:24.845596
504,511,NO,2026-04-27T21:41:25.080368
505,888,NO,2026-04-27T21:41:25.266272
505,944,NO,2026-04-27T21:41:25.391601
505,299,NO,2026-04-27T21:41:25.512947
505,222,NO,2026-04-27T21:41:25.735502
505,486,NO,2026-04-27T21:41:25.843957
505,574,YES,2026-04-27T21:41:25.969046
505,396,YES,2026-04-27T21:41:26.082747
505,1014,NO,2026-04-27T21:41:26.198607
505,552,NO,2026-04-27T21:41:26.309599
505,56,NO,2026-04-27T21:41:26.425378
505,961,NO,2026-04-27T21:41:26.548563
505,119,NO,2026-04-27T21:41:26.676557
505,155,NO,2026-04-27T21:41:26.787685
505,333,NO,2026-04-27T21:41:26.900314
505,830,NO,2026-04-27T21:41:27.129636
505,63,SUPER_LIKE,2026-04-27T21:41:27.254100
505,825,NO,2026-04-27T21:41:27.364252
505,625,NO,2026-04-27T21:41:27.482491
505,214,NO,2026-04-27T21:41:27.596735
505,392,NO,2026-04-27T21:41:27.835961
506,831,NO,2026-04-27T21:41:28.125622
506,491,NO,2026-04-27T21:41:28.596157
506,532,YES,2026-04-27T21:41:28.723680
506,815,YES,2026-04-27T21:41:28.844176
506,61,YES,2026-04-27T21:41:28.967614
506,564,NO,2026-04-27T21:41:29.191501
506,706,NO,2026-04-27T21:41:29.315730
506,778,YES,2026-04-27T21:41:29.685948
506,177,YES,2026-04-27T21:41:29.810218
506,161,NO,2026-04-27T21:41:29.933748
506,85,SUPER_LIKE,2026-04-27T21:41:30.050014
506,208,YES,2026-04-27T21:41:30.165221
506,920,NO,2026-04-27T21:41:30.275821
506,654,YES,2026-04-27T21:41:30.392470
506,803,YES,2026-04-27T21:41:30.532231
506,450,YES,2026-04-27T21:41:30.641681
507,59,YES,2026-04-27T21:41:30.810553
507,209,NO,2026-04-27T21:41:31.022795
507,444,NO,2026-04-27T21:41:31.151385
507,362,NO,2026-04-27T21:41:31.371482
507,82,NO,2026-04-27T21:41:31.479278
507,253,NO,2026-04-27T21:41:31.597065
507,569,NO,2026-04-27T21:41:31.723486
507,928,YES,2026-04-27T21:41:31.841614
507,427,NO,2026-04-27T21:41:31.955280
507,813,NO,2026-04-27T21:41:32.070810
507,159,NO,2026-04-27T21:41:32.198503
507,256,NO,2026-04-27T21:41:32.454862
507,292,NO,2026-04-27T21:41:32.831173
507,81,NO,2026-04-27T21:41:32.950652
507,731,NO,2026-04-27T21:41:33.182129
507,996,NO,2026-04-27T21:41:33.298625
508,676,NO,2026-04-27T21:41:33.598036
508,362,YES,2026-04-27T21:41:34.080438
508,631,NO,2026-04-27T21:41:34.323893
508,462,NO,2026-04-27T21:41:34.566287
508,759,NO,2026-04-27T21:41:34.784046
508,708,NO,2026-04-27T21:41:35.129108
508,206,YES,2026-04-27T21:41:35.247691
508,38,NO,2026-04-27T21:41:35.375575
508,26,YES,2026-04-27T21:41:35.729968
508,382,NO,2026-04-27T21:41:35.847185
508,288,NO,2026-04-27T21:41:36.085893
508,19,YES,2026-04-27T21:41:36.315970
508,489,YES,2026-04-27T21:41:36.444466
509,590,YES,2026-04-27T21:41:36.893764
509,800,YES,2026-04-27T21:41:37.023934
509,93,NO,2026-04-27T21:41:37.260694
509,240,NO,2026-04-27T21:41:37.513273
509,481,YES,2026-04-27T21:41:37.645249
509,702,NO,2026-04-27T21:41:37.769893
509,613,YES,2026-04-27T21:41:37.895844
509,121,YES,2026-04-27T21:41:38.018831
509,221,YES,2026-04-27T21:41:38.254200
509,567,YES,2026-04-27T21:41:38.500051
509,687,NO,2026-04-27T21:41:38.607639
509,433,YES,2026-04-27T21:41:38.848794
509,750,NO,2026-04-27T21:41:38.959129
509,929,NO,2026-04-27T21:41:39.068956
509,784,NO,2026-04-27T21:41:39.294390
509,376,NO,2026-04-27T21:41:39.426125
509,421,NO,2026-04-27T21:41:39.699259
510,952,YES,2026-04-27T21:41:39.893274
510,439,NO,2026-04-27T21:41:40.019666
510,30,NO,2026-04-27T21:41:40.371019
510,280,NO,2026-04-27T21:41:40.604061
510,456,YES,2026-04-27T21:41:40.726422
510,701,SUPER_LIKE,2026-04-27T21:41:40.856663
510,819,YES,2026-04-27T21:41:40.971630
510,359,YES,2026-04-27T21:41:41.094950
510,955,YES,2026-04-27T21:41:41.219128
510,621,YES,2026-04-27T21:41:41.340752
510,149,YES,2026-04-27T21:41:41.856030
510,910,NO,2026-04-27T21:41:41.978108
510,244,NO,2026-04-27T21:41:42.091113
510,231,YES,2026-04-27T21:41:42.332761
510,98,NO,2026-04-27T21:41:42.576630
510,862,NO,2026-04-27T21:41:42.687399
511,250,NO,2026-04-27T21:41:42.871557
511,507,NO,2026-04-27T21:41:42.996663
511,114,NO,2026-04-27T21:41:43.109625
511,491,NO,2026-04-27T21:41:43.332904
511,1014,YES,2026-04-27T21:41:43.448988
511,663,YES,2026-04-27T21:41:43.583501
511,145,NO,2026-04-27T21:41:43.694305
511,425,YES,2026-04-27T21:41:43.808476
511,600,SUPER_LIKE,2026-04-27T21:41:43.929580
511,536,YES,2026-04-27T21:41:44.049335
511,991,YES,2026-04-27T21:41:44.179908
511,733,YES,2026-04-27T21:41:44.412497
511,753,YES,2026-04-27T21:41:44.529843
511,533,YES,2026-04-27T21:41:44.765564
511,421,NO,2026-04-27T21:41:44.903190
511,887,YES,2026-04-27T21:41:45.018732
511,69,YES,2026-04-27T21:41:45.133130
512,40,NO,2026-04-27T21:41:45.665741
512,218,NO,2026-04-27T21:41:45.786860
512,851,SUPER_LIKE,2026-04-27T21:41:45.909645
512,497,NO,2026-04-27T21:41:46.017619
512,846,YES,2026-04-27T21:41:46.139571
512,766,NO,2026-04-27T21:41:46.268404
512,965,NO,2026-04-27T21:41:46.382932
512,900,NO,2026-04-27T21:41:46.497594
512,268,NO,2026-04-27T21:41:46.623296
512,215,NO,2026-04-27T21:41:46.736175
512,135,NO,2026-04-27T21:41:46.863223
512,544,YES,2026-04-27T21:41:46.985068
512,421,NO,2026-04-27T21:41:47.216890
512,888,YES,2026-04-27T21:41:47.337250
512,1009,YES,2026-04-27T21:41:47.594841
512,399,YES,2026-04-27T21:41:47.828723
512,67,NO,2026-04-27T21:41:47.939427
513,239,NO,2026-04-27T21:41:48.485787
513,963,NO,2026-04-27T21:41:48.605918
513,271,NO,2026-04-27T21:41:48.860059
513,675,YES,2026-04-27T21:41:48.992445
513,982,NO,2026-04-27T21:41:49.209200
513,808,NO,2026-04-27T21:41:49.328635
513,367,NO,2026-04-27T21:41:49.455410
513,79,SUPER_LIKE,2026-04-27T21:41:49.914676
513,355,NO,2026-04-27T21:41:50.043274
513,401,NO,2026-04-27T21:41:50.276683
513,224,NO,2026-04-27T21:41:50.390497
513,969,YES,2026-04-27T21:41:50.644022
513,316,YES,2026-04-27T21:41:50.757787
513,677,NO,2026-04-27T21:41:50.874183
513,812,NO,2026-04-27T21:41:50.982890
514,650,SUPER_LIKE,2026-04-27T21:41:51.272542
514,697,NO,2026-04-27T21:41:51.491320
514,239,YES,2026-04-27T21:41:51.616399
514,355,NO,2026-04-27T21:41:51.739444
514,959,NO,2026-04-27T21:41:51.971528
514,547,NO,2026-04-27T21:41:52.204164
514,967,NO,2026-04-27T21:41:52.318567
514,279,NO,2026-04-27T21:41:52.440669
514,777,YES,2026-04-27T21:41:52.689998
514,23,YES,2026-04-27T21:41:52.813297
514,441,NO,2026-04-27T21:41:52.947478
514,37,YES,2026-04-27T21:41:53.092586
514,114,NO,2026-04-27T21:41:53.207069
514,277,NO,2026-04-27T21:41:53.440241
514,412,NO,2026-04-27T21:41:53.569534
514,569,NO,2026-04-27T21:41:53.687995
514,531,NO,2026-04-27T21:41:53.823443
515,49,NO,2026-04-27T21:41:54.011973
515,898,NO,2026-04-27T21:41:54.140864
515,419,NO,2026-04-27T21:41:54.261273
515,880,NO,2026-04-27T21:41:54.484824
515,308,NO,2026-04-27T21:41:54.843383
515,1002,NO,2026-04-27T21:41:55.071094
515,503,NO,2026-04-27T21:41:55.181050
515,317,NO,2026-04-27T21:41:55.311344
515,803,NO,2026-04-27T21:41:55.432046
515,612,NO,2026-04-27T21:41:55.551569
515,301,NO,2026-04-27T21:41:55.664585
515,716,YES,2026-04-27T21:41:55.811201
515,197,YES,2026-04-27T21:41:56.061523
515,465,NO,2026-04-27T21:41:56.180186
515,34,NO,2026-04-27T21:41:56.293925
516,838,NO,2026-04-27T21:41:56.477776
516,990,NO,2026-04-27T21:41:56.827565
516,712,YES,2026-04-27T21:41:56.948189
516,302,NO,2026-04-27T21:41:57.058461
516,898,YES,2026-04-27T21:41:57.176682
516,506,NO,2026-04-27T21:41:57.289099
516,470,NO,2026-04-27T21:41:57.520070
516,596,NO,2026-04-27T21:41:57.643855
516,141,NO,2026-04-27T21:41:57.776420
516,256,NO,2026-04-27T21:41:57.897473
516,479,NO,2026-04-27T21:41:58.023456
516,54,NO,2026-04-27T21:41:58.133750
516,448,NO,2026-04-27T21:41:58.372669
516,250,NO,2026-04-27T21:41:58.732489
517,75,NO,2026-04-27T21:41:59.029702
517,308,YES,2026-04-27T21:41:59.145120
517,486,YES,2026-04-27T21:41:59.267241
517,468,YES,2026-04-27T21:41:59.391882
517,348,SUPER_LIKE,2026-04-27T21:41:59.519693
517,472,YES,2026-04-27T21:41:59.643146
517,644,NO,2026-04-27T21:41:59.762280
517,70,NO,2026-04-27T21:41:59.877499
517,897,YES,2026-04-27T21:42:00.127172
517,24,NO,2026-04-27T21:42:00.355833
517,737,NO,2026-04-27T21:42:00.610746
517,131,YES,2026-04-27T21:42:00.965305
517,820,NO,2026-04-27T21:42:01.196988
517,30,YES,2026-04-27T21:42:01.429200
517,445,YES,2026-04-27T21:42:01.555846
517,981,YES,2026-04-27T21:42:01.690403
517,999,YES,2026-04-27T21:42:01.814069
517,287,YES,2026-04-27T21:42:01.926252
518,379,NO,2026-04-27T21:42:02.095628
518,846,NO,2026-04-27T21:42:02.209537
518,332,NO,2026-04-27T21:42:02.331054
518,146,NO,2026-04-27T21:42:02.445445
518,52,YES,2026-04-27T21:42:02.565624
518,446,YES,2026-04-27T21:42:02.690439
518,948,NO,2026-04-27T21:42:02.931221
518,702,NO,2026-04-27T21:42:03.179969
518,303,NO,2026-04-27T21:42:03.417827
518,738,NO,2026-04-27T21:42:03.548458
518,766,NO,2026-04-27T21:42:03.672975
518,944,NO,2026-04-27T21:42:03.782875
518,298,NO,2026-04-27T21:42:04.009067
518,583,YES,2026-04-27T21:42:04.134203
518,949,YES,2026-04-27T21:42:04.375198
518,50,NO,2026-04-27T21:42:04.484641
518,887,NO,2026-04-27T21:42:04.598900
518,41,NO,2026-04-27T21:42:04.721736
518,923,NO,2026-04-27T21:42:04.840084
519,262,SUPER_LIKE,2026-04-27T21:42:05.018018
519,292,YES,2026-04-27T21:42:05.133908
519,666,NO,2026-04-27T21:42:05.263044
519,799,YES,2026-04-27T21:42:05.393144
519,95,NO,2026-04-27T21:42:05.516052
519,829,SUPER_LIKE,2026-04-27T21:42:05.753530
519,668,SUPER_LIKE,2026-04-27T21:42:05.887169
519,280,NO,2026-04-27T21:42:06.008067
519,607,YES,2026-04-27T21:42:06.230163
519,279,YES,2026-04-27T21:42:06.449611
519,971,YES,2026-04-27T21:42:06.574043
519,460,YES,2026-04-27T21:42:06.721214
519,638,YES,2026-04-27T21:42:06.844610
519,694,YES,2026-04-27T21:42:06.959630
519,471,YES,2026-04-27T21:42:07.083908
519,346,YES,2026-04-27T21:42:07.201349
519,520,YES,2026-04-27T21:42:07.317139
519,416,YES,2026-04-27T21:42:07.429995
519,957,YES,2026-04-27T21:42:07.542513
520,756,YES,2026-04-27T21:42:07.849984
520,726,NO,2026-04-27T21:42:08.192508
520,453,YES,2026-04-27T21:42:08.447432
520,570,YES,2026-04-27T21:42:08.562117
520,554,NO,2026-04-27T21:42:08.804732
520,276,NO,2026-04-27T21:42:08.923690
520,129,YES,2026-04-27T21:42:09.038159
520,225,YES,2026-04-27T21:42:09.274362
520,789,NO,2026-04-27T21:42:09.438203
520,690,NO,2026-04-27T21:42:09.563595
520,384,SUPER_LIKE,2026-04-27T21:42:10.047385
520,845,NO,2026-04-27T21:42:10.274612
521,880,YES,2026-04-27T21:42:10.551967
521,433,YES,2026-04-27T21:42:10.674664
521,326,YES,2026-04-27T21:42:10.806962
521,342,YES,2026-04-27T21:42:10.927898
521,79,SUPER_LIKE,2026-04-27T21:42:11.160874
521,796,YES,2026-04-27T21:42:11.298382
521,241,YES,2026-04-27T21:42:11.423858
521,479,NO,2026-04-27T21:42:11.538008
521,975,YES,2026-04-27T21:42:11.655687
521,905,YES,2026-04-27T21:42:11.780970
521,188,YES,2026-04-27T21:42:11.907070
521,391,YES,2026-04-27T21:42:12.174080
521,400,YES,2026-04-27T21:42:12.407181
522,286,NO,2026-04-27T21:42:13.060134
522,1014,YES,2026-04-27T21:42:13.191671
522,659,YES,2026-04-27T21:42:13.305140
522,706,NO,2026-04-27T21:42:13.420963
522,708,NO,2026-04-27T21:42:13.546707
522,211,NO,2026-04-27T21:42:13.924968
522,110,NO,2026-04-27T21:42:14.169550
522,434,YES,2026-04-27T21:42:14.393909
522,13,NO,2026-04-27T21:42:15.018871
522,493,YES,2026-04-27T21:42:15.141320
522,432,NO,2026-04-27T21:42:15.251030
522,138,YES,2026-04-27T21:42:15.370485
522,449,YES,2026-04-27T21:42:15.500522
522,520,YES,2026-04-27T21:42:15.612888
523,625,NO,2026-04-27T21:42:15.789107
523,46,YES,2026-04-27T21:42:15.915371
523,758,YES,2026-04-27T21:42:16.044263
523,551,SUPER_LIKE,2026-04-27T21:42:16.173476
523,488,NO,2026-04-27T21:42:16.288410
523,335,YES,2026-04-27T21:42:16.399992
523,56,NO,2026-04-27T21:42:16.512293
523,317,NO,2026-04-27T21:42:16.629474
523,312,NO,2026-04-27T21:42:16.752241
523,90,NO,2026-04-27T21:42:16.987878
523,557,NO,2026-04-27T21:42:17.209216
523,73,YES,2026-04-27T21:42:17.320973
523,451,YES,2026-04-27T21:42:17.454633
523,103,NO,2026-04-27T21:42:17.821921
523,876,NO,2026-04-27T21:42:18.054186
523,760,NO,2026-04-27T21:42:18.172451
523,860,YES,2026-04-27T21:42:18.294139
523,946,YES,2026-04-27T21:42:18.429055
523,734,YES,2026-04-27T21:42:18.549511
524,177,NO,2026-04-27T21:42:18.712209
524,973,NO,2026-04-27T21:42:18.833452
524,998,NO,2026-04-27T21:42:19.091095
524,201,NO,2026-04-27T21:42:19.319046
524,96,NO,2026-04-27T21:42:19.454517
524,822,NO,2026-04-27T21:42:19.597171
524,741,NO,2026-04-27T21:42:19.720023
524,919,NO,2026-04-27T21:42:19.835078
524,794,YES,2026-04-27T21:42:20.086540
524,137,NO,2026-04-27T21:42:20.378144
524,527,NO,2026-04-27T21:42:20.504862
524,304,YES,2026-04-27T21:42:20.635796
524,735,NO,2026-04-27T21:42:20.756924
524,225,NO,2026-04-27T21:42:20.917357
524,531,NO,2026-04-27T21:42:21.197150
525,33,NO,2026-04-27T21:42:21.645968
525,581,NO,2026-04-27T21:42:21.766619
525,811,NO,2026-04-27T21:42:21.877978
525,814,NO,2026-04-27T21:42:22.008497
525,663,NO,2026-04-27T21:42:22.120614
525,669,NO,2026-04-27T21:42:22.241815
525,456,NO,2026-04-27T21:42:22.587363
525,902,NO,2026-04-27T21:42:22.707004
525,317,YES,2026-04-27T21:42:22.815012
525,455,NO,2026-04-27T21:42:22.947927
525,82,NO,2026-04-27T21:42:23.075526
525,736,NO,2026-04-27T21:42:23.204949
525,1010,NO,2026-04-27T21:42:23.318373
525,812,YES,2026-04-27T21:42:23.460067
525,865,NO,2026-04-27T21:42:23.571338
525,941,NO,2026-04-27T21:42:23.689182
525,640,NO,2026-04-27T21:42:23.927300
525,321,NO,2026-04-27T21:42:24.035524
526,592,YES,2026-04-27T21:42:24.434617
526,585,YES,2026-04-27T21:42:24.669142
526,672,NO,2026-04-27T21:42:24.783923
526,193,NO,2026-04-27T21:42:24.899762
526,990,NO,2026-04-27T21:42:25.019003
526,495,NO,2026-04-27T21:42:25.128623
526,366,NO,2026-04-27T21:42:25.371803
526,447,NO,2026-04-27T21:42:25.631955
526,349,NO,2026-04-27T21:42:25.749537
526,325,NO,2026-04-27T21:42:25.872421
526,33,YES,2026-04-27T21:42:25.994178
526,416,NO,2026-04-27T21:42:26.110232
526,54,NO,2026-04-27T21:42:26.229718
526,225,NO,2026-04-27T21:42:26.475492
526,804,YES,2026-04-27T21:42:26.833426
526,228,YES,2026-04-27T21:42:26.952532
527,405,NO,2026-04-27T21:42:27.256942
527,481,NO,2026-04-27T21:42:27.377776
527,94,YES,2026-04-27T21:42:27.498409
527,846,NO,2026-04-27T21:42:27.617703
527,354,NO,2026-04-27T21:42:27.733820
527,208,NO,2026-04-27T21:42:27.852813
527,921,NO,2026-04-27T21:42:27.961453
527,347,NO,2026-04-27T21:42:28.080469
527,627,NO,2026-04-27T21:42:28.193597
527,784,NO,2026-04-27T21:42:28.316847
527,804,YES,2026-04-27T21:42:28.439281
527,709,NO,2026-04-27T21:42:28.565706
527,375,NO,2026-04-27T21:42:28.675237
527,273,NO,2026-04-27T21:42:28.790153
527,152,NO,2026-04-27T21:42:29.014848
527,728,NO,2026-04-27T21:42:29.139626
527,736,YES,2026-04-27T21:42:29.370358
527,385,NO,2026-04-27T21:42:29.494698
527,478,NO,2026-04-27T21:42:29.611282
527,594,YES,2026-04-27T21:42:29.734439
528,769,NO,2026-04-27T21:42:30.269336
528,665,NO,2026-04-27T21:42:30.382141
528,387,NO,2026-04-27T21:42:30.488596
528,712,YES,2026-04-27T21:42:30.609612
528,76,NO,2026-04-27T21:42:30.849501
528,315,YES,2026-04-27T21:42:30.965457
528,302,NO,2026-04-27T21:42:31.079804
528,663,NO,2026-04-27T21:42:31.358696
528,764,YES,2026-04-27T21:42:31.480075
528,175,NO,2026-04-27T21:42:31.598189
528,598,NO,2026-04-27T21:42:31.729071
528,603,YES,2026-04-27T21:42:31.857099
528,867,NO,2026-04-27T21:42:32.092541
528,478,NO,2026-04-27T21:42:32.435105
528,273,NO,2026-04-27T21:42:32.543534
529,893,NO,2026-04-27T21:42:32.959772
529,227,NO,2026-04-27T21:42:33.078609
529,210,NO,2026-04-27T21:42:33.194945
529,733,NO,2026-04-27T21:42:33.312919
529,910,NO,2026-04-27T21:42:33.424295
529,890,NO,2026-04-27T21:42:33.540382
529,311,YES,2026-04-27T21:42:33.670885
529,411,NO,2026-04-27T21:42:33.892121
529,232,NO,2026-04-27T21:42:34.004931
529,46,NO,2026-04-27T21:42:34.289842
529,723,YES,2026-04-27T21:42:34.994726
529,715,NO,2026-04-27T21:42:35.231585
529,685,YES,2026-04-27T21:42:35.481805
529,159,NO,2026-04-27T21:42:35.605412
530,301,NO,2026-04-27T21:42:35.915549
530,812,NO,2026-04-27T21:42:36.155918
530,831,NO,2026-04-27T21:42:36.283509
530,781,NO,2026-04-27T21:42:36.408200
530,601,YES,2026-04-27T21:42:36.536522
530,26,YES,2026-04-27T21:42:36.654127
530,710,NO,2026-04-27T21:42:36.885896
530,312,NO,2026-04-27T21:42:37.001840
530,921,NO,2026-04-27T21:42:37.251626
530,931,NO,2026-04-27T21:42:37.377213
530,468,NO,2026-04-27T21:42:37.497152
530,508,NO,2026-04-27T21:42:37.618465
530,561,NO,2026-04-27T21:42:37.742780
530,279,YES,2026-04-27T21:42:37.970179
530,37,YES,2026-04-27T21:42:38.209089
530,123,NO,2026-04-27T21:42:38.337207
531,596,YES,2026-04-27T21:42:38.510177
531,280,NO,2026-04-27T21:42:38.623775
531,487,NO,2026-04-27T21:42:38.977242
531,197,NO,2026-04-27T21:42:39.096201
531,847,NO,2026-04-27T21:42:39.207825
531,287,NO,2026-04-27T21:42:39.448602
531,183,YES,2026-04-27T21:42:39.568000
531,264,NO,2026-04-27T21:42:39.675382
531,956,NO,2026-04-27T21:42:39.815353
531,470,NO,2026-04-27T21:42:39.948813
531,940,NO,2026-04-27T21:42:40.172232
531,537,NO,2026-04-27T21:42:40.295913
531,466,NO,2026-04-27T21:42:40.414025
531,659,NO,2026-04-27T21:42:40.536305
531,404,NO,2026-04-27T21:42:40.650755
531,541,NO,2026-04-27T21:42:40.784180
531,104,NO,2026-04-27T21:42:41.130341
532,460,NO,2026-04-27T21:42:41.424711
532,576,NO,2026-04-27T21:42:41.538261
532,660,NO,2026-04-27T21:42:41.667555
532,420,NO,2026-04-27T21:42:41.786043
532,964,YES,2026-04-27T21:42:41.900059
532,756,NO,2026-04-27T21:42:42.010326
532,860,NO,2026-04-27T21:42:42.150555
532,102,YES,2026-04-27T21:42:42.275781
532,156,NO,2026-04-27T21:42:42.731246
532,286,YES,2026-04-27T21:42:42.854618
532,155,NO,2026-04-27T21:42:42.972674
532,140,NO,2026-04-27T21:42:43.081758
532,786,NO,2026-04-27T21:42:43.297515
532,107,YES,2026-04-27T21:42:43.559150
532,748,NO,2026-04-27T21:42:43.686124
532,347,NO,2026-04-27T21:42:43.802480
533,618,NO,2026-04-27T21:42:43.986638
533,549,YES,2026-04-27T21:42:44.105142
533,135,YES,2026-04-27T21:42:44.229227
533,990,YES,2026-04-27T21:42:44.348575
533,350,SUPER_LIKE,2026-04-27T21:42:44.458009
533,299,NO,2026-04-27T21:42:44.570253
533,354,YES,2026-04-27T21:42:44.696037
533,866,YES,2026-04-27T21:42:44.947189
533,812,NO,2026-04-27T21:42:45.061323
533,858,YES,2026-04-27T21:42:45.179158
533,649,SUPER_LIKE,2026-04-27T21:42:45.319582
533,419,NO,2026-04-27T21:42:45.476381
533,321,SUPER_LIKE,2026-04-27T21:42:45.591650
533,482,NO,2026-04-27T21:42:45.718401
533,652,YES,2026-04-27T21:42:45.980983
533,110,NO,2026-04-27T21:42:46.467726
534,752,SUPER_LIKE,2026-04-27T21:42:46.760238
534,923,YES,2026-04-27T21:42:46.878808
534,109,NO,2026-04-27T21:42:47.257230
534,203,YES,2026-04-27T21:42:47.380251
534,21,NO,2026-04-27T21:42:47.870179
534,288,NO,2026-04-27T21:42:47.997646
534,122,NO,2026-04-27T21:42:48.120016
534,901,NO,2026-04-27T21:42:48.241792
534,953,YES,2026-04-27T21:42:48.484103
534,220,NO,2026-04-27T21:42:48.598720
534,785,YES,2026-04-27T21:42:49.080258
534,773,NO,2026-04-27T21:42:49.197453
534,210,YES,2026-04-27T21:42:49.315347
535,401,NO,2026-04-27T21:42:49.489132
535,461,NO,2026-04-27T21:42:49.597458
535,243,NO,2026-04-27T21:42:49.735630
535,202,NO,2026-04-27T21:42:49.861900
535,333,NO,2026-04-27T21:42:50.099666
535,543,NO,2026-04-27T21:42:50.214080
535,989,SUPER_LIKE,2026-04-27T21:42:50.329664
535,948,NO,2026-04-27T21:42:50.678892
535,691,YES,2026-04-27T21:42:50.928677
535,852,NO,2026-04-27T21:42:51.048216
535,265,NO,2026-04-27T21:42:51.291581
535,963,NO,2026-04-27T21:42:51.770240
535,545,NO,2026-04-27T21:42:51.886885
535,43,NO,2026-04-27T21:42:52.005136
535,893,NO,2026-04-27T21:42:52.249236
535,110,NO,2026-04-27T21:42:52.360464
535,97,YES,2026-04-27T21:42:52.484288
536,415,NO,2026-04-27T21:42:52.647718
536,178,NO,2026-04-27T21:42:52.993893
536,700,NO,2026-04-27T21:42:53.110833
536,267,NO,2026-04-27T21:42:53.223003
536,666,NO,2026-04-27T21:42:53.343352
536,857,NO,2026-04-27T21:42:53.465522
536,919,NO,2026-04-27T21:42:53.581140
536,635,NO,2026-04-27T21:42:53.701066
536,763,NO,2026-04-27T21:42:53.838244
536,167,NO,2026-04-27T21:42:53.982995
536,997,YES,2026-04-27T21:42:54.106710
536,628,NO,2026-04-27T21:42:54.219781
536,565,NO,2026-04-27T21:42:54.339034
536,816,NO,2026-04-27T21:42:54.458038
536,563,NO,2026-04-27T21:42:54.581625
536,993,NO,2026-04-27T21:42:54.804260
536,142,NO,2026-04-27T21:42:54.923935
536,982,YES,2026-04-27T21:42:55.048731
536,108,YES,2026-04-27T21:42:55.167822
537,526,YES,2026-04-27T21:42:55.447443
537,872,YES,2026-04-27T21:42:55.556748
537,209,NO,2026-04-27T21:42:55.688214
537,458,YES,2026-04-27T21:42:55.807965
537,488,YES,2026-04-27T21:42:56.046937
537,62,NO,2026-04-27T21:42:56.163350
537,917,YES,2026-04-27T21:42:56.299852
537,512,SUPER_LIKE,2026-04-27T21:42:56.419274
537,960,NO,2026-04-27T21:42:56.641301
537,935,YES,2026-04-27T21:42:56.755008
537,360,YES,2026-04-27T21:42:57.152812
537,487,YES,2026-04-27T21:42:57.270362
537,822,YES,2026-04-27T21:42:57.381614
537,840,SUPER_LIKE,2026-04-27T21:42:57.514665
537,547,NO,2026-04-27T21:42:57.626515
537,567,YES,2026-04-27T21:42:57.741705
538,70,YES,2026-04-27T21:42:57.921007
538,866,YES,2026-04-27T21:42:58.046764
538,741,YES,2026-04-27T21:42:58.179028
538,419,NO,2026-04-27T21:42:58.298288
538,461,NO,2026-04-27T21:42:58.412418
538,385,NO,2026-04-27T21:42:58.523973
538,89,NO,2026-04-27T21:42:58.632544
538,248,YES,2026-04-27T21:42:58.750554
538,394,NO,2026-04-27T21:42:58.867087
538,20,YES,2026-04-27T21:42:58.984041
538,558,YES,2026-04-27T21:42:59.117220
538,881,NO,2026-04-27T21:42:59.241728
538,30,NO,2026-04-27T21:42:59.378453
538,179,NO,2026-04-27T21:42:59.488602
538,753,NO,2026-04-27T21:42:59.735184
538,597,NO,2026-04-27T21:42:59.988483
538,19,NO,2026-04-27T21:43:00.114022
538,967,NO,2026-04-27T21:43:00.357186
538,327,NO,2026-04-27T21:43:00.485803
539,948,NO,2026-04-27T21:43:00.655503
539,895,NO,2026-04-27T21:43:00.776402
539,549,YES,2026-04-27T21:43:01.118557
539,165,NO,2026-04-27T21:43:01.358608
539,78,NO,2026-04-27T21:43:01.470269
539,662,YES,2026-04-27T21:43:01.703002
539,574,NO,2026-04-27T21:43:01.827759
539,839,NO,2026-04-27T21:43:01.942912
539,554,YES,2026-04-27T21:43:02.296600
539,241,NO,2026-04-27T21:43:02.411145
539,547,NO,2026-04-27T21:43:02.522264
539,243,NO,2026-04-27T21:43:02.758137
539,316,YES,2026-04-27T21:43:02.879799
539,642,NO,2026-04-27T21:43:02.990980
539,298,NO,2026-04-27T21:43:03.100975
539,900,NO,2026-04-27T21:43:03.341629
539,722,NO,2026-04-27T21:43:03.460976
540,757,NO,2026-04-27T21:43:03.644819
540,918,YES,2026-04-27T21:43:03.877113
540,863,SUPER_LIKE,2026-04-27T21:43:04.012806
540,943,NO,2026-04-27T21:43:04.251585
540,878,NO,2026-04-27T21:43:04.369227
540,119,NO,2026-04-27T21:43:04.502770
540,292,NO,2026-04-27T21:43:04.741886
540,994,NO,2026-04-27T21:43:04.967843
540,147,SUPER_LIKE,2026-04-27T21:43:05.092332
540,297,YES,2026-04-27T21:43:05.214194
540,971,NO,2026-04-27T21:43:05.332526
540,954,NO,2026-04-27T21:43:05.673633
540,533,NO,2026-04-27T21:43:05.794058
540,430,YES,2026-04-27T21:43:06.028981
540,700,NO,2026-04-27T21:43:06.147206
540,736,NO,2026-04-27T21:43:06.264799
540,338,NO,2026-04-27T21:43:06.376416
540,869,NO,2026-04-27T21:43:06.602224
541,581,NO,2026-04-27T21:43:06.770322
541,667,NO,2026-04-27T21:43:07.021032
541,648,YES,2026-04-27T21:43:07.137951
541,424,NO,2026-04-27T21:43:07.256082
541,946,YES,2026-04-27T21:43:07.371983
541,747,NO,2026-04-27T21:43:07.606324
541,628,YES,2026-04-27T21:43:07.722212
541,186,NO,2026-04-27T21:43:07.835917
541,35,NO,2026-04-27T21:43:07.954517
541,361,YES,2026-04-27T21:43:08.207549
541,45,YES,2026-04-27T21:43:08.314191
541,398,NO,2026-04-27T21:43:08.417841
541,336,NO,2026-04-27T21:43:08.802863
541,113,YES,2026-04-27T21:43:09.073538
541,643,NO,2026-04-27T21:43:09.600549
541,150,NO,2026-04-27T21:43:09.854055
541,907,NO,2026-04-27T21:43:10.098062
542,432,NO,2026-04-27T21:43:10.431791
542,1009,NO,2026-04-27T21:43:10.669816
542,284,NO,2026-04-27T21:43:10.895093
542,676,NO,2026-04-27T21:43:11.123549
542,756,NO,2026-04-27T21:43:11.447980
542,29,NO,2026-04-27T21:43:11.678759
542,304,NO,2026-04-27T21:43:11.904906
542,595,NO,2026-04-27T21:43:12.132836
542,730,YES,2026-04-27T21:43:12.355598
542,279,NO,2026-04-27T21:43:12.571132
542,333,NO,2026-04-27T21:43:13.023127
542,538,NO,2026-04-27T21:43:13.258786
542,440,NO,2026-04-27T21:43:13.499403
542,405,NO,2026-04-27T21:43:13.715287
542,391,NO,2026-04-27T21:43:13.937505
542,165,NO,2026-04-27T21:43:14.253558
542,675,YES,2026-04-27T21:43:14.486215
542,949,NO,2026-04-27T21:43:14.710919
542,870,NO,2026-04-27T21:43:14.926754
543,39,NO,2026-04-27T21:43:15.270137
543,174,NO,2026-04-27T21:43:15.608251
543,56,NO,2026-04-27T21:43:15.921847
543,286,NO,2026-04-27T21:43:16.255611
543,297,NO,2026-04-27T21:43:16.467694
543,275,NO,2026-04-27T21:43:16.700794
543,524,YES,2026-04-27T21:43:17.031640
543,608,NO,2026-04-27T21:43:17.265935
543,273,NO,2026-04-27T21:43:17.487769
543,522,NO,2026-04-27T21:43:17.705747
543,57,YES,2026-04-27T21:43:17.939827
543,146,NO,2026-04-27T21:43:18.156981
543,976,YES,2026-04-27T21:43:18.382911
543,883,NO,2026-04-27T21:43:18.603344
543,762,NO,2026-04-27T21:43:18.822987
543,252,NO,2026-04-27T21:43:19.048151
543,634,NO,2026-04-27T21:43:19.266918
543,84,NO,2026-04-27T21:43:19.630677
543,676,NO,2026-04-27T21:43:19.872561
543,126,NO,2026-04-27T21:43:20.140933
544,823,NO,2026-04-27T21:43:20.506434
544,665,NO,2026-04-27T21:43:20.777833
544,926,YES,2026-04-27T21:43:21.021184
544,772,NO,2026-04-27T21:43:21.374440
544,978,SUPER_LIKE,2026-04-27T21:43:21.990629
544,109,YES,2026-04-27T21:43:22.244841
544,636,NO,2026-04-27T21:43:23.000092
544,787,NO,2026-04-27T21:43:23.265940
544,286,YES,2026-04-27T21:43:23.506002
544,698,NO,2026-04-27T21:43:23.725629
544,804,NO,2026-04-27T21:43:23.939550
544,877,NO,2026-04-27T21:43:24.155919
544,62,NO,2026-04-27T21:43:24.485576
544,178,YES,2026-04-27T21:43:24.716515
544,171,NO,2026-04-27T21:43:24.933558
544,223,YES,2026-04-27T21:43:25.468352
545,491,NO,2026-04-27T21:43:25.805595
545,365,NO,2026-04-27T21:43:26.021282
545,609,NO,2026-04-27T21:43:26.240253
545,799,NO,2026-04-27T21:43:26.460942
545,257,NO,2026-04-27T21:43:26.684114
545,753,NO,2026-04-27T21:43:26.910706
545,870,NO,2026-04-27T21:43:27.126648
545,350,YES,2026-04-27T21:43:27.344751
545,464,YES,2026-04-27T21:43:27.813711
545,737,NO,2026-04-27T21:43:28.145964
545,171,NO,2026-04-27T21:43:28.364455
545,836,NO,2026-04-27T21:43:28.578882
545,276,NO,2026-04-27T21:43:28.804284
545,34,NO,2026-04-27T21:43:29.254894
545,589,NO,2026-04-27T21:43:29.473785
545,131,NO,2026-04-27T21:43:29.692081
545,837,NO,2026-04-27T21:43:30.021356
545,235,NO,2026-04-27T21:43:30.333214
546,896,NO,2026-04-27T21:43:30.657933
546,131,YES,2026-04-27T21:43:30.874383
546,901,NO,2026-04-27T21:43:31.302437
546,804,NO,2026-04-27T21:43:31.556705
546,570,NO,2026-04-27T21:43:31.874842
546,971,NO,2026-04-27T21:43:32.530048
546,13,NO,2026-04-27T21:43:32.755588
546,261,NO,2026-04-27T21:43:33.204651
546,298,NO,2026-04-27T21:43:33.422934
546,922,NO,2026-04-27T21:43:33.651649
546,482,NO,2026-04-27T21:43:33.876972
546,343,NO,2026-04-27T21:43:34.095202
546,378,NO,2026-04-27T21:43:34.413979
546,668,NO,2026-04-27T21:43:34.954530
546,999,NO,2026-04-27T21:43:35.303432
547,983,YES,2026-04-27T21:43:35.649671
547,327,NO,2026-04-27T21:43:35.866628
547,998,NO,2026-04-27T21:43:36.319362
547,383,NO,2026-04-27T21:43:36.893317
547,851,YES,2026-04-27T21:43:37.116544
547,965,NO,2026-04-27T21:43:37.357115
547,667,NO,2026-04-27T21:43:37.689874
547,713,NO,2026-04-27T21:43:37.999800
547,308,NO,2026-04-27T21:43:38.237306
547,114,NO,2026-04-27T21:43:38.485646
547,500,YES,2026-04-27T21:43:38.707135
547,41,YES,2026-04-27T21:43:39.717468
547,968,YES,2026-04-27T21:43:39.936921
547,610,YES,2026-04-27T21:43:40.162363
548,113,YES,2026-04-27T21:43:40.755956
548,396,YES,2026-04-27T21:43:41.067051
548,678,NO,2026-04-27T21:43:41.407493
548,808,NO,2026-04-27T21:43:41.624927
548,331,SUPER_LIKE,2026-04-27T21:43:41.850092
548,620,NO,2026-04-27T21:43:42.064010
548,284,NO,2026-04-27T21:43:42.282645
548,253,NO,2026-04-27T21:43:42.523419
548,149,NO,2026-04-27T21:43:42.741638
548,319,NO,2026-04-27T21:43:42.965513
548,240,YES,2026-04-27T21:43:43.185076
548,335,NO,2026-04-27T21:43:43.515026
548,769,NO,2026-04-27T21:43:43.737420
548,705,YES,2026-04-27T21:43:43.956874
548,789,YES,2026-04-27T21:43:44.192550
548,374,NO,2026-04-27T21:43:44.502098
548,390,SUPER_LIKE,2026-04-27T21:43:44.729649
548,740,NO,2026-04-27T21:43:44.948446
548,206,NO,2026-04-27T21:43:45.608725
549,144,NO,2026-04-27T21:43:45.936219
549,322,YES,2026-04-27T21:43:46.267526
549,633,NO,2026-04-27T21:43:46.600003
549,1019,NO,2026-04-27T21:43:46.815028
549,38,NO,2026-04-27T21:43:47.044459
549,662,YES,2026-04-27T21:43:47.365697
549,640,YES,2026-04-27T21:43:47.598868
549,846,NO,2026-04-27T21:43:47.813597
549,831,NO,2026-04-27T21:43:48.158088
549,966,NO,2026-04-27T21:43:49.034272
549,843,NO,2026-04-27T21:43:49.474690
549,563,NO,2026-04-27T21:43:49.799982
549,755,NO,2026-04-27T21:43:50.213379
549,70,NO,2026-04-27T21:43:50.439163
549,308,NO,2026-04-27T21:43:50.652147
549,630,NO,2026-04-27T21:43:50.882254
549,140,YES,2026-04-27T21:43:51.102571
550,708,SUPER_LIKE,2026-04-27T21:43:51.879718
550,790,SUPER_LIKE,2026-04-27T21:43:52.107049
550,714,NO,2026-04-27T21:43:52.334092
550,273,YES,2026-04-27T21:43:52.551212
550,1014,NO,2026-04-27T21:43:52.778434
550,349,NO,2026-04-27T21:43:53.350985
550,388,NO,2026-04-27T21:43:53.563297
550,281,NO,2026-04-27T21:43:53.789089
550,874,YES,2026-04-27T21:43:54.019052
550,468,NO,2026-04-27T21:43:54.237653
550,39,NO,2026-04-27T21:43:54.660300
550,665,NO,2026-04-27T21:43:55.113016
550,861,NO,2026-04-27T21:43:55.433098
550,243,NO,2026-04-27T21:43:55.880680
550,178,NO,2026-04-27T21:43:56.107863
550,697,NO,2026-04-27T21:43:56.423168
551,880,YES,2026-04-27T21:43:56.757213
551,996,YES,2026-04-27T21:43:56.980662
551,509,YES,2026-04-27T21:43:57.464073
551,668,SUPER_LIKE,2026-04-27T21:43:57.908352
551,630,NO,2026-04-27T21:43:58.231573
551,48,YES,2026-04-27T21:43:58.472079
551,195,NO,2026-04-27T21:43:58.692033
551,780,YES,2026-04-27T21:43:59.986874
551,345,NO,2026-04-27T21:44:00.550157
551,13,NO,2026-04-27T21:44:00.768794
551,181,NO,2026-04-27T21:44:00.981782
551,191,NO,2026-04-27T21:44:01.208260
552,398,YES,2026-04-27T21:44:01.956765
552,110,NO,2026-04-27T21:44:02.277964
552,558,NO,2026-04-27T21:44:02.488886
552,672,NO,2026-04-27T21:44:02.844993
552,443,YES,2026-04-27T21:44:03.414257
552,537,YES,2026-04-27T21:44:03.750126
552,171,NO,2026-04-27T21:44:03.975831
552,681,NO,2026-04-27T21:44:04.539448
552,23,NO,2026-04-27T21:44:04.777520
552,710,YES,2026-04-27T21:44:05.017670
552,944,YES,2026-04-27T21:44:05.285074
552,623,NO,2026-04-27T21:44:05.531470
552,545,NO,2026-04-27T21:44:05.870712
552,345,YES,2026-04-27T21:44:06.092534
552,501,YES,2026-04-27T21:44:06.329791
552,414,NO,2026-04-27T21:44:06.578363
552,42,NO,2026-04-27T21:44:06.823067
552,523,YES,2026-04-27T21:44:07.088270
553,769,NO,2026-04-27T21:44:07.443174
553,120,NO,2026-04-27T21:44:07.685605
553,29,NO,2026-04-27T21:44:07.907139
553,984,NO,2026-04-27T21:44:08.490666
553,519,NO,2026-04-27T21:44:08.727150
553,52,NO,2026-04-27T21:44:08.999932
553,797,YES,2026-04-27T21:44:09.253621
553,156,NO,2026-04-27T21:44:09.498267
553,163,NO,2026-04-27T21:44:09.737277
553,933,YES,2026-04-27T21:44:09.972611
553,159,NO,2026-04-27T21:44:10.189934
553,903,NO,2026-04-27T21:44:10.742727
553,830,NO,2026-04-27T21:44:10.993311
553,583,YES,2026-04-27T21:44:11.323450
553,936,NO,2026-04-27T21:44:11.571041
553,761,NO,2026-04-27T21:44:11.928816
553,612,SUPER_LIKE,2026-04-27T21:44:12.191566
553,83,YES,2026-04-27T21:44:12.428410
554,675,NO,2026-04-27T21:44:12.800882
554,178,YES,2026-04-27T21:44:13.047673
554,183,NO,2026-04-27T21:44:13.293265
554,226,NO,2026-04-27T21:44:13.535534
554,1010,NO,2026-04-27T21:44:14.048629
554,994,NO,2026-04-27T21:44:14.291306
554,501,NO,2026-04-27T21:44:14.583256
554,809,NO,2026-04-27T21:44:14.857090
554,969,NO,2026-04-27T21:44:15.123655
554,910,SUPER_LIKE,2026-04-27T21:44:15.347517
554,438,NO,2026-04-27T21:44:15.577664
554,23,NO,2026-04-27T21:44:15.796923
554,135,NO,2026-04-27T21:44:16.008495
554,168,YES,2026-04-27T21:44:16.468599
554,886,YES,2026-04-27T21:44:16.701013
554,1020,NO,2026-04-27T21:44:17.141209
554,143,YES,2026-04-27T21:44:17.381720
555,194,NO,2026-04-27T21:44:17.704486
555,222,YES,2026-04-27T21:44:17.923841
555,364,YES,2026-04-27T21:44:18.474240
555,880,NO,2026-04-27T21:44:18.689425
555,472,NO,2026-04-27T21:44:18.935212
555,370,YES,2026-04-27T21:44:19.182658
555,834,NO,2026-04-27T21:44:19.412669
555,20,NO,2026-04-27T21:44:19.785616
555,466,YES,2026-04-27T21:44:20.159084
555,638,NO,2026-04-27T21:44:20.699493
555,1007,YES,2026-04-27T21:44:21.175069
555,695,YES,2026-04-27T21:44:21.403683
555,587,NO,2026-04-27T21:44:21.882919
555,876,YES,2026-04-27T21:44:22.122878
555,767,NO,2026-04-27T21:44:22.346954
556,305,NO,2026-04-27T21:44:22.991697
556,716,YES,2026-04-27T21:44:23.257887
556,105,NO,2026-04-27T21:44:23.699261
556,236,NO,2026-04-27T21:44:23.923725
556,550,NO,2026-04-27T21:44:24.244393
556,41,NO,2026-04-27T21:44:24.468670
556,599,NO,2026-04-27T21:44:24.682630
556,387,YES,2026-04-27T21:44:24.918152
556,245,NO,2026-04-27T21:44:25.356775
556,368,YES,2026-04-27T21:44:25.585110
556,507,NO,2026-04-27T21:44:26.039306
556,586,YES,2026-04-27T21:44:26.353731
556,820,NO,2026-04-27T21:44:27.116968
556,955,YES,2026-04-27T21:44:27.342429
556,552,NO,2026-04-27T21:44:27.558912
557,601,YES,2026-04-27T21:44:27.995042
557,220,NO,2026-04-27T21:44:28.213912
557,81,NO,2026-04-27T21:44:28.437337
557,35,NO,2026-04-27T21:44:28.680142
557,780,NO,2026-04-27T21:44:28.906464
557,597,NO,2026-04-27T21:44:29.119926
557,402,SUPER_LIKE,2026-04-27T21:44:29.622631
557,943,NO,2026-04-27T21:44:29.883710
557,618,YES,2026-04-27T21:44:30.244431
557,156,NO,2026-04-27T21:44:30.481083
557,709,NO,2026-04-27T21:44:30.727245
557,851,YES,2026-04-27T21:44:30.946666
557,391,YES,2026-04-27T21:44:31.267199
557,416,NO,2026-04-27T21:44:31.480637
557,448,NO,2026-04-27T21:44:31.795996
557,317,YES,2026-04-27T21:44:32.129949
557,837,NO,2026-04-27T21:44:32.451807
557,971,YES,2026-04-27T21:44:32.669761
557,341,NO,2026-04-27T21:44:32.988224
558,600,NO,2026-04-27T21:44:33.308301
558,689,YES,2026-04-27T21:44:33.534364
558,745,YES,2026-04-27T21:44:33.761232
558,275,NO,2026-04-27T21:44:33.980710
558,99,YES,2026-04-27T21:44:34.210860
558,50,NO,2026-04-27T21:44:34.431007
558,70,SUPER_LIKE,2026-04-27T21:44:34.752094
558,332,NO,2026-04-27T21:44:34.968208
558,87,NO,2026-04-27T21:44:35.188893
558,721,NO,2026-04-27T21:44:35.405332
558,228,NO,2026-04-27T21:44:35.619675
558,437,NO,2026-04-27T21:44:35.949819
558,127,NO,2026-04-27T21:44:36.173215
558,550,NO,2026-04-27T21:44:36.400858
558,823,NO,2026-04-27T21:44:36.723725
558,463,NO,2026-04-27T21:44:36.950749
558,597,NO,2026-04-27T21:44:37.167446
558,42,YES,2026-04-27T21:44:37.398504
558,984,NO,2026-04-27T21:44:37.628176
558,26,NO,2026-04-27T21:44:37.844760
559,145,YES,2026-04-27T21:44:38.183646
559,1001,YES,2026-04-27T21:44:38.425481
559,973,YES,2026-04-27T21:44:38.652357
559,814,YES,2026-04-27T21:44:38.865840
559,438,YES,2026-04-27T21:44:39.091663
559,408,YES,2026-04-27T21:44:39.533049
559,224,NO,2026-04-27T21:44:39.772371
559,679,NO,2026-04-27T21:44:40.427075
559,127,NO,2026-04-27T21:44:40.642939
559,517,YES,2026-04-27T21:44:40.876949
559,916,YES,2026-04-27T21:44:41.098019
559,651,YES,2026-04-27T21:44:41.436315
559,278,YES,2026-04-27T21:44:41.670020
559,454,YES,2026-04-27T21:44:42.009835
559,671,YES,2026-04-27T21:44:42.231607
559,129,YES,2026-04-27T21:44:42.550685
559,200,YES,2026-04-27T21:44:42.768513
560,682,NO,2026-04-27T21:44:43.531702
560,938,YES,2026-04-27T21:44:43.763110
560,438,YES,2026-04-27T21:44:43.985139
560,30,SUPER_LIKE,2026-04-27T21:44:44.213002
560,933,NO,2026-04-27T21:44:44.449335
560,405,NO,2026-04-27T21:44:44.672458
560,180,SUPER_LIKE,2026-04-27T21:44:45.002736
560,192,YES,2026-04-27T21:44:45.235643
560,867,NO,2026-04-27T21:44:45.566868
560,250,NO,2026-04-27T21:44:45.886550
560,184,NO,2026-04-27T21:44:46.119049
560,480,NO,2026-04-27T21:44:46.342803
560,61,SUPER_LIKE,2026-04-27T21:44:46.680095
560,720,NO,2026-04-27T21:44:46.897375
560,591,YES,2026-04-27T21:44:47.118859
560,519,NO,2026-04-27T21:44:47.448513
560,945,YES,2026-04-27T21:44:47.670687
560,991,YES,2026-04-27T21:44:48.094657
560,1004,YES,2026-04-27T21:44:48.320078
561,153,YES,2026-04-27T21:44:48.635925
561,826,NO,2026-04-27T21:44:49.313020
561,441,YES,2026-04-27T21:44:49.558991
561,886,NO,2026-04-27T21:44:50.339153
561,246,NO,2026-04-27T21:44:50.684726
561,911,NO,2026-04-27T21:44:51.004467
561,959,YES,2026-04-27T21:44:51.237292
561,756,NO,2026-04-27T21:44:51.457179
561,160,NO,2026-04-27T21:44:51.674627
561,217,YES,2026-04-27T21:44:52.125228
561,154,NO,2026-04-27T21:44:52.351009
561,93,NO,2026-04-27T21:44:52.566085
561,874,YES,2026-04-27T21:44:52.784401
561,104,YES,2026-04-27T21:44:53.034582
561,670,NO,2026-04-27T21:44:53.247209
562,736,NO,2026-04-27T21:44:53.589450
562,126,NO,2026-04-27T21:44:53.914784
562,188,SUPER_LIKE,2026-04-27T21:44:54.135194
562,991,YES,2026-04-27T21:44:54.812553
562,705,NO,2026-04-27T21:44:55.370091
562,728,NO,2026-04-27T21:44:55.807163
562,262,YES,2026-04-27T21:44:56.027100
562,444,YES,2026-04-27T21:44:56.261110
562,607,YES,2026-04-27T21:44:56.497809
562,799,YES,2026-04-27T21:44:56.715206
562,326,YES,2026-04-27T21:44:56.938642
562,621,YES,2026-04-27T21:44:57.279836
562,306,YES,2026-04-27T21:44:57.494008
562,641,SUPER_LIKE,2026-04-27T21:44:57.943798
562,430,YES,2026-04-27T21:44:58.173075
563,889,YES,2026-04-27T21:44:58.496569
563,480,YES,2026-04-27T21:44:59.173636
563,502,YES,2026-04-27T21:44:59.507599
563,401,NO,2026-04-27T21:44:59.718872
563,732,NO,2026-04-27T21:44:59.938660
563,424,YES,2026-04-27T21:45:00.167749
563,60,NO,2026-04-27T21:45:00.408195
563,949,NO,2026-04-27T21:45:00.734921
563,987,YES,2026-04-27T21:45:00.957825
563,844,NO,2026-04-27T21:45:01.279501
563,632,YES,2026-04-27T21:45:01.497555
563,487,SUPER_LIKE,2026-04-27T21:45:01.952135
563,651,NO,2026-04-27T21:45:02.407280
563,115,NO,2026-04-27T21:45:02.621144
563,680,NO,2026-04-27T21:45:02.851496
563,705,YES,2026-04-27T21:45:03.068308
564,408,NO,2026-04-27T21:45:04.160342
564,761,NO,2026-04-27T21:45:04.381402
564,475,NO,2026-04-27T21:45:04.630038
564,315,NO,2026-04-27T21:45:04.839382
564,765,NO,2026-04-27T21:45:05.071810
564,999,NO,2026-04-27T21:45:05.294175
564,695,NO,2026-04-27T21:45:05.629013
564,480,YES,2026-04-27T21:45:06.051499
564,643,NO,2026-04-27T21:45:06.276796
564,165,NO,2026-04-27T21:45:06.495479
564,26,YES,2026-04-27T21:45:07.152329
564,262,NO,2026-04-27T21:45:07.470156
564,841,NO,2026-04-27T21:45:07.693864
564,257,NO,2026-04-27T21:45:07.935717
564,964,NO,2026-04-27T21:45:08.157882
564,107,NO,2026-04-27T21:45:08.370200
564,363,NO,2026-04-27T21:45:08.604868
565,872,NO,2026-04-27T21:45:09.038390
565,835,NO,2026-04-27T21:45:09.249004
565,517,NO,2026-04-27T21:45:09.461424
565,117,NO,2026-04-27T21:45:09.689370
565,129,NO,2026-04-27T21:45:09.911466
565,125,NO,2026-04-27T21:45:10.139302
565,140,NO,2026-04-27T21:45:10.358775
565,351,NO,2026-04-27T21:45:10.675284
565,989,YES,2026-04-27T21:45:10.931525
565,590,NO,2026-04-27T21:45:11.150232
565,162,NO,2026-04-27T21:45:11.389968
565,354,NO,2026-04-27T21:45:11.606425
565,359,NO,2026-04-27T21:45:12.166715
565,499,NO,2026-04-27T21:45:12.493244
565,723,NO,2026-04-27T21:45:12.716773
565,121,NO,2026-04-27T21:45:12.931857
565,678,NO,2026-04-27T21:45:13.164684
565,955,NO,2026-04-27T21:45:13.384357
566,664,YES,2026-04-27T21:45:13.935415
566,51,YES,2026-04-27T21:45:14.383155
566,716,NO,2026-04-27T21:45:14.600706
566,952,YES,2026-04-27T21:45:14.830145
566,801,NO,2026-04-27T21:45:15.158754
566,729,YES,2026-04-27T21:45:15.404651
566,413,YES,2026-04-27T21:45:15.623889
566,303,NO,2026-04-27T21:45:15.838841
566,111,YES,2026-04-27T21:45:16.076655
566,690,NO,2026-04-27T21:45:16.401098
566,428,NO,2026-04-27T21:45:16.635323
566,46,YES,2026-04-27T21:45:16.851417
566,290,YES,2026-04-27T21:45:17.183040
566,535,NO,2026-04-27T21:45:17.408215
566,996,YES,2026-04-27T21:45:17.627946
566,568,NO,2026-04-27T21:45:17.984566
566,964,NO,2026-04-27T21:45:18.195125
566,409,NO,2026-04-27T21:45:18.429316
566,632,YES,2026-04-27T21:45:18.647860
567,242,YES,2026-04-27T21:45:19.118509
567,664,YES,2026-04-27T21:45:19.470381
567,982,YES,2026-04-27T21:45:19.741535
567,687,NO,2026-04-27T21:45:19.998941
567,362,NO,2026-04-27T21:45:20.260666
567,671,YES,2026-04-27T21:45:20.525164
567,1015,NO,2026-04-27T21:45:20.784732
567,611,NO,2026-04-27T21:45:21.027708
567,478,YES,2026-04-27T21:45:21.250222
567,473,NO,2026-04-27T21:45:21.856599
567,224,YES,2026-04-27T21:45:22.071145
567,490,NO,2026-04-27T21:45:22.576248
567,597,NO,2026-04-27T21:45:23.125733
567,101,NO,2026-04-27T21:45:23.351774
567,930,YES,2026-04-27T21:45:23.811439
567,164,SUPER_LIKE,2026-04-27T21:45:24.030173
568,361,YES,2026-04-27T21:45:24.377979
568,72,SUPER_LIKE,2026-04-27T21:45:24.607718
568,930,NO,2026-04-27T21:45:24.848958
568,774,NO,2026-04-27T21:45:25.063576
568,217,YES,2026-04-27T21:45:25.297172
568,271,YES,2026-04-27T21:45:25.517614
568,373,NO,2026-04-27T21:45:25.743642
568,47,NO,2026-04-27T21:45:25.970617
568,992,NO,2026-04-27T21:45:26.527229
568,405,NO,2026-04-27T21:45:26.745278
568,912,NO,2026-04-27T21:45:27.279505
568,816,YES,2026-04-27T21:45:27.505813
568,587,NO,2026-04-27T21:45:27.848550
568,952,NO,2026-04-27T21:45:28.307859
568,542,SUPER_LIKE,2026-04-27T21:45:28.529838
568,522,NO,2026-04-27T21:45:28.853045
568,664,SUPER_LIKE,2026-04-27T21:45:29.068293
569,874,NO,2026-04-27T21:45:29.405781
569,963,NO,2026-04-27T21:45:29.624337
569,438,NO,2026-04-27T21:45:29.959618
569,465,NO,2026-04-27T21:45:30.180148
569,441,YES,2026-04-27T21:45:30.396455
569,249,NO,2026-04-27T21:45:30.643079
569,526,NO,2026-04-27T21:45:30.860584
569,309,NO,2026-04-27T21:45:31.084656
569,464,YES,2026-04-27T21:45:31.529729
569,705,NO,2026-04-27T21:45:31.867120
569,499,NO,2026-04-27T21:45:32.187043
569,379,NO,2026-04-27T21:45:32.411766
569,11,NO,2026-04-27T21:45:32.869420
569,814,NO,2026-04-27T21:45:33.098291
569,796,NO,2026-04-27T21:45:33.325231
569,722,NO,2026-04-27T21:45:33.548078
569,611,NO,2026-04-27T21:45:33.765617
569,427,NO,2026-04-27T21:45:34.009893
570,775,NO,2026-04-27T21:45:34.334602
570,131,NO,2026-04-27T21:45:34.556342
570,516,NO,2026-04-27T21:45:34.877063
570,442,NO,2026-04-27T21:45:35.100187
570,250,NO,2026-04-27T21:45:35.687386
570,237,YES,2026-04-27T21:45:36.018476
570,153,NO,2026-04-27T21:45:36.350090
570,167,NO,2026-04-27T21:45:36.831558
570,702,NO,2026-04-27T21:45:37.162274
570,525,NO,2026-04-27T21:45:37.486171
570,51,YES,2026-04-27T21:45:37.694542
570,475,NO,2026-04-27T21:45:38.032454
570,220,YES,2026-04-27T21:45:38.254551
570,915,NO,2026-04-27T21:45:38.575831
570,268,NO,2026-04-27T21:45:38.796356
570,1000,NO,2026-04-27T21:45:39.119267
570,219,NO,2026-04-27T21:45:39.343164
570,721,YES,2026-04-27T21:45:39.558521
571,47,YES,2026-04-27T21:45:39.885548
571,217,YES,2026-04-27T21:45:40.103061
571,83,YES,2026-04-27T21:45:40.345728
571,470,NO,2026-04-27T21:45:40.567640
571,824,NO,2026-04-27T21:45:40.800878
571,103,NO,2026-04-27T21:45:41.020282
571,332,NO,2026-04-27T21:45:41.242090
571,534,NO,2026-04-27T21:45:41.475512
571,32,NO,2026-04-27T21:45:41.697834
571,315,YES,2026-04-27T21:45:41.932158
571,189,NO,2026-04-27T21:45:42.258806
571,435,NO,2026-04-27T21:45:42.478428
571,45,NO,2026-04-27T21:45:42.698115
571,585,NO,2026-04-27T21:45:43.138724
571,688,NO,2026-04-27T21:45:43.362036
571,13,NO,2026-04-27T21:45:43.586069
571,344,NO,2026-04-27T21:45:43.818168
571,965,NO,2026-04-27T21:45:44.028726
571,134,NO,2026-04-27T21:45:44.256287
572,203,NO,2026-04-27T21:45:44.573353
572,720,NO,2026-04-27T21:45:44.797077
572,308,YES,2026-04-27T21:45:45.024038
572,840,NO,2026-04-27T21:45:45.239231
572,600,SUPER_LIKE,2026-04-27T21:45:46.044951
572,240,NO,2026-04-27T21:45:46.365165
572,982,SUPER_LIKE,2026-04-27T21:45:46.690824
572,394,YES,2026-04-27T21:45:47.353816
572,237,NO,2026-04-27T21:45:47.691426
572,113,NO,2026-04-27T21:45:47.908980
572,777,YES,2026-04-27T21:45:48.124808
572,332,NO,2026-04-27T21:45:48.442790
572,797,NO,2026-04-27T21:45:49.095119
572,90,NO,2026-04-27T21:45:49.540217
573,764,NO,2026-04-27T21:45:49.971242
573,611,NO,2026-04-27T21:45:50.193490
573,201,NO,2026-04-27T21:45:50.460516
573,944,NO,2026-04-27T21:45:50.687197
573,323,NO,2026-04-27T21:45:51.361340
573,127,NO,2026-04-27T21:45:51.710584
573,327,NO,2026-04-27T21:45:51.931901
573,443,NO,2026-04-27T21:45:52.386391
573,601,NO,2026-04-27T21:45:52.598868
573,724,NO,2026-04-27T21:45:52.814651
573,70,YES,2026-04-27T21:45:53.050083
573,700,NO,2026-04-27T21:45:53.265925
573,153,NO,2026-04-27T21:45:53.496921
573,766,NO,2026-04-27T21:45:53.814374
573,783,NO,2026-04-27T21:45:54.154846
573,213,NO,2026-04-27T21:45:54.373420
573,254,NO,2026-04-27T21:45:54.813624
574,472,NO,2026-04-27T21:45:55.357368
574,786,NO,2026-04-27T21:45:55.568888
574,693,YES,2026-04-27T21:45:56.032519
574,953,NO,2026-04-27T21:45:56.242547
574,541,YES,2026-04-27T21:45:56.484216
574,484,NO,2026-04-27T21:45:56.806083
574,554,NO,2026-04-27T21:45:57.054447
574,929,NO,2026-04-27T21:45:57.267567
574,204,NO,2026-04-27T21:45:57.505701
574,29,NO,2026-04-27T21:45:57.828438
574,494,NO,2026-04-27T21:45:58.287094
574,735,SUPER_LIKE,2026-04-27T21:45:58.503610
574,816,NO,2026-04-27T21:45:59.187252
574,193,NO,2026-04-27T21:45:59.633013
574,646,NO,2026-04-27T21:45:59.868875
575,445,NO,2026-04-27T21:46:00.195132
575,307,NO,2026-04-27T21:46:00.426091
575,227,YES,2026-04-27T21:46:00.650537
575,396,NO,2026-04-27T21:46:00.869289
575,451,SUPER_LIKE,2026-04-27T21:46:01.148129
575,95,NO,2026-04-27T21:46:01.364936
575,990,NO,2026-04-27T21:46:01.786300
575,937,NO,2026-04-27T21:46:02.576033
575,677,NO,2026-04-27T21:46:02.800876
575,73,YES,2026-04-27T21:46:03.023145
575,634,NO,2026-04-27T21:46:03.348170
575,862,NO,2026-04-27T21:46:03.668659
575,357,NO,2026-04-27T21:46:03.904857
575,594,NO,2026-04-27T21:46:04.596113
575,402,YES,2026-04-27T21:46:04.825433
576,312,NO,2026-04-27T21:46:05.591412
576,326,NO,2026-04-27T21:46:06.259404
576,422,NO,2026-04-27T21:46:06.809014
576,788,YES,2026-04-27T21:46:07.377914
576,836,NO,2026-04-27T21:46:07.603402
576,1012,NO,2026-04-27T21:46:07.833365
576,617,NO,2026-04-27T21:46:08.285625
576,971,NO,2026-04-27T21:46:08.505609
576,568,NO,2026-04-27T21:46:08.839140
576,970,NO,2026-04-27T21:46:09.054893
576,659,NO,2026-04-27T21:46:09.375734
576,551,NO,2026-04-27T21:46:09.837221
576,896,NO,2026-04-27T21:46:10.057226
576,395,NO,2026-04-27T21:46:10.376815
576,397,YES,2026-04-27T21:46:10.700985
577,454,YES,2026-04-27T21:46:11.044517
577,876,YES,2026-04-27T21:46:11.261149
577,322,SUPER_LIKE,2026-04-27T21:46:11.485103
577,967,NO,2026-04-27T21:46:11.702657
577,675,SUPER_LIKE,2026-04-27T21:46:11.924640
577,898,NO,2026-04-27T21:46:12.257661
577,237,SUPER_LIKE,2026-04-27T21:46:12.702038
577,926,NO,2026-04-27T21:46:13.142316
577,929,NO,2026-04-27T21:46:13.360523
577,31,NO,2026-04-27T21:46:13.577220
577,387,YES,2026-04-27T21:46:13.912264
577,109,SUPER_LIKE,2026-04-27T21:46:14.581259
577,531,NO,2026-04-27T21:46:15.019064
577,304,NO,2026-04-27T21:46:15.231809
577,514,YES,2026-04-27T21:46:15.799657
577,64,NO,2026-04-27T21:46:16.357479
578,874,NO,2026-04-27T21:46:16.705972
578,971,NO,2026-04-27T21:46:17.246184
578,745,YES,2026-04-27T21:46:17.466998
578,454,YES,2026-04-27T21:46:17.707337
578,117,NO,2026-04-27T21:46:17.949617
578,353,NO,2026-04-27T21:46:18.481522
578,79,NO,2026-04-27T21:46:18.697082
578,386,NO,2026-04-27T21:46:19.019327
578,784,YES,2026-04-27T21:46:19.358413
578,430,NO,2026-04-27T21:46:19.618191
578,365,NO,2026-04-27T21:46:19.873078
578,229,NO,2026-04-27T21:46:20.278903
578,66,NO,2026-04-27T21:46:20.534490
578,480,YES,2026-04-27T21:46:20.776375
578,320,NO,2026-04-27T21:46:21.025843
578,213,NO,2026-04-27T21:46:21.466585
578,34,NO,2026-04-27T21:46:21.694293
579,461,NO,2026-04-27T21:46:22.120043
579,286,YES,2026-04-27T21:46:22.336985
579,278,YES,2026-04-27T21:46:22.806194
579,1010,YES,2026-04-27T21:46:23.050313
579,86,YES,2026-04-27T21:46:23.269893
579,161,NO,2026-04-27T21:46:23.511930
579,74,YES,2026-04-27T21:46:23.839497
579,401,YES,2026-04-27T21:46:24.163716
579,893,NO,2026-04-27T21:46:24.490654
579,853,SUPER_LIKE,2026-04-27T21:46:24.813989
579,973,YES,2026-04-27T21:46:25.025332
579,95,NO,2026-04-27T21:46:25.450665
579,884,NO,2026-04-27T21:46:25.669679
579,675,YES,2026-04-27T21:46:25.897111
579,238,YES,2026-04-27T21:46:26.120037
579,813,NO,2026-04-27T21:46:26.367525
579,531,NO,2026-04-27T21:46:26.587888
579,680,YES,2026-04-27T21:46:26.809774
579,1006,NO,2026-04-27T21:46:27.151633
580,445,YES,2026-04-27T21:46:27.698370
580,251,YES,2026-04-27T21:46:27.919184
580,66,NO,2026-04-27T21:46:28.148499
580,903,NO,2026-04-27T21:46:28.360502
580,336,NO,2026-04-27T21:46:28.626787
580,50,NO,2026-04-27T21:46:28.851474
580,275,NO,2026-04-27T21:46:29.065119
580,822,NO,2026-04-27T21:46:29.838230
580,547,NO,2026-04-27T21:46:30.054101
580,825,YES,2026-04-27T21:46:30.279402
580,1011,NO,2026-04-27T21:46:30.493846
580,188,NO,2026-04-27T21:46:30.713578
580,579,NO,2026-04-27T21:46:30.955460
580,373,NO,2026-04-27T21:46:31.167781
580,118,NO,2026-04-27T21:46:31.845576
581,764,NO,2026-04-27T21:46:32.401494
581,711,YES,2026-04-27T21:46:32.728038
581,471,YES,2026-04-27T21:46:32.949421
581,75,NO,2026-04-27T21:46:33.182515
581,974,NO,2026-04-27T21:46:34.030643
581,261,NO,2026-04-27T21:46:34.479208
581,716,YES,2026-04-27T21:46:34.720349
581,754,NO,2026-04-27T21:46:34.929734
581,523,YES,2026-04-27T21:46:35.147293
581,922,YES,2026-04-27T21:46:35.373989
581,564,NO,2026-04-27T21:46:35.592619
581,519,NO,2026-04-27T21:46:35.805233
581,328,YES,2026-04-27T21:46:36.029809
581,541,NO,2026-04-27T21:46:36.250593
581,67,NO,2026-04-27T21:46:36.801427
581,958,NO,2026-04-27T21:46:37.036347
581,276,NO,2026-04-27T21:46:37.256898
582,877,NO,2026-04-27T21:46:37.575716
582,325,NO,2026-04-27T21:46:37.938797
582,957,NO,2026-04-27T21:46:38.285132
582,29,NO,2026-04-27T21:46:38.948973
582,900,NO,2026-04-27T21:46:39.584424
582,1006,NO,2026-04-27T21:46:39.811229
582,938,NO,2026-04-27T21:46:40.258220
582,380,NO,2026-04-27T21:46:40.493084
582,921,NO,2026-04-27T21:46:40.922640
582,490,NO,2026-04-27T21:46:41.155054
582,652,NO,2026-04-27T21:46:41.472955
582,305,NO,2026-04-27T21:46:41.699567
582,403,NO,2026-04-27T21:46:41.915822
582,42,YES,2026-04-27T21:46:42.241744
582,822,NO,2026-04-27T21:46:42.718015
583,656,YES,2026-04-27T21:46:43.259084
583,85,NO,2026-04-27T21:46:43.694733
583,255,NO,2026-04-27T21:46:43.912974
583,868,YES,2026-04-27T21:46:44.350768
583,647,NO,2026-04-27T21:46:44.574962
583,1005,NO,2026-04-27T21:46:44.900550
583,461,NO,2026-04-27T21:46:45.217788
583,204,YES,2026-04-27T21:46:45.439808
583,97,NO,2026-04-27T21:46:45.884298
583,699,NO,2026-04-27T21:46:46.347163
583,442,NO,2026-04-27T21:46:46.561177
583,117,NO,2026-04-27T21:46:46.777079
583,200,YES,2026-04-27T21:46:47.011488
583,646,NO,2026-04-27T21:46:47.261207
583,520,NO,2026-04-27T21:46:47.580627
583,788,NO,2026-04-27T21:46:47.796035
584,195,NO,2026-04-27T21:46:48.230709
584,970,NO,2026-04-27T21:46:48.566530
584,226,YES,2026-04-27T21:46:48.786079
584,125,NO,2026-04-27T21:46:49.008927
584,805,YES,2026-04-27T21:46:49.233371
584,966,NO,2026-04-27T21:46:49.886989
584,483,YES,2026-04-27T21:46:50.109179
584,603,NO,2026-04-27T21:46:50.331513
584,804,NO,2026-04-27T21:46:50.995972
584,684,NO,2026-04-27T21:46:51.311080
584,452,NO,2026-04-27T21:46:51.587406
584,962,YES,2026-04-27T21:46:52.237658
584,907,NO,2026-04-27T21:46:52.461094
584,356,YES,2026-04-27T21:46:52.794674
584,25,YES,2026-04-27T21:46:53.014269
585,790,NO,2026-04-27T21:46:53.361521
585,338,NO,2026-04-27T21:46:53.577672
585,344,SUPER_LIKE,2026-04-27T21:46:53.803160
585,62,NO,2026-04-27T21:46:54.125291
585,996,NO,2026-04-27T21:46:54.573826
585,835,YES,2026-04-27T21:46:54.909012
585,717,NO,2026-04-27T21:46:55.349679
585,642,NO,2026-04-27T21:46:55.905592
585,555,SUPER_LIKE,2026-04-27T21:46:56.381019
585,959,NO,2026-04-27T21:46:56.841740
585,574,YES,2026-04-27T21:46:57.170021
585,594,NO,2026-04-27T21:46:57.410805
585,134,YES,2026-04-27T21:46:57.741013
585,42,NO,2026-04-27T21:46:57.961338
585,612,YES,2026-04-27T21:46:58.186181
586,120,YES,2026-04-27T21:46:58.525125
586,327,NO,2026-04-27T21:46:58.736986
586,80,NO,2026-04-27T21:46:59.058115
586,857,YES,2026-04-27T21:46:59.396618
586,864,NO,2026-04-27T21:46:59.629534
586,476,NO,2026-04-27T21:46:59.848106
586,866,YES,2026-04-27T21:47:00.071636
586,703,NO,2026-04-27T21:47:00.295385
586,443,NO,2026-04-27T21:47:00.755313
586,203,NO,2026-04-27T21:47:00.979854
586,154,NO,2026-04-27T21:47:01.412455
586,856,YES,2026-04-27T21:47:01.637481
586,762,NO,2026-04-27T21:47:01.868922
586,810,YES,2026-04-27T21:47:02.093638
586,667,YES,2026-04-27T21:47:02.427929
586,191,NO,2026-04-27T21:47:02.876086
586,414,NO,2026-04-27T21:47:03.113935
587,858,YES,2026-04-27T21:47:03.433320
587,414,NO,2026-04-27T21:47:03.769078
587,963,YES,2026-04-27T21:47:04.293567
587,479,YES,2026-04-27T21:47:04.849830
587,496,NO,2026-04-27T21:47:05.066875
587,829,YES,2026-04-27T21:47:05.290396
587,753,NO,2026-04-27T21:47:05.507141
587,72,NO,2026-04-27T21:47:05.732509
587,936,NO,2026-04-27T21:47:05.955947
587,147,NO,2026-04-27T21:47:06.280794
587,477,NO,2026-04-27T21:47:06.598684
587,871,NO,2026-04-27T21:47:06.811863
587,320,NO,2026-04-27T21:47:07.042063
587,544,NO,2026-04-27T21:47:07.260859
587,99,NO,2026-04-27T21:47:07.478700
587,852,NO,2026-04-27T21:47:07.692958
587,1009,NO,2026-04-27T21:47:08.166369
588,99,YES,2026-04-27T21:47:08.586400
588,813,NO,2026-04-27T21:47:09.022397
588,471,YES,2026-04-27T21:47:09.361935
588,335,SUPER_LIKE,2026-04-27T21:47:09.588755
588,970,NO,2026-04-27T21:47:09.812949
588,896,YES,2026-04-27T21:47:10.273231
588,789,YES,2026-04-27T21:47:10.503341
588,348,YES,2026-04-27T21:47:10.758870
588,880,YES,2026-04-27T21:47:10.991472
588,983,YES,2026-04-27T21:47:11.220230
588,23,YES,2026-04-27T21:47:11.488758
588,402,NO,2026-04-27T21:47:11.745593
588,268,YES,2026-04-27T21:47:12.088723
588,456,YES,2026-04-27T21:47:12.316641
588,143,NO,2026-04-27T21:47:12.544490
588,392,YES,2026-04-27T21:47:12.868987
588,411,YES,2026-04-27T21:47:13.318539
589,968,YES,2026-04-27T21:47:13.649851
589,943,YES,2026-04-27T21:47:14.212638
589,824,YES,2026-04-27T21:47:14.797271
589,532,NO,2026-04-27T21:47:15.018497
589,218,YES,2026-04-27T21:47:15.349078
589,707,NO,2026-04-27T21:47:15.570190
589,392,NO,2026-04-27T21:47:15.787118
589,409,NO,2026-04-27T21:47:16.023170
589,591,YES,2026-04-27T21:47:16.888303
589,362,YES,2026-04-27T21:47:17.341242
589,934,NO,2026-04-27T21:47:17.593553
589,672,NO,2026-04-27T21:47:17.910123
589,964,NO,2026-04-27T21:47:18.146094
589,602,NO,2026-04-27T21:47:18.373972
589,472,YES,2026-04-27T21:47:18.602748
590,487,YES,2026-04-27T21:47:19.139281
590,201,NO,2026-04-27T21:47:19.393824
590,341,NO,2026-04-27T21:47:19.647763
590,225,YES,2026-04-27T21:47:19.897812
590,650,YES,2026-04-27T21:47:20.205054
590,536,YES,2026-04-27T21:47:20.465383
590,41,SUPER_LIKE,2026-04-27T21:47:20.963782
590,494,YES,2026-04-27T21:47:21.211154
590,696,SUPER_LIKE,2026-04-27T21:47:21.428659
590,467,YES,2026-04-27T21:47:21.662732
590,28,YES,2026-04-27T21:47:21.885148
590,825,YES,2026-04-27T21:47:22.096954
590,260,SUPER_LIKE,2026-04-27T21:47:22.543284
590,528,NO,2026-04-27T21:47:22.776776
590,280,NO,2026-04-27T21:47:23.017067
590,749,YES,2026-04-27T21:47:23.256374
590,957,YES,2026-04-27T21:47:23.502432
590,421,NO,2026-04-27T21:47:23.780714
591,599,NO,2026-04-27T21:47:24.130469
591,898,YES,2026-04-27T21:47:24.360558
591,692,YES,2026-04-27T21:47:24.610082
591,442,YES,2026-04-27T21:47:24.861950
591,936,YES,2026-04-27T21:47:25.086342
591,730,YES,2026-04-27T21:47:25.311798
591,968,YES,2026-04-27T21:47:25.640681
591,697,NO,2026-04-27T21:47:25.871646
591,536,NO,2026-04-27T21:47:26.089958
591,219,YES,2026-04-27T21:47:27.007456
591,538,NO,2026-04-27T21:47:27.220692
591,778,YES,2026-04-27T21:47:27.664920
591,104,YES,2026-04-27T21:47:28.121782
591,426,YES,2026-04-27T21:47:28.380900
591,623,YES,2026-04-27T21:47:28.609956
591,704,NO,2026-04-27T21:47:28.836671
592,188,YES,2026-04-27T21:47:29.160674
592,277,YES,2026-04-27T21:47:29.415920
592,661,NO,2026-04-27T21:47:29.631492
592,839,NO,2026-04-27T21:47:29.864226
592,192,YES,2026-04-27T21:47:30.083066
592,409,NO,2026-04-27T21:47:30.301520
592,762,NO,2026-04-27T21:47:30.539452
592,541,NO,2026-04-27T21:47:30.989210
592,725,YES,2026-04-27T21:47:31.220522
592,715,YES,2026-04-27T21:47:31.437885
592,139,NO,2026-04-27T21:47:31.676081
592,302,YES,2026-04-27T21:47:32.009222
592,47,YES,2026-04-27T21:47:32.254367
592,996,YES,2026-04-27T21:47:32.510120
592,152,YES,2026-04-27T21:47:32.762895
592,647,NO,2026-04-27T21:47:32.997284
592,349,YES,2026-04-27T21:47:33.221811
592,74,NO,2026-04-27T21:47:33.446853
592,369,YES,2026-04-27T21:47:33.675401
593,528,YES,2026-04-27T21:47:33.998427
593,497,YES,2026-04-27T21:47:34.224082
593,454,NO,2026-04-27T21:47:34.442750
593,108,YES,2026-04-27T21:47:34.692034
593,607,NO,2026-04-27T21:47:35.062045
593,671,NO,2026-04-27T21:47:35.313927
593,289,YES,2026-04-27T21:47:35.532280
593,791,YES,2026-04-27T21:47:35.760724
593,365,YES,2026-04-27T21:47:35.989126
593,858,NO,2026-04-27T21:47:36.206087
593,150,YES,2026-04-27T21:47:36.779714
593,237,YES,2026-04-27T21:47:37.204198
593,438,YES,2026-04-27T21:47:37.432315
593,506,YES,2026-04-27T21:47:37.897016
593,153,NO,2026-04-27T21:47:38.190369
593,516,YES,2026-04-27T21:47:38.373891
593,715,YES,2026-04-27T21:47:38.549894
594,1000,NO,2026-04-27T21:47:38.922846
594,784,NO,2026-04-27T21:47:39.056899
594,462,NO,2026-04-27T21:47:39.308812
594,388,NO,2026-04-27T21:47:39.466726
594,548,NO,2026-04-27T21:47:39.597791
594,597,YES,2026-04-27T21:47:39.747789
594,38,NO,2026-04-27T21:47:40.106577
594,930,NO,2026-04-27T21:47:40.232322
594,862,NO,2026-04-27T21:47:40.348906
594,942,YES,2026-04-27T21:47:40.467963
594,692,NO,2026-04-27T21:47:40.595874
594,371,YES,2026-04-27T21:47:40.835448
594,517,NO,2026-04-27T21:47:41.087484
594,929,NO,2026-04-27T21:47:41.214073
594,928,YES,2026-04-27T21:47:41.339264
594,307,NO,2026-04-27T21:47:41.616407
594,569,NO,2026-04-27T21:47:41.760974
595,583,NO,2026-04-27T21:47:42.314185
595,447,YES,2026-04-27T21:47:42.440703
595,446,NO,2026-04-27T21:47:42.552910
595,88,NO,2026-04-27T21:47:42.667625
595,264,NO,2026-04-27T21:47:42.921322
595,250,YES,2026-04-27T21:47:43.054046
595,884,YES,2026-04-27T21:47:43.166118
595,732,YES,2026-04-27T21:47:43.518540
595,591,YES,2026-04-27T21:47:43.649940
595,901,YES,2026-04-27T21:47:43.777766
595,31,YES,2026-04-27T21:47:43.890940
595,408,NO,2026-04-27T21:47:44.009550
595,339,NO,2026-04-27T21:47:44.495657
595,761,NO,2026-04-27T21:47:44.726015
595,817,NO,2026-04-27T21:47:44.851023
596,614,NO,2026-04-27T21:47:45.477408
596,869,NO,2026-04-27T21:47:45.704127
596,431,YES,2026-04-27T21:47:45.932931
596,170,NO,2026-04-27T21:47:46.043977
596,420,NO,2026-04-27T21:47:46.159994
596,129,NO,2026-04-27T21:47:46.273710
596,363,NO,2026-04-27T21:47:46.383942
596,898,NO,2026-04-27T21:47:46.506265
596,954,NO,2026-04-27T21:47:46.873734
596,71,YES,2026-04-27T21:47:46.997583
596,373,NO,2026-04-27T21:47:47.123998
596,918,NO,2026-04-27T21:47:47.238267
596,411,NO,2026-04-27T21:47:47.475008
596,169,NO,2026-04-27T21:47:47.711948
596,116,NO,2026-04-27T21:47:47.953321
596,599,YES,2026-04-27T21:47:48.067135
597,879,NO,2026-04-27T21:47:48.376804
597,920,NO,2026-04-27T21:47:48.486467
597,704,NO,2026-04-27T21:47:48.719584
597,142,NO,2026-04-27T21:47:48.978350
597,37,NO,2026-04-27T21:47:49.224144
597,649,NO,2026-04-27T21:47:49.386286
597,754,YES,2026-04-27T21:47:49.504540
597,267,NO,2026-04-27T21:47:49.619826
597,973,YES,2026-04-27T21:47:49.855137
597,672,NO,2026-04-27T21:47:49.984406
597,383,YES,2026-04-27T21:47:50.103401
597,622,NO,2026-04-27T21:47:50.215487
597,1019,NO,2026-04-27T21:47:50.328718
597,677,NO,2026-04-27T21:47:50.444167
597,551,NO,2026-04-27T21:47:50.560032
597,161,NO,2026-04-27T21:47:50.805079
597,94,NO,2026-04-27T21:47:50.917273
597,539,NO,2026-04-27T21:47:51.047624
598,552,NO,2026-04-27T21:47:51.236422
598,17,YES,2026-04-27T21:47:51.350277
598,169,NO,2026-04-27T21:47:51.587558
598,84,NO,2026-04-27T21:47:51.710086
598,752,YES,2026-04-27T21:47:51.946905
598,194,NO,2026-04-27T21:47:52.197959
598,157,NO,2026-04-27T21:47:52.318276
598,303,NO,2026-04-27T21:47:52.429638
598,309,NO,2026-04-27T21:47:52.536510
598,839,NO,2026-04-27T21:47:52.650463
598,723,YES,2026-04-27T21:47:52.902873
598,728,YES,2026-04-27T21:47:53.033444
598,108,YES,2026-04-27T21:47:53.151741
598,76,NO,2026-04-27T21:47:53.402474
598,239,NO,2026-04-27T21:47:53.522659
598,296,YES,2026-04-27T21:47:53.759542
598,444,YES,2026-04-27T21:47:53.873513
598,966,NO,2026-04-27T21:47:53.985417
598,765,NO,2026-04-27T21:47:54.118403
599,328,NO,2026-04-27T21:47:54.293267
599,448,NO,2026-04-27T21:47:54.523005
599,656,YES,2026-04-27T21:47:54.637407
599,369,NO,2026-04-27T21:47:54.753879
599,761,YES,2026-04-27T21:47:54.868197
599,870,NO,2026-04-27T21:47:54.987940
599,366,YES,2026-04-27T21:47:55.223307
599,978,NO,2026-04-27T21:47:55.467151
599,219,NO,2026-04-27T21:47:55.586257
599,1015,NO,2026-04-27T21:47:55.695930
599,255,NO,2026-04-27T21:47:55.838691
599,641,NO,2026-04-27T21:47:55.948317
599,867,SUPER_LIKE,2026-04-27T21:47:56.069162
599,260,NO,2026-04-27T21:47:56.177881
599,891,NO,2026-04-27T21:47:56.301263
599,834,NO,2026-04-27T21:47:56.424979
599,911,YES,2026-04-27T21:47:56.547714
599,655,NO,2026-04-27T21:47:56.666535
599,873,NO,2026-04-27T21:47:56.783654
599,259,NO,2026-04-27T21:47:56.904257
600,27,YES,2026-04-27T21:47:57.312363
600,169,YES,2026-04-27T21:47:57.445450
600,927,YES,2026-04-27T21:47:57.574279
600,181,YES,2026-04-27T21:47:57.686876
600,680,YES,2026-04-27T21:47:57.802131
600,171,NO,2026-04-27T21:47:57.914513
600,79,YES,2026-04-27T21:47:58.036318
600,651,NO,2026-04-27T21:47:58.276619
600,921,SUPER_LIKE,2026-04-27T21:47:58.386958
600,593,SUPER_LIKE,2026-04-27T21:47:58.502098
600,492,SUPER_LIKE,2026-04-27T21:47:58.614346
600,39,YES,2026-04-27T21:47:58.747280
600,393,YES,2026-04-27T21:47:58.866861
600,353,SUPER_LIKE,2026-04-27T21:47:58.981266
600,649,YES,2026-04-27T21:47:59.107865
600,35,YES,2026-04-27T21:47:59.229811
600,611,SUPER_LIKE,2026-04-27T21:47:59.350167
600,841,YES,2026-04-27T21:47:59.481014
600,21,NO,2026-04-27T21:47:59.591176
601,136,YES,2026-04-27T21:47:59.775836
601,950,YES,2026-04-27T21:47:59.889886
601,501,NO,2026-04-27T21:48:00.017678
601,408,NO,2026-04-27T21:48:00.138264
601,413,YES,2026-04-27T21:48:00.265076
601,296,NO,2026-04-27T21:48:00.382135
601,495,YES,2026-04-27T21:48:00.507049
601,190,NO,2026-04-27T21:48:00.630217
601,713,NO,2026-04-27T21:48:00.756047
601,299,NO,2026-04-27T21:48:00.991300
601,67,NO,2026-04-27T21:48:01.115979
601,364,NO,2026-04-27T21:48:01.242159
601,575,NO,2026-04-27T21:48:01.471232
601,426,NO,2026-04-27T21:48:01.585502
601,120,NO,2026-04-27T21:48:01.821025
601,606,NO,2026-04-27T21:48:01.928849
601,68,NO,2026-04-27T21:48:02.042570
601,643,NO,2026-04-27T21:48:02.154064
601,644,YES,2026-04-27T21:48:02.276394
602,311,NO,2026-04-27T21:48:02.455285
602,905,NO,2026-04-27T21:48:02.565071
602,476,NO,2026-04-27T21:48:02.686645
602,889,NO,2026-04-27T21:48:02.804139
602,195,YES,2026-04-27T21:48:02.925920
602,252,NO,2026-04-27T21:48:03.278789
602,854,NO,2026-04-27T21:48:03.521037
602,336,NO,2026-04-27T21:48:03.629740
602,969,NO,2026-04-27T21:48:03.747179
602,75,NO,2026-04-27T21:48:04.107355
602,391,YES,2026-04-27T21:48:04.228556
602,37,NO,2026-04-27T21:48:04.338287
602,625,NO,2026-04-27T21:48:04.459318
602,425,NO,2026-04-27T21:48:04.594016
602,565,NO,2026-04-27T21:48:04.935617
602,378,NO,2026-04-27T21:48:05.050367
603,304,NO,2026-04-27T21:48:05.229996
603,776,YES,2026-04-27T21:48:05.453340
603,120,SUPER_LIKE,2026-04-27T21:48:05.572334
603,937,NO,2026-04-27T21:48:05.683717
603,477,NO,2026-04-27T21:48:05.810817
603,458,NO,2026-04-27T21:48:05.935092
603,341,NO,2026-04-27T21:48:06.164382
603,1006,NO,2026-04-27T21:48:06.278109
603,424,NO,2026-04-27T21:48:06.399296
603,504,NO,2026-04-27T21:48:06.517103
603,533,NO,2026-04-27T21:48:06.641468
603,807,NO,2026-04-27T21:48:06.764062
603,680,NO,2026-04-27T21:48:06.879574
603,842,NO,2026-04-27T21:48:06.997869
603,833,YES,2026-04-27T21:48:07.118394
603,668,NO,2026-04-27T21:48:07.354225
603,736,NO,2026-04-27T21:48:07.484002
603,570,NO,2026-04-27T21:48:07.611293
603,186,NO,2026-04-27T21:48:07.729891
604,624,NO,2026-04-27T21:48:08.191358
604,394,NO,2026-04-27T21:48:08.306138
604,792,NO,2026-04-27T21:48:08.418884
604,233,NO,2026-04-27T21:48:08.551278
604,401,NO,2026-04-27T21:48:08.681293
604,282,YES,2026-04-27T21:48:08.805923
604,373,NO,2026-04-27T21:48:08.928417
604,739,NO,2026-04-27T21:48:09.046042
604,645,NO,2026-04-27T21:48:09.154817
604,516,NO,2026-04-27T21:48:09.283854
604,74,NO,2026-04-27T21:48:09.411028
604,265,NO,2026-04-27T21:48:09.529353
604,79,NO,2026-04-27T21:48:09.646263
604,502,YES,2026-04-27T21:48:09.770837
604,525,NO,2026-04-27T21:48:09.893334
604,956,YES,2026-04-27T21:48:10.122110
604,847,NO,2026-04-27T21:48:10.362095
604,344,NO,2026-04-27T21:48:10.597504
605,833,YES,2026-04-27T21:48:10.876188
605,236,NO,2026-04-27T21:48:10.994183
605,264,YES,2026-04-27T21:48:11.133452
605,399,SUPER_LIKE,2026-04-27T21:48:11.245097
605,105,YES,2026-04-27T21:48:11.363719
605,289,YES,2026-04-27T21:48:11.481274
605,588,YES,2026-04-27T21:48:11.602578
605,314,NO,2026-04-27T21:48:11.726224
605,974,NO,2026-04-27T21:48:11.840970
605,622,YES,2026-04-27T21:48:11.984237
605,225,NO,2026-04-27T21:48:12.113896
605,536,YES,2026-04-27T21:48:12.366911
605,360,YES,2026-04-27T21:48:12.488642
605,257,NO,2026-04-27T21:48:12.717627
605,727,YES,2026-04-27T21:48:12.849634
605,302,YES,2026-04-27T21:48:12.977796
605,488,SUPER_LIKE,2026-04-27T21:48:13.225055
606,113,NO,2026-04-27T21:48:13.403818
606,723,YES,2026-04-27T21:48:13.533661
606,650,YES,2026-04-27T21:48:13.655041
606,852,YES,2026-04-27T21:48:13.766758
606,979,YES,2026-04-27T21:48:13.888627
606,128,NO,2026-04-27T21:48:14.139167
606,712,NO,2026-04-27T21:48:14.263686
606,465,NO,2026-04-27T21:48:14.376905
606,639,YES,2026-04-27T21:48:14.854300
606,769,YES,2026-04-27T21:48:14.968769
606,561,NO,2026-04-27T21:48:15.210801
606,941,YES,2026-04-27T21:48:15.451157
606,854,YES,2026-04-27T21:48:15.681957
606,437,NO,2026-04-27T21:48:15.807595
606,89,NO,2026-04-27T21:48:15.934705
607,189,YES,2026-04-27T21:48:16.101534
607,515,NO,2026-04-27T21:48:16.449506
607,358,YES,2026-04-27T21:48:16.565494
607,173,NO,2026-04-27T21:48:16.669076
607,1014,YES,2026-04-27T21:48:16.787815
607,385,YES,2026-04-27T21:48:17.039145
607,612,YES,2026-04-27T21:48:17.159680
607,330,YES,2026-04-27T21:48:17.277207
607,134,YES,2026-04-27T21:48:17.508126
607,501,YES,2026-04-27T21:48:17.634616
607,651,YES,2026-04-27T21:48:17.760393
607,663,SUPER_LIKE,2026-04-27T21:48:17.993829
607,256,YES,2026-04-27T21:48:18.106106
607,488,YES,2026-04-27T21:48:18.264348
607,205,YES,2026-04-27T21:48:18.856529
608,306,NO,2026-04-27T21:48:19.026033
608,213,YES,2026-04-27T21:48:19.150730
608,285,NO,2026-04-27T21:48:19.263348
608,206,YES,2026-04-27T21:48:19.391060
608,678,YES,2026-04-27T21:48:19.555107
608,265,YES,2026-04-27T21:48:19.820028
608,165,NO,2026-04-27T21:48:19.941374
608,617,NO,2026-04-27T21:48:20.172804
608,252,NO,2026-04-27T21:48:20.299848
608,650,NO,2026-04-27T21:48:20.563817
608,853,YES,2026-04-27T21:48:20.698602
608,273,YES,2026-04-27T21:48:20.838440
608,701,SUPER_LIKE,2026-04-27T21:48:20.970923
608,1021,NO,2026-04-27T21:48:21.104831
608,351,YES,2026-04-27T21:48:21.346456
608,578,NO,2026-04-27T21:48:21.469862
608,586,YES,2026-04-27T21:48:21.598082
609,366,NO,2026-04-27T21:48:21.781156
609,589,NO,2026-04-27T21:48:22.131568
609,162,NO,2026-04-27T21:48:22.370411
609,432,YES,2026-04-27T21:48:22.499365
609,45,NO,2026-04-27T21:48:22.729288
609,576,YES,2026-04-27T21:48:22.842882
609,669,NO,2026-04-27T21:48:22.974368
609,962,NO,2026-04-27T21:48:23.109721
609,841,NO,2026-04-27T21:48:23.432393
609,445,NO,2026-04-27T21:48:23.713412
609,648,YES,2026-04-27T21:48:23.962108
609,660,NO,2026-04-27T21:48:24.070959
609,367,NO,2026-04-27T21:48:24.195048
609,979,YES,2026-04-27T21:48:24.320606
609,908,NO,2026-04-27T21:48:24.558818
609,666,NO,2026-04-27T21:48:24.673230
609,134,NO,2026-04-27T21:48:24.796014
610,287,NO,2026-04-27T21:48:24.968774
610,745,YES,2026-04-27T21:48:25.084912
610,196,NO,2026-04-27T21:48:25.201015
610,815,YES,2026-04-27T21:48:25.332387
610,979,NO,2026-04-27T21:48:25.444473
610,382,NO,2026-04-27T21:48:25.556097
610,483,YES,2026-04-27T21:48:25.802354
610,680,YES,2026-04-27T21:48:25.926626
610,511,NO,2026-04-27T21:48:26.170362
610,730,NO,2026-04-27T21:48:26.284376
610,438,NO,2026-04-27T21:48:26.417028
610,513,NO,2026-04-27T21:48:26.536179
610,216,NO,2026-04-27T21:48:26.659032
610,202,NO,2026-04-27T21:48:26.890893
610,528,NO,2026-04-27T21:48:27.002806
610,498,NO,2026-04-27T21:48:27.124566
610,453,NO,2026-04-27T21:48:27.247046
610,330,NO,2026-04-27T21:48:27.366160
610,844,YES,2026-04-27T21:48:27.489615
610,687,NO,2026-04-27T21:48:27.613877
611,630,YES,2026-04-27T21:48:28.032695
611,169,YES,2026-04-27T21:48:28.166717
611,434,NO,2026-04-27T21:48:28.287204
611,587,YES,2026-04-27T21:48:28.397380
611,156,NO,2026-04-27T21:48:28.619273
611,532,YES,2026-04-27T21:48:28.740131
611,526,YES,2026-04-27T21:48:28.863617
611,511,YES,2026-04-27T21:48:29.227865
611,468,YES,2026-04-27T21:48:29.345044
611,807,YES,2026-04-27T21:48:29.463624
611,557,YES,2026-04-27T21:48:29.577092
611,427,YES,2026-04-27T21:48:29.812938
611,38,NO,2026-04-27T21:48:29.922813
611,112,NO,2026-04-27T21:48:30.156562
611,958,NO,2026-04-27T21:48:30.273290
611,374,YES,2026-04-27T21:48:30.391507
612,347,NO,2026-04-27T21:48:30.586497
612,578,NO,2026-04-27T21:48:30.708761
612,910,NO,2026-04-27T21:48:30.831486
612,242,NO,2026-04-27T21:48:30.950454
612,410,YES,2026-04-27T21:48:31.066977
612,252,NO,2026-04-27T21:48:31.181234
612,580,NO,2026-04-27T21:48:31.295816
612,613,NO,2026-04-27T21:48:31.414083
612,293,NO,2026-04-27T21:48:31.778773
612,517,NO,2026-04-27T21:48:31.890774
612,395,NO,2026-04-27T21:48:32.009534
612,144,NO,2026-04-27T21:48:32.118324
612,361,YES,2026-04-27T21:48:32.364716
612,401,NO,2026-04-27T21:48:32.612113
612,854,NO,2026-04-27T21:48:32.727892
612,772,YES,2026-04-27T21:48:32.840808
613,22,YES,2026-04-27T21:48:33.031686
613,512,NO,2026-04-27T21:48:33.161097
613,602,NO,2026-04-27T21:48:33.418423
613,768,NO,2026-04-27T21:48:33.543468
613,424,YES,2026-04-27T21:48:33.673094
613,745,NO,2026-04-27T21:48:33.794126
613,565,YES,2026-04-27T21:48:33.907262
613,163,NO,2026-04-27T21:48:34.134669
613,124,YES,2026-04-27T21:48:34.269453
613,609,NO,2026-04-27T21:48:34.390606
613,134,YES,2026-04-27T21:48:34.506828
613,569,NO,2026-04-27T21:48:34.752044
613,65,YES,2026-04-27T21:48:34.871526
613,588,YES,2026-04-27T21:48:35.105949
613,953,YES,2026-04-27T21:48:35.243547
613,792,NO,2026-04-27T21:48:35.366751
613,780,NO,2026-04-27T21:48:35.485421
613,773,YES,2026-04-27T21:48:35.829065
613,27,YES,2026-04-27T21:48:35.958785
614,863,YES,2026-04-27T21:48:36.134556
614,568,YES,2026-04-27T21:48:36.378917
614,245,NO,2026-04-27T21:48:36.522828
614,67,NO,2026-04-27T21:48:36.639413
614,356,NO,2026-04-27T21:48:37.119720
614,732,NO,2026-04-27T21:48:37.243373
614,39,YES,2026-04-27T21:48:37.366141
614,514,SUPER_LIKE,2026-04-27T21:48:37.592222
614,971,YES,2026-04-27T21:48:37.718065
614,586,YES,2026-04-27T21:48:37.880450
614,402,YES,2026-04-27T21:48:38.012899
614,115,YES,2026-04-27T21:48:38.134418
614,481,YES,2026-04-27T21:48:38.257469
614,917,NO,2026-04-27T21:48:38.391959
614,209,YES,2026-04-27T21:48:38.640756
614,968,NO,2026-04-27T21:48:38.893037
615,319,NO,2026-04-27T21:48:39.373721
615,174,NO,2026-04-27T21:48:39.535339
615,435,NO,2026-04-27T21:48:39.777959
615,281,NO,2026-04-27T21:48:39.928778
615,599,NO,2026-04-27T21:48:40.084837
615,987,NO,2026-04-27T21:48:40.225894
615,409,NO,2026-04-27T21:48:40.484981
615,1005,NO,2026-04-27T21:48:40.637365
615,687,NO,2026-04-27T21:48:40.894669
615,363,NO,2026-04-27T21:48:41.052107
615,982,NO,2026-04-27T21:48:41.241119
615,710,NO,2026-04-27T21:48:41.373898
615,766,NO,2026-04-27T21:48:41.630212
615,42,YES,2026-04-27T21:48:41.895465
615,603,NO,2026-04-27T21:48:42.046179
615,873,NO,2026-04-27T21:48:42.181511
615,239,NO,2026-04-27T21:48:42.306516
615,661,NO,2026-04-27T21:48:42.442479
615,735,YES,2026-04-27T21:48:42.585940
616,241,NO,2026-04-27T21:48:42.987704
616,54,NO,2026-04-27T21:48:43.169293
616,25,NO,2026-04-27T21:48:43.402590
616,199,YES,2026-04-27T21:48:43.514833
616,905,YES,2026-04-27T21:48:43.647909
616,565,NO,2026-04-27T21:48:43.774116
616,971,YES,2026-04-27T21:48:43.899911
616,752,YES,2026-04-27T21:48:44.016664
616,237,YES,2026-04-27T21:48:44.144018
616,476,SUPER_LIKE,2026-04-27T21:48:44.392066
616,669,NO,2026-04-27T21:48:44.512750
616,626,NO,2026-04-27T21:48:44.624921
616,549,NO,2026-04-27T21:48:44.745021
616,891,NO,2026-04-27T21:48:44.981421
616,750,NO,2026-04-27T21:48:45.093854
616,568,YES,2026-04-27T21:48:45.210614
616,789,NO,2026-04-27T21:48:45.344272
616,642,NO,2026-04-27T21:48:45.472068
616,783,NO,2026-04-27T21:48:45.587205
616,220,NO,2026-04-27T21:48:45.711279
617,308,YES,2026-04-27T21:48:45.991354
617,553,NO,2026-04-27T21:48:46.110981
617,287,NO,2026-04-27T21:48:46.229418
617,149,YES,2026-04-27T21:48:46.481301
617,792,YES,2026-04-27T21:48:46.600527
617,428,YES,2026-04-27T21:48:46.706472
617,769,YES,2026-04-27T21:48:46.947703
617,442,NO,2026-04-27T21:48:47.079625
617,830,YES,2026-04-27T21:48:47.200609
617,579,SUPER_LIKE,2026-04-27T21:48:47.320394
617,930,YES,2026-04-27T21:48:47.768979
617,381,YES,2026-04-27T21:48:47.899384
617,997,YES,2026-04-27T21:48:48.022498
617,235,NO,2026-04-27T21:48:48.138510
617,727,SUPER_LIKE,2026-04-27T21:48:48.260189
617,637,SUPER_LIKE,2026-04-27T21:48:48.387704
617,465,NO,2026-04-27T21:48:48.498232
618,197,NO,2026-04-27T21:48:48.892870
618,951,YES,2026-04-27T21:48:49.009772
618,861,NO,2026-04-27T21:48:49.125515
618,787,YES,2026-04-27T21:48:49.252066
618,940,NO,2026-04-27T21:48:49.494962
618,800,YES,2026-04-27T21:48:49.739788
618,923,NO,2026-04-27T21:48:49.855057
618,376,NO,2026-04-27T21:48:49.994403
618,703,NO,2026-04-27T21:48:50.103334
618,728,NO,2026-04-27T21:48:50.219770
618,92,NO,2026-04-27T21:48:50.335365
618,671,NO,2026-04-27T21:48:50.578843
618,988,NO,2026-04-27T21:48:50.692905
618,299,NO,2026-04-27T21:48:50.819673
618,555,NO,2026-04-27T21:48:50.959451
618,713,NO,2026-04-27T21:48:51.100961
618,420,NO,2026-04-27T21:48:51.235995
619,609,NO,2026-04-27T21:48:51.436712
619,223,YES,2026-04-27T21:48:51.563341
619,556,YES,2026-04-27T21:48:51.698281
619,335,NO,2026-04-27T21:48:51.830818
619,276,NO,2026-04-27T21:48:51.960703
619,705,NO,2026-04-27T21:48:52.082428
619,401,NO,2026-04-27T21:48:52.334555
619,792,NO,2026-04-27T21:48:52.462227
619,578,NO,2026-04-27T21:48:52.837183
619,784,NO,2026-04-27T21:48:53.034307
619,867,YES,2026-04-27T21:48:53.797006
619,91,NO,2026-04-27T21:48:53.925757
619,615,NO,2026-04-27T21:48:54.058087
620,378,NO,2026-04-27T21:48:54.368866
620,644,NO,2026-04-27T21:48:54.498193
620,729,NO,2026-04-27T21:48:54.626031
620,503,NO,2026-04-27T21:48:54.756387
620,588,NO,2026-04-27T21:48:54.890791
620,797,NO,2026-04-27T21:48:55.013694
620,215,NO,2026-04-27T21:48:55.392527
620,743,NO,2026-04-27T21:48:55.618311
620,261,NO,2026-04-27T21:48:55.755650
620,185,NO,2026-04-27T21:48:55.899430
620,287,NO,2026-04-27T21:48:56.080383
620,996,SUPER_LIKE,2026-04-27T21:48:56.203864
620,559,NO,2026-04-27T21:48:56.320704
620,258,NO,2026-04-27T21:48:56.450852
620,470,SUPER_LIKE,2026-04-27T21:48:56.700698
620,1005,NO,2026-04-27T21:48:56.810251
620,839,NO,2026-04-27T21:48:56.931645
620,920,NO,2026-04-27T21:48:57.060368
620,766,NO,2026-04-27T21:48:57.186176
621,88,NO,2026-04-27T21:48:57.384307
621,795,NO,2026-04-27T21:48:57.498676
621,80,NO,2026-04-27T21:48:57.653392
621,104,NO,2026-04-27T21:48:57.891481
621,302,YES,2026-04-27T21:48:58.003016
621,789,NO,2026-04-27T21:48:58.341056
621,53,NO,2026-04-27T21:48:58.466295
621,214,YES,2026-04-27T21:48:58.575186
621,551,NO,2026-04-27T21:48:58.689068
621,526,YES,2026-04-27T21:48:58.826723
621,225,NO,2026-04-27T21:48:58.942561
621,950,NO,2026-04-27T21:48:59.166794
621,727,YES,2026-04-27T21:48:59.401843
621,700,YES,2026-04-27T21:48:59.517571
621,928,NO,2026-04-27T21:48:59.627613
621,544,NO,2026-04-27T21:48:59.851044
622,873,YES,2026-04-27T21:49:00.187262
622,549,YES,2026-04-27T21:49:00.337138
622,20,NO,2026-04-27T21:49:00.485833
622,985,SUPER_LIKE,2026-04-27T21:49:00.648234
622,82,YES,2026-04-27T21:49:00.822365
622,909,NO,2026-04-27T21:49:00.965742
622,728,YES,2026-04-27T21:49:01.110973
622,915,YES,2026-04-27T21:49:01.263097
622,471,YES,2026-04-27T21:49:01.436565
622,260,YES,2026-04-27T21:49:01.805477
622,953,YES,2026-04-27T21:49:02.038650
622,129,YES,2026-04-27T21:49:02.154833
622,536,YES,2026-04-27T21:49:02.274254
622,591,YES,2026-04-27T21:49:02.431068
622,323,YES,2026-04-27T21:49:02.794312
622,1021,NO,2026-04-27T21:49:02.908875
623,750,YES,2026-04-27T21:49:03.092115
623,540,NO,2026-04-27T21:49:03.210664
623,693,NO,2026-04-27T21:49:03.327438
623,849,NO,2026-04-27T21:49:03.445832
623,793,NO,2026-04-27T21:49:03.566729
623,435,NO,2026-04-27T21:49:03.812397
623,614,YES,2026-04-27T21:49:04.051223
623,768,NO,2026-04-27T21:49:04.179206
623,105,YES,2026-04-27T21:49:04.298491
623,786,YES,2026-04-27T21:49:04.424595
623,213,YES,2026-04-27T21:49:04.537801
623,572,NO,2026-04-27T21:49:04.776611
623,683,YES,2026-04-27T21:49:04.908059
623,306,NO,2026-04-27T21:49:05.035656
623,338,YES,2026-04-27T21:49:05.149458
623,332,YES,2026-04-27T21:49:05.266358
623,187,NO,2026-04-27T21:49:05.639824
624,438,NO,2026-04-27T21:49:05.813717
624,913,NO,2026-04-27T21:49:05.924488
624,210,NO,2026-04-27T21:49:06.048500
624,249,NO,2026-04-27T21:49:06.159834
624,1011,YES,2026-04-27T21:49:06.280175
624,175,NO,2026-04-27T21:49:06.393615
624,951,NO,2026-04-27T21:49:06.512414
624,113,YES,2026-04-27T21:49:06.646526
624,268,NO,2026-04-27T21:49:06.895538
624,818,NO,2026-04-27T21:49:07.016282
624,768,NO,2026-04-27T21:49:07.144968
624,807,NO,2026-04-27T21:49:07.393239
624,780,NO,2026-04-27T21:49:07.506913
624,204,YES,2026-04-27T21:49:07.752169
624,927,NO,2026-04-27T21:49:07.872993
624,705,YES,2026-04-27T21:49:07.995227
624,637,NO,2026-04-27T21:49:08.116138
624,934,YES,2026-04-27T21:49:08.229019
624,415,NO,2026-04-27T21:49:08.364620
625,680,YES,2026-04-27T21:49:08.596321
625,903,NO,2026-04-27T21:49:08.738299
625,220,YES,2026-04-27T21:49:09.024485
625,732,YES,2026-04-27T21:49:09.158191
625,691,YES,2026-04-27T21:49:09.285108
625,942,NO,2026-04-27T21:49:09.650127
625,864,NO,2026-04-27T21:49:09.785181
625,337,NO,2026-04-27T21:49:10.023200
625,918,NO,2026-04-27T21:49:10.159884
625,52,NO,2026-04-27T21:49:10.269859
625,940,NO,2026-04-27T21:49:10.396486
625,560,SUPER_LIKE,2026-04-27T21:49:10.519848
625,310,YES,2026-04-27T21:49:10.765142
625,92,NO,2026-04-27T21:49:11.020467
625,829,NO,2026-04-27T21:49:11.253424
625,93,NO,2026-04-27T21:49:11.379124
625,203,NO,2026-04-27T21:49:11.501946
626,747,YES,2026-04-27T21:49:11.831968
626,40,NO,2026-04-27T21:49:11.965138
626,632,YES,2026-04-27T21:49:12.093359
626,874,YES,2026-04-27T21:49:12.324268
626,564,NO,2026-04-27T21:49:12.683606
626,205,NO,2026-04-27T21:49:12.799520
626,609,NO,2026-04-27T21:49:12.921988
626,343,YES,2026-04-27T21:49:13.047163
626,395,YES,2026-04-27T21:49:13.172172
626,637,NO,2026-04-27T21:49:13.328786
626,916,NO,2026-04-27T21:49:13.442588
626,175,YES,2026-04-27T21:49:13.795131
626,527,YES,2026-04-27T21:49:14.021427
626,48,YES,2026-04-27T21:49:14.147757
626,653,NO,2026-04-27T21:49:14.283994
627,490,NO,2026-04-27T21:49:14.573668
627,621,NO,2026-04-27T21:49:14.825860
627,335,YES,2026-04-27T21:49:15.276523
627,940,NO,2026-04-27T21:49:15.526173
627,779,NO,2026-04-27T21:49:15.636758
627,210,YES,2026-04-27T21:49:15.750692
627,693,YES,2026-04-27T21:49:15.981153
627,734,YES,2026-04-27T21:49:16.249641
627,903,NO,2026-04-27T21:49:16.365095
627,661,YES,2026-04-27T21:49:16.487083
627,463,YES,2026-04-27T21:49:16.608376
627,750,NO,2026-04-27T21:49:16.726582
627,830,SUPER_LIKE,2026-04-27T21:49:16.840175
627,990,YES,2026-04-27T21:49:16.964412
628,846,NO,2026-04-27T21:49:17.288675
628,445,NO,2026-04-27T21:49:17.411599
628,922,YES,2026-04-27T21:49:17.536349
628,431,NO,2026-04-27T21:49:17.758637
628,777,NO,2026-04-27T21:49:17.990557
628,63,SUPER_LIKE,2026-04-27T21:49:18.229823
628,479,YES,2026-04-27T21:49:18.482710
628,171,YES,2026-04-27T21:49:18.721455
628,894,NO,2026-04-27T21:49:18.837378
628,944,YES,2026-04-27T21:49:19.079530
628,987,NO,2026-04-27T21:49:19.197609
628,154,NO,2026-04-27T21:49:19.312094
628,673,NO,2026-04-27T21:49:19.717294
628,739,NO,2026-04-27T21:49:19.836246
628,682,NO,2026-04-27T21:49:20.212884
628,177,NO,2026-04-27T21:49:20.340935
629,276,NO,2026-04-27T21:49:20.559144
629,341,NO,2026-04-27T21:49:20.677595
629,849,NO,2026-04-27T21:49:20.814442
629,998,YES,2026-04-27T21:49:20.944287
629,701,YES,2026-04-27T21:49:21.069659
629,400,SUPER_LIKE,2026-04-27T21:49:21.307219
629,555,YES,2026-04-27T21:49:21.551536
629,94,NO,2026-04-27T21:49:21.668825
629,267,NO,2026-04-27T21:49:21.785722
629,219,NO,2026-04-27T21:49:21.925401
629,342,YES,2026-04-27T21:49:22.044479
629,827,NO,2026-04-27T21:49:22.273561
629,584,YES,2026-04-27T21:49:22.497248
629,676,YES,2026-04-27T21:49:22.726967
629,1000,NO,2026-04-27T21:49:22.977854
629,954,NO,2026-04-27T21:49:23.205860
629,215,NO,2026-04-27T21:49:23.568296
630,689,NO,2026-04-27T21:49:23.750094
630,498,NO,2026-04-27T21:49:23.861702
630,881,NO,2026-04-27T21:49:23.970393
630,592,NO,2026-04-27T21:49:24.197146
630,240,NO,2026-04-27T21:49:24.459895
630,306,NO,2026-04-27T21:49:24.574306
630,599,NO,2026-04-27T21:49:24.699923
630,575,NO,2026-04-27T21:49:24.949787
630,480,YES,2026-04-27T21:49:25.072225
630,154,YES,2026-04-27T21:49:25.184752
630,746,NO,2026-04-27T21:49:25.296667
630,31,NO,2026-04-27T21:49:25.422065
630,136,NO,2026-04-27T21:49:25.547366
630,877,NO,2026-04-27T21:49:25.668321
630,718,YES,2026-04-27T21:49:25.888776
630,909,YES,2026-04-27T21:49:26.104213
630,942,YES,2026-04-27T21:49:26.226830
630,773,NO,2026-04-27T21:49:26.342253
631,239,NO,2026-04-27T21:49:26.638396
631,845,NO,2026-04-27T21:49:26.755842
631,658,NO,2026-04-27T21:49:26.889915
631,249,NO,2026-04-27T21:49:27.003768
631,470,NO,2026-04-27T21:49:27.116411
631,257,YES,2026-04-27T21:49:27.242098
631,489,NO,2026-04-27T21:49:27.350574
631,551,NO,2026-04-27T21:49:27.468237
631,715,YES,2026-04-27T21:49:27.701299
631,799,NO,2026-04-27T21:49:27.822612
631,906,NO,2026-04-27T21:49:27.941993
631,905,NO,2026-04-27T21:49:28.052551
631,619,YES,2026-04-27T21:49:28.164473
631,370,YES,2026-04-27T21:49:28.316759
631,950,NO,2026-04-27T21:49:28.590681
631,78,YES,2026-04-27T21:49:28.822482
631,32,YES,2026-04-27T21:49:28.951016
631,377,NO,2026-04-27T21:49:29.077675
631,81,NO,2026-04-27T21:49:29.191694
631,441,NO,2026-04-27T21:49:29.309998
632,926,SUPER_LIKE,2026-04-27T21:49:29.512478
632,258,YES,2026-04-27T21:49:29.630918
632,995,YES,2026-04-27T21:49:29.756400
632,737,NO,2026-04-27T21:49:29.872333
632,127,NO,2026-04-27T21:49:30.106112
632,15,NO,2026-04-27T21:49:30.219522
632,1003,YES,2026-04-27T21:49:30.341777
632,251,YES,2026-04-27T21:49:30.473130
632,496,NO,2026-04-27T21:49:30.710748
632,761,NO,2026-04-27T21:49:31.067910
632,311,YES,2026-04-27T21:49:31.201246
632,266,YES,2026-04-27T21:49:31.327795
632,1009,YES,2026-04-27T21:49:31.452433
632,771,YES,2026-04-27T21:49:31.574517
632,376,YES,2026-04-27T21:49:31.686737
632,875,YES,2026-04-27T21:49:31.813122
632,326,YES,2026-04-27T21:49:31.935258
633,864,NO,2026-04-27T21:49:32.112735
633,902,YES,2026-04-27T21:49:32.235569
633,530,NO,2026-04-27T21:49:32.359923
633,386,NO,2026-04-27T21:49:32.497482
633,933,NO,2026-04-27T21:49:32.609083
633,554,YES,2026-04-27T21:49:32.721533
633,518,NO,2026-04-27T21:49:32.832924
633,75,YES,2026-04-27T21:49:32.952840
633,643,NO,2026-04-27T21:49:33.298127
633,326,NO,2026-04-27T21:49:33.526866
633,787,NO,2026-04-27T21:49:33.654206
633,534,NO,2026-04-27T21:49:33.774681
633,677,NO,2026-04-27T21:49:33.885537
633,488,YES,2026-04-27T21:49:34.005880
633,846,NO,2026-04-27T21:49:34.124071
633,459,NO,2026-04-27T21:49:34.238944
633,916,NO,2026-04-27T21:49:34.467674
633,280,NO,2026-04-27T21:49:34.594764
633,649,YES,2026-04-27T21:49:34.712824
634,1014,NO,2026-04-27T21:49:34.893199
634,247,NO,2026-04-27T21:49:35.007089
634,715,NO,2026-04-27T21:49:35.125249
634,605,NO,2026-04-27T21:49:35.383912
634,709,NO,2026-04-27T21:49:35.616990
634,401,NO,2026-04-27T21:49:35.863534
634,192,NO,2026-04-27T21:49:36.088702
634,375,YES,2026-04-27T21:49:36.208359
634,203,NO,2026-04-27T21:49:36.327378
634,875,YES,2026-04-27T21:49:36.449581
634,877,NO,2026-04-27T21:49:36.576617
634,650,NO,2026-04-27T21:49:36.692241
634,75,YES,2026-04-27T21:49:36.825723
634,215,NO,2026-04-27T21:49:37.070534
634,85,NO,2026-04-27T21:49:37.204651
634,959,NO,2026-04-27T21:49:37.321384
634,806,NO,2026-04-27T21:49:37.446078
634,66,YES,2026-04-27T21:49:37.568259
635,573,NO,2026-04-27T21:49:37.763300
635,124,NO,2026-04-27T21:49:37.873010
635,944,NO,2026-04-27T21:49:37.984199
635,143,YES,2026-04-27T21:49:38.101689
635,801,NO,2026-04-27T21:49:38.339793
635,263,YES,2026-04-27T21:49:38.457135
635,306,NO,2026-04-27T21:49:38.576630
635,872,NO,2026-04-27T21:49:38.689632
635,23,YES,2026-04-27T21:49:38.814468
635,207,NO,2026-04-27T21:49:38.931891
635,391,NO,2026-04-27T21:49:39.048032
635,920,NO,2026-04-27T21:49:39.167698
635,744,NO,2026-04-27T21:49:39.281379
635,697,NO,2026-04-27T21:49:39.402767
635,889,NO,2026-04-27T21:49:39.632759
635,686,NO,2026-04-27T21:49:39.782648
635,300,NO,2026-04-27T21:49:39.893505
635,1003,YES,2026-04-27T21:49:40.135316
636,420,SUPER_LIKE,2026-04-27T21:49:40.413058
636,99,NO,2026-04-27T21:49:40.541463
636,456,YES,2026-04-27T21:49:40.825309
636,747,NO,2026-04-27T21:49:40.936106
636,736,YES,2026-04-27T21:49:41.046936
636,487,NO,2026-04-27T21:49:41.166864
636,842,NO,2026-04-27T21:49:41.285123
636,449,YES,2026-04-27T21:49:41.401459
636,498,NO,2026-04-27T21:49:41.521637
636,70,NO,2026-04-27T21:49:41.633489
636,899,NO,2026-04-27T21:49:41.877240
636,59,YES,2026-04-27T21:49:41.998136
636,401,NO,2026-04-27T21:49:42.375288
636,897,YES,2026-04-27T21:49:42.844041
636,496,NO,2026-04-27T21:49:42.968061
637,354,NO,2026-04-27T21:49:43.273372
637,614,NO,2026-04-27T21:49:43.444778
637,1017,NO,2026-04-27T21:49:43.567846
637,214,NO,2026-04-27T21:49:43.685401
637,718,NO,2026-04-27T21:49:43.804211
637,770,SUPER_LIKE,2026-04-27T21:49:44.035695
637,787,NO,2026-04-27T21:49:44.156403
637,423,NO,2026-04-27T21:49:44.280788
637,761,YES,2026-04-27T21:49:44.396066
637,594,NO,2026-04-27T21:49:44.685332
637,848,NO,2026-04-27T21:49:44.919449
637,843,SUPER_LIKE,2026-04-27T21:49:45.381479
637,192,YES,2026-04-27T21:49:45.492571
637,273,NO,2026-04-27T21:49:45.602779
638,1007,NO,2026-04-27T21:49:45.767637
638,1019,NO,2026-04-27T21:49:46.153370
638,218,NO,2026-04-27T21:49:46.267600
638,542,NO,2026-04-27T21:49:46.630935
638,788,NO,2026-04-27T21:49:46.747198
638,890,NO,2026-04-27T21:49:46.876997
638,789,NO,2026-04-27T21:49:46.990816
638,36,NO,2026-04-27T21:49:47.108926
638,909,NO,2026-04-27T21:49:47.226116
638,471,YES,2026-04-27T21:49:47.346636
638,778,YES,2026-04-27T21:49:47.580223
638,280,NO,2026-04-27T21:49:47.708326
638,94,YES,2026-04-27T21:49:47.832141
638,657,YES,2026-04-27T21:49:47.947894
638,724,NO,2026-04-27T21:49:48.066613
638,673,NO,2026-04-27T21:49:48.184660
639,679,NO,2026-04-27T21:49:48.365833
639,684,NO,2026-04-27T21:49:48.489482
639,444,NO,2026-04-27T21:49:48.607794
639,617,NO,2026-04-27T21:49:48.722348
639,303,YES,2026-04-27T21:49:48.888708
639,103,NO,2026-04-27T21:49:49.012045
639,893,NO,2026-04-27T21:49:49.241907
639,194,NO,2026-04-27T21:49:49.351670
639,70,YES,2026-04-27T21:49:49.734189
639,641,NO,2026-04-27T21:49:49.866681
639,124,NO,2026-04-27T21:49:49.977455
639,860,NO,2026-04-27T21:49:50.101627
639,655,NO,2026-04-27T21:49:50.368641
639,366,NO,2026-04-27T21:49:50.481284
639,77,NO,2026-04-27T21:49:50.731356
639,835,NO,2026-04-27T21:49:50.842731
639,941,NO,2026-04-27T21:49:50.955578
640,229,NO,2026-04-27T21:49:51.139797
640,1008,YES,2026-04-27T21:49:51.276201
640,812,YES,2026-04-27T21:49:51.514985
640,80,NO,2026-04-27T21:49:51.644917
640,624,NO,2026-04-27T21:49:52.349424
640,377,YES,2026-04-27T21:49:52.500374
640,853,NO,2026-04-27T21:49:52.634060
640,572,YES,2026-04-27T21:49:52.783771
640,960,NO,2026-04-27T21:49:52.940536
640,974,NO,2026-04-27T21:49:53.227495
640,166,NO,2026-04-27T21:49:53.368850
640,171,YES,2026-04-27T21:49:53.502122
640,721,NO,2026-04-27T21:49:53.653758
640,223,YES,2026-04-27T21:49:53.787724
640,766,NO,2026-04-27T21:49:53.927863
640,122,NO,2026-04-27T21:49:54.064744
641,958,YES,2026-04-27T21:49:54.272623
641,366,YES,2026-04-27T21:49:54.440342
641,100,YES,2026-04-27T21:49:54.569894
641,867,YES,2026-04-27T21:49:54.715733
641,318,YES,2026-04-27T21:49:54.836188
641,802,YES,2026-04-27T21:49:54.966304
641,948,NO,2026-04-27T21:49:55.087549
641,774,NO,2026-04-27T21:49:55.223891
641,976,NO,2026-04-27T21:49:55.492805
641,982,NO,2026-04-27T21:49:55.643294
641,562,YES,2026-04-27T21:49:55.777765
641,279,NO,2026-04-27T21:49:55.901576
641,531,YES,2026-04-27T21:49:56.024446
641,193,NO,2026-04-27T21:49:56.150087
641,947,SUPER_LIKE,2026-04-27T21:49:56.425439
641,933,YES,2026-04-27T21:49:56.588963
641,96,NO,2026-04-27T21:49:56.730924
641,370,YES,2026-04-27T21:49:56.860829
642,826,NO,2026-04-27T21:49:57.163321
642,365,NO,2026-04-27T21:49:57.399840
642,339,NO,2026-04-27T21:49:57.648144
642,494,NO,2026-04-27T21:49:57.774251
642,136,SUPER_LIKE,2026-04-27T21:49:57.909147
642,22,NO,2026-04-27T21:49:58.062843
642,949,NO,2026-04-27T21:49:58.183411
642,555,NO,2026-04-27T21:49:58.307517
642,334,NO,2026-04-27T21:49:58.463174
642,850,NO,2026-04-27T21:49:58.609998
642,350,NO,2026-04-27T21:49:58.762639
642,272,NO,2026-04-27T21:49:58.892904
642,232,NO,2026-04-27T21:49:59.290273
642,991,YES,2026-04-27T21:49:59.418291
642,616,NO,2026-04-27T21:49:59.547845
642,602,NO,2026-04-27T21:49:59.679016
643,315,NO,2026-04-27T21:49:59.884975
643,162,NO,2026-04-27T21:50:00.145364
643,898,NO,2026-04-27T21:50:00.270936
643,624,NO,2026-04-27T21:50:00.397863
643,822,NO,2026-04-27T21:50:00.638011
643,155,NO,2026-04-27T21:50:00.771099
643,79,NO,2026-04-27T21:50:00.904367
643,790,NO,2026-04-27T21:50:01.045898
643,433,NO,2026-04-27T21:50:01.172047
643,524,NO,2026-04-27T21:50:01.300733
643,671,NO,2026-04-27T21:50:01.424453
643,251,NO,2026-04-27T21:50:01.573975
643,380,NO,2026-04-27T21:50:01.717369
643,255,NO,2026-04-27T21:50:01.843617
643,231,NO,2026-04-27T21:50:02.088521
643,1005,NO,2026-04-27T21:50:02.207733
643,688,NO,2026-04-27T21:50:02.328147
644,374,NO,2026-04-27T21:50:02.659807
644,825,NO,2026-04-27T21:50:02.821164
644,599,NO,2026-04-27T21:50:02.946667
644,252,NO,2026-04-27T21:50:03.081593
644,907,NO,2026-04-27T21:50:03.205400
644,992,YES,2026-04-27T21:50:03.591890
644,638,YES,2026-04-27T21:50:03.755144
644,200,YES,2026-04-27T21:50:03.885455
644,672,NO,2026-04-27T21:50:04.149566
644,286,YES,2026-04-27T21:50:04.274982
644,317,NO,2026-04-27T21:50:04.401867
644,1009,NO,2026-04-27T21:50:04.537624
644,668,NO,2026-04-27T21:50:04.685463
644,415,NO,2026-04-27T21:50:04.824931
644,997,NO,2026-04-27T21:50:04.952515
644,476,NO,2026-04-27T21:50:05.119881
644,506,NO,2026-04-27T21:50:05.383573
645,755,YES,2026-04-27T21:50:05.573001
645,828,NO,2026-04-27T21:50:05.700309
645,141,YES,2026-04-27T21:50:05.868511
645,668,YES,2026-04-27T21:50:05.996312
645,675,YES,2026-04-27T21:50:06.368744
645,626,YES,2026-04-27T21:50:06.508492
645,284,NO,2026-04-27T21:50:06.634703
645,706,YES,2026-04-27T21:50:06.771621
645,245,YES,2026-04-27T21:50:07.021874
645,927,NO,2026-04-27T21:50:07.149344
645,716,YES,2026-04-27T21:50:07.286145
645,971,YES,2026-04-27T21:50:07.546266
645,918,NO,2026-04-27T21:50:07.711932
645,176,YES,2026-04-27T21:50:07.952298
645,572,YES,2026-04-27T21:50:08.077198
645,641,YES,2026-04-27T21:50:08.204049
645,899,NO,2026-04-27T21:50:08.445407
646,790,SUPER_LIKE,2026-04-27T21:50:08.733066
646,945,NO,2026-04-27T21:50:08.864868
646,382,YES,2026-04-27T21:50:09.012433
646,576,NO,2026-04-27T21:50:09.144452
646,808,YES,2026-04-27T21:50:09.275763
646,237,NO,2026-04-27T21:50:09.398633
646,99,NO,2026-04-27T21:50:09.532544
646,500,YES,2026-04-27T21:50:09.656007
646,206,NO,2026-04-27T21:50:09.782766
646,451,NO,2026-04-27T21:50:10.032132
646,156,NO,2026-04-27T21:50:10.159412
646,785,NO,2026-04-27T21:50:10.284862
646,762,NO,2026-04-27T21:50:10.575274
646,336,NO,2026-04-27T21:50:10.708327
646,85,NO,2026-04-27T21:50:10.866514
646,677,NO,2026-04-27T21:50:10.997899
646,880,YES,2026-04-27T21:50:11.131574
646,450,YES,2026-04-27T21:50:11.281409
646,32,NO,2026-04-27T21:50:11.417932
647,1010,SUPER_LIKE,2026-04-27T21:50:11.749639
647,173,NO,2026-04-27T21:50:12.023425
647,367,YES,2026-04-27T21:50:12.179030
647,635,YES,2026-04-27T21:50:12.322916
647,458,YES,2026-04-27T21:50:12.463762
647,463,SUPER_LIKE,2026-04-27T21:50:12.608727
647,286,NO,2026-04-27T21:50:12.729617
647,539,NO,2026-04-27T21:50:12.854445
647,752,YES,2026-04-27T21:50:13.140237
647,48,YES,2026-04-27T21:50:13.275714
647,202,YES,2026-04-27T21:50:13.411340
647,507,NO,2026-04-27T21:50:13.538273
647,668,SUPER_LIKE,2026-04-27T21:50:13.808641
647,916,YES,2026-04-27T21:50:13.941379
647,813,NO,2026-04-27T21:50:14.078941
647,915,YES,2026-04-27T21:50:14.210886
647,465,NO,2026-04-27T21:50:14.386216
648,858,NO,2026-04-27T21:50:14.776202
648,401,NO,2026-04-27T21:50:15.080799
648,798,NO,2026-04-27T21:50:15.221322
648,878,NO,2026-04-27T21:50:15.349077
648,671,NO,2026-04-27T21:50:15.598635
648,859,SUPER_LIKE,2026-04-27T21:50:15.968289
648,880,NO,2026-04-27T21:50:16.256079
648,208,YES,2026-04-27T21:50:16.486996
648,356,NO,2026-04-27T21:50:16.622306
648,437,NO,2026-04-27T21:50:16.906117
648,65,NO,2026-04-27T21:50:17.048065
648,809,NO,2026-04-27T21:50:17.317250
649,570,NO,2026-04-27T21:50:17.764407
649,128,NO,2026-04-27T21:50:17.893976
649,645,NO,2026-04-27T21:50:18.015388
649,33,YES,2026-04-27T21:50:18.153515
649,415,NO,2026-04-27T21:50:18.283895
649,363,NO,2026-04-27T21:50:18.512751
649,168,YES,2026-04-27T21:50:18.644085
649,900,NO,2026-04-27T21:50:18.770577
649,516,YES,2026-04-27T21:50:18.895922
649,146,YES,2026-04-27T21:50:19.018321
649,555,SUPER_LIKE,2026-04-27T21:50:19.140911
649,583,YES,2026-04-27T21:50:19.257863
649,35,NO,2026-04-27T21:50:19.401081
649,447,NO,2026-04-27T21:50:19.553639
649,30,NO,2026-04-27T21:50:19.873008
649,550,NO,2026-04-27T21:50:20.121063
649,69,YES,2026-04-27T21:50:20.366505
649,453,NO,2026-04-27T21:50:20.660998
650,984,YES,2026-04-27T21:50:20.876545
650,53,NO,2026-04-27T21:50:21.015701
650,342,NO,2026-04-27T21:50:21.350859
650,142,YES,2026-04-27T21:50:21.521323
650,281,YES,2026-04-27T21:50:21.699843
650,746,YES,2026-04-27T21:50:21.961500
650,708,NO,2026-04-27T21:50:22.086492
650,653,NO,2026-04-27T21:50:22.214748
650,934,YES,2026-04-27T21:50:22.342778
650,310,NO,2026-04-27T21:50:22.466227
650,848,YES,2026-04-27T21:50:22.595899
650,853,YES,2026-04-27T21:50:22.731668
650,662,YES,2026-04-27T21:50:23.106648
650,457,SUPER_LIKE,2026-04-27T21:50:23.237542
650,418,YES,2026-04-27T21:50:23.758742
650,496,NO,2026-04-27T21:50:23.890338
651,542,NO,2026-04-27T21:50:24.329489
651,254,YES,2026-04-27T21:50:24.462361
651,715,NO,2026-04-27T21:50:24.599823
651,88,NO,2026-04-27T21:50:24.743114
651,624,NO,2026-04-27T21:50:24.864333
651,802,NO,2026-04-27T21:50:24.993030
651,401,NO,2026-04-27T21:50:25.126711
651,593,NO,2026-04-27T21:50:25.260850
651,924,YES,2026-04-27T21:50:25.399347
651,759,NO,2026-04-27T21:50:25.558283
651,305,NO,2026-04-27T21:50:25.677538
651,208,NO,2026-04-27T21:50:25.812724
651,824,YES,2026-04-27T21:50:25.938858
651,25,NO,2026-04-27T21:50:26.065298
651,142,NO,2026-04-27T21:50:26.188706
651,337,NO,2026-04-27T21:50:26.301320
651,915,NO,2026-04-27T21:50:26.440997
651,587,NO,2026-04-27T21:50:26.567771
651,946,YES,2026-04-27T21:50:26.806738
652,446,YES,2026-04-27T21:50:27.101672
652,794,SUPER_LIKE,2026-04-27T21:50:27.340815
652,768,NO,2026-04-27T21:50:27.600870
652,796,YES,2026-04-27T21:50:27.864987
652,108,NO,2026-04-27T21:50:28.123309
652,878,YES,2026-04-27T21:50:28.291432
652,198,NO,2026-04-27T21:50:28.659480
652,744,YES,2026-04-27T21:50:29.194085
652,260,NO,2026-04-27T21:50:29.316438
652,865,YES,2026-04-27T21:50:29.444038
652,969,NO,2026-04-27T21:50:29.563912
652,192,YES,2026-04-27T21:50:29.700997
652,624,NO,2026-04-27T21:50:29.939792
653,60,NO,2026-04-27T21:50:30.462062
653,445,NO,2026-04-27T21:50:30.593411
653,162,NO,2026-04-27T21:50:30.854784
653,924,NO,2026-04-27T21:50:30.977984
653,248,NO,2026-04-27T21:50:31.135264
653,804,YES,2026-04-27T21:50:31.265576
653,510,NO,2026-04-27T21:50:31.405205
653,37,NO,2026-04-27T21:50:31.665599
653,756,NO,2026-04-27T21:50:31.790769
653,547,NO,2026-04-27T21:50:32.054614
653,78,YES,2026-04-27T21:50:32.403282
653,838,NO,2026-04-27T21:50:32.642871
653,289,YES,2026-04-27T21:50:32.770448
653,1015,NO,2026-04-27T21:50:32.998790
653,160,YES,2026-04-27T21:50:33.125970
653,585,SUPER_LIKE,2026-04-27T21:50:33.264568
654,980,NO,2026-04-27T21:50:33.569974
654,136,NO,2026-04-27T21:50:33.796300
654,70,NO,2026-04-27T21:50:34.286850
654,693,NO,2026-04-27T21:50:34.557788
654,644,NO,2026-04-27T21:50:34.684426
654,140,NO,2026-04-27T21:50:34.815548
654,223,YES,2026-04-27T21:50:35.100577
654,733,NO,2026-04-27T21:50:35.234283
654,668,NO,2026-04-27T21:50:35.367060
654,286,NO,2026-04-27T21:50:35.492530
654,37,NO,2026-04-27T21:50:35.626499
654,795,NO,2026-04-27T21:50:35.893111
654,300,NO,2026-04-27T21:50:36.030182
654,326,NO,2026-04-27T21:50:36.174417
654,106,NO,2026-04-27T21:50:36.320056
655,236,NO,2026-04-27T21:50:36.505620
655,523,NO,2026-04-27T21:50:36.732439
655,921,YES,2026-04-27T21:50:36.861279
655,67,NO,2026-04-27T21:50:36.998245
655,824,YES,2026-04-27T21:50:37.265256
655,899,YES,2026-04-27T21:50:37.498350
655,959,NO,2026-04-27T21:50:37.649513
655,244,NO,2026-04-27T21:50:37.778939
655,167,NO,2026-04-27T21:50:37.907437
655,253,YES,2026-04-27T21:50:38.160074
655,290,YES,2026-04-27T21:50:38.284394
655,765,NO,2026-04-27T21:50:38.414847
655,830,YES,2026-04-27T21:50:38.542862
655,345,YES,2026-04-27T21:50:38.694300
655,205,YES,2026-04-27T21:50:38.811311
655,114,NO,2026-04-27T21:50:39.043885
655,457,YES,2026-04-27T21:50:39.194086
655,953,YES,2026-04-27T21:50:39.320855
656,840,YES,2026-04-27T21:50:39.489892
656,834,NO,2026-04-27T21:50:39.608086
656,172,NO,2026-04-27T21:50:39.722676
656,645,NO,2026-04-27T21:50:39.842971
656,773,NO,2026-04-27T21:50:39.962949
656,970,NO,2026-04-27T21:50:40.217213
656,947,NO,2026-04-27T21:50:40.331561
656,201,YES,2026-04-27T21:50:40.488544
656,402,NO,2026-04-27T21:50:40.715454
656,476,NO,2026-04-27T21:50:40.837168
656,784,NO,2026-04-27T21:50:40.955074
656,186,YES,2026-04-27T21:50:41.070734
656,953,NO,2026-04-27T21:50:41.183228
656,70,NO,2026-04-27T21:50:41.300592
656,48,YES,2026-04-27T21:50:41.527288
656,477,NO,2026-04-27T21:50:41.656236
656,503,NO,2026-04-27T21:50:41.886409
656,225,YES,2026-04-27T21:50:42.044737
656,782,NO,2026-04-27T21:50:42.166813
657,606,NO,2026-04-27T21:50:42.368849
657,848,NO,2026-04-27T21:50:42.617950
657,87,NO,2026-04-27T21:50:42.863459
657,343,NO,2026-04-27T21:50:42.974649
657,635,NO,2026-04-27T21:50:43.089296
657,817,NO,2026-04-27T21:50:43.210655
657,679,NO,2026-04-27T21:50:43.336426
657,770,YES,2026-04-27T21:50:43.563955
657,333,NO,2026-04-27T21:50:43.678280
657,499,NO,2026-04-27T21:50:43.800206
657,44,NO,2026-04-27T21:50:43.920719
657,30,NO,2026-04-27T21:50:44.040492
657,580,NO,2026-04-27T21:50:44.152323
657,763,NO,2026-04-27T21:50:44.261329
657,696,NO,2026-04-27T21:50:44.390444
657,254,YES,2026-04-27T21:50:44.507231
657,495,NO,2026-04-27T21:50:44.640705
657,552,NO,2026-04-27T21:50:44.751776
658,265,NO,2026-04-27T21:50:45.045649
658,260,YES,2026-04-27T21:50:45.170233
658,936,NO,2026-04-27T21:50:45.417433
658,649,NO,2026-04-27T21:50:45.543358
658,367,NO,2026-04-27T21:50:45.655961
658,175,YES,2026-04-27T21:50:45.773995
658,195,NO,2026-04-27T21:50:45.880876
658,770,NO,2026-04-27T21:50:46.010500
658,52,YES,2026-04-27T21:50:46.250614
658,321,NO,2026-04-27T21:50:46.611155
658,326,YES,2026-04-27T21:50:46.744047
658,732,NO,2026-04-27T21:50:46.857246
658,949,SUPER_LIKE,2026-04-27T21:50:46.967575
658,490,NO,2026-04-27T21:50:47.088512
658,576,YES,2026-04-27T21:50:47.212068
658,531,NO,2026-04-27T21:50:47.334665
658,645,YES,2026-04-27T21:50:47.471971
658,704,NO,2026-04-27T21:50:47.584692
658,586,YES,2026-04-27T21:50:47.815432
659,414,NO,2026-04-27T21:50:48.012752
659,830,NO,2026-04-27T21:50:48.131580
659,851,NO,2026-04-27T21:50:48.368486
659,226,NO,2026-04-27T21:50:48.624096
659,934,NO,2026-04-27T21:50:48.752995
659,282,NO,2026-04-27T21:50:49.102125
659,526,NO,2026-04-27T21:50:49.560498
659,736,NO,2026-04-27T21:50:49.789834
659,513,YES,2026-04-27T21:50:49.907035
659,88,YES,2026-04-27T21:50:50.137323
659,203,YES,2026-04-27T21:50:50.261502
659,509,NO,2026-04-27T21:50:50.374914
659,105,NO,2026-04-27T21:50:50.497101
659,605,YES,2026-04-27T21:50:50.855848
659,937,NO,2026-04-27T21:50:50.977483
660,198,NO,2026-04-27T21:50:51.251497
660,283,NO,2026-04-27T21:50:51.373968
660,241,NO,2026-04-27T21:50:51.488571
660,982,NO,2026-04-27T21:50:51.605857
660,884,NO,2026-04-27T21:50:51.738347
660,686,YES,2026-04-27T21:50:51.861029
660,878,NO,2026-04-27T21:50:51.980643
660,608,NO,2026-04-27T21:50:52.221183
660,393,NO,2026-04-27T21:50:52.344229
660,525,NO,2026-04-27T21:50:52.458325
660,918,NO,2026-04-27T21:50:52.574216
660,792,SUPER_LIKE,2026-04-27T21:50:52.692938
660,520,NO,2026-04-27T21:50:52.799076
660,114,YES,2026-04-27T21:50:52.913500
660,642,YES,2026-04-27T21:50:53.030045
660,124,YES,2026-04-27T21:50:53.170008
660,842,NO,2026-04-27T21:50:53.290498
660,389,NO,2026-04-27T21:50:53.646442
660,663,YES,2026-04-27T21:50:53.774160
661,366,YES,2026-04-27T21:50:53.944159
661,744,NO,2026-04-27T21:50:54.055798
661,119,YES,2026-04-27T21:50:54.180324
661,1005,SUPER_LIKE,2026-04-27T21:50:54.319331
661,810,YES,2026-04-27T21:50:54.443309
661,677,YES,2026-04-27T21:50:54.555990
661,90,YES,2026-04-27T21:50:54.679255
661,136,YES,2026-04-27T21:50:54.789492
661,487,YES,2026-04-27T21:50:54.917293
661,336,YES,2026-04-27T21:50:55.040951
661,51,YES,2026-04-27T21:50:55.164963
661,674,YES,2026-04-27T21:50:55.280445
661,783,YES,2026-04-27T21:50:55.394261
661,19,NO,2026-04-27T21:50:55.625193
661,775,YES,2026-04-27T21:50:55.745304
661,629,SUPER_LIKE,2026-04-27T21:50:55.978226
661,523,NO,2026-04-27T21:50:56.110857
661,678,YES,2026-04-27T21:50:56.454385
662,860,YES,2026-04-27T21:50:56.634780
662,412,NO,2026-04-27T21:50:56.758903
662,94,NO,2026-04-27T21:50:56.870147
662,963,NO,2026-04-27T21:50:57.379789
662,642,NO,2026-04-27T21:50:57.491045
662,186,NO,2026-04-27T21:50:57.722929
662,741,NO,2026-04-27T21:50:57.852908
662,948,NO,2026-04-27T21:50:58.104398
662,285,NO,2026-04-27T21:50:58.223225
662,996,NO,2026-04-27T21:50:58.450652
662,992,NO,2026-04-27T21:50:58.567436
662,93,NO,2026-04-27T21:50:58.800875
662,418,NO,2026-04-27T21:50:58.915379
662,916,NO,2026-04-27T21:50:59.164009
662,966,NO,2026-04-27T21:50:59.289822
662,884,NO,2026-04-27T21:50:59.530968
662,1012,NO,2026-04-27T21:50:59.771885
662,921,NO,2026-04-27T21:50:59.996827
663,776,YES,2026-04-27T21:51:00.184963
663,156,YES,2026-04-27T21:51:00.419295
663,293,NO,2026-04-27T21:51:00.540034
663,834,NO,2026-04-27T21:51:00.657865
663,971,YES,2026-04-27T21:51:00.777842
663,823,YES,2026-04-27T21:51:01.121458
663,505,NO,2026-04-27T21:51:01.245544
663,313,NO,2026-04-27T21:51:01.495460
663,840,YES,2026-04-27T21:51:01.609265
663,446,YES,2026-04-27T21:51:01.837752
663,246,NO,2026-04-27T21:51:01.960471
663,858,YES,2026-04-27T21:51:02.073649
663,265,YES,2026-04-27T21:51:02.190243
663,533,YES,2026-04-27T21:51:02.303315
663,936,YES,2026-04-27T21:51:02.427729
663,678,NO,2026-04-27T21:51:02.552538
663,65,NO,2026-04-27T21:51:02.668347
664,312,NO,2026-04-27T21:51:02.845407
664,81,NO,2026-04-27T21:51:02.955314
664,184,SUPER_LIKE,2026-04-27T21:51:03.081616
664,691,NO,2026-04-27T21:51:03.213614
664,106,NO,2026-04-27T21:51:03.337270
664,971,NO,2026-04-27T21:51:03.460744
664,836,YES,2026-04-27T21:51:03.583512
664,130,YES,2026-04-27T21:51:03.959860
664,277,NO,2026-04-27T21:51:04.080142
664,979,NO,2026-04-27T21:51:04.223052
664,769,NO,2026-04-27T21:51:04.337831
664,928,SUPER_LIKE,2026-04-27T21:51:04.457564
664,692,YES,2026-04-27T21:51:04.584302
664,607,NO,2026-04-27T21:51:04.821623
664,204,YES,2026-04-27T21:51:04.949779
664,563,NO,2026-04-27T21:51:05.064770
664,942,YES,2026-04-27T21:51:05.214359
665,835,SUPER_LIKE,2026-04-27T21:51:05.384777
665,365,YES,2026-04-27T21:51:05.638059
665,102,YES,2026-04-27T21:51:05.749319
665,119,YES,2026-04-27T21:51:06.084510
665,911,NO,2026-04-27T21:51:06.195224
665,660,YES,2026-04-27T21:51:06.311333
665,92,NO,2026-04-27T21:51:06.429897
665,416,YES,2026-04-27T21:51:06.574944
665,531,NO,2026-04-27T21:51:06.694774
665,564,NO,2026-04-27T21:51:06.814077
665,643,NO,2026-04-27T21:51:06.919827
665,737,SUPER_LIKE,2026-04-27T21:51:07.039758
665,409,NO,2026-04-27T21:51:07.165606
665,854,YES,2026-04-27T21:51:07.285988
665,691,NO,2026-04-27T21:51:07.404781
665,839,NO,2026-04-27T21:51:07.527803
665,846,YES,2026-04-27T21:51:07.644172
665,458,YES,2026-04-27T21:51:07.767295
665,506,YES,2026-04-27T21:51:07.889300
666,411,NO,2026-04-27T21:51:08.059090
666,21,NO,2026-04-27T21:51:08.298502
666,701,NO,2026-04-27T21:51:08.419852
666,55,NO,2026-04-27T21:51:08.540871
666,383,NO,2026-04-27T21:51:08.667618
666,538,NO,2026-04-27T21:51:08.778613
666,860,NO,2026-04-27T21:51:08.901653
666,966,NO,2026-04-27T21:51:09.019734
666,453,NO,2026-04-27T21:51:09.136277
666,274,NO,2026-04-27T21:51:09.400442
666,438,NO,2026-04-27T21:51:09.635827
666,913,NO,2026-04-27T21:51:09.743702
666,846,NO,2026-04-27T21:51:09.857082
666,593,NO,2026-04-27T21:51:10.102452
666,777,NO,2026-04-27T21:51:10.235021
666,524,NO,2026-04-27T21:51:10.344502
666,800,NO,2026-04-27T21:51:10.455782
667,298,NO,2026-04-27T21:51:10.634813
667,246,NO,2026-04-27T21:51:10.752353
667,920,NO,2026-04-27T21:51:10.876659
667,504,NO,2026-04-27T21:51:10.987591
667,952,NO,2026-04-27T21:51:11.104851
667,653,NO,2026-04-27T21:51:11.229956
667,382,NO,2026-04-27T21:51:11.347996
667,938,YES,2026-04-27T21:51:11.465587
667,170,NO,2026-04-27T21:51:11.591909
667,38,NO,2026-04-27T21:51:11.720240
667,569,NO,2026-04-27T21:51:11.839247
667,607,NO,2026-04-27T21:51:11.957949
667,993,NO,2026-04-27T21:51:12.082182
667,592,NO,2026-04-27T21:51:12.196805
667,794,NO,2026-04-27T21:51:12.329512
667,862,NO,2026-04-27T21:51:12.446122
667,57,NO,2026-04-27T21:51:12.564571
667,415,NO,2026-04-27T21:51:12.685898
667,439,NO,2026-04-27T21:51:12.809750
667,602,NO,2026-04-27T21:51:12.930964
668,1008,YES,2026-04-27T21:51:13.110349
668,188,YES,2026-04-27T21:51:13.226404
668,680,YES,2026-04-27T21:51:13.344807
668,305,YES,2026-04-27T21:51:13.472161
668,798,YES,2026-04-27T21:51:13.713799
668,303,NO,2026-04-27T21:51:13.826258
668,725,YES,2026-04-27T21:51:13.967707
668,487,YES,2026-04-27T21:51:14.096899
668,858,YES,2026-04-27T21:51:14.215162
668,660,SUPER_LIKE,2026-04-27T21:51:14.342654
668,406,YES,2026-04-27T21:51:14.475480
668,657,NO,2026-04-27T21:51:14.748720
668,85,NO,2026-04-27T21:51:14.863700
668,759,NO,2026-04-27T21:51:15.104725
668,396,NO,2026-04-27T21:51:15.328505
668,914,NO,2026-04-27T21:51:15.682851
669,560,SUPER_LIKE,2026-04-27T21:51:15.872882
669,556,SUPER_LIKE,2026-04-27T21:51:15.991912
669,1009,NO,2026-04-27T21:51:16.103388
669,498,YES,2026-04-27T21:51:16.260427
669,461,NO,2026-04-27T21:51:16.381147
669,551,YES,2026-04-27T21:51:16.626156
669,521,YES,2026-04-27T21:51:16.761435
669,32,YES,2026-04-27T21:51:16.882582
669,922,YES,2026-04-27T21:51:17.137858
669,618,NO,2026-04-27T21:51:17.257304
669,376,NO,2026-04-27T21:51:17.381003
669,238,YES,2026-04-27T21:51:17.504476
669,380,SUPER_LIKE,2026-04-27T21:51:17.635574
669,43,YES,2026-04-27T21:51:17.964820
669,283,YES,2026-04-27T21:51:18.078512
669,526,YES,2026-04-27T21:51:18.195752
669,736,YES,2026-04-27T21:51:18.320508
669,418,YES,2026-04-27T21:51:18.429378
670,591,NO,2026-04-27T21:51:18.727575
670,184,NO,2026-04-27T21:51:18.977227
670,529,YES,2026-04-27T21:51:19.100194
670,668,NO,2026-04-27T21:51:19.212861
670,497,YES,2026-04-27T21:51:19.329998
670,775,NO,2026-04-27T21:51:19.553781
670,167,NO,2026-04-27T21:51:19.678798
670,937,NO,2026-04-27T21:51:20.120671
670,855,YES,2026-04-27T21:51:20.409082
670,516,SUPER_LIKE,2026-04-27T21:51:20.660154
670,520,NO,2026-04-27T21:51:20.785372
670,761,NO,2026-04-27T21:51:20.916562
670,765,NO,2026-04-27T21:51:21.050629
670,309,NO,2026-04-27T21:51:21.181865
670,843,NO,2026-04-27T21:51:21.302233
670,424,NO,2026-04-27T21:51:21.411112
671,675,NO,2026-04-27T21:51:21.755789
671,909,NO,2026-04-27T21:51:21.986400
671,488,NO,2026-04-27T21:51:22.096626
671,72,NO,2026-04-27T21:51:22.206631
671,417,NO,2026-04-27T21:51:22.340260
671,36,NO,2026-04-27T21:51:22.449055
671,50,NO,2026-04-27T21:51:22.603036
671,39,NO,2026-04-27T21:51:22.850045
671,438,NO,2026-04-27T21:51:22.979505
671,690,NO,2026-04-27T21:51:23.110227
671,970,NO,2026-04-27T21:51:23.230409
671,283,NO,2026-04-27T21:51:23.348224
671,984,NO,2026-04-27T21:51:23.484832
671,451,NO,2026-04-27T21:51:23.733175
671,291,NO,2026-04-27T21:51:23.883710
671,20,YES,2026-04-27T21:51:24.008638
671,359,NO,2026-04-27T21:51:24.120535
671,421,NO,2026-04-27T21:51:24.352414
672,666,NO,2026-04-27T21:51:24.545249
672,372,NO,2026-04-27T21:51:24.780988
672,185,NO,2026-04-27T21:51:24.895171
672,244,NO,2026-04-27T21:51:25.014623
672,249,NO,2026-04-27T21:51:25.142442
672,880,NO,2026-04-27T21:51:25.261786
672,821,NO,2026-04-27T21:51:25.494015
672,967,YES,2026-04-27T21:51:25.617064
672,957,YES,2026-04-27T21:51:25.867100
672,133,NO,2026-04-27T21:51:25.984237
672,838,NO,2026-04-27T21:51:26.101267
672,495,YES,2026-04-27T21:51:26.224305
672,403,NO,2026-04-27T21:51:26.346386
672,63,NO,2026-04-27T21:51:26.474688
672,1002,NO,2026-04-27T21:51:26.592108
672,306,NO,2026-04-27T21:51:26.699663
672,45,NO,2026-04-27T21:51:26.819384
672,210,YES,2026-04-27T21:51:26.944220
673,409,NO,2026-04-27T21:51:27.117350
673,108,NO,2026-04-27T21:51:27.228720
673,899,YES,2026-04-27T21:51:27.461268
673,485,NO,2026-04-27T21:51:27.578574
673,913,SUPER_LIKE,2026-04-27T21:51:27.911068
673,321,NO,2026-04-27T21:51:28.027607
673,204,NO,2026-04-27T21:51:28.149799
673,963,NO,2026-04-27T21:51:28.399061
673,820,NO,2026-04-27T21:51:28.516686
673,909,NO,2026-04-27T21:51:28.632046
673,460,YES,2026-04-27T21:51:28.870781
673,465,NO,2026-04-27T21:51:28.986177
673,484,YES,2026-04-27T21:51:29.103876
673,31,NO,2026-04-27T21:51:29.352889
673,305,NO,2026-04-27T21:51:29.465653
674,427,SUPER_LIKE,2026-04-27T21:51:29.632501
674,59,NO,2026-04-27T21:51:29.741069
674,800,NO,2026-04-27T21:51:29.865447
674,66,NO,2026-04-27T21:51:29.984396
674,254,NO,2026-04-27T21:51:30.220906
674,882,YES,2026-04-27T21:51:30.331060
674,846,NO,2026-04-27T21:51:30.454172
674,519,NO,2026-04-27T21:51:30.565460
674,324,NO,2026-04-27T21:51:30.672392
674,691,NO,2026-04-27T21:51:30.777780
674,22,NO,2026-04-27T21:51:31.018290
674,668,NO,2026-04-27T21:51:31.136314
674,121,YES,2026-04-27T21:51:31.258027
674,1011,NO,2026-04-27T21:51:31.374500
674,347,NO,2026-04-27T21:51:31.485035
674,565,NO,2026-04-27T21:51:31.725436
674,504,YES,2026-04-27T21:51:31.955167
674,233,YES,2026-04-27T21:51:32.069445
674,407,YES,2026-04-27T21:51:32.195575
675,654,NO,2026-04-27T21:51:32.370131
675,583,NO,2026-04-27T21:51:32.482986
675,249,YES,2026-04-27T21:51:32.721857
675,669,NO,2026-04-27T21:51:32.847423
675,889,NO,2026-04-27T21:51:32.955238
675,194,YES,2026-04-27T21:51:33.450145
675,503,NO,2026-04-27T21:51:33.560161
675,709,SUPER_LIKE,2026-04-27T21:51:33.807095
675,612,NO,2026-04-27T21:51:34.059580
675,973,NO,2026-04-27T21:51:34.310280
675,639,YES,2026-04-27T21:51:34.425524
675,694,NO,2026-04-27T21:51:34.547721
675,119,YES,2026-04-27T21:51:34.662898
675,1008,NO,2026-04-27T21:51:34.774956
675,883,NO,2026-04-27T21:51:34.893494
675,679,YES,2026-04-27T21:51:35.024282
675,855,NO,2026-04-27T21:51:35.147229
676,328,NO,2026-04-27T21:51:35.326926
676,212,YES,2026-04-27T21:51:35.440753
676,751,YES,2026-04-27T21:51:35.556794
676,308,YES,2026-04-27T21:51:35.678144
676,724,NO,2026-04-27T21:51:35.785598
676,598,SUPER_LIKE,2026-04-27T21:51:36.007425
676,850,NO,2026-04-27T21:51:36.120241
676,764,NO,2026-04-27T21:51:36.249968
676,714,NO,2026-04-27T21:51:36.372260
676,906,NO,2026-04-27T21:51:36.481644
676,320,NO,2026-04-27T21:51:36.721015
676,936,YES,2026-04-27T21:51:36.855243
676,964,NO,2026-04-27T21:51:37.083317
676,249,NO,2026-04-27T21:51:37.194083
676,173,NO,2026-04-27T21:51:37.317919
676,928,NO,2026-04-27T21:51:37.439807
676,595,SUPER_LIKE,2026-04-27T21:51:37.579705
676,264,NO,2026-04-27T21:51:37.697025
676,646,NO,2026-04-27T21:51:37.813954
677,698,YES,2026-04-27T21:51:38.217348
677,730,SUPER_LIKE,2026-04-27T21:51:38.339188
677,733,NO,2026-04-27T21:51:38.454495
677,715,NO,2026-04-27T21:51:38.575848
677,248,YES,2026-04-27T21:51:38.689848
677,804,NO,2026-04-27T21:51:38.800158
677,65,SUPER_LIKE,2026-04-27T21:51:38.916188
677,676,NO,2026-04-27T21:51:39.180726
677,232,NO,2026-04-27T21:51:40.072222
677,291,YES,2026-04-27T21:51:40.343080
677,78,NO,2026-04-27T21:51:40.576207
677,23,NO,2026-04-27T21:51:40.795068
677,937,YES,2026-04-27T21:51:41.046283
677,917,NO,2026-04-27T21:51:41.281159
677,96,NO,2026-04-27T21:51:41.510194
677,826,YES,2026-04-27T21:51:41.737401
678,557,NO,2026-04-27T21:51:42.058478
678,439,YES,2026-04-27T21:51:42.291586
678,916,NO,2026-04-27T21:51:42.613513
678,844,YES,2026-04-27T21:51:43.067438
678,334,SUPER_LIKE,2026-04-27T21:51:43.304360
678,592,NO,2026-04-27T21:51:43.523783
678,726,NO,2026-04-27T21:51:43.853750
678,923,NO,2026-04-27T21:51:44.068236
678,399,NO,2026-04-27T21:51:44.281732
678,184,NO,2026-04-27T21:51:44.724803
678,221,NO,2026-04-27T21:51:45.270439
678,785,NO,2026-04-27T21:51:45.507002
678,588,NO,2026-04-27T21:51:45.722970
678,682,NO,2026-04-27T21:51:45.945421
678,673,YES,2026-04-27T21:51:46.217297
678,215,NO,2026-04-27T21:51:46.779027
678,644,YES,2026-04-27T21:51:46.999672
679,466,NO,2026-04-27T21:51:47.432733
679,831,NO,2026-04-27T21:51:47.656751
679,176,NO,2026-04-27T21:51:48.196669
679,297,NO,2026-04-27T21:51:48.430791
679,733,NO,2026-04-27T21:51:48.656293
679,988,NO,2026-04-27T21:51:48.975230
679,1014,NO,2026-04-27T21:51:49.196597
679,998,NO,2026-04-27T21:51:49.411657
679,75,YES,2026-04-27T21:51:49.759288
679,644,NO,2026-04-27T21:51:50.103968
679,646,NO,2026-04-27T21:51:50.421117
679,938,NO,2026-04-27T21:51:50.745006
679,105,NO,2026-04-27T21:51:51.068926
679,46,NO,2026-04-27T21:51:51.307031
679,461,YES,2026-04-27T21:51:51.640078
679,464,YES,2026-04-27T21:51:51.865723
679,919,NO,2026-04-27T21:51:52.080532
679,322,YES,2026-04-27T21:51:52.409996
679,137,NO,2026-04-27T21:51:52.628090
680,531,NO,2026-04-27T21:51:52.957971
680,899,NO,2026-04-27T21:51:53.177652
680,836,NO,2026-04-27T21:51:53.400649
680,349,NO,2026-04-27T21:51:53.612832
680,993,NO,2026-04-27T21:51:53.835691
680,441,NO,2026-04-27T21:51:54.164005
680,424,YES,2026-04-27T21:51:54.380021
680,563,NO,2026-04-27T21:51:54.705143
680,927,NO,2026-04-27T21:51:55.043768
680,314,NO,2026-04-27T21:51:55.604165
680,146,NO,2026-04-27T21:51:55.848940
680,438,NO,2026-04-27T21:51:56.171282
680,235,NO,2026-04-27T21:51:56.393387
680,824,YES,2026-04-27T21:51:56.718713
680,758,NO,2026-04-27T21:51:57.043456
680,383,NO,2026-04-27T21:51:57.260263
680,842,YES,2026-04-27T21:51:57.591936
680,426,NO,2026-04-27T21:51:57.908645
681,478,NO,2026-04-27T21:51:58.570478
681,845,NO,2026-04-27T21:51:58.792552
681,128,NO,2026-04-27T21:51:59.015698
681,175,NO,2026-04-27T21:51:59.246710
681,690,NO,2026-04-27T21:51:59.464496
681,544,YES,2026-04-27T21:51:59.695564
681,717,NO,2026-04-27T21:51:59.915765
681,251,YES,2026-04-27T21:52:00.137103
681,782,NO,2026-04-27T21:52:00.377403
681,609,YES,2026-04-27T21:52:00.603327
681,41,NO,2026-04-27T21:52:00.979139
681,449,NO,2026-04-27T21:52:01.544043
681,209,NO,2026-04-27T21:52:01.756649
681,428,YES,2026-04-27T21:52:01.997384
681,453,NO,2026-04-27T21:52:02.416873
681,335,NO,2026-04-27T21:52:02.974447
681,945,NO,2026-04-27T21:52:03.216912
681,509,NO,2026-04-27T21:52:03.643100
682,688,NO,2026-04-27T21:52:04.083083
682,355,NO,2026-04-27T21:52:04.313697
682,579,NO,2026-04-27T21:52:04.643846
682,1001,NO,2026-04-27T21:52:04.861706
682,361,NO,2026-04-27T21:52:05.082085
682,254,NO,2026-04-27T21:52:05.303275
682,722,NO,2026-04-27T21:52:05.529804
682,774,NO,2026-04-27T21:52:05.763683
682,849,NO,2026-04-27T21:52:06.017763
682,757,NO,2026-04-27T21:52:06.255375
682,165,NO,2026-04-27T21:52:06.702880
682,159,YES,2026-04-27T21:52:06.926759
682,731,NO,2026-04-27T21:52:07.162844
682,999,NO,2026-04-27T21:52:07.489339
682,671,NO,2026-04-27T21:52:08.049886
682,670,NO,2026-04-27T21:52:08.365673
682,758,NO,2026-04-27T21:52:08.583535
682,622,NO,2026-04-27T21:52:08.818210
683,508,NO,2026-04-27T21:52:09.153923
683,700,NO,2026-04-27T21:52:09.419801
683,460,YES,2026-04-27T21:52:09.656022
683,85,NO,2026-04-27T21:52:09.885613
683,234,NO,2026-04-27T21:52:10.104796
683,206,NO,2026-04-27T21:52:10.328222
683,592,NO,2026-04-27T21:52:10.571271
683,92,NO,2026-04-27T21:52:10.901031
683,487,NO,2026-04-27T21:52:11.446911
683,359,NO,2026-04-27T21:52:11.669837
683,784,NO,2026-04-27T21:52:11.991277
683,826,YES,2026-04-27T21:52:12.231947
683,789,NO,2026-04-27T21:52:12.643933
683,942,NO,2026-04-27T21:52:12.964206
683,337,NO,2026-04-27T21:52:13.180389
683,980,NO,2026-04-27T21:52:13.845951
683,851,NO,2026-04-27T21:52:14.066722
684,146,NO,2026-04-27T21:52:14.511780
684,563,NO,2026-04-27T21:52:14.729711
684,807,NO,2026-04-27T21:52:14.967634
684,464,NO,2026-04-27T21:52:15.203461
684,600,NO,2026-04-27T21:52:15.419612
684,858,YES,2026-04-27T21:52:15.657219
684,749,YES,2026-04-27T21:52:15.881296
684,837,NO,2026-04-27T21:52:16.117886
684,781,NO,2026-04-27T21:52:16.778981
684,890,YES,2026-04-27T21:52:16.999723
684,360,YES,2026-04-27T21:52:17.228084
684,791,NO,2026-04-27T21:52:17.553660
684,173,NO,2026-04-27T21:52:17.785983
684,845,NO,2026-04-27T21:52:18.006020
684,898,NO,2026-04-27T21:52:18.227558
684,529,NO,2026-04-27T21:52:18.446924
684,64,NO,2026-04-27T21:52:18.661069
684,83,YES,2026-04-27T21:52:19.013121
685,571,NO,2026-04-27T21:52:19.576853
685,265,YES,2026-04-27T21:52:19.835765
685,1015,NO,2026-04-27T21:52:20.098011
685,60,NO,2026-04-27T21:52:20.346926
685,1014,NO,2026-04-27T21:52:20.596494
685,614,NO,2026-04-27T21:52:20.844568
685,277,YES,2026-04-27T21:52:21.573985
685,836,NO,2026-04-27T21:52:21.905490
685,1004,NO,2026-04-27T21:52:22.332951
685,283,NO,2026-04-27T21:52:22.546730
685,931,NO,2026-04-27T21:52:22.773608
685,595,YES,2026-04-27T21:52:23.004056
685,385,NO,2026-04-27T21:52:23.220034
685,881,NO,2026-04-27T21:52:23.544606
685,166,NO,2026-04-27T21:52:24.260280
686,209,NO,2026-04-27T21:52:24.818570
686,100,YES,2026-04-27T21:52:25.841761
686,835,NO,2026-04-27T21:52:26.060177
686,382,NO,2026-04-27T21:52:26.286992
686,208,SUPER_LIKE,2026-04-27T21:52:26.510782
686,598,NO,2026-04-27T21:52:26.727567
686,830,YES,2026-04-27T21:52:27.507746
686,287,YES,2026-04-27T21:52:27.722572
686,1019,NO,2026-04-27T21:52:28.047259
686,761,NO,2026-04-27T21:52:28.277122
686,64,NO,2026-04-27T21:52:28.501436
686,302,NO,2026-04-27T21:52:28.715634
686,638,NO,2026-04-27T21:52:28.928570
686,976,YES,2026-04-27T21:52:29.155013
686,650,NO,2026-04-27T21:52:29.484504
687,957,YES,2026-04-27T21:52:29.821491
687,219,NO,2026-04-27T21:52:30.044193
687,493,NO,2026-04-27T21:52:30.826011
687,860,YES,2026-04-27T21:52:31.061366
687,691,YES,2026-04-27T21:52:31.281758
687,107,NO,2026-04-27T21:52:31.497346
687,316,NO,2026-04-27T21:52:32.063135
687,64,NO,2026-04-27T21:52:32.285376
687,49,NO,2026-04-27T21:52:32.536925
687,523,NO,2026-04-27T21:52:33.095437
687,750,NO,2026-04-27T21:52:33.324542
687,832,NO,2026-04-27T21:52:33.537893
687,164,YES,2026-04-27T21:52:33.874344
687,58,NO,2026-04-27T21:52:34.085423
687,409,NO,2026-04-27T21:52:34.408387
687,242,NO,2026-04-27T21:52:34.626645
688,116,NO,2026-04-27T21:52:34.966876
688,785,NO,2026-04-27T21:52:35.191793
688,645,NO,2026-04-27T21:52:35.625034
688,851,NO,2026-04-27T21:52:36.182013
688,975,NO,2026-04-27T21:52:36.397063
688,855,NO,2026-04-27T21:52:36.834936
688,95,NO,2026-04-27T21:52:37.050387
688,428,NO,2026-04-27T21:52:37.499657
688,536,NO,2026-04-27T21:52:37.712665
688,675,NO,2026-04-27T21:52:37.931892
688,687,YES,2026-04-27T21:52:38.153873
688,923,NO,2026-04-27T21:52:38.935050
688,830,NO,2026-04-27T21:52:39.352673
689,109,NO,2026-04-27T21:52:40.119006
689,196,NO,2026-04-27T21:52:40.332709
689,799,NO,2026-04-27T21:52:40.565621
689,296,NO,2026-04-27T21:52:40.781508
689,256,NO,2026-04-27T21:52:41.113300
689,619,NO,2026-04-27T21:52:41.334150
689,122,NO,2026-04-27T21:52:41.671015
689,503,NO,2026-04-27T21:52:41.886122
689,564,YES,2026-04-27T21:52:42.105779
689,415,NO,2026-04-27T21:52:42.428381
689,207,NO,2026-04-27T21:52:42.747514
689,792,NO,2026-04-27T21:52:42.956546
689,657,NO,2026-04-27T21:52:43.266872
689,786,NO,2026-04-27T21:52:43.489431
689,925,NO,2026-04-27T21:52:43.707828
689,51,NO,2026-04-27T21:52:44.032228
689,134,NO,2026-04-27T21:52:44.474968
689,648,NO,2026-04-27T21:52:44.694120
689,281,NO,2026-04-27T21:52:44.911042
690,741,NO,2026-04-27T21:52:45.231457
690,612,NO,2026-04-27T21:52:45.493808
690,451,NO,2026-04-27T21:52:45.703226
690,847,NO,2026-04-27T21:52:46.025150
690,734,NO,2026-04-27T21:52:46.246836
690,81,NO,2026-04-27T21:52:46.462684
690,1020,NO,2026-04-27T21:52:46.688550
690,271,NO,2026-04-27T21:52:47.014293
690,873,NO,2026-04-27T21:52:47.236453
690,654,NO,2026-04-27T21:52:47.458957
690,928,NO,2026-04-27T21:52:47.681692
690,877,NO,2026-04-27T21:52:47.902780
690,988,NO,2026-04-27T21:52:48.116826
690,445,YES,2026-04-27T21:52:48.347881
690,61,SUPER_LIKE,2026-04-27T21:52:48.675588
690,349,NO,2026-04-27T21:52:48.803925
690,1003,NO,2026-04-27T21:52:49.053650
690,597,NO,2026-04-27T21:52:49.188634
690,102,NO,2026-04-27T21:52:49.343783
691,768,NO,2026-04-27T21:52:49.562825
691,161,NO,2026-04-27T21:52:49.885169
691,70,NO,2026-04-27T21:52:50.160462
691,167,NO,2026-04-27T21:52:50.327087
691,361,YES,2026-04-27T21:52:50.511705
691,289,YES,2026-04-27T21:52:50.749598
691,866,NO,2026-04-27T21:52:50.902112
691,593,NO,2026-04-27T21:52:51.048539
691,730,NO,2026-04-27T21:52:51.218202
691,584,NO,2026-04-27T21:52:51.408742
691,355,NO,2026-04-27T21:52:51.553172
691,656,YES,2026-04-27T21:52:51.691355
691,689,NO,2026-04-27T21:52:51.819108
691,868,NO,2026-04-27T21:52:52.085204
691,663,NO,2026-04-27T21:52:52.240176
691,826,YES,2026-04-27T21:52:52.523123
691,878,NO,2026-04-27T21:52:52.638259
691,658,NO,2026-04-27T21:52:52.758996
692,230,NO,2026-04-27T21:52:52.953315
692,410,YES,2026-04-27T21:52:53.189407
692,358,YES,2026-04-27T21:52:53.301667
692,143,YES,2026-04-27T21:52:53.434586
692,97,YES,2026-04-27T21:52:53.551427
692,345,YES,2026-04-27T21:52:53.672032
692,269,YES,2026-04-27T21:52:53.794500
692,53,NO,2026-04-27T21:52:53.905481
692,368,YES,2026-04-27T21:52:54.143135
692,11,NO,2026-04-27T21:52:54.251957
692,431,YES,2026-04-27T21:52:54.368733
692,607,NO,2026-04-27T21:52:54.487100
692,966,NO,2026-04-27T21:52:54.613945
692,267,NO,2026-04-27T21:52:54.856019
692,542,NO,2026-04-27T21:52:54.974243
692,316,YES,2026-04-27T21:52:55.203212
692,1002,NO,2026-04-27T21:52:55.321233
692,290,NO,2026-04-27T21:52:55.438104
693,1018,YES,2026-04-27T21:52:55.706943
693,488,YES,2026-04-27T21:52:56.073568
693,933,YES,2026-04-27T21:52:56.192643
693,503,YES,2026-04-27T21:52:56.319875
693,392,YES,2026-04-27T21:52:56.561950
693,532,YES,2026-04-27T21:52:56.686786
693,26,YES,2026-04-27T21:52:56.800222
693,712,NO,2026-04-27T21:52:57.039750
693,317,NO,2026-04-27T21:52:57.280443
693,366,NO,2026-04-27T21:52:57.507215
693,267,NO,2026-04-27T21:52:57.766157
693,53,NO,2026-04-27T21:52:57.877356
693,591,NO,2026-04-27T21:52:58.110611
693,813,NO,2026-04-27T21:52:58.244652
694,561,NO,2026-04-27T21:52:58.424054
694,882,NO,2026-04-27T21:52:58.535229
694,609,NO,2026-04-27T21:52:59.221645
694,353,NO,2026-04-27T21:52:59.347100
694,578,NO,2026-04-27T21:52:59.567274
694,573,NO,2026-04-27T21:52:59.931400
694,345,YES,2026-04-27T21:53:00.178969
694,51,NO,2026-04-27T21:53:00.293253
694,388,YES,2026-04-27T21:53:00.741566
694,445,YES,2026-04-27T21:53:00.861080
694,217,NO,2026-04-27T21:53:00.989278
694,215,NO,2026-04-27T21:53:01.110667
694,296,NO,2026-04-27T21:53:01.224519
694,955,NO,2026-04-27T21:53:01.345566
695,920,NO,2026-04-27T21:53:01.842277
695,519,NO,2026-04-27T21:53:01.955282
695,698,NO,2026-04-27T21:53:02.186247
695,167,NO,2026-04-27T21:53:02.301565
695,965,NO,2026-04-27T21:53:02.414360
695,526,NO,2026-04-27T21:53:02.531880
695,549,YES,2026-04-27T21:53:02.774132
695,574,NO,2026-04-27T21:53:02.892699
695,982,YES,2026-04-27T21:53:03.121619
695,656,SUPER_LIKE,2026-04-27T21:53:03.253045
695,44,YES,2026-04-27T21:53:03.490254
695,1015,NO,2026-04-27T21:53:03.597887
695,803,YES,2026-04-27T21:53:03.717035
695,828,YES,2026-04-27T21:53:03.840789
695,981,YES,2026-04-27T21:53:04.084849
696,187,NO,2026-04-27T21:53:04.375678
696,985,YES,2026-04-27T21:53:04.504808
696,844,SUPER_LIKE,2026-04-27T21:53:04.630457
696,686,NO,2026-04-27T21:53:04.753199
696,607,YES,2026-04-27T21:53:05.046193
696,956,YES,2026-04-27T21:53:05.168237
696,219,NO,2026-04-27T21:53:05.283321
696,665,YES,2026-04-27T21:53:05.512380
696,806,NO,2026-04-27T21:53:05.649044
696,612,YES,2026-04-27T21:53:05.890464
696,795,NO,2026-04-27T21:53:06.006755
696,62,NO,2026-04-27T21:53:06.252558
696,704,NO,2026-04-27T21:53:06.363507
696,414,NO,2026-04-27T21:53:06.476658
696,35,NO,2026-04-27T21:53:06.586204
696,360,YES,2026-04-27T21:53:06.709568
696,256,SUPER_LIKE,2026-04-27T21:53:06.835546
696,772,NO,2026-04-27T21:53:07.077386
697,86,NO,2026-04-27T21:53:07.263463
697,138,NO,2026-04-27T21:53:07.495300
697,352,NO,2026-04-27T21:53:07.622076
697,625,NO,2026-04-27T21:53:07.744034
697,615,YES,2026-04-27T21:53:07.879465
697,775,YES,2026-04-27T21:53:08.144927
697,556,NO,2026-04-27T21:53:08.263730
697,817,NO,2026-04-27T21:53:08.371582
697,100,NO,2026-04-27T21:53:08.620865
697,449,NO,2026-04-27T21:53:08.867023
697,150,NO,2026-04-27T21:53:08.974741
697,516,NO,2026-04-27T21:53:09.455031
697,728,NO,2026-04-27T21:53:09.689600
697,370,NO,2026-04-27T21:53:09.807528
697,821,YES,2026-04-27T21:53:09.927929
697,145,NO,2026-04-27T21:53:10.162594
698,658,YES,2026-04-27T21:53:10.354167
698,727,YES,2026-04-27T21:53:10.483639
698,940,YES,2026-04-27T21:53:10.602679
698,850,YES,2026-04-27T21:53:10.731006
698,1008,NO,2026-04-27T21:53:10.851308
698,346,YES,2026-04-27T21:53:10.971602
698,470,YES,2026-04-27T21:53:11.225846
698,167,NO,2026-04-27T21:53:11.343319
698,411,NO,2026-04-27T21:53:11.599727
698,245,YES,2026-04-27T21:53:11.718348
698,760,NO,2026-04-27T21:53:11.851224
698,1009,NO,2026-04-27T21:53:11.966410
698,744,YES,2026-04-27T21:53:12.095470
698,694,NO,2026-04-27T21:53:12.223270
698,775,NO,2026-04-27T21:53:12.339803
698,589,YES,2026-04-27T21:53:12.453056
698,317,NO,2026-04-27T21:53:12.562765
698,617,YES,2026-04-27T21:53:12.690539
698,614,YES,2026-04-27T21:53:12.820815
699,168,YES,2026-04-27T21:53:12.995722
699,141,YES,2026-04-27T21:53:13.105347
699,846,NO,2026-04-27T21:53:13.224730
699,917,YES,2026-04-27T21:53:13.353470
699,45,NO,2026-04-27T21:53:13.466268
699,332,NO,2026-04-27T21:53:13.697547
699,293,NO,2026-04-27T21:53:13.823829
699,306,NO,2026-04-27T21:53:14.062134
699,122,NO,2026-04-27T21:53:14.174566
699,787,NO,2026-04-27T21:53:14.540036
699,786,NO,2026-04-27T21:53:14.709875
699,170,NO,2026-04-27T21:53:14.826979
699,644,YES,2026-04-27T21:53:15.183298
699,472,NO,2026-04-27T21:53:15.328915
699,46,NO,2026-04-27T21:53:15.451020
700,686,NO,2026-04-27T21:53:15.641979
700,857,NO,2026-04-27T21:53:15.761823
700,662,NO,2026-04-27T21:53:15.999185
700,651,YES,2026-04-27T21:53:16.115128
700,773,YES,2026-04-27T21:53:16.382926
700,743,NO,2026-04-27T21:53:16.855996
700,403,YES,2026-04-27T21:53:17.096023
700,345,YES,2026-04-27T21:53:17.210163
700,429,YES,2026-04-27T21:53:17.573468
700,570,YES,2026-04-27T21:53:17.695892
700,621,YES,2026-04-27T21:53:17.817732
700,21,NO,2026-04-27T21:53:17.936808
700,237,NO,2026-04-27T21:53:18.071468
700,242,YES,2026-04-27T21:53:18.302102
700,411,NO,2026-04-27T21:53:18.549176
701,917,YES,2026-04-27T21:53:18.733997
701,476,YES,2026-04-27T21:53:19.233136
701,137,YES,2026-04-27T21:53:19.370921
701,74,YES,2026-04-27T21:53:19.537568
701,733,NO,2026-04-27T21:53:19.680153
701,441,YES,2026-04-27T21:53:19.841984
701,96,NO,2026-04-27T21:53:20.026316
701,871,NO,2026-04-27T21:53:20.181821
701,794,NO,2026-04-27T21:53:20.458618
701,659,YES,2026-04-27T21:53:20.610240
701,555,YES,2026-04-27T21:53:20.836084
701,244,NO,2026-04-27T21:53:20.965474
701,414,YES,2026-04-27T21:53:21.192366
701,900,NO,2026-04-27T21:53:21.321015
701,574,YES,2026-04-27T21:53:21.561679
701,487,NO,2026-04-27T21:53:21.688335
701,741,NO,2026-04-27T21:53:21.801361
702,492,NO,2026-04-27T21:53:21.988042
702,171,NO,2026-04-27T21:53:22.105797
702,934,NO,2026-04-27T21:53:22.323419
702,483,YES,2026-04-27T21:53:22.455249
702,547,YES,2026-04-27T21:53:22.700681
702,342,NO,2026-04-27T21:53:23.314767
702,834,YES,2026-04-27T21:53:23.440669
702,912,YES,2026-04-27T21:53:23.683264
702,179,YES,2026-04-27T21:53:23.940628
702,484,YES,2026-04-27T21:53:24.064630
702,399,YES,2026-04-27T21:53:24.208837
702,85,YES,2026-04-27T21:53:24.362773
702,621,YES,2026-04-27T21:53:24.647063
702,240,NO,2026-04-27T21:53:24.800028
702,188,SUPER_LIKE,2026-04-27T21:53:25.031129
703,402,NO,2026-04-27T21:53:25.227457
703,938,YES,2026-04-27T21:53:25.348747
703,466,YES,2026-04-27T21:53:25.731593
703,839,NO,2026-04-27T21:53:25.852646
703,848,NO,2026-04-27T21:53:25.975827
703,724,NO,2026-04-27T21:53:26.088090
703,795,NO,2026-04-27T21:53:26.209150
703,931,YES,2026-04-27T21:53:26.327272
703,542,NO,2026-04-27T21:53:26.456824
703,349,YES,2026-04-27T21:53:26.577960
703,473,YES,2026-04-27T21:53:26.695528
703,994,NO,2026-04-27T21:53:26.809400
703,920,NO,2026-04-27T21:53:26.973701
703,707,NO,2026-04-27T21:53:27.225672
703,374,NO,2026-04-27T21:53:27.455855
703,432,NO,2026-04-27T21:53:27.580715
703,37,YES,2026-04-27T21:53:27.711014
704,218,NO,2026-04-27T21:53:27.882694
704,867,NO,2026-04-27T21:53:28.106656
704,321,NO,2026-04-27T21:53:28.237616
704,362,NO,2026-04-27T21:53:28.358010
704,350,YES,2026-04-27T21:53:28.584888
704,253,NO,2026-04-27T21:53:28.699738
704,859,NO,2026-04-27T21:53:28.830031
704,224,NO,2026-04-27T21:53:28.957190
704,405,NO,2026-04-27T21:53:29.195290
704,205,NO,2026-04-27T21:53:29.323235
704,316,NO,2026-04-27T21:53:29.447341
704,195,YES,2026-04-27T21:53:29.577354
704,446,NO,2026-04-27T21:53:29.926123
704,459,NO,2026-04-27T21:53:30.163755
704,426,NO,2026-04-27T21:53:30.276202
704,313,NO,2026-04-27T21:53:30.397890
704,905,NO,2026-04-27T21:53:30.523355
704,529,NO,2026-04-27T21:53:30.644199
704,527,NO,2026-04-27T21:53:30.757216
704,709,YES,2026-04-27T21:53:30.871546
705,403,NO,2026-04-27T21:53:31.057630
705,783,NO,2026-04-27T21:53:31.173528
705,666,NO,2026-04-27T21:53:31.515809
705,122,SUPER_LIKE,2026-04-27T21:53:31.636401
705,194,YES,2026-04-27T21:53:32.136464
705,282,YES,2026-04-27T21:53:32.373687
705,683,NO,2026-04-27T21:53:32.611019
705,26,YES,2026-04-27T21:53:32.725084
705,123,SUPER_LIKE,2026-04-27T21:53:33.079866
705,886,NO,2026-04-27T21:53:33.321336
705,973,NO,2026-04-27T21:53:33.445232
705,184,SUPER_LIKE,2026-04-27T21:53:33.555426
705,65,YES,2026-04-27T21:53:33.907605
705,162,SUPER_LIKE,2026-04-27T21:53:34.032030
705,60,NO,2026-04-27T21:53:34.153366
706,492,NO,2026-04-27T21:53:34.550072
706,990,NO,2026-04-27T21:53:34.671642
706,680,NO,2026-04-27T21:53:35.056177
706,532,NO,2026-04-27T21:53:35.177836
706,401,NO,2026-04-27T21:53:35.295694
706,966,NO,2026-04-27T21:53:35.409553
706,322,NO,2026-04-27T21:53:35.907740
706,561,NO,2026-04-27T21:53:36.148746
706,426,NO,2026-04-27T21:53:36.276508
706,395,NO,2026-04-27T21:53:36.402287
706,537,NO,2026-04-27T21:53:36.624820
706,288,YES,2026-04-27T21:53:36.745914
706,425,NO,2026-04-27T21:53:36.983747
706,961,NO,2026-04-27T21:53:37.214014
706,743,NO,2026-04-27T21:53:37.332790
707,11,NO,2026-04-27T21:53:37.657903
707,917,NO,2026-04-27T21:53:37.790565
707,508,NO,2026-04-27T21:53:38.028397
707,624,NO,2026-04-27T21:53:38.147117
707,655,NO,2026-04-27T21:53:38.260635
707,734,NO,2026-04-27T21:53:38.371332
707,170,NO,2026-04-27T21:53:38.494881
707,870,NO,2026-04-27T21:53:38.731179
707,838,NO,2026-04-27T21:53:39.085449
707,390,NO,2026-04-27T21:53:39.241051
707,87,NO,2026-04-27T21:53:39.352872
707,113,NO,2026-04-27T21:53:39.589730
707,529,NO,2026-04-27T21:53:39.706821
707,866,NO,2026-04-27T21:53:40.208905
707,755,YES,2026-04-27T21:53:40.324717
708,314,YES,2026-04-27T21:53:40.625194
708,617,NO,2026-04-27T21:53:40.855319
708,1000,NO,2026-04-27T21:53:40.987885
708,231,NO,2026-04-27T21:53:41.105342
708,493,NO,2026-04-27T21:53:41.232362
708,351,NO,2026-04-27T21:53:41.353184
708,866,NO,2026-04-27T21:53:41.589704
708,896,NO,2026-04-27T21:53:41.824373
708,663,NO,2026-04-27T21:53:41.954392
708,188,NO,2026-04-27T21:53:42.193549
708,786,NO,2026-04-27T21:53:42.320276
708,68,NO,2026-04-27T21:53:42.458304
708,177,NO,2026-04-27T21:53:42.580450
708,506,NO,2026-04-27T21:53:42.698251
708,845,NO,2026-04-27T21:53:42.815331
708,457,NO,2026-04-27T21:53:42.941478
708,696,NO,2026-04-27T21:53:43.153468
708,1008,NO,2026-04-27T21:53:43.271360
708,150,NO,2026-04-27T21:53:43.397577
709,978,NO,2026-04-27T21:53:43.566656
709,1002,NO,2026-04-27T21:53:43.684797
709,547,NO,2026-04-27T21:53:43.805010
709,70,YES,2026-04-27T21:53:43.922261
709,495,NO,2026-04-27T21:53:44.038453
709,245,NO,2026-04-27T21:53:44.287521
709,533,NO,2026-04-27T21:53:44.402075
709,278,YES,2026-04-27T21:53:44.649928
709,31,NO,2026-04-27T21:53:44.758379
709,296,NO,2026-04-27T21:53:44.883607
709,570,NO,2026-04-27T21:53:45.006830
709,327,NO,2026-04-27T21:53:45.125127
709,102,YES,2026-04-27T21:53:45.243524
709,986,YES,2026-04-27T21:53:45.508799
709,340,NO,2026-04-27T21:53:45.622952
709,912,NO,2026-04-27T21:53:45.886853
709,453,NO,2026-04-27T21:53:46.164837
710,129,SUPER_LIKE,2026-04-27T21:53:46.385329
710,242,YES,2026-04-27T21:53:46.496777
710,530,YES,2026-04-27T21:53:46.746338
710,70,NO,2026-04-27T21:53:46.868444
710,203,NO,2026-04-27T21:53:46.981759
710,249,YES,2026-04-27T21:53:47.101645
710,551,NO,2026-04-27T21:53:47.223601
710,796,YES,2026-04-27T21:53:47.339858
710,32,SUPER_LIKE,2026-04-27T21:53:47.458340
710,651,YES,2026-04-27T21:53:47.700193
710,597,NO,2026-04-27T21:53:47.829650
710,886,NO,2026-04-27T21:53:47.951987
710,637,YES,2026-04-27T21:53:48.069764
710,673,YES,2026-04-27T21:53:48.187809
710,1002,NO,2026-04-27T21:53:48.317842
710,365,YES,2026-04-27T21:53:48.552420
710,429,SUPER_LIKE,2026-04-27T21:53:48.672300
710,168,YES,2026-04-27T21:53:48.793075
710,51,YES,2026-04-27T21:53:48.928497
711,305,NO,2026-04-27T21:53:49.133520
711,576,YES,2026-04-27T21:53:49.282162
711,531,NO,2026-04-27T21:53:49.437945
711,797,NO,2026-04-27T21:53:49.628034
711,732,NO,2026-04-27T21:53:49.899588
711,26,NO,2026-04-27T21:53:50.050038
711,1021,NO,2026-04-27T21:53:50.190411
711,80,NO,2026-04-27T21:53:50.315777
711,207,NO,2026-04-27T21:53:50.462329
711,246,NO,2026-04-27T21:53:50.603223
711,790,NO,2026-04-27T21:53:50.875858
711,876,YES,2026-04-27T21:53:51.028555
711,645,NO,2026-04-27T21:53:51.509251
711,250,NO,2026-04-27T21:53:51.868703
711,203,NO,2026-04-27T21:53:51.990457
711,183,NO,2026-04-27T21:53:52.112965
711,486,NO,2026-04-27T21:53:52.229295
712,832,YES,2026-04-27T21:53:52.404279
712,148,NO,2026-04-27T21:53:52.675599
712,44,NO,2026-04-27T21:53:52.899188
712,657,NO,2026-04-27T21:53:53.018707
712,761,NO,2026-04-27T21:53:53.138876
712,562,NO,2026-04-27T21:53:53.267437
712,786,YES,2026-04-27T21:53:53.389706
712,1018,NO,2026-04-27T21:53:53.612737
712,87,NO,2026-04-27T21:53:53.988220
712,570,NO,2026-04-27T21:53:54.111504
712,1019,NO,2026-04-27T21:53:54.351631
712,714,NO,2026-04-27T21:53:54.468864
712,1011,NO,2026-04-27T21:53:54.585076
712,607,NO,2026-04-27T21:53:54.702199
712,577,NO,2026-04-27T21:53:55.030807
713,696,NO,2026-04-27T21:53:55.208213
713,788,SUPER_LIKE,2026-04-27T21:53:55.563438
713,83,YES,2026-04-27T21:53:55.695985
713,244,YES,2026-04-27T21:53:55.815483
713,986,NO,2026-04-27T21:53:55.937742
713,588,YES,2026-04-27T21:53:56.167752
713,34,YES,2026-04-27T21:53:56.283671
713,469,YES,2026-04-27T21:53:56.396303
713,1001,NO,2026-04-27T21:53:56.503350
713,248,YES,2026-04-27T21:53:56.621457
713,684,NO,2026-04-27T21:53:56.748377
713,214,YES,2026-04-27T21:53:56.871610
713,177,YES,2026-04-27T21:53:56.991042
713,301,NO,2026-04-27T21:53:57.115821
713,161,YES,2026-04-27T21:53:57.241773
713,190,NO,2026-04-27T21:53:57.365771
713,948,YES,2026-04-27T21:53:57.491941
713,864,YES,2026-04-27T21:53:57.610526
713,111,NO,2026-04-27T21:53:57.742657
714,937,NO,2026-04-27T21:53:57.926377
714,930,NO,2026-04-27T21:53:58.175984
714,77,NO,2026-04-27T21:53:58.291649
714,682,NO,2026-04-27T21:53:58.406305
714,875,NO,2026-04-27T21:53:58.530405
714,267,NO,2026-04-27T21:53:58.653637
714,966,NO,2026-04-27T21:53:58.882675
714,676,NO,2026-04-27T21:53:59.108844
714,640,YES,2026-04-27T21:53:59.342695
714,703,NO,2026-04-27T21:53:59.568346
714,922,NO,2026-04-27T21:53:59.684306
714,340,NO,2026-04-27T21:54:00.044764
714,984,NO,2026-04-27T21:54:00.165711
714,868,NO,2026-04-27T21:54:00.408427
715,33,YES,2026-04-27T21:54:00.708959
715,181,YES,2026-04-27T21:54:00.835277
715,46,NO,2026-04-27T21:54:00.951691
715,172,SUPER_LIKE,2026-04-27T21:54:01.295862
715,445,NO,2026-04-27T21:54:01.410718
715,442,YES,2026-04-27T21:54:01.531720
715,1018,NO,2026-04-27T21:54:01.645659
715,198,NO,2026-04-27T21:54:01.869047
715,132,YES,2026-04-27T21:54:01.978085
715,577,YES,2026-04-27T21:54:02.212741
715,432,YES,2026-04-27T21:54:02.329478
715,217,NO,2026-04-27T21:54:02.441534
715,112,NO,2026-04-27T21:54:02.556386
715,878,YES,2026-04-27T21:54:02.676414
715,336,YES,2026-04-27T21:54:02.798282
715,935,YES,2026-04-27T21:54:02.918093
716,844,NO,2026-04-27T21:54:03.469073
716,153,NO,2026-04-27T21:54:03.591049
716,736,NO,2026-04-27T21:54:03.709671
716,956,NO,2026-04-27T21:54:03.840611
716,188,NO,2026-04-27T21:54:03.952502
716,561,YES,2026-04-27T21:54:04.079115
716,474,YES,2026-04-27T21:54:04.193488
716,469,YES,2026-04-27T21:54:04.305853
716,530,NO,2026-04-27T21:54:04.439475
716,92,YES,2026-04-27T21:54:04.564542
716,800,NO,2026-04-27T21:54:04.673711
716,700,NO,2026-04-27T21:54:04.785371
716,1005,NO,2026-04-27T21:54:04.903451
716,883,NO,2026-04-27T21:54:05.155336
716,162,YES,2026-04-27T21:54:05.267760
716,489,NO,2026-04-27T21:54:05.493207
716,461,NO,2026-04-27T21:54:05.629606
716,152,NO,2026-04-27T21:54:05.744297
717,878,SUPER_LIKE,2026-04-27T21:54:05.922031
717,94,YES,2026-04-27T21:54:06.167675
717,157,NO,2026-04-27T21:54:06.415283
717,144,NO,2026-04-27T21:54:06.764233
717,767,NO,2026-04-27T21:54:06.885741
717,317,NO,2026-04-27T21:54:06.998526
717,597,NO,2026-04-27T21:54:07.114068
717,692,YES,2026-04-27T21:54:07.231565
717,947,YES,2026-04-27T21:54:08.283628
717,351,YES,2026-04-27T21:54:08.406736
717,737,SUPER_LIKE,2026-04-27T21:54:08.546130
717,903,YES,2026-04-27T21:54:08.665558
718,608,YES,2026-04-27T21:54:08.964555
718,117,NO,2026-04-27T21:54:09.083917
718,72,NO,2026-04-27T21:54:09.214573
718,34,NO,2026-04-27T21:54:09.575973
718,725,NO,2026-04-27T21:54:09.708799
718,932,NO,2026-04-27T21:54:09.827973
718,286,YES,2026-04-27T21:54:10.070454
718,537,NO,2026-04-27T21:54:10.190509
718,375,NO,2026-04-27T21:54:10.317589
718,663,NO,2026-04-27T21:54:10.425313
718,561,NO,2026-04-27T21:54:10.713120
718,162,NO,2026-04-27T21:54:10.841472
718,405,NO,2026-04-27T21:54:11.067628
718,214,NO,2026-04-27T21:54:11.176211
718,832,NO,2026-04-27T21:54:11.433075
719,580,NO,2026-04-27T21:54:11.728395
719,643,NO,2026-04-27T21:54:11.845492
719,380,YES,2026-04-27T21:54:11.988929
719,757,NO,2026-04-27T21:54:12.112692
719,82,NO,2026-04-27T21:54:12.223652
719,910,YES,2026-04-27T21:54:12.462465
719,606,YES,2026-04-27T21:54:12.588461
719,720,YES,2026-04-27T21:54:12.706904
719,201,NO,2026-04-27T21:54:12.939115
719,241,SUPER_LIKE,2026-04-27T21:54:13.095463
719,811,YES,2026-04-27T21:54:13.345992
719,926,YES,2026-04-27T21:54:13.591394
719,879,YES,2026-04-27T21:54:13.721427
719,924,NO,2026-04-27T21:54:13.954446
719,637,YES,2026-04-27T21:54:14.075342
719,735,NO,2026-04-27T21:54:14.186916
719,95,NO,2026-04-27T21:54:14.303686
719,275,NO,2026-04-27T21:54:14.417313
719,389,YES,2026-04-27T21:54:14.546228
720,18,NO,2026-04-27T21:54:14.830039
720,981,NO,2026-04-27T21:54:14.954618
720,738,YES,2026-04-27T21:54:15.073547
720,594,NO,2026-04-27T21:54:15.184636
720,233,NO,2026-04-27T21:54:15.310304
720,878,NO,2026-04-27T21:54:15.436143
720,956,NO,2026-04-27T21:54:15.658723
720,407,NO,2026-04-27T21:54:15.782045
720,80,NO,2026-04-27T21:54:15.914902
720,170,NO,2026-04-27T21:54:16.048046
720,976,NO,2026-04-27T21:54:16.184704
720,195,NO,2026-04-27T21:54:16.314126
720,686,YES,2026-04-27T21:54:16.614007
720,913,NO,2026-04-27T21:54:16.764164
720,164,NO,2026-04-27T21:54:16.923064
720,214,YES,2026-04-27T21:54:17.046790
720,419,YES,2026-04-27T21:54:17.159003
720,764,NO,2026-04-27T21:54:17.283499
721,826,NO,2026-04-27T21:54:17.585111
721,637,NO,2026-04-27T21:54:17.695670
721,262,YES,2026-04-27T21:54:18.061341
721,42,NO,2026-04-27T21:54:18.174715
721,206,NO,2026-04-27T21:54:18.290867
721,1012,YES,2026-04-27T21:54:18.419557
721,556,YES,2026-04-27T21:54:18.661301
721,50,NO,2026-04-27T21:54:18.777657
721,466,YES,2026-04-27T21:54:18.896124
721,247,NO,2026-04-27T21:54:19.017966
721,704,NO,2026-04-27T21:54:19.158489
721,766,SUPER_LIKE,2026-04-27T21:54:19.284440
721,999,NO,2026-04-27T21:54:19.402897
721,395,YES,2026-04-27T21:54:19.560806
721,590,NO,2026-04-27T21:54:19.745094
721,872,NO,2026-04-27T21:54:19.881216
721,89,NO,2026-04-27T21:54:20.010920
721,246,NO,2026-04-27T21:54:20.277746
722,447,YES,2026-04-27T21:54:20.482932
722,373,NO,2026-04-27T21:54:20.614528
722,113,NO,2026-04-27T21:54:20.896166
722,901,NO,2026-04-27T21:54:21.021871
722,261,YES,2026-04-27T21:54:21.148638
722,712,NO,2026-04-27T21:54:21.252075
722,900,NO,2026-04-27T21:54:21.382002
722,198,NO,2026-04-27T21:54:21.503455
722,802,YES,2026-04-27T21:54:21.619423
722,945,YES,2026-04-27T21:54:21.734664
722,780,YES,2026-04-27T21:54:21.854147
722,396,NO,2026-04-27T21:54:21.975334
722,288,YES,2026-04-27T21:54:22.100460
722,525,NO,2026-04-27T21:54:22.227573
722,192,YES,2026-04-27T21:54:22.336863
722,956,YES,2026-04-27T21:54:22.726637
722,790,NO,2026-04-27T21:54:22.850057
723,160,YES,2026-04-27T21:54:23.154685
723,778,YES,2026-04-27T21:54:23.270611
723,1016,NO,2026-04-27T21:54:23.521202
723,395,YES,2026-04-27T21:54:23.639631
723,444,YES,2026-04-27T21:54:23.756570
723,34,YES,2026-04-27T21:54:23.999741
723,38,YES,2026-04-27T21:54:24.227365
723,584,NO,2026-04-27T21:54:24.355925
723,654,YES,2026-04-27T21:54:24.489689
723,389,NO,2026-04-27T21:54:24.606640
723,442,NO,2026-04-27T21:54:24.728632
723,165,NO,2026-04-27T21:54:24.964876
723,910,YES,2026-04-27T21:54:25.089366
723,62,NO,2026-04-27T21:54:25.310000
723,439,YES,2026-04-27T21:54:25.431354
723,982,YES,2026-04-27T21:54:25.547534
723,748,YES,2026-04-27T21:54:25.685073
723,410,YES,2026-04-27T21:54:25.810008
723,370,YES,2026-04-27T21:54:26.052186
724,520,NO,2026-04-27T21:54:26.323376
724,509,NO,2026-04-27T21:54:26.432160
724,154,NO,2026-04-27T21:54:26.539425
724,428,NO,2026-04-27T21:54:26.657106
724,152,NO,2026-04-27T21:54:26.772122
724,371,NO,2026-04-27T21:54:26.891679
724,260,NO,2026-04-27T21:54:27.006249
724,344,NO,2026-04-27T21:54:27.130015
724,278,YES,2026-04-27T21:54:27.244865
724,968,YES,2026-04-27T21:54:27.369514
724,143,NO,2026-04-27T21:54:27.488735
724,497,NO,2026-04-27T21:54:27.601817
724,20,NO,2026-04-27T21:54:27.843215
724,909,NO,2026-04-27T21:54:27.969782
724,362,NO,2026-04-27T21:54:28.078764
724,955,NO,2026-04-27T21:54:28.194702
724,1021,NO,2026-04-27T21:54:28.575510
724,140,NO,2026-04-27T21:54:28.695102
725,622,YES,2026-04-27T21:54:28.987573
725,878,YES,2026-04-27T21:54:29.119093
725,397,YES,2026-04-27T21:54:29.240338
725,752,YES,2026-04-27T21:54:29.356359
725,223,YES,2026-04-27T21:54:29.743412
725,219,YES,2026-04-27T21:54:29.862114
725,854,YES,2026-04-27T21:54:30.103507
725,457,SUPER_LIKE,2026-04-27T21:54:30.221691
725,200,NO,2026-04-27T21:54:30.346915
725,723,YES,2026-04-27T21:54:30.465190
725,402,YES,2026-04-27T21:54:30.582834
725,239,YES,2026-04-27T21:54:30.957097
725,763,NO,2026-04-27T21:54:31.065357
725,545,YES,2026-04-27T21:54:31.177317
725,269,NO,2026-04-27T21:54:31.286874
725,487,YES,2026-04-27T21:54:31.411908
725,53,YES,2026-04-27T21:54:31.550878
726,884,NO,2026-04-27T21:54:31.846128
726,424,YES,2026-04-27T21:54:31.958944
726,540,NO,2026-04-27T21:54:32.209037
726,668,YES,2026-04-27T21:54:32.433279
726,561,YES,2026-04-27T21:54:32.553354
726,837,YES,2026-04-27T21:54:32.812726
726,147,YES,2026-04-27T21:54:33.046631
726,871,SUPER_LIKE,2026-04-27T21:54:33.160905
726,535,NO,2026-04-27T21:54:33.283844
726,155,NO,2026-04-27T21:54:33.410694
726,23,YES,2026-04-27T21:54:33.524394
726,188,YES,2026-04-27T21:54:33.645459
726,806,YES,2026-04-27T21:54:33.765082
726,989,NO,2026-04-27T21:54:33.890141
726,584,YES,2026-04-27T21:54:34.012052
726,662,NO,2026-04-27T21:54:34.135787
726,329,NO,2026-04-27T21:54:34.258008
726,154,NO,2026-04-27T21:54:34.371550
727,197,NO,2026-04-27T21:54:34.658337
727,26,NO,2026-04-27T21:54:34.887715
727,379,NO,2026-04-27T21:54:35.009517
727,208,NO,2026-04-27T21:54:35.235335
727,151,YES,2026-04-27T21:54:35.347678
727,291,NO,2026-04-27T21:54:35.577068
727,475,NO,2026-04-27T21:54:35.702124
727,181,NO,2026-04-27T21:54:36.048097
727,721,YES,2026-04-27T21:54:36.164709
727,419,NO,2026-04-27T21:54:36.404607
727,932,NO,2026-04-27T21:54:36.517250
727,86,NO,2026-04-27T21:54:36.626656
727,250,NO,2026-04-27T21:54:36.744194
727,830,NO,2026-04-27T21:54:36.988652
727,87,NO,2026-04-27T21:54:37.229322
727,235,NO,2026-04-27T21:54:37.347508
728,554,YES,2026-04-27T21:54:37.530588
728,631,SUPER_LIKE,2026-04-27T21:54:37.880099
728,288,YES,2026-04-27T21:54:37.996337
728,689,NO,2026-04-27T21:54:38.602146
728,970,NO,2026-04-27T21:54:38.719262
728,400,NO,2026-04-27T21:54:38.838083
728,230,NO,2026-04-27T21:54:39.076326
728,333,NO,2026-04-27T21:54:39.200432
728,298,NO,2026-04-27T21:54:39.320480
728,751,NO,2026-04-27T21:54:39.443438
728,311,NO,2026-04-27T21:54:39.675190
728,966,NO,2026-04-27T21:54:39.788742
728,487,YES,2026-04-27T21:54:39.909311
728,161,NO,2026-04-27T21:54:40.024352
728,491,NO,2026-04-27T21:54:40.364294
729,231,YES,2026-04-27T21:54:40.672895
729,842,YES,2026-04-27T21:54:40.789580
729,55,YES,2026-04-27T21:54:40.916913
729,28,YES,2026-04-27T21:54:41.057446
729,880,NO,2026-04-27T21:54:41.519506
729,326,YES,2026-04-27T21:54:41.671524
729,601,YES,2026-04-27T21:54:41.811428
729,990,YES,2026-04-27T21:54:41.930388
729,347,NO,2026-04-27T21:54:42.046412
729,865,YES,2026-04-27T21:54:42.164576
729,462,YES,2026-04-27T21:54:42.418222
729,146,YES,2026-04-27T21:54:42.551098
729,192,YES,2026-04-27T21:54:42.800649
729,309,NO,2026-04-27T21:54:42.919721
729,621,YES,2026-04-27T21:54:43.048284
729,303,NO,2026-04-27T21:54:43.165143
730,473,NO,2026-04-27T21:54:43.464882
730,254,YES,2026-04-27T21:54:43.706186
730,257,NO,2026-04-27T21:54:44.068916
730,793,NO,2026-04-27T21:54:44.182386
730,450,NO,2026-04-27T21:54:44.310764
730,194,YES,2026-04-27T21:54:44.570621
730,726,YES,2026-04-27T21:54:44.688398
730,621,YES,2026-04-27T21:54:44.805011
730,617,YES,2026-04-27T21:54:44.913967
730,314,NO,2026-04-27T21:54:45.024045
730,781,YES,2026-04-27T21:54:45.277211
730,572,NO,2026-04-27T21:54:45.392195
730,819,NO,2026-04-27T21:54:45.747492
730,765,NO,2026-04-27T21:54:46.139786
730,755,YES,2026-04-27T21:54:46.256469
731,751,NO,2026-04-27T21:54:46.439243
731,619,NO,2026-04-27T21:54:46.797723
731,681,YES,2026-04-27T21:54:46.931157
731,797,YES,2026-04-27T21:54:47.161937
731,947,NO,2026-04-27T21:54:47.390232
731,661,NO,2026-04-27T21:54:47.517058
731,32,NO,2026-04-27T21:54:47.634381
731,229,NO,2026-04-27T21:54:47.749988
731,218,YES,2026-04-27T21:54:47.867757
731,468,NO,2026-04-27T21:54:48.091061
731,207,NO,2026-04-27T21:54:48.346845
731,138,NO,2026-04-27T21:54:48.466177
731,889,NO,2026-04-27T21:54:48.583966
731,134,NO,2026-04-27T21:54:48.852000
731,165,NO,2026-04-27T21:54:48.972402
731,528,YES,2026-04-27T21:54:49.209157
731,543,YES,2026-04-27T21:54:49.327915
732,891,NO,2026-04-27T21:54:49.502430
732,235,NO,2026-04-27T21:54:49.614702
732,468,YES,2026-04-27T21:54:49.852524
732,695,YES,2026-04-27T21:54:49.986412
732,806,NO,2026-04-27T21:54:50.107899
732,743,NO,2026-04-27T21:54:50.229333
732,803,YES,2026-04-27T21:54:50.352631
732,96,YES,2026-04-27T21:54:50.480306
732,569,NO,2026-04-27T21:54:50.600070
732,208,NO,2026-04-27T21:54:50.722166
732,375,NO,2026-04-27T21:54:50.834121
732,372,NO,2026-04-27T21:54:50.965836
732,648,YES,2026-04-27T21:54:51.093594
732,1014,YES,2026-04-27T21:54:51.216032
732,349,YES,2026-04-27T21:54:51.468058
732,347,NO,2026-04-27T21:54:51.829295
732,230,NO,2026-04-27T21:54:51.944812
732,542,NO,2026-04-27T21:54:52.067634
732,359,NO,2026-04-27T21:54:52.300537
732,1019,NO,2026-04-27T21:54:52.409256
733,764,NO,2026-04-27T21:54:52.596814
733,268,NO,2026-04-27T21:54:52.728647
733,787,NO,2026-04-27T21:54:52.981902
733,356,NO,2026-04-27T21:54:53.103771
733,175,NO,2026-04-27T21:54:53.228203
733,27,NO,2026-04-27T21:54:53.463857
733,117,NO,2026-04-27T21:54:53.575068
733,581,YES,2026-04-27T21:54:53.805946
733,873,YES,2026-04-27T21:54:54.080552
733,965,NO,2026-04-27T21:54:54.194639
733,179,NO,2026-04-27T21:54:54.312588
733,110,NO,2026-04-27T21:54:54.428716
733,905,YES,2026-04-27T21:54:54.544556
733,51,NO,2026-04-27T21:54:54.655715
733,261,NO,2026-04-27T21:54:54.776290
733,707,YES,2026-04-27T21:54:54.909883
733,313,YES,2026-04-27T21:54:55.035584
733,385,NO,2026-04-27T21:54:55.155315
733,86,NO,2026-04-27T21:54:55.266669
733,272,YES,2026-04-27T21:54:55.495957
734,437,NO,2026-04-27T21:54:55.675845
734,910,NO,2026-04-27T21:54:55.891866
734,404,NO,2026-04-27T21:54:56.022260
734,557,YES,2026-04-27T21:54:56.155299
734,370,NO,2026-04-27T21:54:56.265287
734,565,NO,2026-04-27T21:54:56.377581
734,594,YES,2026-04-27T21:54:56.484351
734,445,NO,2026-04-27T21:54:56.622992
734,405,YES,2026-04-27T21:54:56.749411
734,60,YES,2026-04-27T21:54:56.868335
734,106,YES,2026-04-27T21:54:57.121068
734,247,YES,2026-04-27T21:54:57.247425
734,875,NO,2026-04-27T21:54:57.480515
734,318,NO,2026-04-27T21:54:57.613905
734,1007,NO,2026-04-27T21:54:57.725977
734,220,NO,2026-04-27T21:54:57.843934
734,426,YES,2026-04-27T21:54:57.961966
735,33,YES,2026-04-27T21:54:58.718734
735,548,NO,2026-04-27T21:54:58.829631
735,370,NO,2026-04-27T21:54:59.532285
735,967,NO,2026-04-27T21:54:59.651739
735,274,YES,2026-04-27T21:54:59.763802
735,159,SUPER_LIKE,2026-04-27T21:54:59.994578
735,601,YES,2026-04-27T21:55:00.166891
735,404,YES,2026-04-27T21:55:00.291750
735,324,NO,2026-04-27T21:55:00.413090
735,628,YES,2026-04-27T21:55:00.637866
735,693,YES,2026-04-27T21:55:01.007562
735,319,NO,2026-04-27T21:55:01.262675
735,142,YES,2026-04-27T21:55:01.380103
735,645,YES,2026-04-27T21:55:01.604820
736,943,YES,2026-04-27T21:55:02.005917
736,941,YES,2026-04-27T21:55:02.588803
736,430,YES,2026-04-27T21:55:02.708421
736,622,YES,2026-04-27T21:55:03.051138
736,666,NO,2026-04-27T21:55:03.168988
736,236,NO,2026-04-27T21:55:03.403687
736,695,NO,2026-04-27T21:55:03.633746
736,759,NO,2026-04-27T21:55:03.754040
736,60,NO,2026-04-27T21:55:03.988618
736,676,NO,2026-04-27T21:55:04.100015
736,91,YES,2026-04-27T21:55:04.223984
736,602,NO,2026-04-27T21:55:04.448945
736,932,NO,2026-04-27T21:55:04.562284
736,892,YES,2026-04-27T21:55:04.919931
736,696,YES,2026-04-27T21:55:05.034180
736,745,NO,2026-04-27T21:55:05.275581
737,326,SUPER_LIKE,2026-04-27T21:55:05.463371
737,829,YES,2026-04-27T21:55:05.576149
737,198,NO,2026-04-27T21:55:05.803191
737,77,NO,2026-04-27T21:55:06.052824
737,323,YES,2026-04-27T21:55:06.294491
737,409,NO,2026-04-27T21:55:06.453990
737,839,NO,2026-04-27T21:55:06.582590
737,866,YES,2026-04-27T21:55:06.816228
737,206,YES,2026-04-27T21:55:06.937024
737,697,NO,2026-04-27T21:55:07.189427
737,741,NO,2026-04-27T21:55:07.312649
737,67,NO,2026-04-27T21:55:07.537893
737,464,YES,2026-04-27T21:55:07.650553
737,174,NO,2026-04-27T21:55:07.791123
737,961,NO,2026-04-27T21:55:07.909309
737,361,NO,2026-04-27T21:55:08.024856
737,426,YES,2026-04-27T21:55:08.266822
738,147,YES,2026-04-27T21:55:08.440664
738,711,NO,2026-04-27T21:55:08.676870
738,204,NO,2026-04-27T21:55:08.910892
738,472,NO,2026-04-27T21:55:09.025903
738,211,NO,2026-04-27T21:55:09.189299
738,33,NO,2026-04-27T21:55:09.421082
738,861,NO,2026-04-27T21:55:09.650614
738,504,YES,2026-04-27T21:55:09.768664
738,837,NO,2026-04-27T21:55:09.888158
738,308,NO,2026-04-27T21:55:10.022470
738,907,NO,2026-04-27T21:55:10.144636
738,70,NO,2026-04-27T21:55:10.495647
738,363,NO,2026-04-27T21:55:10.718089
738,331,NO,2026-04-27T21:55:10.831626
738,587,NO,2026-04-27T21:55:10.951592
738,799,NO,2026-04-27T21:55:11.186693
738,239,NO,2026-04-27T21:55:11.302665
738,573,NO,2026-04-27T21:55:11.415326
738,533,NO,2026-04-27T21:55:11.568009
739,525,YES,2026-04-27T21:55:11.789379
739,869,NO,2026-04-27T21:55:11.900491
739,986,NO,2026-04-27T21:55:12.011405
739,847,NO,2026-04-27T21:55:12.137262
739,116,NO,2026-04-27T21:55:12.279251
739,790,NO,2026-04-27T21:55:12.393878
739,556,YES,2026-04-27T21:55:12.510533
739,415,NO,2026-04-27T21:55:12.631362
739,28,NO,2026-04-27T21:55:12.751972
739,900,NO,2026-04-27T21:55:12.881712
739,808,NO,2026-04-27T21:55:13.000341
739,176,NO,2026-04-27T21:55:13.114412
739,266,NO,2026-04-27T21:55:13.384469
739,975,NO,2026-04-27T21:55:13.749461
739,510,NO,2026-04-27T21:55:13.864614
739,921,NO,2026-04-27T21:55:13.989155
739,807,NO,2026-04-27T21:55:14.113645
740,886,NO,2026-04-27T21:55:14.291233
740,254,NO,2026-04-27T21:55:14.408240
740,997,NO,2026-04-27T21:55:14.645092
740,137,YES,2026-04-27T21:55:14.885066
740,48,YES,2026-04-27T21:55:15.119553
740,400,SUPER_LIKE,2026-04-27T21:55:15.247199
740,726,YES,2026-04-27T21:55:15.383745
740,240,NO,2026-04-27T21:55:15.515117
740,965,YES,2026-04-27T21:55:15.642023
740,656,NO,2026-04-27T21:55:15.775264
740,215,YES,2026-04-27T21:55:16.032570
740,330,NO,2026-04-27T21:55:16.153548
740,132,NO,2026-04-27T21:55:16.269197
740,671,YES,2026-04-27T21:55:16.412466
740,313,SUPER_LIKE,2026-04-27T21:55:16.700572
740,788,YES,2026-04-27T21:55:16.831100
740,318,NO,2026-04-27T21:55:16.965114
741,160,NO,2026-04-27T21:55:17.239690
741,67,NO,2026-04-27T21:55:17.382145
741,261,NO,2026-04-27T21:55:17.538852
741,857,YES,2026-04-27T21:55:17.699493
741,243,YES,2026-04-27T21:55:17.925093
741,369,YES,2026-04-27T21:55:18.231619
741,1002,NO,2026-04-27T21:55:18.366533
741,452,YES,2026-04-27T21:55:18.490621
741,653,NO,2026-04-27T21:55:18.704505
741,504,YES,2026-04-27T21:55:18.840491
741,317,NO,2026-04-27T21:55:18.954589
741,619,NO,2026-04-27T21:55:19.198751
741,204,YES,2026-04-27T21:55:19.325528
741,970,YES,2026-04-27T21:55:19.690718
741,629,NO,2026-04-27T21:55:19.917108
741,228,NO,2026-04-27T21:55:20.055956
742,387,NO,2026-04-27T21:55:20.483447
742,528,NO,2026-04-27T21:55:20.614377
742,444,YES,2026-04-27T21:55:20.877330
742,152,NO,2026-04-27T21:55:20.999364
742,763,YES,2026-04-27T21:55:21.117214
742,257,YES,2026-04-27T21:55:21.263911
742,844,YES,2026-04-27T21:55:21.389522
742,117,NO,2026-04-27T21:55:21.502222
742,880,NO,2026-04-27T21:55:21.613630
742,436,NO,2026-04-27T21:55:21.732116
742,824,YES,2026-04-27T21:55:21.869021
742,468,NO,2026-04-27T21:55:22.119550
742,28,YES,2026-04-27T21:55:22.257936
742,45,YES,2026-04-27T21:55:22.378212
742,603,NO,2026-04-27T21:55:22.510978
742,93,NO,2026-04-27T21:55:22.630128
742,877,NO,2026-04-27T21:55:22.743133
742,487,NO,2026-04-27T21:55:22.853580
742,133,NO,2026-04-27T21:55:23.067684
742,591,NO,2026-04-27T21:55:23.187074
743,944,NO,2026-04-27T21:55:23.372123
743,953,NO,2026-04-27T21:55:23.622170
743,523,NO,2026-04-27T21:55:23.745644
743,926,NO,2026-04-27T21:55:23.867700
743,248,NO,2026-04-27T21:55:24.097702
743,738,NO,2026-04-27T21:55:24.236599
743,1006,NO,2026-04-27T21:55:24.348190
743,426,NO,2026-04-27T21:55:24.465919
743,814,NO,2026-04-27T21:55:24.603019
743,708,NO,2026-04-27T21:55:24.720879
743,790,NO,2026-04-27T21:55:24.842240
743,996,NO,2026-04-27T21:55:25.070154
743,539,YES,2026-04-27T21:55:25.185979
743,383,NO,2026-04-27T21:55:25.313852
743,976,NO,2026-04-27T21:55:25.437937
743,577,NO,2026-04-27T21:55:25.551988
743,834,NO,2026-04-27T21:55:25.671511
743,200,NO,2026-04-27T21:55:25.783220
744,210,YES,2026-04-27T21:55:25.965676
744,36,YES,2026-04-27T21:55:26.078350
744,715,YES,2026-04-27T21:55:26.187104
744,568,NO,2026-04-27T21:55:26.353928
744,509,YES,2026-04-27T21:55:26.604206
744,93,NO,2026-04-27T21:55:26.952382
744,965,NO,2026-04-27T21:55:27.072341
744,655,YES,2026-04-27T21:55:27.194460
744,125,YES,2026-04-27T21:55:27.315504
744,29,YES,2026-04-27T21:55:27.798238
744,28,YES,2026-04-27T21:55:28.043254
744,936,YES,2026-04-27T21:55:28.161244
744,543,YES,2026-04-27T21:55:28.282722
745,879,SUPER_LIKE,2026-04-27T21:55:28.597640
745,806,NO,2026-04-27T21:55:28.840815
745,11,NO,2026-04-27T21:55:29.084544
745,731,NO,2026-04-27T21:55:29.330839
745,905,NO,2026-04-27T21:55:29.460625
745,839,NO,2026-04-27T21:55:29.684310
745,377,NO,2026-04-27T21:55:29.796358
745,28,NO,2026-04-27T21:55:29.913352
745,46,NO,2026-04-27T21:55:30.039668
745,648,NO,2026-04-27T21:55:30.153616
745,871,NO,2026-04-27T21:55:30.394421
745,963,NO,2026-04-27T21:55:30.510923
745,975,NO,2026-04-27T21:55:30.732196
745,733,NO,2026-04-27T21:55:30.875175
745,784,YES,2026-04-27T21:55:30.994826
745,532,NO,2026-04-27T21:55:31.124795
745,868,NO,2026-04-27T21:55:31.359389
745,200,NO,2026-04-27T21:55:31.475704
745,281,NO,2026-04-27T21:55:31.594529
746,423,YES,2026-04-27T21:55:31.791472
746,353,YES,2026-04-27T21:55:32.016759
746,725,YES,2026-04-27T21:55:32.283776
746,816,YES,2026-04-27T21:55:32.406542
746,873,NO,2026-04-27T21:55:32.533917
746,463,YES,2026-04-27T21:55:32.811228
746,105,YES,2026-04-27T21:55:32.933964
746,96,YES,2026-04-27T21:55:33.042432
746,631,NO,2026-04-27T21:55:33.157838
746,699,NO,2026-04-27T21:55:33.402319
746,593,YES,2026-04-27T21:55:33.528823
746,489,YES,2026-04-27T21:55:33.896960
746,670,NO,2026-04-27T21:55:34.002136
746,523,SUPER_LIKE,2026-04-27T21:55:34.128334
746,774,YES,2026-04-27T21:55:34.250976
747,402,NO,2026-04-27T21:55:34.668775
747,905,NO,2026-04-27T21:55:34.800727
747,90,NO,2026-04-27T21:55:35.080072
747,777,NO,2026-04-27T21:55:35.302813
747,198,YES,2026-04-27T21:55:35.420874
747,430,NO,2026-04-27T21:55:35.530885
747,612,NO,2026-04-27T21:55:35.641745
747,440,NO,2026-04-27T21:55:35.764194
747,532,NO,2026-04-27T21:55:35.880528
747,39,NO,2026-04-27T21:55:35.996100
747,632,NO,2026-04-27T21:55:36.109231
747,900,NO,2026-04-27T21:55:36.351125
747,353,NO,2026-04-27T21:55:36.470271
747,249,NO,2026-04-27T21:55:36.600587
747,834,NO,2026-04-27T21:55:36.819123
747,384,NO,2026-04-27T21:55:36.957455
747,1015,NO,2026-04-27T21:55:37.070348
747,551,NO,2026-04-27T21:55:37.318336
748,171,YES,2026-04-27T21:55:37.613668
748,161,NO,2026-04-27T21:55:37.731007
748,785,NO,2026-04-27T21:55:37.841459
748,856,YES,2026-04-27T21:55:38.196713
748,651,NO,2026-04-27T21:55:38.311608
748,936,NO,2026-04-27T21:55:38.421836
748,800,NO,2026-04-27T21:55:38.535363
748,600,NO,2026-04-27T21:55:38.774175
748,974,NO,2026-04-27T21:55:38.896671
748,589,NO,2026-04-27T21:55:39.120053
748,632,NO,2026-04-27T21:55:39.354945
748,517,NO,2026-04-27T21:55:39.595935
748,17,NO,2026-04-27T21:55:39.832368
748,103,NO,2026-04-27T21:55:39.953869
748,504,NO,2026-04-27T21:55:40.062601
748,696,NO,2026-04-27T21:55:40.170393
749,701,YES,2026-04-27T21:55:40.342709
749,993,YES,2026-04-27T21:55:40.467345
749,787,YES,2026-04-27T21:55:40.577090
749,542,NO,2026-04-27T21:55:40.810021
749,899,NO,2026-04-27T21:55:40.930118
749,65,YES,2026-04-27T21:55:41.058231
749,860,NO,2026-04-27T21:55:41.291853
749,362,YES,2026-04-27T21:55:41.403764
749,951,YES,2026-04-27T21:55:41.517812
749,929,NO,2026-04-27T21:55:41.631866
749,891,YES,2026-04-27T21:55:41.788844
749,79,YES,2026-04-27T21:55:42.028078
749,360,YES,2026-04-27T21:55:42.145327
749,433,YES,2026-04-27T21:55:42.288344
749,688,NO,2026-04-27T21:55:42.404579
749,824,YES,2026-04-27T21:55:42.767390
749,994,NO,2026-04-27T21:55:42.896808
750,457,NO,2026-04-27T21:55:43.066106
750,453,YES,2026-04-27T21:55:43.289492
750,719,YES,2026-04-27T21:55:43.417195
750,993,YES,2026-04-27T21:55:43.539857
750,178,NO,2026-04-27T21:55:43.657116
750,667,NO,2026-04-27T21:55:43.775469
750,373,NO,2026-04-27T21:55:43.897419
750,108,YES,2026-04-27T21:55:44.030036
750,171,NO,2026-04-27T21:55:44.137587
750,263,YES,2026-04-27T21:55:44.490130
750,633,NO,2026-04-27T21:55:44.853768
750,269,NO,2026-04-27T21:55:44.968266
750,934,NO,2026-04-27T21:55:45.206878
750,361,NO,2026-04-27T21:55:45.321338
750,382,YES,2026-04-27T21:55:45.690357
750,68,SUPER_LIKE,2026-04-27T21:55:45.812771
750,697,YES,2026-04-27T21:55:45.931471
750,126,YES,2026-04-27T21:55:46.049103
751,636,NO,2026-04-27T21:55:46.224991
751,803,NO,2026-04-27T21:55:46.471407
751,190,NO,2026-04-27T21:55:46.589269
751,804,NO,2026-04-27T21:55:46.710571
751,929,YES,2026-04-27T21:55:46.949279
751,939,YES,2026-04-27T21:55:47.297756
751,455,NO,2026-04-27T21:55:47.426158
751,1010,NO,2026-04-27T21:55:47.539485
751,91,NO,2026-04-27T21:55:47.657959
751,661,NO,2026-04-27T21:55:47.773218
751,261,NO,2026-04-27T21:55:48.001909
751,911,SUPER_LIKE,2026-04-27T21:55:48.115921
751,551,NO,2026-04-27T21:55:48.241126
751,770,YES,2026-04-27T21:55:48.357129
751,721,YES,2026-04-27T21:55:48.484057
751,502,YES,2026-04-27T21:55:48.620383
751,426,YES,2026-04-27T21:55:48.867120
752,466,YES,2026-04-27T21:55:49.388367
752,562,NO,2026-04-27T21:55:49.506618
752,1018,NO,2026-04-27T21:55:49.633003
752,486,NO,2026-04-27T21:55:49.760303
752,853,YES,2026-04-27T21:55:50.109289
752,298,NO,2026-04-27T21:55:50.342423
752,638,YES,2026-04-27T21:55:50.457540
752,124,NO,2026-04-27T21:55:50.565847
752,443,YES,2026-04-27T21:55:50.811931
752,548,NO,2026-04-27T21:55:50.946591
752,419,YES,2026-04-27T21:55:51.069971
752,544,NO,2026-04-27T21:55:51.183256
752,137,NO,2026-04-27T21:55:51.325439
752,25,NO,2026-04-27T21:55:51.565055
752,658,NO,2026-04-27T21:55:51.682559
753,755,NO,2026-04-27T21:55:51.856287
753,484,NO,2026-04-27T21:55:51.965164
753,232,NO,2026-04-27T21:55:52.436639
753,164,YES,2026-04-27T21:55:52.548143
753,720,NO,2026-04-27T21:55:52.690150
753,261,NO,2026-04-27T21:55:52.823064
753,721,NO,2026-04-27T21:55:52.933023
753,942,NO,2026-04-27T21:55:53.290338
753,515,NO,2026-04-27T21:55:53.409726
753,835,NO,2026-04-27T21:55:53.523610
753,75,YES,2026-04-27T21:55:53.647540
753,900,NO,2026-04-27T21:55:53.888305
753,842,YES,2026-04-27T21:55:53.997557
753,228,NO,2026-04-27T21:55:54.111040
753,637,NO,2026-04-27T21:55:54.217951
753,598,NO,2026-04-27T21:55:54.338510
754,906,NO,2026-04-27T21:55:54.527318
754,728,NO,2026-04-27T21:55:54.644911
754,1018,NO,2026-04-27T21:55:54.762026
754,1000,NO,2026-04-27T21:55:54.893626
754,289,NO,2026-04-27T21:55:55.025520
754,826,NO,2026-04-27T21:55:55.271761
754,731,YES,2026-04-27T21:55:55.525124
754,641,NO,2026-04-27T21:55:55.656784
754,657,NO,2026-04-27T21:55:55.892680
754,720,NO,2026-04-27T21:55:56.137362
754,1012,NO,2026-04-27T21:55:56.249734
754,434,NO,2026-04-27T21:55:56.361415
754,689,NO,2026-04-27T21:55:56.487250
754,508,NO,2026-04-27T21:55:56.598665
754,446,NO,2026-04-27T21:55:56.725127
754,825,NO,2026-04-27T21:55:56.894420
754,319,NO,2026-04-27T21:55:57.018092
754,967,NO,2026-04-27T21:55:57.125814
754,815,NO,2026-04-27T21:55:57.241049
755,64,NO,2026-04-27T21:55:57.420003
755,317,NO,2026-04-27T21:55:57.535241
755,440,NO,2026-04-27T21:55:57.768006
755,231,YES,2026-04-27T21:55:57.899612
755,813,YES,2026-04-27T21:55:58.024563
755,939,YES,2026-04-27T21:55:58.135291
755,531,NO,2026-04-27T21:55:58.364785
755,180,YES,2026-04-27T21:55:58.496593
755,289,YES,2026-04-27T21:55:58.731957
755,929,NO,2026-04-27T21:55:58.860646
755,78,YES,2026-04-27T21:55:58.986758
755,349,NO,2026-04-27T21:55:59.107301
755,300,YES,2026-04-27T21:55:59.337822
755,968,YES,2026-04-27T21:55:59.791362
755,359,NO,2026-04-27T21:55:59.915466
755,986,NO,2026-04-27T21:56:00.162515
755,192,NO,2026-04-27T21:56:00.284901
755,1011,NO,2026-04-27T21:56:00.407219
756,239,YES,2026-04-27T21:56:00.698483
756,664,NO,2026-04-27T21:56:00.824810
756,364,NO,2026-04-27T21:56:01.170991
756,143,YES,2026-04-27T21:56:01.289049
756,98,NO,2026-04-27T21:56:01.418507
756,997,YES,2026-04-27T21:56:01.538547
756,118,NO,2026-04-27T21:56:01.652082
756,638,NO,2026-04-27T21:56:01.876904
756,509,NO,2026-04-27T21:56:02.002540
756,670,NO,2026-04-27T21:56:02.344920
756,648,NO,2026-04-27T21:56:02.456109
756,978,YES,2026-04-27T21:56:02.596764
756,732,NO,2026-04-27T21:56:02.718019
756,331,NO,2026-04-27T21:56:03.057232
757,789,NO,2026-04-27T21:56:03.243970
757,466,YES,2026-04-27T21:56:03.365358
757,672,NO,2026-04-27T21:56:03.593084
757,316,NO,2026-04-27T21:56:03.720051
757,631,YES,2026-04-27T21:56:03.837668
757,156,YES,2026-04-27T21:56:03.950100
757,129,YES,2026-04-27T21:56:04.062823
757,23,NO,2026-04-27T21:56:04.179846
757,939,YES,2026-04-27T21:56:04.540324
757,968,YES,2026-04-27T21:56:04.779659
757,135,YES,2026-04-27T21:56:04.908169
757,547,YES,2026-04-27T21:56:05.037062
757,980,YES,2026-04-27T21:56:05.267644
757,394,YES,2026-04-27T21:56:05.383301
757,373,NO,2026-04-27T21:56:05.632985
757,714,YES,2026-04-27T21:56:05.870773
757,663,YES,2026-04-27T21:56:06.104999
758,546,NO,2026-04-27T21:56:06.311368
758,120,NO,2026-04-27T21:56:06.430256
758,486,YES,2026-04-27T21:56:06.552556
758,457,NO,2026-04-27T21:56:06.680267
758,209,NO,2026-04-27T21:56:06.911283
758,25,NO,2026-04-27T21:56:07.022711
758,322,NO,2026-04-27T21:56:07.134905
758,308,NO,2026-04-27T21:56:07.260684
758,323,NO,2026-04-27T21:56:07.382973
758,449,YES,2026-04-27T21:56:07.861441
758,170,NO,2026-04-27T21:56:08.096430
758,375,NO,2026-04-27T21:56:08.208129
758,96,YES,2026-04-27T21:56:08.317044
758,843,YES,2026-04-27T21:56:08.447733
758,187,NO,2026-04-27T21:56:08.567561
758,60,YES,2026-04-27T21:56:08.809721
759,23,NO,2026-04-27T21:56:09.340017
759,132,NO,2026-04-27T21:56:09.462867
759,424,NO,2026-04-27T21:56:09.591888
759,776,NO,2026-04-27T21:56:09.709846
759,494,NO,2026-04-27T21:56:09.824767
759,273,NO,2026-04-27T21:56:10.079754
759,748,NO,2026-04-27T21:56:10.316947
759,61,NO,2026-04-27T21:56:10.437831
759,548,YES,2026-04-27T21:56:10.550847
759,646,NO,2026-04-27T21:56:10.670837
759,363,NO,2026-04-27T21:56:10.792563
759,168,NO,2026-04-27T21:56:11.042174
759,612,NO,2026-04-27T21:56:11.161963
759,166,NO,2026-04-27T21:56:11.303193
759,1014,NO,2026-04-27T21:56:11.559310
759,421,NO,2026-04-27T21:56:11.820324
759,429,NO,2026-04-27T21:56:11.971954
759,479,YES,2026-04-27T21:56:12.145963
759,45,SUPER_LIKE,2026-04-27T21:56:12.298958
759,777,NO,2026-04-27T21:56:12.436489
760,111,NO,2026-04-27T21:56:12.773906
760,933,NO,2026-04-27T21:56:12.912973
760,144,NO,2026-04-27T21:56:13.043788
760,393,NO,2026-04-27T21:56:13.311419
760,28,NO,2026-04-27T21:56:13.442252
760,1011,YES,2026-04-27T21:56:13.572243
760,334,NO,2026-04-27T21:56:13.817599
760,1004,NO,2026-04-27T21:56:13.933015
760,34,NO,2026-04-27T21:56:14.060582
760,157,NO,2026-04-27T21:56:14.193423
760,498,NO,2026-04-27T21:56:14.487555
760,565,NO,2026-04-27T21:56:14.746206
760,567,NO,2026-04-27T21:56:14.872269
760,663,NO,2026-04-27T21:56:14.981226
760,640,NO,2026-04-27T21:56:15.098038
760,508,NO,2026-04-27T21:56:15.218063
760,352,NO,2026-04-27T21:56:15.338670
760,445,NO,2026-04-27T21:56:15.458953
761,428,NO,2026-04-27T21:56:15.636567
761,477,NO,2026-04-27T21:56:15.889372
761,506,YES,2026-04-27T21:56:16.119898
761,480,YES,2026-04-27T21:56:16.370358
761,83,NO,2026-04-27T21:56:16.501428
761,279,YES,2026-04-27T21:56:16.625097
761,519,SUPER_LIKE,2026-04-27T21:56:16.739465
761,766,YES,2026-04-27T21:56:16.853639
761,921,NO,2026-04-27T21:56:16.966033
761,336,NO,2026-04-27T21:56:17.096406
761,412,NO,2026-04-27T21:56:17.324585
761,304,NO,2026-04-27T21:56:17.444325
761,803,YES,2026-04-27T21:56:17.567627
761,831,NO,2026-04-27T21:56:17.684808
761,462,YES,2026-04-27T21:56:17.803692
761,58,YES,2026-04-27T21:56:17.923975
761,43,YES,2026-04-27T21:56:18.067206
761,898,NO,2026-04-27T21:56:18.184396
761,909,YES,2026-04-27T21:56:18.298463
762,769,NO,2026-04-27T21:56:18.471018
762,276,NO,2026-04-27T21:56:18.583169
762,785,YES,2026-04-27T21:56:18.698039
762,566,YES,2026-04-27T21:56:18.814546
762,886,NO,2026-04-27T21:56:18.936782
762,74,NO,2026-04-27T21:56:19.065965
762,229,YES,2026-04-27T21:56:19.186815
762,456,YES,2026-04-27T21:56:19.309471
762,607,NO,2026-04-27T21:56:19.687200
762,594,NO,2026-04-27T21:56:19.816643
762,831,NO,2026-04-27T21:56:19.957940
762,610,YES,2026-04-27T21:56:20.121774
762,1002,NO,2026-04-27T21:56:20.391521
762,128,NO,2026-04-27T21:56:20.524220
762,602,NO,2026-04-27T21:56:20.688386
762,609,NO,2026-04-27T21:56:20.816511
762,147,YES,2026-04-27T21:56:20.944084
762,312,YES,2026-04-27T21:56:21.317314
763,589,NO,2026-04-27T21:56:21.489644
763,918,NO,2026-04-27T21:56:21.604288
763,988,NO,2026-04-27T21:56:21.718537
763,15,NO,2026-04-27T21:56:21.850119
763,43,NO,2026-04-27T21:56:22.073211
763,301,NO,2026-04-27T21:56:22.303393
763,860,NO,2026-04-27T21:56:22.427949
763,32,YES,2026-04-27T21:56:22.547252
763,823,NO,2026-04-27T21:56:22.665372
763,177,NO,2026-04-27T21:56:22.775111
763,55,NO,2026-04-27T21:56:22.897396
763,811,NO,2026-04-27T21:56:23.023968
763,108,NO,2026-04-27T21:56:23.145957
763,942,NO,2026-04-27T21:56:23.252114
763,322,NO,2026-04-27T21:56:23.484744
763,733,NO,2026-04-27T21:56:23.611401
763,331,NO,2026-04-27T21:56:23.733278
763,933,NO,2026-04-27T21:56:23.852843
763,208,NO,2026-04-27T21:56:24.087334
764,189,NO,2026-04-27T21:56:24.267212
764,260,NO,2026-04-27T21:56:24.497620
764,193,NO,2026-04-27T21:56:24.637501
764,229,NO,2026-04-27T21:56:24.907143
764,548,NO,2026-04-27T21:56:25.021178
764,818,NO,2026-04-27T21:56:25.149153
764,681,NO,2026-04-27T21:56:25.270367
764,671,NO,2026-04-27T21:56:25.407095
764,353,NO,2026-04-27T21:56:25.529443
764,327,NO,2026-04-27T21:56:25.646385
764,351,YES,2026-04-27T21:56:25.770910
764,92,NO,2026-04-27T21:56:26.247705
764,58,NO,2026-04-27T21:56:26.378381
764,778,YES,2026-04-27T21:56:26.629396
764,382,NO,2026-04-27T21:56:26.759982
764,375,NO,2026-04-27T21:56:26.995439
764,399,NO,2026-04-27T21:56:27.106449
764,443,NO,2026-04-27T21:56:27.219478
765,312,NO,2026-04-27T21:56:27.397220
765,885,YES,2026-04-27T21:56:27.527488
765,128,NO,2026-04-27T21:56:27.639566
765,60,NO,2026-04-27T21:56:27.874916
765,654,YES,2026-04-27T21:56:28.133577
765,202,NO,2026-04-27T21:56:28.377185
765,549,NO,2026-04-27T21:56:28.490364
765,49,NO,2026-04-27T21:56:28.618693
765,950,NO,2026-04-27T21:56:28.737240
765,595,NO,2026-04-27T21:56:28.846723
765,506,NO,2026-04-27T21:56:29.071330
765,28,NO,2026-04-27T21:56:29.438710
765,586,NO,2026-04-27T21:56:29.665178
765,15,NO,2026-04-27T21:56:29.790708
765,855,YES,2026-04-27T21:56:29.909832
765,576,NO,2026-04-27T21:56:30.147878
765,640,YES,2026-04-27T21:56:30.272607
766,82,YES,2026-04-27T21:56:30.567447
766,807,NO,2026-04-27T21:56:30.680431
766,269,YES,2026-04-27T21:56:30.800296
766,938,YES,2026-04-27T21:56:30.924540
766,727,SUPER_LIKE,2026-04-27T21:56:31.051229
766,927,YES,2026-04-27T21:56:31.172616
766,523,YES,2026-04-27T21:56:31.293146
766,96,YES,2026-04-27T21:56:31.411227
766,91,NO,2026-04-27T21:56:31.537566
766,420,YES,2026-04-27T21:56:31.673701
766,986,YES,2026-04-27T21:56:31.798179
766,458,YES,2026-04-27T21:56:31.916178
766,48,YES,2026-04-27T21:56:32.148151
766,243,YES,2026-04-27T21:56:32.271461
766,708,NO,2026-04-27T21:56:32.392066
766,622,SUPER_LIKE,2026-04-27T21:56:32.513949
766,826,NO,2026-04-27T21:56:32.765262
766,785,YES,2026-04-27T21:56:33.001122
767,368,NO,2026-04-27T21:56:33.169736
767,92,NO,2026-04-27T21:56:33.294135
767,351,NO,2026-04-27T21:56:33.419491
767,725,NO,2026-04-27T21:56:33.572258
767,315,NO,2026-04-27T21:56:33.681559
767,832,YES,2026-04-27T21:56:33.796722
767,335,NO,2026-04-27T21:56:33.914735
767,819,NO,2026-04-27T21:56:34.035449
767,528,NO,2026-04-27T21:56:34.148445
767,606,YES,2026-04-27T21:56:34.371660
767,398,NO,2026-04-27T21:56:34.493819
767,414,NO,2026-04-27T21:56:34.618697
767,260,NO,2026-04-27T21:56:34.860248
767,487,NO,2026-04-27T21:56:35.090930
767,177,NO,2026-04-27T21:56:35.201662
767,539,YES,2026-04-27T21:56:35.315720
767,341,SUPER_LIKE,2026-04-27T21:56:35.447890
767,810,YES,2026-04-27T21:56:35.576711
767,233,NO,2026-04-27T21:56:35.699129
767,530,YES,2026-04-27T21:56:35.824805
768,671,NO,2026-04-27T21:56:35.992708
768,997,NO,2026-04-27T21:56:36.123577
768,222,YES,2026-04-27T21:56:36.239164
768,148,NO,2026-04-27T21:56:36.358905
768,139,NO,2026-04-27T21:56:36.491586
768,114,NO,2026-04-27T21:56:36.607896
768,869,NO,2026-04-27T21:56:36.724176
768,132,NO,2026-04-27T21:56:37.312799
768,1007,NO,2026-04-27T21:56:37.443980
768,669,NO,2026-04-27T21:56:37.674749
768,748,NO,2026-04-27T21:56:37.782561
768,672,YES,2026-04-27T21:56:37.999841
768,392,NO,2026-04-27T21:56:38.114240
768,88,NO,2026-04-27T21:56:38.227930
768,830,NO,2026-04-27T21:56:38.338863
768,661,YES,2026-04-27T21:56:38.585887
769,640,NO,2026-04-27T21:56:38.870689
769,730,NO,2026-04-27T21:56:38.992161
769,137,NO,2026-04-27T21:56:39.148501
769,804,NO,2026-04-27T21:56:39.258164
769,201,NO,2026-04-27T21:56:39.366925
769,200,NO,2026-04-27T21:56:39.493149
769,808,YES,2026-04-27T21:56:39.610610
769,803,NO,2026-04-27T21:56:39.730314
769,987,NO,2026-04-27T21:56:39.845344
769,394,YES,2026-04-27T21:56:39.961223
769,848,NO,2026-04-27T21:56:40.074852
769,522,NO,2026-04-27T21:56:40.321808
769,519,NO,2026-04-27T21:56:40.439713
769,904,NO,2026-04-27T21:56:40.549531
769,225,NO,2026-04-27T21:56:40.669503
769,55,YES,2026-04-27T21:56:40.793880
769,385,YES,2026-04-27T21:56:40.918371
769,59,NO,2026-04-27T21:56:41.140995
770,924,YES,2026-04-27T21:56:41.322355
770,101,NO,2026-04-27T21:56:41.568849
770,106,NO,2026-04-27T21:56:41.947114
770,50,NO,2026-04-27T21:56:42.069670
770,200,YES,2026-04-27T21:56:42.198991
770,169,NO,2026-04-27T21:56:42.435866
770,289,NO,2026-04-27T21:56:42.572245
770,462,YES,2026-04-27T21:56:42.914119
770,805,NO,2026-04-27T21:56:43.030298
770,937,NO,2026-04-27T21:56:43.161450
770,959,NO,2026-04-27T21:56:43.403873
770,245,NO,2026-04-27T21:56:43.520270
770,644,YES,2026-04-27T21:56:43.883733
770,574,NO,2026-04-27T21:56:44.121864
770,728,NO,2026-04-27T21:56:44.242421
771,184,NO,2026-04-27T21:56:44.626705
771,115,NO,2026-04-27T21:56:44.782956
771,621,NO,2026-04-27T21:56:44.951264
771,779,NO,2026-04-27T21:56:45.218093
771,730,NO,2026-04-27T21:56:45.334647
771,343,NO,2026-04-27T21:56:45.614896
771,628,NO,2026-04-27T21:56:45.753271
771,458,NO,2026-04-27T21:56:45.901988
771,583,YES,2026-04-27T21:56:46.074964
771,703,NO,2026-04-27T21:56:46.249404
771,498,NO,2026-04-27T21:56:46.507788
771,133,NO,2026-04-27T21:56:46.636375
771,43,NO,2026-04-27T21:56:46.762073
771,22,NO,2026-04-27T21:56:46.989527
771,915,NO,2026-04-27T21:56:47.099683
771,354,NO,2026-04-27T21:56:47.217820
771,422,NO,2026-04-27T21:56:47.347187
772,614,NO,2026-04-27T21:56:47.522201
772,179,NO,2026-04-27T21:56:47.644261
772,18,NO,2026-04-27T21:56:47.926592
772,312,NO,2026-04-27T21:56:48.048353
772,734,NO,2026-04-27T21:56:48.427712
772,849,NO,2026-04-27T21:56:48.549618
772,280,YES,2026-04-27T21:56:48.692962
772,1021,NO,2026-04-27T21:56:48.943122
772,81,NO,2026-04-27T21:56:49.471059
772,104,NO,2026-04-27T21:56:49.843924
772,13,NO,2026-04-27T21:56:50.085534
772,705,NO,2026-04-27T21:56:50.343965
772,91,NO,2026-04-27T21:56:50.591156
772,852,NO,2026-04-27T21:56:50.846972
772,234,NO,2026-04-27T21:56:51.090848
772,177,YES,2026-04-27T21:56:51.338074
772,450,NO,2026-04-27T21:56:51.581752
773,17,NO,2026-04-27T21:56:51.962322
773,439,NO,2026-04-27T21:56:52.313465
773,547,NO,2026-04-27T21:56:52.553914
773,668,YES,2026-04-27T21:56:52.800089
773,588,NO,2026-04-27T21:56:53.060154
773,428,YES,2026-04-27T21:56:53.741021
773,303,YES,2026-04-27T21:56:54.063073
773,759,NO,2026-04-27T21:56:54.319124
773,209,NO,2026-04-27T21:56:55.098889
773,926,NO,2026-04-27T21:56:55.974467
773,812,YES,2026-04-27T21:56:56.188851
773,590,NO,2026-04-27T21:56:56.411857
773,28,NO,2026-04-27T21:56:56.628232
773,113,NO,2026-04-27T21:56:56.847671
774,195,YES,2026-04-27T21:56:57.199636
774,563,NO,2026-04-27T21:56:57.460270
774,270,NO,2026-04-27T21:56:57.814265
774,1006,NO,2026-04-27T21:56:58.034637
774,153,NO,2026-04-27T21:56:58.268935
774,975,NO,2026-04-27T21:56:58.484186
774,285,NO,2026-04-27T21:56:58.704685
774,432,NO,2026-04-27T21:56:58.924879
774,828,YES,2026-04-27T21:56:59.153472
774,497,NO,2026-04-27T21:56:59.391357
774,382,NO,2026-04-27T21:56:59.612790
774,991,NO,2026-04-27T21:57:00.072533
774,241,NO,2026-04-27T21:57:00.290280
774,61,NO,2026-04-27T21:57:00.531141
774,136,NO,2026-04-27T21:57:00.749032
774,225,NO,2026-04-27T21:57:00.981968
774,660,NO,2026-04-27T21:57:01.201599
774,963,YES,2026-04-27T21:57:01.425593
774,798,NO,2026-04-27T21:57:01.658069
775,916,NO,2026-04-27T21:57:01.983041
775,367,NO,2026-04-27T21:57:02.230271
775,173,YES,2026-04-27T21:57:02.552211
775,307,NO,2026-04-27T21:57:02.790279
775,483,YES,2026-04-27T21:57:03.014179
775,432,YES,2026-04-27T21:57:03.360564
775,228,NO,2026-04-27T21:57:03.795976
775,619,NO,2026-04-27T21:57:04.015011
775,800,NO,2026-04-27T21:57:04.340866
775,472,NO,2026-04-27T21:57:04.657776
775,699,NO,2026-04-27T21:57:04.871124
775,392,YES,2026-04-27T21:57:05.106745
775,730,YES,2026-04-27T21:57:05.425580
775,1002,NO,2026-04-27T21:57:05.874632
775,507,NO,2026-04-27T21:57:06.223064
775,972,NO,2026-04-27T21:57:06.443033
775,482,NO,2026-04-27T21:57:06.660830
775,72,NO,2026-04-27T21:57:06.882874
776,886,YES,2026-04-27T21:57:07.453623
776,723,YES,2026-04-27T21:57:07.678981
776,18,YES,2026-04-27T21:57:07.895275
776,378,YES,2026-04-27T21:57:08.221093
776,161,YES,2026-04-27T21:57:08.459503
776,330,NO,2026-04-27T21:57:08.686821
776,521,YES,2026-04-27T21:57:09.017919
776,665,YES,2026-04-27T21:57:09.352673
776,592,YES,2026-04-27T21:57:09.576094
776,689,NO,2026-04-27T21:57:09.896869
776,69,NO,2026-04-27T21:57:10.119208
776,1016,YES,2026-04-27T21:57:10.602125
776,263,NO,2026-04-27T21:57:10.833881
776,192,NO,2026-04-27T21:57:11.055110
776,1006,SUPER_LIKE,2026-04-27T21:57:11.640992
776,800,YES,2026-04-27T21:57:12.094300
777,715,YES,2026-04-27T21:57:12.539754
777,257,YES,2026-04-27T21:57:12.771447
777,203,NO,2026-04-27T21:57:13.094338
777,311,YES,2026-04-27T21:57:13.441814
777,747,NO,2026-04-27T21:57:13.664368
777,925,YES,2026-04-27T21:57:13.891652
777,764,YES,2026-04-27T21:57:14.116769
777,341,YES,2026-04-27T21:57:14.471018
777,497,SUPER_LIKE,2026-04-27T21:57:14.696416
777,632,YES,2026-04-27T21:57:15.200695
777,67,NO,2026-04-27T21:57:15.424409
777,551,YES,2026-04-27T21:57:15.656251
777,145,YES,2026-04-27T21:57:15.879508
777,355,YES,2026-04-27T21:57:16.109873
777,448,SUPER_LIKE,2026-04-27T21:57:16.437139
777,998,SUPER_LIKE,2026-04-27T21:57:16.660156
777,980,NO,2026-04-27T21:57:16.884245
777,832,YES,2026-04-27T21:57:17.106545
777,844,YES,2026-04-27T21:57:17.348306
778,204,YES,2026-04-27T21:57:17.909357
778,732,YES,2026-04-27T21:57:18.233445
778,432,YES,2026-04-27T21:57:18.682516
778,812,NO,2026-04-27T21:57:18.903414
778,148,YES,2026-04-27T21:57:19.148560
778,28,SUPER_LIKE,2026-04-27T21:57:19.368160
778,133,YES,2026-04-27T21:57:19.638831
778,775,YES,2026-04-27T21:57:19.928603
778,96,YES,2026-04-27T21:57:20.194443
778,48,YES,2026-04-27T21:57:20.471100
778,33,SUPER_LIKE,2026-04-27T21:57:20.721544
778,741,NO,2026-04-27T21:57:20.987555
778,713,YES,2026-04-27T21:57:21.892485
778,615,NO,2026-04-27T21:57:22.437751
778,323,YES,2026-04-27T21:57:22.664605
779,930,YES,2026-04-27T21:57:23.005325
779,951,NO,2026-04-27T21:57:23.445632
779,319,NO,2026-04-27T21:57:23.901621
779,718,NO,2026-04-27T21:57:24.240252
779,919,NO,2026-04-27T21:57:24.466818
779,515,NO,2026-04-27T21:57:24.682361
779,345,NO,2026-04-27T21:57:24.929354
779,175,NO,2026-04-27T21:57:25.387610
779,680,NO,2026-04-27T21:57:25.602290
779,52,NO,2026-04-27T21:57:25.922369
779,438,NO,2026-04-27T21:57:26.367468
779,613,NO,2026-04-27T21:57:26.724985
779,909,NO,2026-04-27T21:57:26.945464
779,462,NO,2026-04-27T21:57:27.280732
779,58,NO,2026-04-27T21:57:27.501611
779,647,NO,2026-04-27T21:57:27.716560
780,282,NO,2026-04-27T21:57:28.161824
780,157,YES,2026-04-27T21:57:28.426435
780,465,NO,2026-04-27T21:57:28.678903
780,894,NO,2026-04-27T21:57:29.282254
780,192,NO,2026-04-27T21:57:29.571629
780,334,NO,2026-04-27T21:57:29.824500
780,827,NO,2026-04-27T21:57:30.037444
780,1005,NO,2026-04-27T21:57:30.372606
780,700,NO,2026-04-27T21:57:30.592272
780,143,NO,2026-04-27T21:57:30.834668
780,400,YES,2026-04-27T21:57:31.052804
780,596,YES,2026-04-27T21:57:31.390948
780,1001,NO,2026-04-27T21:57:31.612407
780,566,NO,2026-04-27T21:57:31.838656
780,147,NO,2026-04-27T21:57:32.325520
780,776,YES,2026-04-27T21:57:32.599560
780,121,NO,2026-04-27T21:57:32.865069
780,353,YES,2026-04-27T21:57:33.115749
781,83,YES,2026-04-27T21:57:33.439370
781,27,YES,2026-04-27T21:57:33.901564
781,328,YES,2026-04-27T21:57:34.119653
781,605,YES,2026-04-27T21:57:34.364384
781,285,NO,2026-04-27T21:57:34.680805
781,434,NO,2026-04-27T21:57:35.017593
781,508,NO,2026-04-27T21:57:35.234316
781,688,NO,2026-04-27T21:57:35.471121
781,298,NO,2026-04-27T21:57:35.690600
781,666,NO,2026-04-27T21:57:36.015575
781,755,NO,2026-04-27T21:57:36.231539
781,428,NO,2026-04-27T21:57:36.449634
781,652,NO,2026-04-27T21:57:36.785187
781,650,NO,2026-04-27T21:57:37.119275
781,72,NO,2026-04-27T21:57:37.328866
781,559,NO,2026-04-27T21:57:37.565974
781,97,NO,2026-04-27T21:57:37.788241
781,255,YES,2026-04-27T21:57:38.006326
781,563,NO,2026-04-27T21:57:38.239946
782,146,NO,2026-04-27T21:57:38.676797
782,935,NO,2026-04-27T21:57:38.902512
782,903,NO,2026-04-27T21:57:39.250554
782,519,NO,2026-04-27T21:57:39.463721
782,595,NO,2026-04-27T21:57:39.683361
782,642,YES,2026-04-27T21:57:39.910571
782,103,NO,2026-04-27T21:57:40.127594
782,365,NO,2026-04-27T21:57:40.698880
782,591,NO,2026-04-27T21:57:41.142219
782,383,NO,2026-04-27T21:57:41.363675
782,663,NO,2026-04-27T21:57:41.585885
782,337,NO,2026-04-27T21:57:42.025687
782,475,NO,2026-04-27T21:57:42.249182
782,770,NO,2026-04-27T21:57:42.718196
782,210,NO,2026-04-27T21:57:42.935819
783,879,NO,2026-04-27T21:57:43.580813
783,977,YES,2026-04-27T21:57:43.826878
783,904,YES,2026-04-27T21:57:44.168575
783,190,YES,2026-04-27T21:57:44.388842
783,803,NO,2026-04-27T21:57:44.625436
783,230,YES,2026-04-27T21:57:44.852643
783,51,NO,2026-04-27T21:57:45.085528
783,655,YES,2026-04-27T21:57:45.407538
783,442,YES,2026-04-27T21:57:45.637656
783,179,YES,2026-04-27T21:57:45.854902
783,785,NO,2026-04-27T21:57:46.071389
783,329,NO,2026-04-27T21:57:46.310725
783,531,NO,2026-04-27T21:57:46.522113
783,942,NO,2026-04-27T21:57:46.744801
783,583,NO,2026-04-27T21:57:47.183209
783,36,YES,2026-04-27T21:57:47.418138
783,922,NO,2026-04-27T21:57:47.865496
784,457,NO,2026-04-27T21:57:48.554573
784,618,NO,2026-04-27T21:57:48.774709
784,917,NO,2026-04-27T21:57:49.099158
784,706,SUPER_LIKE,2026-04-27T21:57:49.327324
784,855,NO,2026-04-27T21:57:49.540503
784,428,NO,2026-04-27T21:57:50.231344
784,867,NO,2026-04-27T21:57:50.443113
784,447,YES,2026-04-27T21:57:50.666749
784,858,NO,2026-04-27T21:57:50.911045
784,206,NO,2026-04-27T21:57:51.125376
784,153,NO,2026-04-27T21:57:51.359259
784,604,NO,2026-04-27T21:57:51.793847
784,144,NO,2026-04-27T21:57:52.124714
784,730,NO,2026-04-27T21:57:52.451573
784,282,NO,2026-04-27T21:57:52.669823
784,935,NO,2026-04-27T21:57:52.887484
784,550,NO,2026-04-27T21:57:53.120071
784,441,NO,2026-04-27T21:57:53.333245
785,548,NO,2026-04-27T21:57:53.669693
785,626,NO,2026-04-27T21:57:53.888844
785,213,NO,2026-04-27T21:57:54.219246
785,438,NO,2026-04-27T21:57:54.438146
785,936,NO,2026-04-27T21:57:54.664503
785,42,NO,2026-04-27T21:57:54.882879
785,737,NO,2026-04-27T21:57:55.096505
785,347,NO,2026-04-27T21:57:55.307189
785,312,YES,2026-04-27T21:57:55.634459
785,574,YES,2026-04-27T21:57:55.869533
785,377,NO,2026-04-27T21:57:56.092054
785,398,NO,2026-04-27T21:57:56.414341
785,990,NO,2026-04-27T21:57:56.742853
785,379,NO,2026-04-27T21:57:57.071250
785,795,NO,2026-04-27T21:57:57.286919
785,542,NO,2026-04-27T21:57:57.521930
785,221,NO,2026-04-27T21:57:57.733407
785,214,YES,2026-04-27T21:57:57.962070
785,867,YES,2026-04-27T21:57:58.190021
785,394,NO,2026-04-27T21:57:58.405085
786,336,NO,2026-04-27T21:57:58.822254
786,115,NO,2026-04-27T21:57:59.038020
786,64,YES,2026-04-27T21:57:59.581125
786,538,NO,2026-04-27T21:57:59.806095
786,438,NO,2026-04-27T21:58:00.032938
786,38,YES,2026-04-27T21:58:00.253209
786,671,YES,2026-04-27T21:58:00.490734
786,394,NO,2026-04-27T21:58:01.142350
786,411,NO,2026-04-27T21:58:01.366345
786,668,NO,2026-04-27T21:58:01.590079
786,588,YES,2026-04-27T21:58:01.809385
786,627,NO,2026-04-27T21:58:02.030483
786,526,YES,2026-04-27T21:58:02.583009
786,801,NO,2026-04-27T21:58:02.825879
786,896,NO,2026-04-27T21:58:03.044483
786,200,YES,2026-04-27T21:58:03.273742
786,28,YES,2026-04-27T21:58:03.606279
787,925,YES,2026-04-27T21:58:04.154702
787,855,YES,2026-04-27T21:58:04.626217
787,79,YES,2026-04-27T21:58:04.843107
787,998,NO,2026-04-27T21:58:05.087652
787,494,YES,2026-04-27T21:58:05.519232
787,346,YES,2026-04-27T21:58:05.754612
787,428,NO,2026-04-27T21:58:06.004195
787,34,YES,2026-04-27T21:58:06.496875
787,943,YES,2026-04-27T21:58:06.716707
787,916,YES,2026-04-27T21:58:06.947591
787,939,YES,2026-04-27T21:58:07.172744
787,338,YES,2026-04-27T21:58:07.405832
787,616,YES,2026-04-27T21:58:07.727623
787,29,SUPER_LIKE,2026-04-27T21:58:08.057116
787,558,NO,2026-04-27T21:58:08.386812
787,904,SUPER_LIKE,2026-04-27T21:58:08.631928
788,624,YES,2026-04-27T21:58:09.062681
788,823,YES,2026-04-27T21:58:09.292132
788,1020,NO,2026-04-27T21:58:09.522303
788,104,YES,2026-04-27T21:58:09.758723
788,349,YES,2026-04-27T21:58:09.992486
788,763,NO,2026-04-27T21:58:10.444745
788,189,NO,2026-04-27T21:58:10.776034
788,1006,NO,2026-04-27T21:58:11.007212
788,657,NO,2026-04-27T21:58:11.446177
788,861,YES,2026-04-27T21:58:11.706022
788,690,YES,2026-04-27T21:58:11.926197
788,697,SUPER_LIKE,2026-04-27T21:58:12.160520
788,474,SUPER_LIKE,2026-04-27T21:58:12.380209
788,492,NO,2026-04-27T21:58:12.594834
788,557,NO,2026-04-27T21:58:12.841452
788,641,YES,2026-04-27T21:58:13.075643
788,953,YES,2026-04-27T21:58:13.293756
788,989,NO,2026-04-27T21:58:13.615574
789,170,YES,2026-04-27T21:58:13.949931
789,741,YES,2026-04-27T21:58:14.275756
789,579,YES,2026-04-27T21:58:14.610391
789,962,YES,2026-04-27T21:58:14.835675
789,29,YES,2026-04-27T21:58:15.077256
789,299,NO,2026-04-27T21:58:15.335020
789,690,YES,2026-04-27T21:58:15.556971
789,27,YES,2026-04-27T21:58:15.799722
789,370,NO,2026-04-27T21:58:16.013160
789,184,YES,2026-04-27T21:58:16.345762
789,944,SUPER_LIKE,2026-04-27T21:58:16.907637
789,952,YES,2026-04-27T21:58:17.160802
789,452,YES,2026-04-27T21:58:17.399523
789,127,SUPER_LIKE,2026-04-27T21:58:17.731639
789,348,YES,2026-04-27T21:58:17.987529
789,403,YES,2026-04-27T21:58:18.565281
789,175,YES,2026-04-27T21:58:18.940325
790,89,YES,2026-04-27T21:58:19.570858
790,398,NO,2026-04-27T21:58:19.919486
790,285,NO,2026-04-27T21:58:20.178460
790,181,NO,2026-04-27T21:58:20.553598
790,969,NO,2026-04-27T21:58:20.794667
790,571,NO,2026-04-27T21:58:21.043883
790,21,NO,2026-04-27T21:58:21.731706
790,392,NO,2026-04-27T21:58:22.177359
790,466,YES,2026-04-27T21:58:22.399464
790,868,NO,2026-04-27T21:58:22.653333
790,581,NO,2026-04-27T21:58:22.864419
790,245,NO,2026-04-27T21:58:23.284236
790,350,NO,2026-04-27T21:58:23.497966
790,1007,NO,2026-04-27T21:58:23.731399
790,679,NO,2026-04-27T21:58:24.210292
790,984,NO,2026-04-27T21:58:24.456178
791,295,NO,2026-04-27T21:58:24.787937
791,438,NO,2026-04-27T21:58:25.033998
791,287,YES,2026-04-27T21:58:25.346065
791,456,NO,2026-04-27T21:58:25.602430
791,719,NO,2026-04-27T21:58:25.815376
791,633,YES,2026-04-27T21:58:26.035466
791,423,NO,2026-04-27T21:58:26.254195
791,320,NO,2026-04-27T21:58:26.466654
791,645,NO,2026-04-27T21:58:27.012631
791,349,YES,2026-04-27T21:58:27.246180
791,198,YES,2026-04-27T21:58:27.470196
791,144,NO,2026-04-27T21:58:27.795866
791,742,NO,2026-04-27T21:58:28.121891
791,479,NO,2026-04-27T21:58:28.350842
791,817,NO,2026-04-27T21:58:28.566274
791,684,NO,2026-04-27T21:58:28.784795
791,976,NO,2026-04-27T21:58:29.027779
791,936,YES,2026-04-27T21:58:29.247747
791,172,NO,2026-04-27T21:58:29.474759
792,161,NO,2026-04-27T21:58:29.799507
792,493,YES,2026-04-27T21:58:30.030172
792,837,NO,2026-04-27T21:58:30.243263
792,808,NO,2026-04-27T21:58:30.696483
792,898,NO,2026-04-27T21:58:30.907898
792,959,NO,2026-04-27T21:58:31.146711
792,712,NO,2026-04-27T21:58:31.370340
792,81,NO,2026-04-27T21:58:31.591078
792,359,NO,2026-04-27T21:58:31.827704
792,590,YES,2026-04-27T21:58:32.045703
792,396,NO,2026-04-27T21:58:32.267288
792,694,YES,2026-04-27T21:58:32.598358
792,782,YES,2026-04-27T21:58:32.833981
792,832,YES,2026-04-27T21:58:33.261651
792,335,NO,2026-04-27T21:58:33.518156
792,722,NO,2026-04-27T21:58:33.738065
792,447,NO,2026-04-27T21:58:33.962573
792,440,NO,2026-04-27T21:58:34.190664
793,145,YES,2026-04-27T21:58:34.509697
793,380,YES,2026-04-27T21:58:34.745793
793,450,NO,2026-04-27T21:58:34.971289
793,156,NO,2026-04-27T21:58:35.192436
793,274,YES,2026-04-27T21:58:35.414952
793,715,NO,2026-04-27T21:58:35.630462
793,467,NO,2026-04-27T21:58:35.868078
793,660,NO,2026-04-27T21:58:36.182677
793,888,YES,2026-04-27T21:58:36.420378
793,70,NO,2026-04-27T21:58:36.850018
793,303,NO,2026-04-27T21:58:37.076011
793,583,NO,2026-04-27T21:58:37.397306
793,122,YES,2026-04-27T21:58:37.844224
793,237,NO,2026-04-27T21:58:38.066347
793,878,NO,2026-04-27T21:58:38.513324
794,731,NO,2026-04-27T21:58:39.402252
794,514,NO,2026-04-27T21:58:39.620134
794,106,NO,2026-04-27T21:58:40.337989
794,609,NO,2026-04-27T21:58:40.751912
794,571,NO,2026-04-27T21:58:40.975519
794,141,NO,2026-04-27T21:58:41.196074
794,427,NO,2026-04-27T21:58:41.412841
794,755,NO,2026-04-27T21:58:41.635356
794,839,YES,2026-04-27T21:58:41.860262
794,309,NO,2026-04-27T21:58:42.098016
794,965,NO,2026-04-27T21:58:42.322501
794,880,NO,2026-04-27T21:58:42.558209
794,653,NO,2026-04-27T21:58:42.775676
794,209,YES,2026-04-27T21:58:43.094568
794,208,NO,2026-04-27T21:58:43.333849
794,288,NO,2026-04-27T21:58:43.664676
794,711,NO,2026-04-27T21:58:43.997522
794,335,NO,2026-04-27T21:58:44.216473
795,664,NO,2026-04-27T21:58:45.187833
795,987,NO,2026-04-27T21:58:45.415662
795,221,NO,2026-04-27T21:58:45.632599
795,400,YES,2026-04-27T21:58:46.075175
795,92,NO,2026-04-27T21:58:46.410878
795,454,YES,2026-04-27T21:58:46.654991
795,21,NO,2026-04-27T21:58:46.976150
795,724,YES,2026-04-27T21:58:47.213135
795,626,NO,2026-04-27T21:58:47.534930
795,1021,NO,2026-04-27T21:58:48.416604
795,109,NO,2026-04-27T21:58:48.635684
795,495,NO,2026-04-27T21:58:49.156655
795,290,YES,2026-04-27T21:58:49.736860
795,241,SUPER_LIKE,2026-04-27T21:58:49.972640
796,815,YES,2026-04-27T21:58:50.401237
796,285,YES,2026-04-27T21:58:50.651970
796,930,YES,2026-04-27T21:58:50.864359
796,95,NO,2026-04-27T21:58:51.319048
796,337,YES,2026-04-27T21:58:51.649095
796,913,YES,2026-04-27T21:58:51.870516
796,26,YES,2026-04-27T21:58:52.538703
796,362,YES,2026-04-27T21:58:52.779005
796,702,YES,2026-04-27T21:58:52.998152
796,30,NO,2026-04-27T21:58:53.330918
796,931,YES,2026-04-27T21:58:53.573414
796,725,YES,2026-04-27T21:58:54.024013
796,65,NO,2026-04-27T21:58:54.240258
796,657,NO,2026-04-27T21:58:54.458316
796,656,YES,2026-04-27T21:58:54.689488
796,21,NO,2026-04-27T21:58:54.906195
797,36,YES,2026-04-27T21:58:55.475727
797,406,YES,2026-04-27T21:58:55.794897
797,940,NO,2026-04-27T21:58:56.345027
797,452,YES,2026-04-27T21:58:56.922183
797,117,NO,2026-04-27T21:58:57.142294
797,83,YES,2026-04-27T21:58:57.691603
797,13,NO,2026-04-27T21:58:57.910266
797,911,NO,2026-04-27T21:58:58.149164
797,714,NO,2026-04-27T21:58:58.365704
797,578,NO,2026-04-27T21:58:58.694827
797,1009,NO,2026-04-27T21:58:58.912483
797,706,NO,2026-04-27T21:58:59.146508
797,936,YES,2026-04-27T21:58:59.930527
798,98,YES,2026-04-27T21:59:00.508417
798,170,NO,2026-04-27T21:59:01.061446
798,682,NO,2026-04-27T21:59:01.384719
798,643,NO,2026-04-27T21:59:01.616837
798,1007,YES,2026-04-27T21:59:01.834519
798,79,NO,2026-04-27T21:59:02.169594
798,742,NO,2026-04-27T21:59:02.500021
798,213,NO,2026-04-27T21:59:02.834069
798,587,NO,2026-04-27T21:59:03.157078
798,557,NO,2026-04-27T21:59:03.375234
798,50,NO,2026-04-27T21:59:04.024675
798,806,NO,2026-04-27T21:59:04.356944
798,540,YES,2026-04-27T21:59:04.577961
798,488,YES,2026-04-27T21:59:04.804147
798,627,NO,2026-04-27T21:59:05.119363
798,569,YES,2026-04-27T21:59:05.559090
799,524,YES,2026-04-27T21:59:06.469861
799,891,YES,2026-04-27T21:59:06.690340
799,434,YES,2026-04-27T21:59:06.911417
799,568,NO,2026-04-27T21:59:07.140619
799,262,YES,2026-04-27T21:59:07.913380
799,988,NO,2026-04-27T21:59:08.135624
799,727,YES,2026-04-27T21:59:08.467957
799,488,YES,2026-04-27T21:59:08.691644
799,871,NO,2026-04-27T21:59:08.918935
799,402,NO,2026-04-27T21:59:09.171235
799,943,YES,2026-04-27T21:59:09.395144
799,367,NO,2026-04-27T21:59:09.733752
799,782,NO,2026-04-27T21:59:09.982437
799,1020,NO,2026-04-27T21:59:10.220351
799,817,YES,2026-04-27T21:59:10.488277
799,620,NO,2026-04-27T21:59:10.827301
799,46,NO,2026-04-27T21:59:11.083956
800,649,NO,2026-04-27T21:59:11.711400
800,848,NO,2026-04-27T21:59:12.094158
800,281,YES,2026-04-27T21:59:12.336430
800,780,YES,2026-04-27T21:59:12.570189
800,546,NO,2026-04-27T21:59:12.812251
800,556,YES,2026-04-27T21:59:13.048515
800,359,NO,2026-04-27T21:59:13.288764
800,340,YES,2026-04-27T21:59:13.531702
800,380,NO,2026-04-27T21:59:13.762564
800,582,YES,2026-04-27T21:59:14.490000
800,473,NO,2026-04-27T21:59:14.707760
800,620,NO,2026-04-27T21:59:15.026608
800,719,NO,2026-04-27T21:59:15.248525
800,209,NO,2026-04-27T21:59:15.462516
800,468,NO,2026-04-27T21:59:15.693603
800,581,NO,2026-04-27T21:59:16.020790
800,833,NO,2026-04-27T21:59:16.250245
801,263,NO,2026-04-27T21:59:16.685121
801,555,NO,2026-04-27T21:59:16.919798
801,537,NO,2026-04-27T21:59:17.170107
801,888,NO,2026-04-27T21:59:17.432480
801,479,NO,2026-04-27T21:59:18.074709
801,766,NO,2026-04-27T21:59:18.343373
801,150,YES,2026-04-27T21:59:18.777882
801,300,NO,2026-04-27T21:59:19.101799
801,638,NO,2026-04-27T21:59:19.708783
801,363,YES,2026-04-27T21:59:19.967208
801,221,NO,2026-04-27T21:59:20.234391
801,672,NO,2026-04-27T21:59:20.477996
801,725,NO,2026-04-27T21:59:20.936357
801,372,NO,2026-04-27T21:59:21.220605
801,694,NO,2026-04-27T21:59:21.455903
801,877,NO,2026-04-27T21:59:21.780828
802,936,NO,2026-04-27T21:59:22.323446
802,812,NO,2026-04-27T21:59:22.588534
802,970,NO,2026-04-27T21:59:22.807922
802,188,NO,2026-04-27T21:59:23.030469
802,19,NO,2026-04-27T21:59:23.258496
802,76,NO,2026-04-27T21:59:23.471771
802,330,NO,2026-04-27T21:59:23.693468
802,25,NO,2026-04-27T21:59:24.019030
802,204,NO,2026-04-27T21:59:24.272480
802,242,YES,2026-04-27T21:59:24.832938
802,331,YES,2026-04-27T21:59:25.308358
802,777,NO,2026-04-27T21:59:25.546160
802,973,YES,2026-04-27T21:59:25.888021
802,437,YES,2026-04-27T21:59:26.450162
802,536,NO,2026-04-27T21:59:26.679949
802,435,NO,2026-04-27T21:59:26.907404
802,269,YES,2026-04-27T21:59:27.142867
803,707,NO,2026-04-27T21:59:27.592469
803,352,YES,2026-04-27T21:59:27.941294
803,483,YES,2026-04-27T21:59:28.158659
803,321,NO,2026-04-27T21:59:28.507281
803,861,NO,2026-04-27T21:59:29.053987
803,105,NO,2026-04-27T21:59:29.267502
803,146,YES,2026-04-27T21:59:29.491371
803,194,NO,2026-04-27T21:59:29.712143
803,425,NO,2026-04-27T21:59:30.034119
803,371,NO,2026-04-27T21:59:30.585602
803,642,NO,2026-04-27T21:59:30.804776
803,281,NO,2026-04-27T21:59:31.142272
803,461,NO,2026-04-27T21:59:31.470076
803,835,NO,2026-04-27T21:59:31.694183
803,968,NO,2026-04-27T21:59:31.920009
803,419,NO,2026-04-27T21:59:32.135820
803,540,YES,2026-04-27T21:59:32.603349
804,95,NO,2026-04-27T21:59:32.942232
804,438,NO,2026-04-27T21:59:33.258882
804,491,NO,2026-04-27T21:59:33.709310
804,115,NO,2026-04-27T21:59:34.031006
804,723,YES,2026-04-27T21:59:34.801555
804,842,YES,2026-04-27T21:59:35.248008
804,1012,NO,2026-04-27T21:59:35.459501
804,34,YES,2026-04-27T21:59:35.683570
804,615,NO,2026-04-27T21:59:35.910615
804,486,NO,2026-04-27T21:59:36.133533
804,951,NO,2026-04-27T21:59:36.367396
804,758,NO,2026-04-27T21:59:36.582560
804,855,NO,2026-04-27T21:59:36.919303
804,751,NO,2026-04-27T21:59:37.338839
804,22,NO,2026-04-27T21:59:37.560403
804,589,NO,2026-04-27T21:59:37.906918
805,715,SUPER_LIKE,2026-04-27T21:59:38.239068
805,332,NO,2026-04-27T21:59:38.452665
805,57,NO,2026-04-27T21:59:38.776300
805,342,NO,2026-04-27T21:59:38.991538
805,790,YES,2026-04-27T21:59:39.222566
805,628,NO,2026-04-27T21:59:39.432992
805,889,YES,2026-04-27T21:59:39.674415
805,317,NO,2026-04-27T21:59:39.889838
805,699,YES,2026-04-27T21:59:40.109202
805,672,YES,2026-04-27T21:59:40.338072
805,426,YES,2026-04-27T21:59:40.664089
805,304,YES,2026-04-27T21:59:40.919830
805,703,YES,2026-04-27T21:59:41.143220
805,943,YES,2026-04-27T21:59:41.604140
805,946,NO,2026-04-27T21:59:42.161313
805,71,NO,2026-04-27T21:59:42.388084
805,801,NO,2026-04-27T21:59:42.711115
805,835,YES,2026-04-27T21:59:42.929337
806,43,NO,2026-04-27T21:59:43.383639
806,378,NO,2026-04-27T21:59:43.717147
806,119,NO,2026-04-27T21:59:44.160500
806,328,YES,2026-04-27T21:59:44.592190
806,942,NO,2026-04-27T21:59:44.804803
806,363,NO,2026-04-27T21:59:45.144437
806,101,NO,2026-04-27T21:59:45.357180
806,204,NO,2026-04-27T21:59:45.594479
806,862,NO,2026-04-27T21:59:45.808759
806,854,YES,2026-04-27T21:59:46.157539
806,479,YES,2026-04-27T21:59:46.924242
806,681,YES,2026-04-27T21:59:47.178645
806,299,NO,2026-04-27T21:59:47.400192
806,831,NO,2026-04-27T21:59:47.623204
806,596,NO,2026-04-27T21:59:47.965679
806,25,NO,2026-04-27T21:59:48.189050
806,113,YES,2026-04-27T21:59:48.425540
807,632,NO,2026-04-27T21:59:48.956761
807,487,NO,2026-04-27T21:59:49.170370
807,783,YES,2026-04-27T21:59:49.385941
807,131,NO,2026-04-27T21:59:49.812950
807,780,SUPER_LIKE,2026-04-27T21:59:50.096102
807,900,NO,2026-04-27T21:59:50.415566
807,47,NO,2026-04-27T21:59:50.640673
807,978,NO,2026-04-27T21:59:50.952450
807,23,YES,2026-04-27T21:59:51.213366
807,389,YES,2026-04-27T21:59:51.432504
807,405,YES,2026-04-27T21:59:51.652743
807,453,NO,2026-04-27T21:59:51.984622
807,594,YES,2026-04-27T21:59:52.444256
807,815,SUPER_LIKE,2026-04-27T21:59:52.686821
807,874,NO,2026-04-27T21:59:53.145244
807,417,NO,2026-04-27T21:59:53.369682
807,27,NO,2026-04-27T21:59:53.612962
808,327,YES,2026-04-27T21:59:54.288328
808,194,YES,2026-04-27T21:59:54.507200
808,186,NO,2026-04-27T21:59:54.721307
808,968,YES,2026-04-27T21:59:54.977621
808,103,YES,2026-04-27T21:59:55.189313
808,86,YES,2026-04-27T21:59:55.435774
808,913,YES,2026-04-27T21:59:55.653122
808,852,SUPER_LIKE,2026-04-27T21:59:55.871645
808,761,YES,2026-04-27T21:59:56.122558
808,135,YES,2026-04-27T21:59:56.441916
808,1009,YES,2026-04-27T21:59:56.680964
808,392,YES,2026-04-27T21:59:56.926605
808,882,YES,2026-04-27T21:59:57.167740
808,507,YES,2026-04-27T21:59:57.385292
808,565,NO,2026-04-27T21:59:57.720387
808,190,YES,2026-04-27T21:59:57.947258
808,457,YES,2026-04-27T21:59:58.175641
808,774,NO,2026-04-27T21:59:58.424000
808,493,SUPER_LIKE,2026-04-27T21:59:58.751041
808,632,YES,2026-04-27T21:59:58.981365
809,322,NO,2026-04-27T21:59:59.411635
809,328,NO,2026-04-27T21:59:59.633944
809,76,NO,2026-04-27T21:59:59.854301
809,966,YES,2026-04-27T22:00:00.179905
809,415,YES,2026-04-27T22:00:00.396539
809,662,NO,2026-04-27T22:00:00.626749
809,830,NO,2026-04-27T22:00:00.951196
809,780,NO,2026-04-27T22:00:01.284982
809,398,NO,2026-04-27T22:00:01.848720
809,156,NO,2026-04-27T22:00:02.061968
809,844,YES,2026-04-27T22:00:02.283160
809,384,NO,2026-04-27T22:00:02.501601
809,712,NO,2026-04-27T22:00:02.926185
809,391,YES,2026-04-27T22:00:03.491072
809,287,NO,2026-04-27T22:00:03.706250
809,111,NO,2026-04-27T22:00:04.030389
809,331,NO,2026-04-27T22:00:04.270606
809,782,YES,2026-04-27T22:00:04.496958
810,666,NO,2026-04-27T22:00:05.149898
810,106,NO,2026-04-27T22:00:05.390620
810,464,NO,2026-04-27T22:00:05.606675
810,148,NO,2026-04-27T22:00:06.039653
810,943,NO,2026-04-27T22:00:06.261990
810,436,NO,2026-04-27T22:00:06.593532
810,697,NO,2026-04-27T22:00:06.810723
810,532,NO,2026-04-27T22:00:07.136681
810,983,YES,2026-04-27T22:00:07.465171
810,952,NO,2026-04-27T22:00:07.684653
810,567,NO,2026-04-27T22:00:07.895696
810,95,NO,2026-04-27T22:00:08.123500
810,834,NO,2026-04-27T22:00:08.337320
810,379,NO,2026-04-27T22:00:08.557591
810,776,NO,2026-04-27T22:00:09.095793
810,459,NO,2026-04-27T22:00:09.414041
810,996,NO,2026-04-27T22:00:09.633928
810,978,NO,2026-04-27T22:00:09.969399
811,74,YES,2026-04-27T22:00:10.499588
811,848,NO,2026-04-27T22:00:10.713631
811,467,YES,2026-04-27T22:00:11.050534
811,861,YES,2026-04-27T22:00:11.605696
811,277,YES,2026-04-27T22:00:12.051956
811,736,YES,2026-04-27T22:00:12.278720
811,232,YES,2026-04-27T22:00:12.617033
811,640,YES,2026-04-27T22:00:12.836959
811,108,YES,2026-04-27T22:00:13.515799
811,691,NO,2026-04-27T22:00:13.744858
811,549,YES,2026-04-27T22:00:14.076899
811,753,SUPER_LIKE,2026-04-27T22:00:14.307015
811,641,YES,2026-04-27T22:00:15.074485
812,651,NO,2026-04-27T22:00:15.629345
812,318,YES,2026-04-27T22:00:15.844990
812,419,NO,2026-04-27T22:00:16.071988
812,588,NO,2026-04-27T22:00:16.524217
812,190,NO,2026-04-27T22:00:16.775317
812,70,YES,2026-04-27T22:00:16.991739
812,771,YES,2026-04-27T22:00:17.245354
812,292,NO,2026-04-27T22:00:17.564827
812,749,NO,2026-04-27T22:00:17.780885
812,491,NO,2026-04-27T22:00:18.010802
812,785,NO,2026-04-27T22:00:18.223941
812,13,NO,2026-04-27T22:00:18.554523
812,356,NO,2026-04-27T22:00:18.776040
812,228,YES,2026-04-27T22:00:19.029287
812,145,NO,2026-04-27T22:00:19.254643
812,940,NO,2026-04-27T22:00:19.993009
812,113,NO,2026-04-27T22:00:20.254337
813,805,NO,2026-04-27T22:00:20.623005
813,50,NO,2026-04-27T22:00:20.866358
813,357,NO,2026-04-27T22:00:21.121220
813,41,NO,2026-04-27T22:00:21.363787
813,695,NO,2026-04-27T22:00:21.797747
813,739,NO,2026-04-27T22:00:22.022296
813,598,YES,2026-04-27T22:00:22.241576
813,158,NO,2026-04-27T22:00:22.796377
813,218,NO,2026-04-27T22:00:23.022569
813,254,NO,2026-04-27T22:00:23.235949
813,346,NO,2026-04-27T22:00:23.453287
813,203,NO,2026-04-27T22:00:23.673749
813,468,NO,2026-04-27T22:00:23.884606
813,326,NO,2026-04-27T22:00:24.207934
813,275,NO,2026-04-27T22:00:24.440786
813,316,NO,2026-04-27T22:00:24.667600
813,458,NO,2026-04-27T22:00:25.099953
814,816,NO,2026-04-27T22:00:25.438264
814,579,NO,2026-04-27T22:00:25.658284
814,537,NO,2026-04-27T22:00:25.908127
814,312,YES,2026-04-27T22:00:26.389087
814,589,NO,2026-04-27T22:00:26.859014
814,766,NO,2026-04-27T22:00:27.510621
814,611,NO,2026-04-27T22:00:27.839271
814,668,NO,2026-04-27T22:00:28.054790
814,716,YES,2026-04-27T22:00:28.279286
814,229,NO,2026-04-27T22:00:28.605422
814,789,NO,2026-04-27T22:00:28.955743
814,278,NO,2026-04-27T22:00:29.167577
814,91,NO,2026-04-27T22:00:29.418052
814,381,NO,2026-04-27T22:00:29.633775
814,270,YES,2026-04-27T22:00:29.870015
814,353,NO,2026-04-27T22:00:30.083371
814,986,YES,2026-04-27T22:00:30.411913
815,151,SUPER_LIKE,2026-04-27T22:00:30.861981
815,867,YES,2026-04-27T22:00:31.414797
815,937,YES,2026-04-27T22:00:31.639799
815,838,YES,2026-04-27T22:00:31.974143
815,605,YES,2026-04-27T22:00:32.309014
815,188,YES,2026-04-27T22:00:32.640295
815,947,YES,2026-04-27T22:00:32.984913
815,94,YES,2026-04-27T22:00:33.205944
815,131,NO,2026-04-27T22:00:33.784047
815,113,NO,2026-04-27T22:00:34.031838
815,771,YES,2026-04-27T22:00:34.242359
815,218,YES,2026-04-27T22:00:34.463282
815,674,YES,2026-04-27T22:00:34.688192
815,950,YES,2026-04-27T22:00:35.015020
815,283,NO,2026-04-27T22:00:35.447250
815,961,YES,2026-04-27T22:00:35.669649
815,356,YES,2026-04-27T22:00:36.002859
815,643,NO,2026-04-27T22:00:36.223104
816,194,NO,2026-04-27T22:00:36.562255
816,935,NO,2026-04-27T22:00:36.777467
816,995,YES,2026-04-27T22:00:37.010763
816,167,SUPER_LIKE,2026-04-27T22:00:37.232796
816,892,NO,2026-04-27T22:00:37.462236
816,201,YES,2026-04-27T22:00:37.677078
816,792,NO,2026-04-27T22:00:38.014249
816,722,NO,2026-04-27T22:00:38.335087
816,864,YES,2026-04-27T22:00:38.562977
816,681,YES,2026-04-27T22:00:38.917369
816,74,NO,2026-04-27T22:00:39.145533
816,308,YES,2026-04-27T22:00:39.368289
816,760,YES,2026-04-27T22:00:39.693523
816,749,NO,2026-04-27T22:00:39.914183
816,120,NO,2026-04-27T22:00:40.132510
816,704,YES,2026-04-27T22:00:40.458248
816,486,NO,2026-04-27T22:00:40.676549
816,354,NO,2026-04-27T22:00:40.900393
816,721,NO,2026-04-27T22:00:41.116691
816,646,NO,2026-04-27T22:00:41.347190
817,320,NO,2026-04-27T22:00:41.992298
817,917,NO,2026-04-27T22:00:42.210235
817,82,NO,2026-04-27T22:00:42.447284
817,202,YES,2026-04-27T22:00:42.666976
817,339,NO,2026-04-27T22:00:42.885803
817,175,YES,2026-04-27T22:00:43.114729
817,596,SUPER_LIKE,2026-04-27T22:00:43.336702
817,67,NO,2026-04-27T22:00:43.562781
817,122,NO,2026-04-27T22:00:43.781724
817,793,NO,2026-04-27T22:00:43.995501
817,644,YES,2026-04-27T22:00:44.217760
817,173,NO,2026-04-27T22:00:44.433810
817,591,SUPER_LIKE,2026-04-27T22:00:44.997374
817,24,NO,2026-04-27T22:00:45.338808
817,867,YES,2026-04-27T22:00:45.562559
817,374,YES,2026-04-27T22:00:45.787102
817,340,NO,2026-04-27T22:00:46.133631
817,889,NO,2026-04-27T22:00:46.356039
818,852,NO,2026-04-27T22:00:46.701849
818,547,NO,2026-04-27T22:00:47.029582
818,979,NO,2026-04-27T22:00:47.253677
818,787,NO,2026-04-27T22:00:47.471366
818,812,YES,2026-04-27T22:00:47.701851
818,947,NO,2026-04-27T22:00:47.924876
818,920,NO,2026-04-27T22:00:48.136870
818,313,NO,2026-04-27T22:00:48.365335
818,512,NO,2026-04-27T22:00:48.934181
818,590,NO,2026-04-27T22:00:49.404623
818,867,YES,2026-04-27T22:00:49.851295
818,998,YES,2026-04-27T22:00:50.313620
818,865,SUPER_LIKE,2026-04-27T22:00:50.660941
818,437,NO,2026-04-27T22:00:50.870804
818,343,NO,2026-04-27T22:00:51.211626
818,442,NO,2026-04-27T22:00:51.428342
819,929,NO,2026-04-27T22:00:51.759637
819,209,NO,2026-04-27T22:00:51.980844
819,203,NO,2026-04-27T22:00:52.437729
819,396,NO,2026-04-27T22:00:52.661063
819,928,NO,2026-04-27T22:00:53.323159
819,956,NO,2026-04-27T22:00:53.545904
819,687,YES,2026-04-27T22:00:53.778316
819,594,NO,2026-04-27T22:00:53.987157
819,125,NO,2026-04-27T22:00:54.220261
819,156,NO,2026-04-27T22:00:54.437509
819,136,NO,2026-04-27T22:00:54.658530
819,43,NO,2026-04-27T22:00:54.875739
819,113,NO,2026-04-27T22:00:55.449495
819,905,NO,2026-04-27T22:00:55.762329
819,230,NO,2026-04-27T22:00:55.975272
819,533,NO,2026-04-27T22:00:56.305676
820,300,NO,2026-04-27T22:00:56.624445
820,210,NO,2026-04-27T22:00:56.846771
820,149,NO,2026-04-27T22:00:57.073845
820,297,NO,2026-04-27T22:00:57.303408
820,916,YES,2026-04-27T22:00:57.642232
820,27,NO,2026-04-27T22:00:57.855701
820,119,NO,2026-04-27T22:00:58.182514
820,153,NO,2026-04-27T22:00:58.404623
820,939,NO,2026-04-27T22:00:58.620896
820,963,NO,2026-04-27T22:00:58.840350
820,615,YES,2026-04-27T22:00:59.284560
820,51,NO,2026-04-27T22:00:59.595265
820,319,NO,2026-04-27T22:00:59.831615
820,432,NO,2026-04-27T22:01:00.051055
820,267,NO,2026-04-27T22:01:00.374478
820,832,NO,2026-04-27T22:01:00.949321
820,382,NO,2026-04-27T22:01:01.161050
820,516,NO,2026-04-27T22:01:01.377541
820,649,NO,2026-04-27T22:01:01.719743
821,750,NO,2026-04-27T22:01:02.295047
821,350,YES,2026-04-27T22:01:02.515531
821,252,NO,2026-04-27T22:01:02.760873
821,372,SUPER_LIKE,2026-04-27T22:01:03.096755
821,623,NO,2026-04-27T22:01:03.317702
821,756,NO,2026-04-27T22:01:03.533981
821,104,NO,2026-04-27T22:01:03.756914
821,343,NO,2026-04-27T22:01:03.973480
821,996,NO,2026-04-27T22:01:04.188816
821,165,NO,2026-04-27T22:01:04.631036
821,887,NO,2026-04-27T22:01:04.861794
821,615,NO,2026-04-27T22:01:05.197712
821,738,NO,2026-04-27T22:01:05.419870
821,340,NO,2026-04-27T22:01:05.641147
821,320,NO,2026-04-27T22:01:05.858118
821,993,NO,2026-04-27T22:01:06.092491
821,433,NO,2026-04-27T22:01:06.426042
821,289,YES,2026-04-27T22:01:06.758836
822,204,YES,2026-04-27T22:01:07.102851
822,655,YES,2026-04-27T22:01:07.431068
822,265,YES,2026-04-27T22:01:07.747442
822,334,NO,2026-04-27T22:01:07.965581
822,242,NO,2026-04-27T22:01:08.188436
822,986,NO,2026-04-27T22:01:08.627066
822,731,NO,2026-04-27T22:01:08.869353
822,74,YES,2026-04-27T22:01:09.227215
822,755,YES,2026-04-27T22:01:09.565525
822,682,NO,2026-04-27T22:01:10.116296
822,384,SUPER_LIKE,2026-04-27T22:01:10.340119
822,76,YES,2026-04-27T22:01:10.574329
822,885,NO,2026-04-27T22:01:11.452611
822,189,NO,2026-04-27T22:01:11.663764
822,520,SUPER_LIKE,2026-04-27T22:01:11.886397
822,836,SUPER_LIKE,2026-04-27T22:01:12.229275
823,431,NO,2026-04-27T22:01:12.573299
823,875,NO,2026-04-27T22:01:13.002768
823,921,YES,2026-04-27T22:01:13.218722
823,501,YES,2026-04-27T22:01:13.460087
823,545,YES,2026-04-27T22:01:13.681101
823,498,YES,2026-04-27T22:01:13.898657
823,164,NO,2026-04-27T22:01:14.450707
823,572,YES,2026-04-27T22:01:14.679197
823,481,YES,2026-04-27T22:01:15.011425
823,603,NO,2026-04-27T22:01:15.250144
823,103,YES,2026-04-27T22:01:15.572145
823,162,YES,2026-04-27T22:01:16.044723
823,512,YES,2026-04-27T22:01:16.264385
823,244,NO,2026-04-27T22:01:16.931858
823,783,SUPER_LIKE,2026-04-27T22:01:17.162352
823,327,YES,2026-04-27T22:01:17.385867
823,687,NO,2026-04-27T22:01:17.623644
824,755,NO,2026-04-27T22:01:18.052719
824,485,NO,2026-04-27T22:01:18.279145
824,69,YES,2026-04-27T22:01:18.504502
824,62,NO,2026-04-27T22:01:19.055024
824,982,YES,2026-04-27T22:01:19.401058
824,192,YES,2026-04-27T22:01:19.658697
824,343,YES,2026-04-27T22:01:19.930676
824,89,NO,2026-04-27T22:01:20.215125
824,456,YES,2026-04-27T22:01:20.583001
824,486,YES,2026-04-27T22:01:20.840068
824,65,YES,2026-04-27T22:01:21.092871
824,648,NO,2026-04-27T22:01:21.326814
824,733,NO,2026-04-27T22:01:21.662412
824,634,YES,2026-04-27T22:01:21.913602
824,979,NO,2026-04-27T22:01:22.134433
824,199,YES,2026-04-27T22:01:22.355596
824,226,YES,2026-04-27T22:01:22.693790
824,519,YES,2026-04-27T22:01:22.934530
825,323,NO,2026-04-27T22:01:23.484519
825,557,YES,2026-04-27T22:01:23.814109
825,360,NO,2026-04-27T22:01:24.040717
825,452,YES,2026-04-27T22:01:24.389952
825,104,NO,2026-04-27T22:01:24.629956
825,121,YES,2026-04-27T22:01:24.850927
825,579,NO,2026-04-27T22:01:25.174614
825,864,SUPER_LIKE,2026-04-27T22:01:25.389480
825,592,NO,2026-04-27T22:01:25.609676
825,23,NO,2026-04-27T22:01:26.153374
825,817,NO,2026-04-27T22:01:26.415543
825,687,NO,2026-04-27T22:01:26.654878
825,663,NO,2026-04-27T22:01:26.898813
825,242,NO,2026-04-27T22:01:27.331423
825,669,YES,2026-04-27T22:01:27.663319
825,683,NO,2026-04-27T22:01:27.882829
825,692,NO,2026-04-27T22:01:28.116933
825,112,NO,2026-04-27T22:01:28.330825
826,420,NO,2026-04-27T22:01:28.971814
826,472,NO,2026-04-27T22:01:29.671358
826,441,NO,2026-04-27T22:01:30.001770
826,353,NO,2026-04-27T22:01:30.218587
826,675,NO,2026-04-27T22:01:30.445213
826,909,YES,2026-04-27T22:01:30.664138
826,759,NO,2026-04-27T22:01:30.885731
826,595,NO,2026-04-27T22:01:31.109982
826,593,NO,2026-04-27T22:01:31.777817
826,500,NO,2026-04-27T22:01:32.545136
826,324,NO,2026-04-27T22:01:32.870497
826,225,YES,2026-04-27T22:01:33.311875
826,343,YES,2026-04-27T22:01:33.533145
827,663,YES,2026-04-27T22:01:33.982402
827,713,NO,2026-04-27T22:01:34.204695
827,364,NO,2026-04-27T22:01:34.429153
827,63,NO,2026-04-27T22:01:34.651124
827,228,NO,2026-04-27T22:01:34.879005
827,282,NO,2026-04-27T22:01:35.103448
827,415,NO,2026-04-27T22:01:35.430120
827,330,YES,2026-04-27T22:01:35.859540
827,86,YES,2026-04-27T22:01:36.093621
827,611,YES,2026-04-27T22:01:36.438304
827,341,NO,2026-04-27T22:01:36.766226
827,347,NO,2026-04-27T22:01:37.314596
827,142,YES,2026-04-27T22:01:37.634423
827,705,NO,2026-04-27T22:01:37.984424
827,853,NO,2026-04-27T22:01:38.533784
827,800,NO,2026-04-27T22:01:38.959150
827,195,NO,2026-04-27T22:01:39.176079
828,895,NO,2026-04-27T22:01:39.741243
828,351,YES,2026-04-27T22:01:39.966757
828,444,NO,2026-04-27T22:01:40.294009
828,259,NO,2026-04-27T22:01:40.508972
828,153,NO,2026-04-27T22:01:40.851717
828,526,YES,2026-04-27T22:01:41.413996
828,26,NO,2026-04-27T22:01:41.753535
828,377,YES,2026-04-27T22:01:41.978572
828,33,NO,2026-04-27T22:01:42.429204
828,203,NO,2026-04-27T22:01:42.794162
828,545,NO,2026-04-27T22:01:43.118269
828,249,NO,2026-04-27T22:01:43.335268
828,117,NO,2026-04-27T22:01:44.088645
828,45,NO,2026-04-27T22:01:44.514334
828,185,NO,2026-04-27T22:01:44.731589
829,529,YES,2026-04-27T22:01:45.071235
829,177,YES,2026-04-27T22:01:45.285386
829,964,NO,2026-04-27T22:01:45.735863
829,500,YES,2026-04-27T22:01:45.960817
829,573,NO,2026-04-27T22:01:46.297375
829,256,YES,2026-04-27T22:01:46.626438
829,618,NO,2026-04-27T22:01:46.943896
829,99,YES,2026-04-27T22:01:47.168591
829,394,YES,2026-04-27T22:01:47.392510
829,771,NO,2026-04-27T22:01:47.611465
829,1013,NO,2026-04-27T22:01:47.828686
829,593,YES,2026-04-27T22:01:48.121798
829,770,NO,2026-04-27T22:01:48.335781
829,480,NO,2026-04-27T22:01:48.579549
829,357,YES,2026-04-27T22:01:48.798039
829,495,YES,2026-04-27T22:01:49.563314
829,63,YES,2026-04-27T22:01:49.803220
830,852,YES,2026-04-27T22:01:50.231125
830,533,NO,2026-04-27T22:01:50.905238
830,408,YES,2026-04-27T22:01:51.235210
830,561,SUPER_LIKE,2026-04-27T22:01:51.483552
830,255,YES,2026-04-27T22:01:51.712279
830,568,YES,2026-04-27T22:01:52.180989
830,524,NO,2026-04-27T22:01:52.408725
830,975,YES,2026-04-27T22:01:52.626824
830,498,YES,2026-04-27T22:01:52.961085
830,544,YES,2026-04-27T22:01:53.410076
830,376,NO,2026-04-27T22:01:53.625958
830,101,NO,2026-04-27T22:01:54.075903
830,253,YES,2026-04-27T22:01:54.741052
830,212,YES,2026-04-27T22:01:55.092029
830,740,YES,2026-04-27T22:01:55.422465
830,578,NO,2026-04-27T22:01:55.665283
831,439,YES,2026-04-27T22:01:55.992225
831,156,NO,2026-04-27T22:01:56.227234
831,839,YES,2026-04-27T22:01:56.450736
831,604,NO,2026-04-27T22:01:56.670549
831,69,NO,2026-04-27T22:01:57.344156
831,591,NO,2026-04-27T22:01:57.576850
831,665,NO,2026-04-27T22:01:57.901798
831,810,NO,2026-04-27T22:01:58.123561
831,969,YES,2026-04-27T22:01:58.462140
831,197,NO,2026-04-27T22:01:58.905535
831,619,NO,2026-04-27T22:01:59.334098
831,471,YES,2026-04-27T22:01:59.764424
831,647,NO,2026-04-27T22:01:59.978623
831,836,NO,2026-04-27T22:02:00.201495
831,605,NO,2026-04-27T22:02:00.626347
831,603,NO,2026-04-27T22:02:00.851712
831,694,YES,2026-04-27T22:02:01.170393
831,482,NO,2026-04-27T22:02:01.400046
832,543,NO,2026-04-27T22:02:01.841434
832,373,NO,2026-04-27T22:02:02.061028
832,1018,NO,2026-04-27T22:02:02.270683
832,225,NO,2026-04-27T22:02:02.704210
832,990,YES,2026-04-27T22:02:02.950138
832,492,YES,2026-04-27T22:02:03.173365
832,394,YES,2026-04-27T22:02:03.499441
832,296,NO,2026-04-27T22:02:03.715983
832,412,YES,2026-04-27T22:02:03.938400
832,250,YES,2026-04-27T22:02:04.698454
832,919,NO,2026-04-27T22:02:05.146442
832,393,NO,2026-04-27T22:02:05.798486
832,410,YES,2026-04-27T22:02:06.016676
832,122,NO,2026-04-27T22:02:06.336406
832,132,YES,2026-04-27T22:02:06.554219
832,279,NO,2026-04-27T22:02:06.771429
833,252,NO,2026-04-27T22:02:07.121258
833,482,NO,2026-04-27T22:02:07.556960
833,931,NO,2026-04-27T22:02:07.779413
833,788,YES,2026-04-27T22:02:08.000991
833,1013,NO,2026-04-27T22:02:08.336582
833,739,NO,2026-04-27T22:02:09.125891
833,653,NO,2026-04-27T22:02:09.368358
833,856,NO,2026-04-27T22:02:09.586411
833,37,YES,2026-04-27T22:02:09.814483
833,696,YES,2026-04-27T22:02:10.037982
833,451,YES,2026-04-27T22:02:10.259727
833,46,NO,2026-04-27T22:02:10.497662
833,854,YES,2026-04-27T22:02:10.716468
833,489,YES,2026-04-27T22:02:11.424352
834,585,NO,2026-04-27T22:02:12.313295
834,101,NO,2026-04-27T22:02:12.656621
834,688,YES,2026-04-27T22:02:13.262455
834,365,NO,2026-04-27T22:02:13.501953
834,815,YES,2026-04-27T22:02:13.746394
834,187,YES,2026-04-27T22:02:14.008184
834,800,NO,2026-04-27T22:02:14.239521
834,335,NO,2026-04-27T22:02:14.491653
834,627,YES,2026-04-27T22:02:14.756540
834,358,NO,2026-04-27T22:02:15.075516
834,526,NO,2026-04-27T22:02:15.647874
834,168,YES,2026-04-27T22:02:15.898765
834,686,YES,2026-04-27T22:02:16.120632
834,130,YES,2026-04-27T22:02:16.343458
834,472,YES,2026-04-27T22:02:16.564563
834,525,NO,2026-04-27T22:02:16.893529
834,383,SUPER_LIKE,2026-04-27T22:02:17.109608
835,751,SUPER_LIKE,2026-04-27T22:02:17.541399
835,376,YES,2026-04-27T22:02:17.762804
835,417,YES,2026-04-27T22:02:18.086480
835,180,YES,2026-04-27T22:02:18.307964
835,392,YES,2026-04-27T22:02:18.537906
835,132,YES,2026-04-27T22:02:18.769400
835,805,SUPER_LIKE,2026-04-27T22:02:18.992378
835,476,YES,2026-04-27T22:02:19.227596
835,951,YES,2026-04-27T22:02:19.456065
835,576,YES,2026-04-27T22:02:20.035528
835,982,YES,2026-04-27T22:02:20.303873
835,84,YES,2026-04-27T22:02:20.681638
835,255,YES,2026-04-27T22:02:20.951452
835,290,YES,2026-04-27T22:02:21.659995
835,212,SUPER_LIKE,2026-04-27T22:02:22.230108
835,821,NO,2026-04-27T22:02:22.457437
835,216,YES,2026-04-27T22:02:22.807616
836,163,NO,2026-04-27T22:02:23.563642
836,757,SUPER_LIKE,2026-04-27T22:02:23.905966
836,762,NO,2026-04-27T22:02:24.120830
836,365,NO,2026-04-27T22:02:24.474405
836,950,YES,2026-04-27T22:02:25.031306
836,322,NO,2026-04-27T22:02:25.244692
836,105,YES,2026-04-27T22:02:25.482525
836,681,NO,2026-04-27T22:02:25.805845
836,737,YES,2026-04-27T22:02:26.367356
836,177,NO,2026-04-27T22:02:26.619639
836,528,NO,2026-04-27T22:02:26.855858
836,53,NO,2026-04-27T22:02:27.093899
836,821,NO,2026-04-27T22:02:27.310912
836,829,SUPER_LIKE,2026-04-27T22:02:28.076152
836,307,NO,2026-04-27T22:02:28.308588
836,394,SUPER_LIKE,2026-04-27T22:02:28.636292
837,881,NO,2026-04-27T22:02:28.979596
837,229,NO,2026-04-27T22:02:29.326353
837,443,NO,2026-04-27T22:02:29.550751
837,301,NO,2026-04-27T22:02:30.201145
837,364,YES,2026-04-27T22:02:30.535162
837,370,NO,2026-04-27T22:02:30.755155
837,111,NO,2026-04-27T22:02:30.973096
837,424,NO,2026-04-27T22:02:31.194245
837,288,NO,2026-04-27T22:02:31.413809
837,409,NO,2026-04-27T22:02:31.662162
837,785,NO,2026-04-27T22:02:31.879367
837,18,NO,2026-04-27T22:02:32.197905
837,226,NO,2026-04-27T22:02:32.418235
837,802,NO,2026-04-27T22:02:32.635965
837,79,NO,2026-04-27T22:02:32.856895
837,478,NO,2026-04-27T22:02:33.405641
837,322,NO,2026-04-27T22:02:33.724952
837,809,NO,2026-04-27T22:02:33.965787
838,813,NO,2026-04-27T22:02:34.284984
838,782,NO,2026-04-27T22:02:34.520136
838,132,YES,2026-04-27T22:02:34.777489
838,724,NO,2026-04-27T22:02:35.009867
838,48,NO,2026-04-27T22:02:35.333633
838,866,NO,2026-04-27T22:02:35.672755
838,42,NO,2026-04-27T22:02:36.106329
838,731,NO,2026-04-27T22:02:36.368478
838,485,NO,2026-04-27T22:02:36.588667
838,237,NO,2026-04-27T22:02:36.821487
838,670,NO,2026-04-27T22:02:37.146411
838,32,YES,2026-04-27T22:02:37.505002
838,681,NO,2026-04-27T22:02:37.825712
838,99,YES,2026-04-27T22:02:38.704087
838,197,NO,2026-04-27T22:02:38.919090
839,498,NO,2026-04-27T22:02:39.465490
839,739,YES,2026-04-27T22:02:39.698989
839,708,NO,2026-04-27T22:02:39.922863
839,619,NO,2026-04-27T22:02:40.468421
839,287,YES,2026-04-27T22:02:40.791245
839,213,NO,2026-04-27T22:02:41.009460
839,170,NO,2026-04-27T22:02:41.233790
839,674,NO,2026-04-27T22:02:41.460006
839,176,NO,2026-04-27T22:02:41.788339
839,1012,NO,2026-04-27T22:02:42.012156
839,343,NO,2026-04-27T22:02:42.249036
839,563,NO,2026-04-27T22:02:42.483946
839,17,NO,2026-04-27T22:02:42.819618
839,376,NO,2026-04-27T22:02:43.047510
839,791,NO,2026-04-27T22:02:43.365519
839,953,NO,2026-04-27T22:02:43.582934
839,268,NO,2026-04-27T22:02:43.841248
839,84,YES,2026-04-27T22:02:44.091347
839,314,NO,2026-04-27T22:02:44.330552
840,396,NO,2026-04-27T22:02:44.782342
840,154,NO,2026-04-27T22:02:45.064998
840,640,YES,2026-04-27T22:02:45.335909
840,790,NO,2026-04-27T22:02:45.635480
840,89,NO,2026-04-27T22:02:45.901821
840,449,NO,2026-04-27T22:02:46.148505
840,405,NO,2026-04-27T22:02:46.384677
840,609,NO,2026-04-27T22:02:46.631515
840,126,NO,2026-04-27T22:02:46.902294
840,258,NO,2026-04-27T22:02:47.272004
840,372,NO,2026-04-27T22:02:47.529836
840,273,NO,2026-04-27T22:02:47.793955
840,641,YES,2026-04-27T22:02:48.050666
840,283,NO,2026-04-27T22:02:48.287347
840,619,YES,2026-04-27T22:02:48.554637
840,753,NO,2026-04-27T22:02:48.822997
840,435,NO,2026-04-27T22:02:49.102077
840,315,NO,2026-04-27T22:02:49.415537
840,166,YES,2026-04-27T22:02:56.540662
841,200,NO,2026-04-27T22:02:56.984514
841,607,YES,2026-04-27T22:02:57.561558
841,597,NO,2026-04-27T22:02:58.039117
841,980,NO,2026-04-27T22:02:58.316754
841,885,NO,2026-04-27T22:02:58.745129
841,767,NO,2026-04-27T22:02:59.492019
841,89,NO,2026-04-27T22:02:59.790577
841,204,YES,2026-04-27T22:02:59.951902
841,395,YES,2026-04-27T22:03:00.118541
841,623,YES,2026-04-27T22:03:00.562290
841,993,YES,2026-04-27T22:03:00.710924
841,265,NO,2026-04-27T22:03:00.948994
841,430,YES,2026-04-27T22:03:01.049302
841,733,SUPER_LIKE,2026-04-27T22:03:01.187230
841,391,NO,2026-04-27T22:03:01.319087
842,356,YES,2026-04-27T22:03:01.623889
842,627,NO,2026-04-27T22:03:01.751026
842,1018,NO,2026-04-27T22:03:02.045164
842,936,YES,2026-04-27T22:03:02.200137
842,521,SUPER_LIKE,2026-04-27T22:03:02.338744
842,59,NO,2026-04-27T22:03:02.657093
842,394,YES,2026-04-27T22:03:02.786243
842,310,SUPER_LIKE,2026-04-27T22:03:03.017470
842,718,SUPER_LIKE,2026-04-27T22:03:03.274397
842,1017,NO,2026-04-27T22:03:03.422033
842,754,NO,2026-04-27T22:03:03.550550
842,643,NO,2026-04-27T22:03:03.955306
842,764,NO,2026-04-27T22:03:04.098702
842,543,NO,2026-04-27T22:03:04.268904
842,536,NO,2026-04-27T22:03:04.674923
842,34,YES,2026-04-27T22:03:04.849166
843,216,YES,2026-04-27T22:03:05.035893
843,557,NO,2026-04-27T22:03:05.278684
843,948,YES,2026-04-27T22:03:05.407112
843,531,NO,2026-04-27T22:03:05.531295
843,564,NO,2026-04-27T22:03:05.880839
843,79,SUPER_LIKE,2026-04-27T22:03:06.003460
843,355,NO,2026-04-27T22:03:06.292370
843,378,SUPER_LIKE,2026-04-27T22:03:06.537760
843,872,NO,2026-04-27T22:03:06.803716
843,470,YES,2026-04-27T22:03:06.960556
843,188,YES,2026-04-27T22:03:07.252939
843,606,YES,2026-04-27T22:03:07.390835
843,633,NO,2026-04-27T22:03:07.532422
843,105,YES,2026-04-27T22:03:07.666103
843,811,YES,2026-04-27T22:03:07.905861
843,671,NO,2026-04-27T22:03:08.029989
844,571,NO,2026-04-27T22:03:08.215051
844,1018,NO,2026-04-27T22:03:08.450411
844,964,NO,2026-04-27T22:03:08.571499
844,685,NO,2026-04-27T22:03:08.818286
844,943,YES,2026-04-27T22:03:08.951834
844,482,NO,2026-04-27T22:03:09.072107
844,951,YES,2026-04-27T22:03:09.190258
844,391,YES,2026-04-27T22:03:09.303783
844,656,YES,2026-04-27T22:03:09.654952
844,374,YES,2026-04-27T22:03:09.764916
844,384,YES,2026-04-27T22:03:09.890372
844,867,YES,2026-04-27T22:03:10.126583
844,1003,YES,2026-04-27T22:03:10.255981
844,893,YES,2026-04-27T22:03:10.392982
844,257,YES,2026-04-27T22:03:10.518524
844,756,YES,2026-04-27T22:03:10.641439
845,73,NO,2026-04-27T22:03:10.807405
845,926,NO,2026-04-27T22:03:10.927622
845,565,NO,2026-04-27T22:03:11.062327
845,92,YES,2026-04-27T22:03:11.183868
845,912,YES,2026-04-27T22:03:11.300040
845,545,YES,2026-04-27T22:03:11.589603
845,983,NO,2026-04-27T22:03:11.713490
845,305,NO,2026-04-27T22:03:11.828420
845,981,NO,2026-04-27T22:03:12.068620
845,971,NO,2026-04-27T22:03:12.319027
845,297,NO,2026-04-27T22:03:12.445022
845,929,NO,2026-04-27T22:03:12.581368
845,146,NO,2026-04-27T22:03:12.721874
845,649,NO,2026-04-27T22:03:12.893573
845,1003,NO,2026-04-27T22:03:13.014687
845,231,YES,2026-04-27T22:03:13.132127
845,159,NO,2026-04-27T22:03:13.257687
845,163,NO,2026-04-27T22:03:13.391667
846,660,YES,2026-04-27T22:03:13.808702
846,914,NO,2026-04-27T22:03:13.927114
846,423,NO,2026-04-27T22:03:14.050197
846,278,YES,2026-04-27T22:03:14.181128
846,41,YES,2026-04-27T22:03:14.441737
846,173,NO,2026-04-27T22:03:14.572847
846,1013,NO,2026-04-27T22:03:15.038769
846,519,YES,2026-04-27T22:03:15.281220
846,800,NO,2026-04-27T22:03:15.394354
846,192,NO,2026-04-27T22:03:15.750398
846,918,YES,2026-04-27T22:03:15.993105
846,129,YES,2026-04-27T22:03:16.117464
847,309,SUPER_LIKE,2026-04-27T22:03:16.484704
847,293,YES,2026-04-27T22:03:16.662153
847,673,NO,2026-04-27T22:03:16.865573
847,149,NO,2026-04-27T22:03:17.047940
847,846,NO,2026-04-27T22:03:17.215863
847,440,YES,2026-04-27T22:03:17.400152
847,567,YES,2026-04-27T22:03:17.599221
847,369,YES,2026-04-27T22:03:17.777893
847,778,NO,2026-04-27T22:03:18.068950
847,603,NO,2026-04-27T22:03:18.318690
847,626,YES,2026-04-27T22:03:18.485464
847,445,NO,2026-04-27T22:03:18.644577
847,126,NO,2026-04-27T22:03:18.918322
847,361,YES,2026-04-27T22:03:19.262042
847,193,YES,2026-04-27T22:03:19.417873
847,728,NO,2026-04-27T22:03:19.565368
847,223,NO,2026-04-27T22:03:19.723919
847,710,NO,2026-04-27T22:03:19.995974
847,57,NO,2026-04-27T22:03:20.119302
848,461,NO,2026-04-27T22:03:20.393162
848,506,YES,2026-04-27T22:03:20.525728
848,940,YES,2026-04-27T22:03:20.674201
848,799,NO,2026-04-27T22:03:20.806383
848,18,NO,2026-04-27T22:03:20.945248
848,971,YES,2026-04-27T22:03:21.085263
848,204,NO,2026-04-27T22:03:21.218681
848,985,NO,2026-04-27T22:03:21.345793
848,82,NO,2026-04-27T22:03:21.481461
848,967,NO,2026-04-27T22:03:21.624458
848,267,YES,2026-04-27T22:03:21.869040
848,880,NO,2026-04-27T22:03:21.990953
848,134,NO,2026-04-27T22:03:22.126238
848,1000,NO,2026-04-27T22:03:22.359315
848,497,NO,2026-04-27T22:03:22.503737
848,797,NO,2026-04-27T22:03:23.118866
848,662,NO,2026-04-27T22:03:23.418975
849,357,YES,2026-04-27T22:03:23.615649
849,692,NO,2026-04-27T22:03:23.849579
849,790,NO,2026-04-27T22:03:23.989669
849,448,NO,2026-04-27T22:03:24.122664
849,158,YES,2026-04-27T22:03:24.256450
849,947,SUPER_LIKE,2026-04-27T22:03:24.426315
849,592,NO,2026-04-27T22:03:24.663514
849,664,NO,2026-04-27T22:03:24.801303
849,1016,NO,2026-04-27T22:03:24.930662
849,118,NO,2026-04-27T22:03:25.061764
849,236,YES,2026-04-27T22:03:25.245968
849,511,NO,2026-04-27T22:03:25.385999
849,518,NO,2026-04-27T22:03:25.523927
849,107,NO,2026-04-27T22:03:25.681554
849,594,NO,2026-04-27T22:03:25.859564
849,469,NO,2026-04-27T22:03:26.013452
849,859,NO,2026-04-27T22:03:26.259349
849,928,NO,2026-04-27T22:03:26.513357
849,523,NO,2026-04-27T22:03:26.647436
850,609,NO,2026-04-27T22:03:27.157036
850,774,NO,2026-04-27T22:03:27.265740
850,255,YES,2026-04-27T22:03:27.407292
850,105,NO,2026-04-27T22:03:27.536725
850,46,YES,2026-04-27T22:03:27.661415
850,400,YES,2026-04-27T22:03:27.902552
850,73,NO,2026-04-27T22:03:28.039336
850,632,YES,2026-04-27T22:03:28.307011
850,754,YES,2026-04-27T22:03:28.432637
850,506,YES,2026-04-27T22:03:28.555796
850,526,YES,2026-04-27T22:03:28.936310
850,647,YES,2026-04-27T22:03:29.164788
850,465,NO,2026-04-27T22:03:29.328575
850,778,YES,2026-04-27T22:03:29.453965
850,58,YES,2026-04-27T22:03:29.577363
850,516,NO,2026-04-27T22:03:29.811160
850,82,YES,2026-04-27T22:03:29.949369
850,306,NO,2026-04-27T22:03:30.055158
851,599,YES,2026-04-27T22:03:30.247083
851,454,NO,2026-04-27T22:03:30.367656
851,150,NO,2026-04-27T22:03:30.491387
851,208,NO,2026-04-27T22:03:30.626030
851,186,SUPER_LIKE,2026-04-27T22:03:30.758525
851,365,NO,2026-04-27T22:03:30.870409
851,92,NO,2026-04-27T22:03:31.102312
851,461,NO,2026-04-27T22:03:31.225280
851,179,NO,2026-04-27T22:03:31.352011
851,483,NO,2026-04-27T22:03:31.471121
851,285,YES,2026-04-27T22:03:31.705939
851,713,NO,2026-04-27T22:03:31.816901
851,74,NO,2026-04-27T22:03:31.936249
851,142,NO,2026-04-27T22:03:32.060134
851,332,NO,2026-04-27T22:03:32.180192
851,800,NO,2026-04-27T22:03:32.424054
851,776,NO,2026-04-27T22:03:32.548595
851,71,YES,2026-04-27T22:03:32.687723
851,504,YES,2026-04-27T22:03:32.823710
851,107,NO,2026-04-27T22:03:32.946493
852,875,YES,2026-04-27T22:03:33.111535
852,180,SUPER_LIKE,2026-04-27T22:03:33.225433
852,220,NO,2026-04-27T22:03:33.349027
852,213,SUPER_LIKE,2026-04-27T22:03:33.468632
852,403,YES,2026-04-27T22:03:33.714613
852,865,YES,2026-04-27T22:03:33.832780
852,617,YES,2026-04-27T22:03:33.960526
852,955,YES,2026-04-27T22:03:34.318031
852,622,YES,2026-04-27T22:03:34.448815
852,961,YES,2026-04-27T22:03:34.817168
852,589,YES,2026-04-27T22:03:34.938064
852,63,YES,2026-04-27T22:03:35.061169
852,447,NO,2026-04-27T22:03:35.301120
852,102,YES,2026-04-27T22:03:35.429911
852,887,NO,2026-04-27T22:03:35.551687
852,104,YES,2026-04-27T22:03:35.665679
852,785,YES,2026-04-27T22:03:35.781449
852,306,YES,2026-04-27T22:03:36.010192
853,96,NO,2026-04-27T22:03:36.199347
853,523,YES,2026-04-27T22:03:36.331131
853,533,YES,2026-04-27T22:03:36.451525
853,325,YES,2026-04-27T22:03:36.925043
853,250,NO,2026-04-27T22:03:37.387064
853,563,YES,2026-04-27T22:03:37.527907
853,303,YES,2026-04-27T22:03:37.648375
853,118,YES,2026-04-27T22:03:37.763331
853,540,YES,2026-04-27T22:03:37.877737
853,194,YES,2026-04-27T22:03:38.235838
853,531,NO,2026-04-27T22:03:38.342110
853,811,YES,2026-04-27T22:03:38.462464
853,796,YES,2026-04-27T22:03:38.580690
853,793,NO,2026-04-27T22:03:38.835936
853,1009,NO,2026-04-27T22:03:39.227489
854,724,NO,2026-04-27T22:03:39.407419
854,658,NO,2026-04-27T22:03:39.519374
854,859,YES,2026-04-27T22:03:39.639177
854,661,YES,2026-04-27T22:03:39.753455
854,158,NO,2026-04-27T22:03:39.889097
854,751,NO,2026-04-27T22:03:40.010363
854,35,NO,2026-04-27T22:03:40.123080
854,40,NO,2026-04-27T22:03:40.241176
854,937,NO,2026-04-27T22:03:40.362376
854,999,NO,2026-04-27T22:03:40.483947
854,778,YES,2026-04-27T22:03:40.610400
854,360,NO,2026-04-27T22:03:40.731150
854,357,NO,2026-04-27T22:03:40.847157
854,450,NO,2026-04-27T22:03:41.072069
854,830,YES,2026-04-27T22:03:41.194820
854,842,NO,2026-04-27T22:03:41.442501
854,672,NO,2026-04-27T22:03:41.581895
854,303,YES,2026-04-27T22:03:41.699854
854,841,NO,2026-04-27T22:03:41.929485
855,195,YES,2026-04-27T22:03:42.126091
855,621,NO,2026-04-27T22:03:42.241771
855,63,NO,2026-04-27T22:03:42.362525
855,330,YES,2026-04-27T22:03:42.486031
855,925,NO,2026-04-27T22:03:42.608682
855,491,YES,2026-04-27T22:03:42.737657
855,568,NO,2026-04-27T22:03:42.954733
855,1002,YES,2026-04-27T22:03:43.069046
855,173,NO,2026-04-27T22:03:43.184729
855,402,YES,2026-04-27T22:03:43.311685
855,727,NO,2026-04-27T22:03:43.428181
855,207,NO,2026-04-27T22:03:43.770186
855,754,NO,2026-04-27T22:03:43.986367
855,844,SUPER_LIKE,2026-04-27T22:03:44.113172
855,623,NO,2026-04-27T22:03:44.235050
855,286,YES,2026-04-27T22:03:44.351250
855,50,NO,2026-04-27T22:03:44.481593
855,181,NO,2026-04-27T22:03:44.605332
856,974,NO,2026-04-27T22:03:44.781747
856,461,NO,2026-04-27T22:03:45.012645
856,482,NO,2026-04-27T22:03:45.253791
856,257,NO,2026-04-27T22:03:45.480479
856,126,NO,2026-04-27T22:03:45.603049
856,391,NO,2026-04-27T22:03:45.845153
856,759,NO,2026-04-27T22:03:45.960122
856,724,YES,2026-04-27T22:03:46.078053
856,89,NO,2026-04-27T22:03:46.206880
856,934,YES,2026-04-27T22:03:46.323599
856,33,YES,2026-04-27T22:03:46.443098
856,811,NO,2026-04-27T22:03:46.558799
856,147,NO,2026-04-27T22:03:46.671112
856,435,NO,2026-04-27T22:03:46.795711
856,761,NO,2026-04-27T22:03:47.375162
856,223,YES,2026-04-27T22:03:47.495441
856,298,NO,2026-04-27T22:03:47.611771
857,293,NO,2026-04-27T22:03:47.803343
857,89,YES,2026-04-27T22:03:47.929870
857,588,NO,2026-04-27T22:03:48.042658
857,394,NO,2026-04-27T22:03:48.156336
857,527,YES,2026-04-27T22:03:48.274158
857,865,NO,2026-04-27T22:03:48.392440
857,342,NO,2026-04-27T22:03:48.526319
857,932,YES,2026-04-27T22:03:48.761854
857,129,NO,2026-04-27T22:03:48.896021
857,883,NO,2026-04-27T22:03:49.044708
857,230,NO,2026-04-27T22:03:49.168906
857,155,NO,2026-04-27T22:03:49.283056
857,338,NO,2026-04-27T22:03:49.512868
857,806,NO,2026-04-27T22:03:49.646313
857,467,NO,2026-04-27T22:03:49.795319
857,373,NO,2026-04-27T22:03:49.911805
857,409,NO,2026-04-27T22:03:50.028110
857,288,NO,2026-04-27T22:03:50.148420
857,671,NO,2026-04-27T22:03:50.281596
858,886,NO,2026-04-27T22:03:50.464111
858,674,YES,2026-04-27T22:03:50.703435
858,77,NO,2026-04-27T22:03:50.967526
858,152,YES,2026-04-27T22:03:51.090855
858,941,YES,2026-04-27T22:03:51.215264
858,348,YES,2026-04-27T22:03:51.468626
858,754,NO,2026-04-27T22:03:51.593037
858,531,NO,2026-04-27T22:03:51.830370
858,487,YES,2026-04-27T22:03:51.957114
858,229,YES,2026-04-27T22:03:52.092306
858,215,NO,2026-04-27T22:03:52.327068
858,866,NO,2026-04-27T22:03:52.565699
858,190,YES,2026-04-27T22:03:52.793332
858,296,NO,2026-04-27T22:03:53.030356
858,721,YES,2026-04-27T22:03:53.256354
858,618,NO,2026-04-27T22:03:53.370222
858,411,NO,2026-04-27T22:03:53.492793
859,842,NO,2026-04-27T22:03:53.779223
859,1003,YES,2026-04-27T22:03:54.019249
859,718,NO,2026-04-27T22:03:54.141955
859,717,NO,2026-04-27T22:03:54.256496
859,486,NO,2026-04-27T22:03:54.385494
859,542,NO,2026-04-27T22:03:54.500875
859,1013,NO,2026-04-27T22:03:54.620004
859,758,NO,2026-04-27T22:03:54.738884
859,742,NO,2026-04-27T22:03:54.858838
859,361,YES,2026-04-27T22:03:54.999159
859,666,NO,2026-04-27T22:03:55.117892
859,586,YES,2026-04-27T22:03:55.231482
859,878,NO,2026-04-27T22:03:55.336641
859,616,NO,2026-04-27T22:03:55.567026
859,257,NO,2026-04-27T22:03:55.917994
859,218,NO,2026-04-27T22:03:56.031182
859,269,NO,2026-04-27T22:03:56.155312
859,249,NO,2026-04-27T22:03:56.273627
859,438,NO,2026-04-27T22:03:56.395283
860,345,YES,2026-04-27T22:03:56.587166
860,573,NO,2026-04-27T22:03:56.719968
860,974,NO,2026-04-27T22:03:56.839480
860,819,YES,2026-04-27T22:03:56.964174
860,266,YES,2026-04-27T22:03:57.081173
860,876,YES,2026-04-27T22:03:57.202934
860,161,NO,2026-04-27T22:03:57.449036
860,612,YES,2026-04-27T22:03:57.571419
860,387,YES,2026-04-27T22:03:57.697903
860,956,YES,2026-04-27T22:03:57.954043
860,991,YES,2026-04-27T22:03:58.306549
860,552,NO,2026-04-27T22:03:58.526872
860,584,NO,2026-04-27T22:03:58.649123
860,722,NO,2026-04-27T22:03:58.774135
860,861,NO,2026-04-27T22:03:58.894067
860,669,NO,2026-04-27T22:03:59.020730
860,336,NO,2026-04-27T22:03:59.255144
860,515,NO,2026-04-27T22:03:59.365548
861,1007,NO,2026-04-27T22:03:59.811822
861,293,YES,2026-04-27T22:03:59.963219
861,199,YES,2026-04-27T22:04:00.412344
861,722,YES,2026-04-27T22:04:00.961566
861,803,NO,2026-04-27T22:04:01.237068
861,707,NO,2026-04-27T22:04:01.372500
861,714,YES,2026-04-27T22:04:01.645395
861,140,NO,2026-04-27T22:04:01.781700
861,24,NO,2026-04-27T22:04:02.009248
861,797,YES,2026-04-27T22:04:02.143419
861,142,YES,2026-04-27T22:04:02.276325
861,544,NO,2026-04-27T22:04:02.407128
861,500,NO,2026-04-27T22:04:02.535870
861,953,YES,2026-04-27T22:04:02.664059
862,116,NO,2026-04-27T22:04:03.031689
862,256,NO,2026-04-27T22:04:03.161838
862,254,SUPER_LIKE,2026-04-27T22:04:03.290829
862,295,YES,2026-04-27T22:04:03.425649
862,782,NO,2026-04-27T22:04:03.537589
862,626,NO,2026-04-27T22:04:03.660998
862,478,NO,2026-04-27T22:04:03.797439
862,389,NO,2026-04-27T22:04:04.032012
862,929,NO,2026-04-27T22:04:04.281242
862,423,NO,2026-04-27T22:04:04.538358
862,790,NO,2026-04-27T22:04:04.653366
862,225,NO,2026-04-27T22:04:05.020765
862,999,NO,2026-04-27T22:04:05.141167
862,362,NO,2026-04-27T22:04:05.261283
862,730,NO,2026-04-27T22:04:05.388230
862,743,NO,2026-04-27T22:04:05.514785
863,110,NO,2026-04-27T22:04:05.701006
863,291,NO,2026-04-27T22:04:05.812432
863,711,YES,2026-04-27T22:04:05.927292
863,554,SUPER_LIKE,2026-04-27T22:04:06.186057
863,907,NO,2026-04-27T22:04:06.305443
863,231,NO,2026-04-27T22:04:06.431071
863,550,NO,2026-04-27T22:04:06.803923
863,708,NO,2026-04-27T22:04:06.929664
863,525,NO,2026-04-27T22:04:07.168415
863,198,YES,2026-04-27T22:04:07.285079
863,172,NO,2026-04-27T22:04:07.413927
863,992,NO,2026-04-27T22:04:07.526629
863,393,NO,2026-04-27T22:04:07.768259
863,415,NO,2026-04-27T22:04:07.899901
863,190,YES,2026-04-27T22:04:08.121681
863,156,NO,2026-04-27T22:04:08.267567
863,566,YES,2026-04-27T22:04:08.506320
864,75,YES,2026-04-27T22:04:08.804225
864,295,NO,2026-04-27T22:04:09.034346
864,32,YES,2026-04-27T22:04:09.414554
864,364,NO,2026-04-27T22:04:10.036718
864,596,NO,2026-04-27T22:04:10.166629
864,229,YES,2026-04-27T22:04:10.288334
864,965,NO,2026-04-27T22:04:10.406638
864,545,NO,2026-04-27T22:04:10.531186
864,159,YES,2026-04-27T22:04:10.659715
864,970,YES,2026-04-27T22:04:10.792044
864,228,NO,2026-04-27T22:04:10.914627
864,40,NO,2026-04-27T22:04:11.086728
864,851,NO,2026-04-27T22:04:11.227100
864,351,YES,2026-04-27T22:04:11.734051
865,1009,SUPER_LIKE,2026-04-27T22:04:12.163863
865,921,NO,2026-04-27T22:04:12.299371
865,971,NO,2026-04-27T22:04:12.420471
865,593,NO,2026-04-27T22:04:12.551970
865,247,YES,2026-04-27T22:04:12.716486
865,889,YES,2026-04-27T22:04:12.977283
865,692,YES,2026-04-27T22:04:13.107867
865,709,NO,2026-04-27T22:04:13.242751
865,1011,YES,2026-04-27T22:04:13.391855
865,574,NO,2026-04-27T22:04:13.554716
865,754,NO,2026-04-27T22:04:13.686416
865,614,NO,2026-04-27T22:04:13.820958
865,515,NO,2026-04-27T22:04:13.933821
865,257,NO,2026-04-27T22:04:14.046502
865,940,NO,2026-04-27T22:04:14.164257
865,728,NO,2026-04-27T22:04:14.296948
865,445,NO,2026-04-27T22:04:14.441462
865,175,NO,2026-04-27T22:04:14.564769
866,121,NO,2026-04-27T22:04:14.863299
866,23,YES,2026-04-27T22:04:14.993318
866,564,NO,2026-04-27T22:04:15.489418
866,798,NO,2026-04-27T22:04:15.616352
866,434,YES,2026-04-27T22:04:15.753080
866,965,NO,2026-04-27T22:04:15.994537
866,577,YES,2026-04-27T22:04:16.117220
866,1013,NO,2026-04-27T22:04:16.372265
866,562,NO,2026-04-27T22:04:16.683275
866,337,NO,2026-04-27T22:04:16.814723
866,455,NO,2026-04-27T22:04:16.948441
866,846,NO,2026-04-27T22:04:17.068606
866,822,NO,2026-04-27T22:04:17.193204
866,848,NO,2026-04-27T22:04:17.311566
866,976,NO,2026-04-27T22:04:17.552256
866,795,NO,2026-04-27T22:04:17.672196
867,405,NO,2026-04-27T22:04:17.872753
867,513,NO,2026-04-27T22:04:18.097930
867,900,NO,2026-04-27T22:04:18.211762
867,287,NO,2026-04-27T22:04:18.333692
867,449,NO,2026-04-27T22:04:18.590722
867,659,NO,2026-04-27T22:04:18.928016
867,668,NO,2026-04-27T22:04:19.049731
867,469,YES,2026-04-27T22:04:19.175138
867,966,NO,2026-04-27T22:04:19.305028
867,926,YES,2026-04-27T22:04:19.445333
867,734,NO,2026-04-27T22:04:19.586891
867,946,YES,2026-04-27T22:04:19.751990
867,789,NO,2026-04-27T22:04:19.987732
867,758,NO,2026-04-27T22:04:20.118308
867,23,NO,2026-04-27T22:04:20.256965
867,485,NO,2026-04-27T22:04:20.387290
867,833,NO,2026-04-27T22:04:20.646938
868,129,NO,2026-04-27T22:04:20.840660
868,265,NO,2026-04-27T22:04:20.987741
868,857,NO,2026-04-27T22:04:21.235336
868,554,NO,2026-04-27T22:04:21.463714
868,980,NO,2026-04-27T22:04:21.578694
868,531,NO,2026-04-27T22:04:21.814320
868,479,NO,2026-04-27T22:04:22.069007
868,470,NO,2026-04-27T22:04:22.183461
868,711,NO,2026-04-27T22:04:22.664292
868,987,NO,2026-04-27T22:04:22.797514
868,338,NO,2026-04-27T22:04:22.953757
868,640,YES,2026-04-27T22:04:23.319262
868,247,NO,2026-04-27T22:04:23.562478
868,634,SUPER_LIKE,2026-04-27T22:04:23.991985
869,51,YES,2026-04-27T22:04:24.211851
869,437,NO,2026-04-27T22:04:24.378616
869,788,YES,2026-04-27T22:04:24.542367
869,86,YES,2026-04-27T22:04:24.718555
869,924,YES,2026-04-27T22:04:24.853075
869,1016,NO,2026-04-27T22:04:24.976762
869,458,YES,2026-04-27T22:04:25.104282
869,726,YES,2026-04-27T22:04:25.447636
869,644,NO,2026-04-27T22:04:25.572492
869,464,YES,2026-04-27T22:04:25.694781
869,204,YES,2026-04-27T22:04:25.932075
869,374,YES,2026-04-27T22:04:26.276437
869,583,YES,2026-04-27T22:04:26.518341
869,779,NO,2026-04-27T22:04:26.631016
869,421,NO,2026-04-27T22:04:26.998586
870,982,YES,2026-04-27T22:04:27.520824
870,642,NO,2026-04-27T22:04:27.640919
870,934,YES,2026-04-27T22:04:27.759873
870,656,YES,2026-04-27T22:04:28.253503
870,201,NO,2026-04-27T22:04:28.382124
870,565,NO,2026-04-27T22:04:28.497439
870,664,NO,2026-04-27T22:04:28.628610
870,1018,NO,2026-04-27T22:04:28.756007
870,512,NO,2026-04-27T22:04:28.888101
870,455,NO,2026-04-27T22:04:29.020204
870,608,YES,2026-04-27T22:04:29.146200
870,350,NO,2026-04-27T22:04:29.273525
870,799,NO,2026-04-27T22:04:29.428917
870,51,NO,2026-04-27T22:04:29.557088
870,48,NO,2026-04-27T22:04:29.681210
870,72,NO,2026-04-27T22:04:29.812701
870,348,NO,2026-04-27T22:04:29.932858
871,649,NO,2026-04-27T22:04:30.104629
871,251,NO,2026-04-27T22:04:30.220092
871,919,NO,2026-04-27T22:04:30.475805
871,702,NO,2026-04-27T22:04:30.599683
871,429,NO,2026-04-27T22:04:30.836802
871,646,NO,2026-04-27T22:04:30.964889
871,972,NO,2026-04-27T22:04:31.090968
871,886,NO,2026-04-27T22:04:31.203414
871,542,YES,2026-04-27T22:04:31.318892
871,842,NO,2026-04-27T22:04:31.537499
871,774,NO,2026-04-27T22:04:31.897903
871,270,NO,2026-04-27T22:04:32.025627
871,758,NO,2026-04-27T22:04:32.156978
871,424,NO,2026-04-27T22:04:32.268087
871,721,NO,2026-04-27T22:04:32.514662
871,692,NO,2026-04-27T22:04:32.635022
871,161,NO,2026-04-27T22:04:32.748299
872,263,NO,2026-04-27T22:04:33.036295
872,221,NO,2026-04-27T22:04:33.271506
872,447,NO,2026-04-27T22:04:33.386639
872,215,YES,2026-04-27T22:04:33.511834
872,527,NO,2026-04-27T22:04:33.760226
872,610,NO,2026-04-27T22:04:33.881870
872,377,NO,2026-04-27T22:04:34.006295
872,985,NO,2026-04-27T22:04:34.260550
872,357,NO,2026-04-27T22:04:34.394949
872,908,NO,2026-04-27T22:04:34.506375
872,41,NO,2026-04-27T22:04:34.630876
872,980,YES,2026-04-27T22:04:34.756745
872,900,NO,2026-04-27T22:04:34.875160
872,212,NO,2026-04-27T22:04:34.991629
872,590,NO,2026-04-27T22:04:35.111785
872,950,NO,2026-04-27T22:04:35.229937
872,435,NO,2026-04-27T22:04:35.339483
872,99,NO,2026-04-27T22:04:35.470373
872,489,NO,2026-04-27T22:04:35.596982
872,487,NO,2026-04-27T22:04:35.721483
873,838,NO,2026-04-27T22:04:35.900445
873,117,NO,2026-04-27T22:04:36.042412
873,77,NO,2026-04-27T22:04:36.168895
873,259,NO,2026-04-27T22:04:36.403074
873,1009,NO,2026-04-27T22:04:36.522522
873,798,NO,2026-04-27T22:04:36.750375
873,898,NO,2026-04-27T22:04:36.864761
873,83,NO,2026-04-27T22:04:36.978631
873,662,YES,2026-04-27T22:04:37.098602
873,515,YES,2026-04-27T22:04:37.221526
873,820,NO,2026-04-27T22:04:37.337301
873,977,NO,2026-04-27T22:04:37.571901
873,343,YES,2026-04-27T22:04:37.712891
873,98,NO,2026-04-27T22:04:37.843203
873,314,NO,2026-04-27T22:04:37.971257
873,134,YES,2026-04-27T22:04:38.207517
873,368,NO,2026-04-27T22:04:38.449949
873,556,NO,2026-04-27T22:04:38.587858
873,862,NO,2026-04-27T22:04:38.699917
873,894,YES,2026-04-27T22:04:38.840289
874,658,NO,2026-04-27T22:04:39.013412
874,579,YES,2026-04-27T22:04:39.252138
874,319,YES,2026-04-27T22:04:39.486796
874,354,NO,2026-04-27T22:04:39.602055
874,215,NO,2026-04-27T22:04:39.955209
874,1011,NO,2026-04-27T22:04:40.076582
874,300,NO,2026-04-27T22:04:40.210083
874,452,NO,2026-04-27T22:04:40.318294
874,365,NO,2026-04-27T22:04:40.436340
874,589,NO,2026-04-27T22:04:40.554815
874,101,NO,2026-04-27T22:04:40.684897
874,345,YES,2026-04-27T22:04:40.800704
874,463,SUPER_LIKE,2026-04-27T22:04:40.919520
874,930,YES,2026-04-27T22:04:41.044263
874,671,NO,2026-04-27T22:04:41.161618
874,949,YES,2026-04-27T22:04:41.293626
874,15,NO,2026-04-27T22:04:41.442248
874,505,NO,2026-04-27T22:04:41.844532
875,872,NO,2026-04-27T22:04:42.169820
875,949,YES,2026-04-27T22:04:42.427897
875,414,NO,2026-04-27T22:04:42.536369
875,661,YES,2026-04-27T22:04:42.652186
875,795,NO,2026-04-27T22:04:42.768661
875,786,NO,2026-04-27T22:04:42.897864
875,116,NO,2026-04-27T22:04:43.059640
875,86,YES,2026-04-27T22:04:43.409390
875,239,NO,2026-04-27T22:04:43.534673
875,728,SUPER_LIKE,2026-04-27T22:04:43.653401
875,170,NO,2026-04-27T22:04:43.770507
875,734,NO,2026-04-27T22:04:43.885629
875,128,NO,2026-04-27T22:04:44.013804
875,521,YES,2026-04-27T22:04:44.126145
875,994,NO,2026-04-27T22:04:44.287631
875,457,NO,2026-04-27T22:04:44.405207
875,29,YES,2026-04-27T22:04:44.524263
876,333,NO,2026-04-27T22:04:44.849751
876,1017,NO,2026-04-27T22:04:44.965184
876,600,YES,2026-04-27T22:04:45.082047
876,422,NO,2026-04-27T22:04:45.199228
876,639,NO,2026-04-27T22:04:45.428432
876,593,NO,2026-04-27T22:04:45.662077
876,486,NO,2026-04-27T22:04:45.906872
876,272,YES,2026-04-27T22:04:46.152473
876,22,NO,2026-04-27T22:04:46.277675
876,544,YES,2026-04-27T22:04:46.392552
876,540,SUPER_LIKE,2026-04-27T22:04:46.516271
876,698,NO,2026-04-27T22:04:46.640253
876,236,NO,2026-04-27T22:04:46.761278
876,732,YES,2026-04-27T22:04:46.909579
876,1004,NO,2026-04-27T22:04:47.035027
876,513,NO,2026-04-27T22:04:47.158553
876,278,NO,2026-04-27T22:04:47.280842
876,708,NO,2026-04-27T22:04:47.395022
877,113,NO,2026-04-27T22:04:47.567772
877,39,NO,2026-04-27T22:04:47.691106
877,876,NO,2026-04-27T22:04:47.815714
877,239,NO,2026-04-27T22:04:47.932917
877,861,NO,2026-04-27T22:04:48.058457
877,90,NO,2026-04-27T22:04:48.174438
877,971,NO,2026-04-27T22:04:48.318397
877,709,NO,2026-04-27T22:04:48.442496
877,586,NO,2026-04-27T22:04:48.552577
877,598,YES,2026-04-27T22:04:48.673957
877,740,NO,2026-04-27T22:04:48.916588
877,345,NO,2026-04-27T22:04:49.151161
877,1006,NO,2026-04-27T22:04:49.261789
877,522,NO,2026-04-27T22:04:49.390414
877,680,YES,2026-04-27T22:04:49.522375
877,135,NO,2026-04-27T22:04:49.879129
877,446,NO,2026-04-27T22:04:50.003698
878,204,NO,2026-04-27T22:04:50.182563
878,641,YES,2026-04-27T22:04:50.309968
878,739,NO,2026-04-27T22:04:50.434870
878,219,SUPER_LIKE,2026-04-27T22:04:50.564908
878,672,YES,2026-04-27T22:04:50.825799
878,684,NO,2026-04-27T22:04:51.060762
878,929,SUPER_LIKE,2026-04-27T22:04:51.196079
878,972,YES,2026-04-27T22:04:51.339867
878,343,NO,2026-04-27T22:04:51.453191
878,514,YES,2026-04-27T22:04:51.707336
878,358,YES,2026-04-27T22:04:51.829451
878,205,NO,2026-04-27T22:04:51.942094
878,882,NO,2026-04-27T22:04:52.054715
878,81,YES,2026-04-27T22:04:52.169762
878,58,NO,2026-04-27T22:04:52.286678
878,663,YES,2026-04-27T22:04:52.694334
878,355,YES,2026-04-27T22:04:52.812805
879,122,NO,2026-04-27T22:04:53.001273
879,38,NO,2026-04-27T22:04:53.245016
879,968,NO,2026-04-27T22:04:53.476230
879,907,NO,2026-04-27T22:04:53.605767
879,306,NO,2026-04-27T22:04:53.720117
879,954,NO,2026-04-27T22:04:53.967519
879,234,NO,2026-04-27T22:04:54.076584
879,892,YES,2026-04-27T22:04:54.202280
879,644,NO,2026-04-27T22:04:54.319439
879,740,NO,2026-04-27T22:04:54.438460
879,986,NO,2026-04-27T22:04:54.559713
879,441,NO,2026-04-27T22:04:54.674398
879,518,NO,2026-04-27T22:04:54.801734
879,558,NO,2026-04-27T22:04:54.924841
879,779,NO,2026-04-27T22:04:55.155659
879,172,YES,2026-04-27T22:04:55.275115
879,883,NO,2026-04-27T22:04:55.398023
880,750,NO,2026-04-27T22:04:55.677427
880,558,NO,2026-04-27T22:04:55.939055
880,379,NO,2026-04-27T22:04:56.187765
880,432,NO,2026-04-27T22:04:56.551437
880,144,NO,2026-04-27T22:04:56.671111
880,428,NO,2026-04-27T22:04:57.037048
880,909,SUPER_LIKE,2026-04-27T22:04:57.154716
880,368,NO,2026-04-27T22:04:57.263350
880,923,NO,2026-04-27T22:04:57.502865
880,565,NO,2026-04-27T22:04:57.626055
880,690,YES,2026-04-27T22:04:58.006100
880,849,YES,2026-04-27T22:04:58.126807
880,819,NO,2026-04-27T22:04:58.260477
880,856,NO,2026-04-27T22:04:58.378192
880,35,NO,2026-04-27T22:04:58.501096
880,928,NO,2026-04-27T22:04:58.620112
881,509,NO,2026-04-27T22:04:58.915000
881,355,NO,2026-04-27T22:04:59.144101
881,105,NO,2026-04-27T22:04:59.254239
881,161,NO,2026-04-27T22:04:59.530826
881,430,NO,2026-04-27T22:04:59.654647
881,307,NO,2026-04-27T22:04:59.893996
881,302,NO,2026-04-27T22:05:00.024021
881,301,NO,2026-04-27T22:05:00.145569
881,211,NO,2026-04-27T22:05:00.257635
881,761,NO,2026-04-27T22:05:00.511670
881,756,NO,2026-04-27T22:05:00.656301
881,638,NO,2026-04-27T22:05:00.769343
881,879,NO,2026-04-27T22:05:00.891517
881,493,NO,2026-04-27T22:05:01.022207
881,475,NO,2026-04-27T22:05:01.394613
881,779,NO,2026-04-27T22:05:01.638369
882,560,YES,2026-04-27T22:05:01.835442
882,311,NO,2026-04-27T22:05:02.309044
882,413,NO,2026-04-27T22:05:02.552927
882,425,NO,2026-04-27T22:05:02.674690
882,964,NO,2026-04-27T22:05:02.794314
882,434,NO,2026-04-27T22:05:03.024847
882,615,NO,2026-04-27T22:05:03.171311
882,987,NO,2026-04-27T22:05:03.284998
882,451,YES,2026-04-27T22:05:03.396795
882,669,NO,2026-04-27T22:05:03.522749
882,41,NO,2026-04-27T22:05:04.012879
882,843,NO,2026-04-27T22:05:04.150511
882,920,NO,2026-04-27T22:05:04.274259
882,809,NO,2026-04-27T22:05:04.383349
882,219,NO,2026-04-27T22:05:04.614965
882,751,YES,2026-04-27T22:05:04.744231
882,719,NO,2026-04-27T22:05:04.976789
883,575,YES,2026-04-27T22:05:05.146968
883,82,NO,2026-04-27T22:05:05.286696
883,834,NO,2026-04-27T22:05:05.519167
883,213,YES,2026-04-27T22:05:05.880184
883,378,YES,2026-04-27T22:05:05.996432
883,693,YES,2026-04-27T22:05:06.123246
883,508,YES,2026-04-27T22:05:06.370741
883,742,YES,2026-04-27T22:05:06.605151
883,367,YES,2026-04-27T22:05:06.731225
883,291,YES,2026-04-27T22:05:06.857984
883,179,YES,2026-04-27T22:05:07.002003
883,860,SUPER_LIKE,2026-04-27T22:05:07.137850
883,168,YES,2026-04-27T22:05:07.263160
883,770,NO,2026-04-27T22:05:07.636278
883,379,NO,2026-04-27T22:05:07.757842
884,919,NO,2026-04-27T22:05:08.047645
884,628,NO,2026-04-27T22:05:08.291861
884,311,YES,2026-04-27T22:05:08.417808
884,666,NO,2026-04-27T22:05:08.536511
884,942,NO,2026-04-27T22:05:08.782975
884,595,YES,2026-04-27T22:05:09.032458
884,475,NO,2026-04-27T22:05:09.150347
884,979,YES,2026-04-27T22:05:09.263107
884,820,NO,2026-04-27T22:05:09.405450
884,632,YES,2026-04-27T22:05:09.533583
884,74,NO,2026-04-27T22:05:09.650130
884,560,YES,2026-04-27T22:05:09.776985
884,241,NO,2026-04-27T22:05:09.905264
884,783,NO,2026-04-27T22:05:10.026556
884,317,NO,2026-04-27T22:05:10.142064
884,665,NO,2026-04-27T22:05:10.385547
885,163,NO,2026-04-27T22:05:10.695642
885,265,NO,2026-04-27T22:05:10.928995
885,11,NO,2026-04-27T22:05:11.048445
885,443,NO,2026-04-27T22:05:11.269583
885,809,NO,2026-04-27T22:05:11.385683
885,226,NO,2026-04-27T22:05:11.517116
885,489,NO,2026-04-27T22:05:11.687147
885,749,NO,2026-04-27T22:05:11.804333
885,108,NO,2026-04-27T22:05:11.928842
885,618,NO,2026-04-27T22:05:12.421013
885,169,NO,2026-04-27T22:05:12.538740
885,650,NO,2026-04-27T22:05:12.767710
885,817,NO,2026-04-27T22:05:12.897700
885,356,YES,2026-04-27T22:05:13.045432
885,920,NO,2026-04-27T22:05:13.160523
886,46,NO,2026-04-27T22:05:13.575154
886,712,YES,2026-04-27T22:05:13.690193
886,215,NO,2026-04-27T22:05:13.801173
886,149,NO,2026-04-27T22:05:13.921948
886,489,NO,2026-04-27T22:05:14.144776
886,146,YES,2026-04-27T22:05:14.293586
886,268,NO,2026-04-27T22:05:14.421291
886,43,NO,2026-04-27T22:05:14.544557
886,782,NO,2026-04-27T22:05:14.678186
886,421,YES,2026-04-27T22:05:14.912144
886,198,NO,2026-04-27T22:05:15.031687
886,553,NO,2026-04-27T22:05:15.379806
886,941,NO,2026-04-27T22:05:15.502188
886,203,NO,2026-04-27T22:05:15.774301
886,106,NO,2026-04-27T22:05:15.991833
887,106,NO,2026-04-27T22:05:16.553216
887,787,NO,2026-04-27T22:05:16.784576
887,706,NO,2026-04-27T22:05:16.896647
887,43,NO,2026-04-27T22:05:17.020039
887,160,NO,2026-04-27T22:05:17.151593
887,1000,NO,2026-04-27T22:05:17.389209
887,59,NO,2026-04-27T22:05:17.501839
887,928,NO,2026-04-27T22:05:17.868241
887,797,NO,2026-04-27T22:05:17.980233
887,1012,NO,2026-04-27T22:05:18.200410
887,137,NO,2026-04-27T22:05:18.323232
887,338,NO,2026-04-27T22:05:18.452257
887,157,NO,2026-04-27T22:05:18.566907
887,519,NO,2026-04-27T22:05:18.678220
887,127,NO,2026-04-27T22:05:18.794537
887,52,NO,2026-04-27T22:05:18.928267
887,876,NO,2026-04-27T22:05:19.050504
888,148,NO,2026-04-27T22:05:19.231666
888,609,NO,2026-04-27T22:05:19.471963
888,732,YES,2026-04-27T22:05:19.608560
888,238,NO,2026-04-27T22:05:19.848463
888,357,YES,2026-04-27T22:05:19.983622
888,488,NO,2026-04-27T22:05:20.137774
888,773,NO,2026-04-27T22:05:20.283563
888,52,NO,2026-04-27T22:05:20.661914
888,963,NO,2026-04-27T22:05:20.808915
888,471,YES,2026-04-27T22:05:20.944374
888,921,NO,2026-04-27T22:05:21.094057
888,432,NO,2026-04-27T22:05:21.228560
888,308,SUPER_LIKE,2026-04-27T22:05:21.343981
888,265,NO,2026-04-27T22:05:21.453990
888,860,NO,2026-04-27T22:05:21.568596
888,751,YES,2026-04-27T22:05:21.690843
888,941,NO,2026-04-27T22:05:21.809323
888,986,SUPER_LIKE,2026-04-27T22:05:22.055661
889,709,NO,2026-04-27T22:05:22.228978
889,108,YES,2026-04-27T22:05:22.352254
889,687,YES,2026-04-27T22:05:22.711070
889,419,NO,2026-04-27T22:05:22.831846
889,855,NO,2026-04-27T22:05:22.957851
889,130,YES,2026-04-27T22:05:23.211087
889,813,NO,2026-04-27T22:05:23.457380
889,693,YES,2026-04-27T22:05:23.709947
889,188,YES,2026-04-27T22:05:24.077918
889,203,NO,2026-04-27T22:05:24.331740
889,667,NO,2026-04-27T22:05:24.456651
889,943,YES,2026-04-27T22:05:24.588010
889,442,NO,2026-04-27T22:05:24.715213
889,449,YES,2026-04-27T22:05:24.844462
890,250,NO,2026-04-27T22:05:25.006239
890,19,NO,2026-04-27T22:05:25.122820
890,18,YES,2026-04-27T22:05:25.238596
890,709,YES,2026-04-27T22:05:25.360235
890,593,NO,2026-04-27T22:05:25.486050
890,645,YES,2026-04-27T22:05:25.600010
890,889,NO,2026-04-27T22:05:25.711450
890,332,YES,2026-04-27T22:05:25.828497
890,831,YES,2026-04-27T22:05:26.090723
890,421,YES,2026-04-27T22:05:26.215379
890,490,NO,2026-04-27T22:05:26.339541
890,876,NO,2026-04-27T22:05:26.830890
890,146,NO,2026-04-27T22:05:26.954566
890,223,NO,2026-04-27T22:05:27.069855
890,599,NO,2026-04-27T22:05:27.217767
890,350,NO,2026-04-27T22:05:27.353171
890,292,NO,2026-04-27T22:05:27.474913
890,123,SUPER_LIKE,2026-04-27T22:05:27.597113
891,526,YES,2026-04-27T22:05:27.912134
891,87,YES,2026-04-27T22:05:28.147987
891,1010,YES,2026-04-27T22:05:28.273044
891,868,YES,2026-04-27T22:05:28.405971
891,933,YES,2026-04-27T22:05:28.536792
891,881,YES,2026-04-27T22:05:28.664033
891,303,YES,2026-04-27T22:05:29.282425
891,856,SUPER_LIKE,2026-04-27T22:05:29.646805
891,473,YES,2026-04-27T22:05:29.768494
891,687,NO,2026-04-27T22:05:29.992951
891,176,YES,2026-04-27T22:05:30.248852
891,277,NO,2026-04-27T22:05:30.724635
892,390,YES,2026-04-27T22:05:31.032521
892,714,YES,2026-04-27T22:05:31.384353
892,880,NO,2026-04-27T22:05:31.512241
892,450,NO,2026-04-27T22:05:31.630071
892,479,NO,2026-04-27T22:05:31.745813
892,860,YES,2026-04-27T22:05:32.366712
892,636,NO,2026-04-27T22:05:32.492571
892,199,NO,2026-04-27T22:05:32.609715
892,36,NO,2026-04-27T22:05:32.864007
892,584,NO,2026-04-27T22:05:32.981728
892,449,NO,2026-04-27T22:05:33.099896
892,337,NO,2026-04-27T22:05:33.218722
892,48,YES,2026-04-27T22:05:33.370760
892,807,NO,2026-04-27T22:05:33.600167
892,854,NO,2026-04-27T22:05:33.839805
893,678,NO,2026-04-27T22:05:34.390616
893,272,YES,2026-04-27T22:05:34.512017
893,72,NO,2026-04-27T22:05:34.621862
893,507,NO,2026-04-27T22:05:34.753851
893,326,NO,2026-04-27T22:05:34.877511
893,244,NO,2026-04-27T22:05:35.001695
893,689,NO,2026-04-27T22:05:35.255421
893,458,SUPER_LIKE,2026-04-27T22:05:35.510834
893,919,YES,2026-04-27T22:05:35.621004
893,609,NO,2026-04-27T22:05:35.745244
893,150,YES,2026-04-27T22:05:36.045888
893,188,YES,2026-04-27T22:05:36.286379
893,412,NO,2026-04-27T22:05:36.395529
893,17,YES,2026-04-27T22:05:36.527834
894,109,NO,2026-04-27T22:05:36.929992
894,447,YES,2026-04-27T22:05:37.058228
894,950,SUPER_LIKE,2026-04-27T22:05:37.299249
894,529,YES,2026-04-27T22:05:37.410940
894,874,YES,2026-04-27T22:05:37.523987
894,528,NO,2026-04-27T22:05:37.639072
894,918,YES,2026-04-27T22:05:37.764068
894,152,YES,2026-04-27T22:05:37.890522
894,859,YES,2026-04-27T22:05:38.000574
894,608,YES,2026-04-27T22:05:38.114829
894,533,YES,2026-04-27T22:05:38.228071
894,245,NO,2026-04-27T22:05:38.353508
894,459,YES,2026-04-27T22:05:38.572361
894,794,YES,2026-04-27T22:05:38.696702
894,1014,YES,2026-04-27T22:05:38.948789
894,517,SUPER_LIKE,2026-04-27T22:05:39.082165
894,712,YES,2026-04-27T22:05:39.447902
894,151,NO,2026-04-27T22:05:39.578061
895,823,NO,2026-04-27T22:05:39.981601
895,983,NO,2026-04-27T22:05:40.110970
895,74,NO,2026-04-27T22:05:40.232114
895,231,YES,2026-04-27T22:05:40.471578
895,251,YES,2026-04-27T22:05:40.583155
895,817,NO,2026-04-27T22:05:40.824421
895,991,NO,2026-04-27T22:05:40.941153
895,278,YES,2026-04-27T22:05:41.073839
895,560,YES,2026-04-27T22:05:41.321847
895,155,YES,2026-04-27T22:05:41.437894
895,203,YES,2026-04-27T22:05:41.663102
895,498,YES,2026-04-27T22:05:41.792288
895,334,NO,2026-04-27T22:05:41.917011
895,67,YES,2026-04-27T22:05:42.141892
895,829,YES,2026-04-27T22:05:42.380478
896,203,NO,2026-04-27T22:05:42.567255
896,322,YES,2026-04-27T22:05:42.809927
896,131,NO,2026-04-27T22:05:43.039203
896,243,YES,2026-04-27T22:05:43.170941
896,119,YES,2026-04-27T22:05:43.282065
896,552,YES,2026-04-27T22:05:43.519596
896,250,NO,2026-04-27T22:05:43.637775
896,538,NO,2026-04-27T22:05:43.973261
896,524,NO,2026-04-27T22:05:44.330220
896,775,YES,2026-04-27T22:05:44.566219
896,668,YES,2026-04-27T22:05:44.681316
896,212,NO,2026-04-27T22:05:44.812625
896,588,SUPER_LIKE,2026-04-27T22:05:44.937544
896,908,NO,2026-04-27T22:05:45.052234
896,194,YES,2026-04-27T22:05:45.295523
897,175,SUPER_LIKE,2026-04-27T22:05:45.485410
897,691,YES,2026-04-27T22:05:45.646698
897,123,NO,2026-04-27T22:05:45.763303
897,587,NO,2026-04-27T22:05:45.891239
897,491,YES,2026-04-27T22:05:46.022234
897,161,NO,2026-04-27T22:05:46.137759
897,619,YES,2026-04-27T22:05:46.392918
897,141,NO,2026-04-27T22:05:46.527587
897,508,NO,2026-04-27T22:05:46.763659
897,428,NO,2026-04-27T22:05:46.876273
897,94,NO,2026-04-27T22:05:46.998681
897,290,YES,2026-04-27T22:05:47.253405
897,745,YES,2026-04-27T22:05:47.364163
897,425,NO,2026-04-27T22:05:47.475733
897,421,YES,2026-04-27T22:05:47.717948
897,477,YES,2026-04-27T22:05:47.953507
897,275,NO,2026-04-27T22:05:48.077490
898,767,NO,2026-04-27T22:05:48.269708
898,562,NO,2026-04-27T22:05:48.396784
898,777,NO,2026-04-27T22:05:48.619567
898,547,NO,2026-04-27T22:05:48.740933
898,396,NO,2026-04-27T22:05:48.865597
898,455,NO,2026-04-27T22:05:48.984273
898,487,NO,2026-04-27T22:05:49.103995
898,304,NO,2026-04-27T22:05:49.226431
898,277,NO,2026-04-27T22:05:49.693263
898,852,NO,2026-04-27T22:05:49.840364
898,255,YES,2026-04-27T22:05:49.971006
898,866,YES,2026-04-27T22:05:50.100199
898,879,NO,2026-04-27T22:05:50.449717
898,333,NO,2026-04-27T22:05:50.572854
898,868,YES,2026-04-27T22:05:50.693418
898,1000,NO,2026-04-27T22:05:50.815506
899,53,NO,2026-04-27T22:05:51.096523
899,978,NO,2026-04-27T22:05:51.457473
899,403,YES,2026-04-27T22:05:51.700767
899,291,NO,2026-04-27T22:05:51.831437
899,411,NO,2026-04-27T22:05:52.192339
899,864,NO,2026-04-27T22:05:52.321580
899,581,NO,2026-04-27T22:05:52.568161
899,158,NO,2026-04-27T22:05:52.801893
899,623,NO,2026-04-27T22:05:52.921478
899,1021,NO,2026-04-27T22:05:53.037110
899,614,NO,2026-04-27T22:05:53.266989
899,209,NO,2026-04-27T22:05:53.494621
899,337,NO,2026-04-27T22:05:53.725500
899,409,NO,2026-04-27T22:05:53.947841
899,985,YES,2026-04-27T22:05:54.083482
899,63,NO,2026-04-27T22:05:54.203248
899,310,YES,2026-04-27T22:05:54.434534
900,868,NO,2026-04-27T22:05:54.734060
900,370,NO,2026-04-27T22:05:54.848393
900,866,NO,2026-04-27T22:05:54.968833
900,476,YES,2026-04-27T22:05:55.099764
900,381,NO,2026-04-27T22:05:55.337606
900,940,NO,2026-04-27T22:05:55.459831
900,939,NO,2026-04-27T22:05:55.683566
900,364,NO,2026-04-27T22:05:55.800174
900,1018,NO,2026-04-27T22:05:56.159402
900,963,NO,2026-04-27T22:05:56.270767
900,36,NO,2026-04-27T22:05:56.390106
900,300,NO,2026-04-27T22:05:56.635817
900,409,YES,2026-04-27T22:05:56.874586
900,916,NO,2026-04-27T22:05:57.007072
900,697,YES,2026-04-27T22:05:57.249114
900,254,NO,2026-04-27T22:05:57.366966
901,717,NO,2026-04-27T22:05:57.552692
901,915,NO,2026-04-27T22:05:57.791343
901,579,NO,2026-04-27T22:05:58.186610
901,909,NO,2026-04-27T22:05:58.417913
901,724,NO,2026-04-27T22:05:58.533403
901,111,NO,2026-04-27T22:05:58.896170
901,182,NO,2026-04-27T22:05:59.016363
901,595,YES,2026-04-27T22:05:59.142088
901,505,NO,2026-04-27T22:05:59.382721
901,128,YES,2026-04-27T22:05:59.507277
901,712,YES,2026-04-27T22:05:59.742626
901,156,NO,2026-04-27T22:05:59.856946
901,432,NO,2026-04-27T22:05:59.982917
901,397,NO,2026-04-27T22:06:00.109933
901,621,NO,2026-04-27T22:06:00.231786
901,516,NO,2026-04-27T22:06:00.343460
902,201,NO,2026-04-27T22:06:00.527498
902,794,NO,2026-04-27T22:06:00.648019
902,62,NO,2026-04-27T22:06:00.985909
902,983,YES,2026-04-27T22:06:01.117483
902,202,NO,2026-04-27T22:06:01.353244
902,108,NO,2026-04-27T22:06:01.478621
902,746,NO,2026-04-27T22:06:01.597234
902,583,NO,2026-04-27T22:06:01.843751
902,508,NO,2026-04-27T22:06:01.961503
902,566,NO,2026-04-27T22:06:02.226918
902,119,NO,2026-04-27T22:06:02.354940
902,937,NO,2026-04-27T22:06:02.478108
902,855,NO,2026-04-27T22:06:02.588404
902,403,YES,2026-04-27T22:06:02.710620
902,43,NO,2026-04-27T22:06:02.832367
902,748,SUPER_LIKE,2026-04-27T22:06:02.952019
903,599,YES,2026-04-27T22:06:03.126296
903,326,NO,2026-04-27T22:06:03.244201
903,818,NO,2026-04-27T22:06:03.356288
903,77,NO,2026-04-27T22:06:03.483196
903,1020,NO,2026-04-27T22:06:03.595118
903,689,YES,2026-04-27T22:06:03.711783
903,105,NO,2026-04-27T22:06:03.840258
903,720,NO,2026-04-27T22:06:03.954937
903,698,NO,2026-04-27T22:06:04.085832
903,642,YES,2026-04-27T22:06:04.329884
903,327,NO,2026-04-27T22:06:04.445281
903,853,NO,2026-04-27T22:06:04.567228
903,113,YES,2026-04-27T22:06:04.728524
903,913,NO,2026-04-27T22:06:04.842969
903,929,NO,2026-04-27T22:06:04.950932
903,298,NO,2026-04-27T22:06:05.070646
903,989,YES,2026-04-27T22:06:05.194888
903,828,YES,2026-04-27T22:06:05.317495
903,66,NO,2026-04-27T22:06:05.566389
903,65,NO,2026-04-27T22:06:05.677878
904,976,NO,2026-04-27T22:06:05.870873
904,989,YES,2026-04-27T22:06:05.986596
904,319,YES,2026-04-27T22:06:06.103133
904,708,NO,2026-04-27T22:06:06.217612
904,262,YES,2026-04-27T22:06:06.335575
904,448,NO,2026-04-27T22:06:06.464651
904,217,NO,2026-04-27T22:06:06.581184
904,852,YES,2026-04-27T22:06:06.705513
904,150,NO,2026-04-27T22:06:06.967196
904,692,SUPER_LIKE,2026-04-27T22:06:07.223222
904,135,YES,2026-04-27T22:06:07.456797
904,643,NO,2026-04-27T22:06:07.586099
904,574,NO,2026-04-27T22:06:07.808283
904,285,YES,2026-04-27T22:06:08.039296
904,295,YES,2026-04-27T22:06:08.166641
904,561,NO,2026-04-27T22:06:08.281234
904,367,NO,2026-04-27T22:06:08.406676
905,195,NO,2026-04-27T22:06:08.937483
905,169,NO,2026-04-27T22:06:09.170611
905,648,NO,2026-04-27T22:06:09.301991
905,800,YES,2026-04-27T22:06:09.423663
905,36,SUPER_LIKE,2026-04-27T22:06:09.536673
905,390,NO,2026-04-27T22:06:09.648983
905,676,NO,2026-04-27T22:06:09.887459
905,93,NO,2026-04-27T22:06:10.014236
905,205,NO,2026-04-27T22:06:10.130484
905,340,NO,2026-04-27T22:06:10.261937
905,415,YES,2026-04-27T22:06:10.383838
905,909,NO,2026-04-27T22:06:10.611148
905,97,NO,2026-04-27T22:06:10.728478
905,644,NO,2026-04-27T22:06:11.186854
905,192,NO,2026-04-27T22:06:11.304590
905,570,NO,2026-04-27T22:06:11.666363
906,531,NO,2026-04-27T22:06:11.834137
906,705,YES,2026-04-27T22:06:11.943546
906,618,YES,2026-04-27T22:06:12.176056
906,864,YES,2026-04-27T22:06:12.303233
906,676,NO,2026-04-27T22:06:12.545317
906,847,NO,2026-04-27T22:06:12.669381
906,160,NO,2026-04-27T22:06:12.784354
906,789,NO,2026-04-27T22:06:12.912617
906,923,YES,2026-04-27T22:06:13.035668
906,277,YES,2026-04-27T22:06:13.159148
906,672,NO,2026-04-27T22:06:13.287090
906,919,YES,2026-04-27T22:06:13.411371
906,356,YES,2026-04-27T22:06:13.532220
906,819,NO,2026-04-27T22:06:13.886858
906,576,NO,2026-04-27T22:06:14.004669
906,504,NO,2026-04-27T22:06:14.262292
907,470,YES,2026-04-27T22:06:14.442825
907,559,YES,2026-04-27T22:06:14.564413
907,317,NO,2026-04-27T22:06:14.692067
907,649,YES,2026-04-27T22:06:15.037205
907,789,NO,2026-04-27T22:06:15.387501
907,288,NO,2026-04-27T22:06:15.499862
907,353,YES,2026-04-27T22:06:15.617321
907,818,YES,2026-04-27T22:06:15.750485
907,682,NO,2026-04-27T22:06:15.876951
907,879,YES,2026-04-27T22:06:16.128329
907,878,NO,2026-04-27T22:06:16.254958
907,53,NO,2026-04-27T22:06:16.373264
907,694,NO,2026-04-27T22:06:16.489857
907,709,NO,2026-04-27T22:06:16.608608
907,699,YES,2026-04-27T22:06:16.732075
907,461,NO,2026-04-27T22:06:17.197874
907,363,NO,2026-04-27T22:06:17.428987
908,335,YES,2026-04-27T22:06:17.730237
908,202,NO,2026-04-27T22:06:17.944572
908,635,YES,2026-04-27T22:06:18.182981
908,923,NO,2026-04-27T22:06:18.298766
908,320,NO,2026-04-27T22:06:18.415855
908,73,NO,2026-04-27T22:06:18.564783
908,807,NO,2026-04-27T22:06:18.920089
908,730,NO,2026-04-27T22:06:19.036041
908,357,YES,2026-04-27T22:06:19.159162
908,145,NO,2026-04-27T22:06:19.283407
908,780,NO,2026-04-27T22:06:19.523549
908,370,YES,2026-04-27T22:06:19.654956
908,168,NO,2026-04-27T22:06:19.896239
908,28,NO,2026-04-27T22:06:20.033954
908,879,YES,2026-04-27T22:06:20.176712
908,153,NO,2026-04-27T22:06:20.304295
908,403,NO,2026-04-27T22:06:20.579452
909,928,YES,2026-04-27T22:06:20.777458
909,850,NO,2026-04-27T22:06:20.897960
909,726,NO,2026-04-27T22:06:21.132341
909,738,NO,2026-04-27T22:06:21.254875
909,339,YES,2026-04-27T22:06:21.486856
909,449,NO,2026-04-27T22:06:21.616690
909,543,NO,2026-04-27T22:06:21.742480
909,157,NO,2026-04-27T22:06:21.961702
909,486,NO,2026-04-27T22:06:22.111372
909,599,YES,2026-04-27T22:06:22.237357
909,187,NO,2026-04-27T22:06:22.360016
909,536,YES,2026-04-27T22:06:22.476274
909,93,NO,2026-04-27T22:06:22.595964
909,198,YES,2026-04-27T22:06:22.835869
909,826,YES,2026-04-27T22:06:22.950661
909,737,NO,2026-04-27T22:06:23.062590
909,207,NO,2026-04-27T22:06:23.314190
909,68,NO,2026-04-27T22:06:23.556641
910,424,NO,2026-04-27T22:06:23.844975
910,321,NO,2026-04-27T22:06:23.964935
910,235,NO,2026-04-27T22:06:24.211804
910,1016,NO,2026-04-27T22:06:24.455174
910,600,NO,2026-04-27T22:06:24.589182
910,324,NO,2026-04-27T22:06:24.715314
910,1008,YES,2026-04-27T22:06:24.835057
910,223,YES,2026-04-27T22:06:24.956067
910,835,NO,2026-04-27T22:06:25.073808
910,656,YES,2026-04-27T22:06:25.218634
910,517,NO,2026-04-27T22:06:25.337749
910,583,NO,2026-04-27T22:06:25.563940
910,80,NO,2026-04-27T22:06:25.688459
910,67,NO,2026-04-27T22:06:26.040133
910,295,NO,2026-04-27T22:06:26.512370
911,99,NO,2026-04-27T22:06:26.717747
911,463,YES,2026-04-27T22:06:26.831647
911,423,NO,2026-04-27T22:06:26.966735
911,449,YES,2026-04-27T22:06:27.083359
911,220,NO,2026-04-27T22:06:27.206850
911,585,YES,2026-04-27T22:06:27.479397
911,969,NO,2026-04-27T22:06:27.618041
911,738,YES,2026-04-27T22:06:27.735093
911,198,YES,2026-04-27T22:06:27.852841
911,620,YES,2026-04-27T22:06:27.970175
911,955,NO,2026-04-27T22:06:28.233229
911,487,YES,2026-04-27T22:06:28.356397
911,979,NO,2026-04-27T22:06:28.478564
911,450,NO,2026-04-27T22:06:28.597318
911,384,NO,2026-04-27T22:06:28.714456
911,680,YES,2026-04-27T22:06:28.839313
911,924,YES,2026-04-27T22:06:28.960292
911,302,NO,2026-04-27T22:06:29.197294
911,72,NO,2026-04-27T22:06:29.416529
912,866,NO,2026-04-27T22:06:29.592151
912,962,NO,2026-04-27T22:06:29.718206
912,234,NO,2026-04-27T22:06:29.832061
912,770,NO,2026-04-27T22:06:30.072772
912,753,YES,2026-04-27T22:06:30.438437
912,138,NO,2026-04-27T22:06:30.911916
912,532,YES,2026-04-27T22:06:31.026484
912,454,YES,2026-04-27T22:06:31.151275
912,76,NO,2026-04-27T22:06:31.267448
912,153,YES,2026-04-27T22:06:31.395790
912,703,NO,2026-04-27T22:06:31.524773
912,655,NO,2026-04-27T22:06:31.646747
912,457,YES,2026-04-27T22:06:32.113917
913,982,YES,2026-04-27T22:06:32.301465
913,408,YES,2026-04-27T22:06:32.414360
913,924,NO,2026-04-27T22:06:32.531314
913,645,NO,2026-04-27T22:06:32.650210
913,188,NO,2026-04-27T22:06:32.783881
913,30,NO,2026-04-27T22:06:32.909185
913,166,YES,2026-04-27T22:06:33.027181
913,792,NO,2026-04-27T22:06:33.179571
913,960,NO,2026-04-27T22:06:33.313421
913,843,NO,2026-04-27T22:06:33.487190
913,772,NO,2026-04-27T22:06:33.716736
913,112,NO,2026-04-27T22:06:34.425616
913,877,NO,2026-04-27T22:06:34.704482
913,640,YES,2026-04-27T22:06:34.823690
913,104,NO,2026-04-27T22:06:35.064031
913,675,NO,2026-04-27T22:06:35.182097
914,907,NO,2026-04-27T22:06:35.369432
914,632,NO,2026-04-27T22:06:35.485532
914,608,NO,2026-04-27T22:06:35.742062
914,755,NO,2026-04-27T22:06:35.861390
914,968,NO,2026-04-27T22:06:36.209233
914,443,NO,2026-04-27T22:06:36.339287
914,727,NO,2026-04-27T22:06:36.453947
914,535,NO,2026-04-27T22:06:36.687322
914,782,YES,2026-04-27T22:06:36.803257
914,685,NO,2026-04-27T22:06:37.055052
914,910,NO,2026-04-27T22:06:37.173772
914,321,NO,2026-04-27T22:06:37.562943
914,801,NO,2026-04-27T22:06:37.679662
914,250,NO,2026-04-27T22:06:37.804889
914,536,NO,2026-04-27T22:06:37.926783
914,841,NO,2026-04-27T22:06:38.053659
914,236,NO,2026-04-27T22:06:38.171526
915,691,NO,2026-04-27T22:06:38.349697
915,298,YES,2026-04-27T22:06:38.478600
915,444,YES,2026-04-27T22:06:38.605835
915,556,YES,2026-04-27T22:06:38.733244
915,358,YES,2026-04-27T22:06:38.870767
915,311,YES,2026-04-27T22:06:38.991520
915,870,NO,2026-04-27T22:06:39.105706
915,710,YES,2026-04-27T22:06:39.356875
915,499,NO,2026-04-27T22:06:39.601794
915,904,YES,2026-04-27T22:06:39.726064
915,586,YES,2026-04-27T22:06:39.859163
915,49,NO,2026-04-27T22:06:39.981522
915,523,YES,2026-04-27T22:06:40.101057
915,931,YES,2026-04-27T22:06:40.220752
915,660,YES,2026-04-27T22:06:40.355381
915,939,YES,2026-04-27T22:06:40.478928
915,160,YES,2026-04-27T22:06:40.599451
915,921,NO,2026-04-27T22:06:40.721652
915,400,YES,2026-04-27T22:06:40.837205
916,692,NO,2026-04-27T22:06:41.028679
916,729,SUPER_LIKE,2026-04-27T22:06:41.261754
916,373,NO,2026-04-27T22:06:41.378610
916,21,YES,2026-04-27T22:06:41.634701
916,679,YES,2026-04-27T22:06:41.760466
916,327,NO,2026-04-27T22:06:41.868596
916,898,NO,2026-04-27T22:06:41.991640
916,394,NO,2026-04-27T22:06:42.120422
916,891,NO,2026-04-27T22:06:42.252583
916,805,YES,2026-04-27T22:06:42.382283
916,1004,NO,2026-04-27T22:06:42.506538
916,842,YES,2026-04-27T22:06:42.619812
916,762,NO,2026-04-27T22:06:42.863791
916,656,YES,2026-04-27T22:06:43.005354
916,847,NO,2026-04-27T22:06:43.240887
916,260,NO,2026-04-27T22:06:43.358550
916,83,NO,2026-04-27T22:06:43.477731
916,132,NO,2026-04-27T22:06:43.593035
917,785,NO,2026-04-27T22:06:43.771291
917,851,YES,2026-04-27T22:06:43.889872
917,509,NO,2026-04-27T22:06:44.010415
917,136,NO,2026-04-27T22:06:44.246677
917,480,NO,2026-04-27T22:06:44.370161
917,162,NO,2026-04-27T22:06:44.498814
917,813,NO,2026-04-27T22:06:44.623134
917,844,NO,2026-04-27T22:06:44.744614
917,982,NO,2026-04-27T22:06:44.856494
917,270,NO,2026-04-27T22:06:44.969813
917,716,NO,2026-04-27T22:06:45.092259
917,615,NO,2026-04-27T22:06:45.553836
917,221,NO,2026-04-27T22:06:45.804982
917,574,NO,2026-04-27T22:06:46.029185
917,921,NO,2026-04-27T22:06:46.249608
917,879,NO,2026-04-27T22:06:46.485524
917,768,NO,2026-04-27T22:06:46.601595
918,346,NO,2026-04-27T22:06:46.780013
918,703,NO,2026-04-27T22:06:46.898735
918,974,NO,2026-04-27T22:06:47.009007
918,783,NO,2026-04-27T22:06:47.236633
918,107,NO,2026-04-27T22:06:47.501159
918,969,NO,2026-04-27T22:06:47.737493
918,830,NO,2026-04-27T22:06:47.864064
918,191,NO,2026-04-27T22:06:47.996296
918,915,NO,2026-04-27T22:06:48.114313
918,678,NO,2026-04-27T22:06:48.237244
918,473,NO,2026-04-27T22:06:48.368238
918,820,NO,2026-04-27T22:06:48.493994
918,923,NO,2026-04-27T22:06:48.849602
918,690,NO,2026-04-27T22:06:49.083954
918,151,YES,2026-04-27T22:06:49.325976
918,740,NO,2026-04-27T22:06:49.567840
918,884,NO,2026-04-27T22:06:50.067278
919,472,YES,2026-04-27T22:06:50.374386
919,894,NO,2026-04-27T22:06:50.498716
919,753,YES,2026-04-27T22:06:50.624145
919,566,NO,2026-04-27T22:06:50.743479
919,1007,YES,2026-04-27T22:06:50.873977
919,496,NO,2026-04-27T22:06:51.100695
919,508,YES,2026-04-27T22:06:51.224034
919,399,YES,2026-04-27T22:06:51.345387
919,511,YES,2026-04-27T22:06:51.470083
919,138,YES,2026-04-27T22:06:51.597842
919,415,NO,2026-04-27T22:06:51.837902
919,941,YES,2026-04-27T22:06:51.960981
919,907,YES,2026-04-27T22:06:52.201211
919,27,NO,2026-04-27T22:06:52.316538
919,740,YES,2026-04-27T22:06:52.570627
919,227,YES,2026-04-27T22:06:52.697042
919,572,NO,2026-04-27T22:06:52.812938
919,650,YES,2026-04-27T22:06:52.923932
920,485,NO,2026-04-27T22:06:53.101174
920,919,NO,2026-04-27T22:06:53.232215
920,597,NO,2026-04-27T22:06:53.345709
920,348,NO,2026-04-27T22:06:53.586975
920,1009,NO,2026-04-27T22:06:53.710353
920,990,NO,2026-04-27T22:06:54.065513
920,246,NO,2026-04-27T22:06:54.429965
920,492,NO,2026-04-27T22:06:54.561932
920,125,NO,2026-04-27T22:06:54.692611
920,828,NO,2026-04-27T22:06:55.039884
920,993,NO,2026-04-27T22:06:55.160945
920,1018,NO,2026-04-27T22:06:55.396281
920,672,YES,2026-04-27T22:06:55.545284
920,103,NO,2026-04-27T22:06:55.674351
920,347,NO,2026-04-27T22:06:55.794413
920,707,NO,2026-04-27T22:06:56.045677
921,984,YES,2026-04-27T22:06:56.476283
921,751,YES,2026-04-27T22:06:56.718581
921,840,YES,2026-04-27T22:06:56.955989
921,627,NO,2026-04-27T22:06:57.070112
921,664,NO,2026-04-27T22:06:57.181096
921,222,YES,2026-04-27T22:06:57.310964
921,979,YES,2026-04-27T22:06:57.428605
921,704,NO,2026-04-27T22:06:57.664091
921,688,NO,2026-04-27T22:06:57.781540
921,810,YES,2026-04-27T22:06:57.921265
921,592,NO,2026-04-27T22:06:58.035117
921,583,NO,2026-04-27T22:06:58.147170
921,115,SUPER_LIKE,2026-04-27T22:06:58.264703
921,169,YES,2026-04-27T22:06:58.497893
921,499,SUPER_LIKE,2026-04-27T22:06:58.620153
921,749,NO,2026-04-27T22:06:58.733841
921,126,SUPER_LIKE,2026-04-27T22:06:58.848574
922,819,NO,2026-04-27T22:06:59.038402
922,797,YES,2026-04-27T22:06:59.163989
922,141,YES,2026-04-27T22:06:59.404894
922,209,YES,2026-04-27T22:06:59.517467
922,167,NO,2026-04-27T22:06:59.634815
922,760,YES,2026-04-27T22:06:59.779950
922,313,YES,2026-04-27T22:07:00.023237
922,866,YES,2026-04-27T22:07:00.412735
922,546,NO,2026-04-27T22:07:00.682577
922,112,NO,2026-04-27T22:07:00.935758
922,134,YES,2026-04-27T22:07:01.178881
922,427,NO,2026-04-27T22:07:01.403879
922,958,NO,2026-04-27T22:07:01.647658
922,137,SUPER_LIKE,2026-04-27T22:07:02.004641
922,184,NO,2026-04-27T22:07:02.227642
922,583,YES,2026-04-27T22:07:02.453565
922,917,NO,2026-04-27T22:07:02.911309
922,342,YES,2026-04-27T22:07:03.253776
923,664,NO,2026-04-27T22:07:03.578233
923,661,NO,2026-04-27T22:07:03.811231
923,369,NO,2026-04-27T22:07:04.030361
923,361,NO,2026-04-27T22:07:04.706008
923,521,YES,2026-04-27T22:07:05.058915
923,693,YES,2026-04-27T22:07:05.387890
923,226,YES,2026-04-27T22:07:05.617087
923,896,YES,2026-04-27T22:07:05.839944
923,777,YES,2026-04-27T22:07:06.422765
923,953,YES,2026-04-27T22:07:06.644224
923,599,YES,2026-04-27T22:07:06.907585
923,515,YES,2026-04-27T22:07:07.126017
923,78,NO,2026-04-27T22:07:07.351210
923,670,NO,2026-04-27T22:07:07.575698
923,808,YES,2026-04-27T22:07:07.799904
923,856,YES,2026-04-27T22:07:08.252443
924,319,NO,2026-04-27T22:07:08.609617
924,172,NO,2026-04-27T22:07:08.827068
924,988,NO,2026-04-27T22:07:09.740656
924,700,NO,2026-04-27T22:07:09.963599
924,565,NO,2026-04-27T22:07:10.186248
924,693,NO,2026-04-27T22:07:10.417737
924,641,NO,2026-04-27T22:07:10.641984
924,294,YES,2026-04-27T22:07:10.881563
924,318,YES,2026-04-27T22:07:11.094834
924,332,NO,2026-04-27T22:07:11.307062
924,288,NO,2026-04-27T22:07:11.766640
924,659,NO,2026-04-27T22:07:11.991603
924,367,YES,2026-04-27T22:07:12.210830
924,279,YES,2026-04-27T22:07:12.428871
924,721,NO,2026-04-27T22:07:12.663039
924,526,NO,2026-04-27T22:07:12.880748
924,609,NO,2026-04-27T22:07:13.094707
925,841,YES,2026-04-27T22:07:13.423560
925,578,NO,2026-04-27T22:07:13.642932
925,638,YES,2026-04-27T22:07:13.889228
925,202,YES,2026-04-27T22:07:14.248336
925,1001,YES,2026-04-27T22:07:14.739274
925,96,YES,2026-04-27T22:07:14.985702
925,704,NO,2026-04-27T22:07:15.204771
925,611,YES,2026-04-27T22:07:15.855115
925,257,YES,2026-04-27T22:07:16.080674
925,595,YES,2026-04-27T22:07:16.306254
925,590,YES,2026-04-27T22:07:16.630428
925,411,YES,2026-04-27T22:07:16.951085
925,644,YES,2026-04-27T22:07:17.405748
925,476,YES,2026-04-27T22:07:17.864690
925,252,YES,2026-04-27T22:07:18.079648
925,901,YES,2026-04-27T22:07:18.335207
926,288,NO,2026-04-27T22:07:18.751470
926,894,YES,2026-04-27T22:07:18.991264
926,672,YES,2026-04-27T22:07:19.445806
926,298,NO,2026-04-27T22:07:19.700706
926,695,YES,2026-04-27T22:07:20.102987
926,709,NO,2026-04-27T22:07:20.647090
926,650,NO,2026-04-27T22:07:20.913350
926,227,NO,2026-04-27T22:07:21.176133
926,761,NO,2026-04-27T22:07:21.729082
926,1020,NO,2026-04-27T22:07:21.952832
926,402,NO,2026-04-27T22:07:22.173096
926,463,NO,2026-04-27T22:07:22.391893
926,91,NO,2026-04-27T22:07:22.737444
926,1018,NO,2026-04-27T22:07:22.968991
926,301,NO,2026-04-27T22:07:23.195192
926,335,NO,2026-04-27T22:07:23.408913
926,404,NO,2026-04-27T22:07:23.632891
927,503,YES,2026-04-27T22:07:23.966749
927,34,NO,2026-04-27T22:07:24.199895
927,234,NO,2026-04-27T22:07:24.413174
927,238,NO,2026-04-27T22:07:24.661987
927,228,YES,2026-04-27T22:07:24.880640
927,973,YES,2026-04-27T22:07:25.140801
927,429,NO,2026-04-27T22:07:25.455222
927,842,NO,2026-04-27T22:07:25.669861
927,892,YES,2026-04-27T22:07:25.923584
927,706,NO,2026-04-27T22:07:26.581422
927,552,NO,2026-04-27T22:07:26.798183
927,244,NO,2026-04-27T22:07:27.018013
927,339,NO,2026-04-27T22:07:27.239206
927,282,NO,2026-04-27T22:07:27.457952
927,142,NO,2026-04-27T22:07:27.695083
927,467,NO,2026-04-27T22:07:28.021292
927,459,NO,2026-04-27T22:07:28.286364
927,531,NO,2026-04-27T22:07:28.730615
928,202,NO,2026-04-27T22:07:29.504730
928,839,NO,2026-04-27T22:07:29.830243
928,325,NO,2026-04-27T22:07:30.257682
928,603,NO,2026-04-27T22:07:30.490359
928,404,NO,2026-04-27T22:07:30.711114
928,1012,NO,2026-04-27T22:07:30.951751
928,308,NO,2026-04-27T22:07:31.162535
928,796,NO,2026-04-27T22:07:31.376818
928,448,NO,2026-04-27T22:07:31.607854
928,268,NO,2026-04-27T22:07:31.823982
928,27,YES,2026-04-27T22:07:32.304147
928,571,NO,2026-04-27T22:07:32.536457
928,426,YES,2026-04-27T22:07:32.815513
928,538,NO,2026-04-27T22:07:33.051238
928,95,NO,2026-04-27T22:07:33.295229
928,695,NO,2026-04-27T22:07:33.656781
928,916,NO,2026-04-27T22:07:33.884695
929,934,NO,2026-04-27T22:07:34.206715
929,532,NO,2026-04-27T22:07:34.533345
929,959,NO,2026-04-27T22:07:34.754196
929,947,YES,2026-04-27T22:07:35.101829
929,271,NO,2026-04-27T22:07:35.312951
929,745,YES,2026-04-27T22:07:35.543477
929,357,YES,2026-04-27T22:07:35.766265
929,731,NO,2026-04-27T22:07:35.985528
929,817,NO,2026-04-27T22:07:36.318491
929,384,NO,2026-04-27T22:07:36.631616
929,933,NO,2026-04-27T22:07:36.857233
929,720,NO,2026-04-27T22:07:37.068895
929,332,NO,2026-04-27T22:07:37.301274
929,608,NO,2026-04-27T22:07:37.750554
929,18,SUPER_LIKE,2026-04-27T22:07:37.982440
929,420,NO,2026-04-27T22:07:38.538505
929,938,NO,2026-04-27T22:07:38.782628
929,571,NO,2026-04-27T22:07:39.019702
930,592,SUPER_LIKE,2026-04-27T22:07:39.452374
930,662,YES,2026-04-27T22:07:39.682005
930,875,NO,2026-04-27T22:07:39.898664
930,315,NO,2026-04-27T22:07:40.151458
930,464,YES,2026-04-27T22:07:40.369016
930,93,YES,2026-04-27T22:07:40.592615
930,200,NO,2026-04-27T22:07:40.830935
930,350,YES,2026-04-27T22:07:41.301399
930,639,YES,2026-04-27T22:07:41.560102
930,837,NO,2026-04-27T22:07:41.824250
930,505,NO,2026-04-27T22:07:42.093563
930,991,YES,2026-04-27T22:07:42.358096
930,468,YES,2026-04-27T22:07:43.329505
930,359,YES,2026-04-27T22:07:43.578124
930,661,YES,2026-04-27T22:07:43.840021
930,884,NO,2026-04-27T22:07:44.089520
931,816,NO,2026-04-27T22:07:44.562144
931,634,NO,2026-04-27T22:07:44.814720
931,244,NO,2026-04-27T22:07:45.078104
931,951,YES,2026-04-27T22:07:45.310075
931,43,YES,2026-04-27T22:07:45.536200
931,192,SUPER_LIKE,2026-04-27T22:07:45.756994
931,956,YES,2026-04-27T22:07:45.993135
931,689,NO,2026-04-27T22:07:46.228803
931,929,YES,2026-04-27T22:07:46.449471
931,739,NO,2026-04-27T22:07:46.678800
931,468,YES,2026-04-27T22:07:46.897860
931,876,SUPER_LIKE,2026-04-27T22:07:47.140760
931,131,YES,2026-04-27T22:07:47.363157
931,795,YES,2026-04-27T22:07:47.585879
931,997,NO,2026-04-27T22:07:47.819317
931,475,YES,2026-04-27T22:07:48.145337
931,394,YES,2026-04-27T22:07:48.383177
931,620,NO,2026-04-27T22:07:48.616058
931,655,YES,2026-04-27T22:07:48.857826
931,48,YES,2026-04-27T22:07:49.085522
932,283,YES,2026-04-27T22:07:49.532179
932,792,NO,2026-04-27T22:07:49.977861
932,589,NO,2026-04-27T22:07:50.199002
932,336,NO,2026-04-27T22:07:50.641587
932,1009,NO,2026-04-27T22:07:50.858651
932,446,NO,2026-04-27T22:07:51.320195
932,334,NO,2026-04-27T22:07:51.533518
932,431,NO,2026-04-27T22:07:51.758893
932,638,NO,2026-04-27T22:07:51.974366
932,39,NO,2026-04-27T22:07:52.637554
932,647,NO,2026-04-27T22:07:52.870065
932,854,YES,2026-04-27T22:07:53.091760
932,860,NO,2026-04-27T22:07:53.538346
932,675,YES,2026-04-27T22:07:53.870004
932,565,YES,2026-04-27T22:07:54.216920
933,817,NO,2026-04-27T22:07:54.538255
933,266,NO,2026-04-27T22:07:54.766980
933,100,NO,2026-04-27T22:07:54.980730
933,443,NO,2026-04-27T22:07:55.204594
933,545,YES,2026-04-27T22:07:55.431270
933,723,YES,2026-04-27T22:07:55.649091
933,130,YES,2026-04-27T22:07:56.503074
933,408,YES,2026-04-27T22:07:56.716374
933,425,NO,2026-04-27T22:07:57.192740
933,849,NO,2026-04-27T22:07:57.634637
933,1017,NO,2026-04-27T22:07:57.869603
933,215,NO,2026-04-27T22:07:58.435186
933,446,YES,2026-04-27T22:07:58.672327
933,803,NO,2026-04-27T22:07:58.885054
933,1004,NO,2026-04-27T22:07:59.101628
934,961,NO,2026-04-27T22:07:59.453013
934,958,NO,2026-04-27T22:08:00.020476
934,41,NO,2026-04-27T22:08:00.470864
934,126,NO,2026-04-27T22:08:00.687655
934,74,NO,2026-04-27T22:08:00.902690
934,135,NO,2026-04-27T22:08:01.138045
934,802,NO,2026-04-27T22:08:01.363667
934,212,YES,2026-04-27T22:08:01.584277
934,239,NO,2026-04-27T22:08:01.816733
934,650,YES,2026-04-27T22:08:02.500096
934,664,NO,2026-04-27T22:08:02.842130
934,608,NO,2026-04-27T22:08:03.058896
934,489,NO,2026-04-27T22:08:03.281764
934,502,NO,2026-04-27T22:08:03.544013
934,481,NO,2026-04-27T22:08:03.769692
934,383,YES,2026-04-27T22:08:03.995283
935,289,YES,2026-04-27T22:08:04.416672
935,865,YES,2026-04-27T22:08:04.681017
935,839,NO,2026-04-27T22:08:04.995547
935,848,NO,2026-04-27T22:08:05.236982
935,781,NO,2026-04-27T22:08:05.564480
935,499,YES,2026-04-27T22:08:05.798682
935,392,YES,2026-04-27T22:08:06.050082
935,377,NO,2026-04-27T22:08:06.521531
935,636,YES,2026-04-27T22:08:06.734213
935,273,YES,2026-04-27T22:08:07.074664
935,215,NO,2026-04-27T22:08:07.297701
935,293,YES,2026-04-27T22:08:07.530299
935,641,SUPER_LIKE,2026-04-27T22:08:07.752791
935,270,YES,2026-04-27T22:08:08.078991
935,181,SUPER_LIKE,2026-04-27T22:08:08.300035
935,484,NO,2026-04-27T22:08:08.642495
935,72,NO,2026-04-27T22:08:08.867639
935,272,YES,2026-04-27T22:08:09.087785
936,158,NO,2026-04-27T22:08:09.552071
936,345,YES,2026-04-27T22:08:09.673061
936,782,NO,2026-04-27T22:08:09.807798
936,59,YES,2026-04-27T22:08:09.984960
936,481,YES,2026-04-27T22:08:10.151116
936,62,YES,2026-04-27T22:08:10.606094
936,942,NO,2026-04-27T22:08:10.751857
936,451,YES,2026-04-27T22:08:11.003540
936,185,NO,2026-04-27T22:08:11.133017
936,1006,YES,2026-04-27T22:08:11.294964
936,530,NO,2026-04-27T22:08:11.571824
936,211,YES,2026-04-27T22:08:11.726338
936,870,NO,2026-04-27T22:08:11.895297
936,992,NO,2026-04-27T22:08:12.062549
936,43,YES,2026-04-27T22:08:12.187840
936,284,YES,2026-04-27T22:08:12.324663
936,270,NO,2026-04-27T22:08:12.569342
937,681,YES,2026-04-27T22:08:12.746563
937,156,SUPER_LIKE,2026-04-27T22:08:12.994804
937,695,YES,2026-04-27T22:08:13.242540
937,1015,NO,2026-04-27T22:08:13.726453
937,743,SUPER_LIKE,2026-04-27T22:08:13.844675
937,335,NO,2026-04-27T22:08:13.958035
937,387,YES,2026-04-27T22:08:14.091856
937,779,NO,2026-04-27T22:08:14.213086
937,722,YES,2026-04-27T22:08:14.450638
937,258,NO,2026-04-27T22:08:14.810292
937,916,YES,2026-04-27T22:08:15.051663
937,595,NO,2026-04-27T22:08:15.170349
937,670,NO,2026-04-27T22:08:15.302528
937,881,NO,2026-04-27T22:08:15.418842
937,40,NO,2026-04-27T22:08:15.549492
937,588,YES,2026-04-27T22:08:15.958042
938,983,YES,2026-04-27T22:08:16.137122
938,568,NO,2026-04-27T22:08:16.256010
938,180,NO,2026-04-27T22:08:16.608102
938,451,NO,2026-04-27T22:08:16.721633
938,47,NO,2026-04-27T22:08:16.837021
938,370,NO,2026-04-27T22:08:16.966785
938,624,NO,2026-04-27T22:08:17.216209
938,883,NO,2026-04-27T22:08:17.331723
938,786,YES,2026-04-27T22:08:17.443221
938,548,NO,2026-04-27T22:08:17.560701
938,345,NO,2026-04-27T22:08:17.694356
938,646,NO,2026-04-27T22:08:17.806167
938,433,NO,2026-04-27T22:08:18.040416
938,201,NO,2026-04-27T22:08:18.164784
938,851,NO,2026-04-27T22:08:18.309184
938,756,NO,2026-04-27T22:08:18.430517
938,275,YES,2026-04-27T22:08:18.545537
939,218,YES,2026-04-27T22:08:18.968543
939,768,NO,2026-04-27T22:08:19.079398
939,983,NO,2026-04-27T22:08:19.193681
939,112,NO,2026-04-27T22:08:19.432839
939,473,YES,2026-04-27T22:08:19.568416
939,130,YES,2026-04-27T22:08:19.698479
939,839,NO,2026-04-27T22:08:19.995491
939,329,YES,2026-04-27T22:08:20.240836
939,302,YES,2026-04-27T22:08:20.376946
939,268,NO,2026-04-27T22:08:20.502826
939,826,YES,2026-04-27T22:08:20.648071
939,761,NO,2026-04-27T22:08:20.793041
939,201,NO,2026-04-27T22:08:20.927882
939,414,YES,2026-04-27T22:08:21.058491
939,616,YES,2026-04-27T22:08:21.440825
939,967,NO,2026-04-27T22:08:21.561664
939,255,YES,2026-04-27T22:08:21.690498
940,165,NO,2026-04-27T22:08:21.878526
940,909,YES,2026-04-27T22:08:22.034016
940,693,NO,2026-04-27T22:08:22.148775
940,946,YES,2026-04-27T22:08:22.400003
940,288,NO,2026-04-27T22:08:22.515458
940,534,YES,2026-04-27T22:08:22.748204
940,537,NO,2026-04-27T22:08:22.989390
940,959,NO,2026-04-27T22:08:23.102523
940,815,YES,2026-04-27T22:08:23.216784
940,926,NO,2026-04-27T22:08:23.330631
940,40,YES,2026-04-27T22:08:23.550398
940,114,NO,2026-04-27T22:08:23.663815
940,1005,NO,2026-04-27T22:08:23.778788
940,651,YES,2026-04-27T22:08:23.902643
940,169,NO,2026-04-27T22:08:24.031152
940,30,NO,2026-04-27T22:08:24.150684
940,750,NO,2026-04-27T22:08:24.262608
940,536,NO,2026-04-27T22:08:24.375226
940,44,NO,2026-04-27T22:08:24.493400
941,999,NO,2026-04-27T22:08:24.680760
941,1010,SUPER_LIKE,2026-04-27T22:08:24.799815
941,748,NO,2026-04-27T22:08:25.415331
941,488,YES,2026-04-27T22:08:25.530177
941,871,NO,2026-04-27T22:08:25.643001
941,238,YES,2026-04-27T22:08:25.907385
941,981,NO,2026-04-27T22:08:26.021393
941,385,YES,2026-04-27T22:08:26.141443
941,685,NO,2026-04-27T22:08:26.254855
941,738,NO,2026-04-27T22:08:26.494411
941,724,YES,2026-04-27T22:08:26.613236
941,38,NO,2026-04-27T22:08:26.744576
941,865,NO,2026-04-27T22:08:27.004074
941,313,YES,2026-04-27T22:08:27.143995
941,928,NO,2026-04-27T22:08:27.282750
942,23,NO,2026-04-27T22:08:27.646405
942,1000,NO,2026-04-27T22:08:28.063350
942,636,NO,2026-04-27T22:08:28.178787
942,475,NO,2026-04-27T22:08:28.299640
942,253,NO,2026-04-27T22:08:28.420631
942,973,YES,2026-04-27T22:08:28.541919
942,698,NO,2026-04-27T22:08:28.660795
942,786,NO,2026-04-27T22:08:28.781236
942,661,NO,2026-04-27T22:08:28.899289
942,762,NO,2026-04-27T22:08:29.015918
942,110,NO,2026-04-27T22:08:29.396179
942,262,NO,2026-04-27T22:08:29.516720
942,607,NO,2026-04-27T22:08:29.633851
942,473,NO,2026-04-27T22:08:29.754121
942,756,NO,2026-04-27T22:08:29.872489
942,992,NO,2026-04-27T22:08:29.990868
942,946,YES,2026-04-27T22:08:30.112464
943,709,NO,2026-04-27T22:08:30.288664
943,255,YES,2026-04-27T22:08:30.579185
943,162,NO,2026-04-27T22:08:30.937204
943,596,SUPER_LIKE,2026-04-27T22:08:31.059126
943,696,NO,2026-04-27T22:08:31.194691
943,82,NO,2026-04-27T22:08:31.546288
943,899,NO,2026-04-27T22:08:31.669650
943,741,NO,2026-04-27T22:08:31.808895
943,508,YES,2026-04-27T22:08:31.946183
943,545,NO,2026-04-27T22:08:32.060802
943,323,NO,2026-04-27T22:08:32.298188
943,914,NO,2026-04-27T22:08:32.539450
943,692,YES,2026-04-27T22:08:32.772944
943,342,NO,2026-04-27T22:08:32.899536
944,494,NO,2026-04-27T22:08:33.079715
944,160,NO,2026-04-27T22:08:33.194396
944,486,YES,2026-04-27T22:08:33.431615
944,926,NO,2026-04-27T22:08:33.677107
944,387,NO,2026-04-27T22:08:33.899477
944,314,YES,2026-04-27T22:08:34.028278
944,514,NO,2026-04-27T22:08:34.152123
944,655,NO,2026-04-27T22:08:34.397583
944,190,NO,2026-04-27T22:08:34.626580
944,333,NO,2026-04-27T22:08:34.804380
944,765,NO,2026-04-27T22:08:34.918738
944,707,NO,2026-04-27T22:08:35.043453
944,397,NO,2026-04-27T22:08:35.156188
944,1001,NO,2026-04-27T22:08:35.280203
944,751,YES,2026-04-27T22:08:35.409819
944,29,NO,2026-04-27T22:08:35.528577
944,960,NO,2026-04-27T22:08:35.639935
944,714,NO,2026-04-27T22:08:35.751296
945,892,YES,2026-04-27T22:08:35.939720
945,56,NO,2026-04-27T22:08:36.059902
945,679,NO,2026-04-27T22:08:36.178209
945,465,NO,2026-04-27T22:08:36.295443
945,751,YES,2026-04-27T22:08:36.538513
945,119,NO,2026-04-27T22:08:36.657572
945,914,YES,2026-04-27T22:08:36.779151
945,775,YES,2026-04-27T22:08:36.906634
945,136,NO,2026-04-27T22:08:37.024598
945,175,NO,2026-04-27T22:08:37.149579
945,504,NO,2026-04-27T22:08:37.263223
945,785,YES,2026-04-27T22:08:37.402863
945,608,NO,2026-04-27T22:08:37.532917
945,741,NO,2026-04-27T22:08:37.656114
945,41,YES,2026-04-27T22:08:37.786925
945,530,NO,2026-04-27T22:08:37.911316
945,477,NO,2026-04-27T22:08:38.153598
945,38,NO,2026-04-27T22:08:38.400087
946,648,NO,2026-04-27T22:08:38.754525
946,644,NO,2026-04-27T22:08:38.894891
946,103,NO,2026-04-27T22:08:39.144445
946,957,NO,2026-04-27T22:08:39.257936
946,200,NO,2026-04-27T22:08:39.515289
946,96,SUPER_LIKE,2026-04-27T22:08:39.630271
946,551,NO,2026-04-27T22:08:39.867310
946,802,NO,2026-04-27T22:08:40.090597
946,859,SUPER_LIKE,2026-04-27T22:08:40.365065
946,351,YES,2026-04-27T22:08:40.477266
946,753,YES,2026-04-27T22:08:40.613608
946,235,NO,2026-04-27T22:08:40.983658
946,527,NO,2026-04-27T22:08:41.219741
946,105,NO,2026-04-27T22:08:41.466895
946,528,SUPER_LIKE,2026-04-27T22:08:41.596790
946,712,NO,2026-04-27T22:08:41.718516
947,107,YES,2026-04-27T22:08:41.907849
947,218,NO,2026-04-27T22:08:42.046121
947,542,NO,2026-04-27T22:08:42.162102
947,247,NO,2026-04-27T22:08:42.390550
947,22,NO,2026-04-27T22:08:42.504131
947,812,NO,2026-04-27T22:08:42.618352
947,339,YES,2026-04-27T22:08:42.734358
947,571,NO,2026-04-27T22:08:42.991245
947,337,NO,2026-04-27T22:08:43.108982
947,453,NO,2026-04-27T22:08:43.232029
947,844,YES,2026-04-27T22:08:43.351718
947,381,NO,2026-04-27T22:08:43.479652
947,745,SUPER_LIKE,2026-04-27T22:08:43.612060
947,845,NO,2026-04-27T22:08:43.726383
947,347,NO,2026-04-27T22:08:43.847551
947,174,YES,2026-04-27T22:08:43.959688
947,963,NO,2026-04-27T22:08:44.190582
947,576,NO,2026-04-27T22:08:44.319058
947,807,NO,2026-04-27T22:08:44.431506
948,88,YES,2026-04-27T22:08:44.615664
948,875,NO,2026-04-27T22:08:44.737649
948,638,YES,2026-04-27T22:08:44.866978
948,281,YES,2026-04-27T22:08:44.992958
948,591,NO,2026-04-27T22:08:45.222424
948,311,SUPER_LIKE,2026-04-27T22:08:45.462021
948,251,NO,2026-04-27T22:08:45.573583
948,227,NO,2026-04-27T22:08:45.688171
948,728,YES,2026-04-27T22:08:45.824847
948,647,YES,2026-04-27T22:08:46.293966
948,266,YES,2026-04-27T22:08:46.412720
948,612,YES,2026-04-27T22:08:46.536311
948,70,NO,2026-04-27T22:08:46.648681
948,208,NO,2026-04-27T22:08:46.773282
948,911,YES,2026-04-27T22:08:46.933582
948,599,NO,2026-04-27T22:08:47.060779
948,878,YES,2026-04-27T22:08:47.184686
949,107,NO,2026-04-27T22:08:47.940238
949,285,NO,2026-04-27T22:08:48.289050
949,195,YES,2026-04-27T22:08:48.428454
949,276,NO,2026-04-27T22:08:48.557068
949,529,NO,2026-04-27T22:08:48.678079
949,844,NO,2026-04-27T22:08:48.794885
949,152,NO,2026-04-27T22:08:49.043384
949,897,NO,2026-04-27T22:08:49.549372
949,150,SUPER_LIKE,2026-04-27T22:08:49.800592
949,530,NO,2026-04-27T22:08:49.919404
949,707,NO,2026-04-27T22:08:50.042026
949,982,YES,2026-04-27T22:08:50.266671
950,88,NO,2026-04-27T22:08:50.444693
950,714,NO,2026-04-27T22:08:50.696423
950,227,NO,2026-04-27T22:08:50.954147
950,470,YES,2026-04-27T22:08:51.071585
950,736,NO,2026-04-27T22:08:51.193686
950,601,YES,2026-04-27T22:08:51.310877
950,645,NO,2026-04-27T22:08:51.426844
950,188,NO,2026-04-27T22:08:51.556161
950,721,NO,2026-04-27T22:08:51.675597
950,391,SUPER_LIKE,2026-04-27T22:08:51.792692
950,112,NO,2026-04-27T22:08:51.923176
950,482,NO,2026-04-27T22:08:52.064829
950,371,NO,2026-04-27T22:08:52.188393
950,250,NO,2026-04-27T22:08:52.307605
950,213,NO,2026-04-27T22:08:52.452216
950,635,NO,2026-04-27T22:08:52.625469
950,200,NO,2026-04-27T22:08:52.792709
950,424,YES,2026-04-27T22:08:52.958346
951,530,YES,2026-04-27T22:08:53.145135
951,213,NO,2026-04-27T22:08:53.264634
951,205,NO,2026-04-27T22:08:53.386739
951,594,NO,2026-04-27T22:08:53.778286
951,810,NO,2026-04-27T22:08:53.900659
951,933,NO,2026-04-27T22:08:54.026240
951,275,NO,2026-04-27T22:08:54.258118
951,418,NO,2026-04-27T22:08:54.376720
951,124,NO,2026-04-27T22:08:54.496459
951,376,NO,2026-04-27T22:08:54.627560
951,603,NO,2026-04-27T22:08:54.742725
951,772,YES,2026-04-27T22:08:54.863522
951,283,NO,2026-04-27T22:08:54.983518
951,36,NO,2026-04-27T22:08:55.234474
951,525,NO,2026-04-27T22:08:55.347415
951,868,NO,2026-04-27T22:08:55.464495
951,271,NO,2026-04-27T22:08:55.593411
951,958,NO,2026-04-27T22:08:55.713485
952,992,YES,2026-04-27T22:08:55.895906
952,101,YES,2026-04-27T22:08:56.119281
952,176,SUPER_LIKE,2026-04-27T22:08:56.233958
952,555,NO,2026-04-27T22:08:56.347162
952,17,SUPER_LIKE,2026-04-27T22:08:56.486700
952,485,NO,2026-04-27T22:08:56.613935
952,573,NO,2026-04-27T22:08:56.744712
952,139,SUPER_LIKE,2026-04-27T22:08:56.980223
952,833,NO,2026-04-27T22:08:57.227620
952,994,NO,2026-04-27T22:08:57.353288
952,359,YES,2026-04-27T22:08:57.477727
952,875,YES,2026-04-27T22:08:57.815627
952,877,NO,2026-04-27T22:08:57.949644
952,867,YES,2026-04-27T22:08:58.065921
952,449,YES,2026-04-27T22:08:58.191166
952,298,YES,2026-04-27T22:08:58.307344
952,707,NO,2026-04-27T22:08:58.441508
952,42,NO,2026-04-27T22:08:58.558601
953,409,YES,2026-04-27T22:08:58.857726
953,746,YES,2026-04-27T22:08:59.001183
953,300,YES,2026-04-27T22:08:59.125756
953,1001,NO,2026-04-27T22:08:59.247200
953,623,YES,2026-04-27T22:08:59.370927
953,23,YES,2026-04-27T22:08:59.490146
953,258,YES,2026-04-27T22:09:00.083189
953,524,NO,2026-04-27T22:09:00.310881
953,275,YES,2026-04-27T22:09:00.428181
953,354,SUPER_LIKE,2026-04-27T22:09:00.573433
953,234,YES,2026-04-27T22:09:00.839621
953,274,NO,2026-04-27T22:09:01.070594
953,42,NO,2026-04-27T22:09:01.181221
953,564,NO,2026-04-27T22:09:01.305754
953,701,YES,2026-04-27T22:09:01.437574
954,559,NO,2026-04-27T22:09:01.606664
954,74,NO,2026-04-27T22:09:01.727859
954,408,NO,2026-04-27T22:09:01.834958
954,591,NO,2026-04-27T22:09:01.959168
954,494,NO,2026-04-27T22:09:02.189767
954,639,NO,2026-04-27T22:09:02.307184
954,972,NO,2026-04-27T22:09:02.532203
954,563,YES,2026-04-27T22:09:02.885137
954,898,NO,2026-04-27T22:09:03.003969
954,735,NO,2026-04-27T22:09:03.142695
954,744,NO,2026-04-27T22:09:03.489533
954,174,NO,2026-04-27T22:09:03.737518
954,634,NO,2026-04-27T22:09:03.851779
954,776,YES,2026-04-27T22:09:03.969237
954,15,NO,2026-04-27T22:09:04.090445
954,13,NO,2026-04-27T22:09:04.205218
955,729,NO,2026-04-27T22:09:04.388419
955,864,NO,2026-04-27T22:09:04.501379
955,304,NO,2026-04-27T22:09:04.613267
955,45,NO,2026-04-27T22:09:04.860537
955,432,NO,2026-04-27T22:09:04.984045
955,889,NO,2026-04-27T22:09:05.106451
955,584,NO,2026-04-27T22:09:05.222534
955,627,NO,2026-04-27T22:09:05.343144
955,397,SUPER_LIKE,2026-04-27T22:09:05.470068
955,82,YES,2026-04-27T22:09:05.584454
955,150,NO,2026-04-27T22:09:05.696279
955,113,NO,2026-04-27T22:09:05.816303
955,648,YES,2026-04-27T22:09:05.936103
955,802,NO,2026-04-27T22:09:06.061560
955,317,NO,2026-04-27T22:09:06.289251
955,375,NO,2026-04-27T22:09:06.405437
955,456,NO,2026-04-27T22:09:06.646408
955,423,NO,2026-04-27T22:09:06.880067
956,736,YES,2026-04-27T22:09:07.067897
956,285,NO,2026-04-27T22:09:07.200181
956,890,NO,2026-04-27T22:09:07.320989
956,982,NO,2026-04-27T22:09:07.438259
956,756,NO,2026-04-27T22:09:07.561001
956,918,NO,2026-04-27T22:09:07.777182
956,62,NO,2026-04-27T22:09:07.893131
956,19,SUPER_LIKE,2026-04-27T22:09:08.019186
956,147,NO,2026-04-27T22:09:08.376195
956,603,YES,2026-04-27T22:09:08.499867
956,863,NO,2026-04-27T22:09:08.867487
956,704,NO,2026-04-27T22:09:08.997476
956,284,YES,2026-04-27T22:09:09.121094
956,937,YES,2026-04-27T22:09:09.230501
956,65,NO,2026-04-27T22:09:09.344219
956,557,NO,2026-04-27T22:09:09.583907
956,486,YES,2026-04-27T22:09:09.814676
957,693,YES,2026-04-27T22:09:09.992906
957,583,YES,2026-04-27T22:09:10.117301
957,77,NO,2026-04-27T22:09:10.247749
957,462,YES,2026-04-27T22:09:10.406514
957,372,YES,2026-04-27T22:09:10.774501
957,876,YES,2026-04-27T22:09:10.927995
957,719,NO,2026-04-27T22:09:11.473832
957,611,NO,2026-04-27T22:09:11.735501
957,398,YES,2026-04-27T22:09:11.975701
957,845,NO,2026-04-27T22:09:12.110686
957,244,NO,2026-04-27T22:09:12.272290
957,1001,SUPER_LIKE,2026-04-27T22:09:12.444185
957,649,SUPER_LIKE,2026-04-27T22:09:12.691298
957,843,NO,2026-04-27T22:09:12.842815
957,254,NO,2026-04-27T22:09:12.966662
958,97,NO,2026-04-27T22:09:13.739845
958,681,NO,2026-04-27T22:09:13.998514
958,581,NO,2026-04-27T22:09:14.118987
958,586,NO,2026-04-27T22:09:14.377290
958,708,YES,2026-04-27T22:09:14.618605
958,868,NO,2026-04-27T22:09:14.858233
958,429,NO,2026-04-27T22:09:14.976801
958,341,YES,2026-04-27T22:09:15.097942
958,932,NO,2026-04-27T22:09:15.347103
958,123,NO,2026-04-27T22:09:15.477516
958,87,YES,2026-04-27T22:09:15.596670
958,677,NO,2026-04-27T22:09:15.711420
958,235,YES,2026-04-27T22:09:15.837960
958,285,NO,2026-04-27T22:09:15.964524
958,851,NO,2026-04-27T22:09:16.082247
958,135,YES,2026-04-27T22:09:16.199417
958,522,NO,2026-04-27T22:09:16.314479
958,185,NO,2026-04-27T22:09:16.432159
959,310,NO,2026-04-27T22:09:16.617324
959,238,NO,2026-04-27T22:09:16.846470
959,826,NO,2026-04-27T22:09:16.968379
959,842,NO,2026-04-27T22:09:17.098757
959,919,NO,2026-04-27T22:09:17.228551
959,633,NO,2026-04-27T22:09:17.716628
959,304,NO,2026-04-27T22:09:18.084450
959,913,NO,2026-04-27T22:09:18.583467
959,771,NO,2026-04-27T22:09:18.700090
959,804,YES,2026-04-27T22:09:18.819932
959,85,SUPER_LIKE,2026-04-27T22:09:19.071329
959,815,NO,2026-04-27T22:09:19.203980
959,989,NO,2026-04-27T22:09:19.332187
959,829,NO,2026-04-27T22:09:19.477823
959,355,NO,2026-04-27T22:09:19.621419
959,59,YES,2026-04-27T22:09:19.783351
960,551,NO,2026-04-27T22:09:19.978846
960,436,NO,2026-04-27T22:09:20.284918
960,660,NO,2026-04-27T22:09:20.413174
960,356,NO,2026-04-27T22:09:20.538178
960,681,YES,2026-04-27T22:09:20.661885
960,700,NO,2026-04-27T22:09:20.805406
960,462,NO,2026-04-27T22:09:20.940170
960,145,NO,2026-04-27T22:09:21.166830
960,33,NO,2026-04-27T22:09:21.284906
960,602,NO,2026-04-27T22:09:21.536037
960,46,NO,2026-04-27T22:09:21.647749
960,704,NO,2026-04-27T22:09:21.760045
960,534,YES,2026-04-27T22:09:21.980913
960,508,NO,2026-04-27T22:09:22.100115
960,24,NO,2026-04-27T22:09:22.220239
960,483,NO,2026-04-27T22:09:22.332090
960,115,YES,2026-04-27T22:09:22.468436
960,29,NO,2026-04-27T22:09:22.595167
960,142,NO,2026-04-27T22:09:22.704228
961,687,SUPER_LIKE,2026-04-27T22:09:22.993565
961,843,YES,2026-04-27T22:09:23.235774
961,761,NO,2026-04-27T22:09:23.353333
961,232,YES,2026-04-27T22:09:23.468539
961,473,SUPER_LIKE,2026-04-27T22:09:23.744524
961,418,YES,2026-04-27T22:09:23.878802
961,396,NO,2026-04-27T22:09:23.993756
961,187,NO,2026-04-27T22:09:24.112875
961,294,NO,2026-04-27T22:09:24.235882
961,223,YES,2026-04-27T22:09:24.364662
961,995,YES,2026-04-27T22:09:24.477405
961,24,NO,2026-04-27T22:09:24.838947
961,1000,NO,2026-04-27T22:09:25.064386
961,780,NO,2026-04-27T22:09:25.186071
961,973,SUPER_LIKE,2026-04-27T22:09:25.310205
961,935,YES,2026-04-27T22:09:25.427354
962,809,NO,2026-04-27T22:09:25.613417
962,209,NO,2026-04-27T22:09:25.738937
962,97,NO,2026-04-27T22:09:25.858827
962,245,YES,2026-04-27T22:09:25.987293
962,941,NO,2026-04-27T22:09:26.348887
962,229,NO,2026-04-27T22:09:26.465062
962,660,YES,2026-04-27T22:09:26.592784
962,542,NO,2026-04-27T22:09:26.936641
962,906,NO,2026-04-27T22:09:27.303591
962,480,NO,2026-04-27T22:09:27.658545
962,265,NO,2026-04-27T22:09:27.790932
962,732,NO,2026-04-27T22:09:27.963736
962,413,NO,2026-04-27T22:09:28.110165
963,261,NO,2026-04-27T22:09:28.426109
963,944,NO,2026-04-27T22:09:28.668045
963,996,YES,2026-04-27T22:09:28.785853
963,150,NO,2026-04-27T22:09:28.906619
963,93,NO,2026-04-27T22:09:29.191486
963,737,YES,2026-04-27T22:09:29.315305
963,328,NO,2026-04-27T22:09:29.555830
963,577,YES,2026-04-27T22:09:29.682166
963,383,NO,2026-04-27T22:09:29.801862
963,705,NO,2026-04-27T22:09:29.922956
963,669,YES,2026-04-27T22:09:30.081693
963,172,YES,2026-04-27T22:09:30.340722
963,871,NO,2026-04-27T22:09:30.460890
963,580,NO,2026-04-27T22:09:30.572328
963,91,YES,2026-04-27T22:09:30.688074
963,911,NO,2026-04-27T22:09:30.813189
963,280,NO,2026-04-27T22:09:30.944989
963,188,SUPER_LIKE,2026-04-27T22:09:31.068736
964,827,NO,2026-04-27T22:09:31.235204
964,702,NO,2026-04-27T22:09:31.478264
964,238,NO,2026-04-27T22:09:31.594641
964,103,NO,2026-04-27T22:09:31.707755
964,833,NO,2026-04-27T22:09:31.820832
964,153,NO,2026-04-27T22:09:31.970082
964,665,NO,2026-04-27T22:09:32.091342
964,489,NO,2026-04-27T22:09:32.212988
964,442,YES,2026-04-27T22:09:32.328807
964,132,NO,2026-04-27T22:09:32.439335
964,1014,NO,2026-04-27T22:09:32.562584
964,184,NO,2026-04-27T22:09:32.677253
964,716,NO,2026-04-27T22:09:32.913297
964,624,NO,2026-04-27T22:09:33.027226
964,773,NO,2026-04-27T22:09:33.290788
964,960,NO,2026-04-27T22:09:33.400823
964,169,NO,2026-04-27T22:09:33.523552
964,75,NO,2026-04-27T22:09:33.654606
965,85,NO,2026-04-27T22:09:33.947259
965,903,YES,2026-04-27T22:09:34.063742
965,500,NO,2026-04-27T22:09:34.201979
965,672,YES,2026-04-27T22:09:34.436770
965,258,NO,2026-04-27T22:09:34.554009
965,215,NO,2026-04-27T22:09:34.775052
965,305,NO,2026-04-27T22:09:34.907683
965,935,YES,2026-04-27T22:09:35.029559
965,767,SUPER_LIKE,2026-04-27T22:09:35.264958
965,351,NO,2026-04-27T22:09:35.401466
965,48,NO,2026-04-27T22:09:35.629110
965,826,NO,2026-04-27T22:09:35.740343
965,565,NO,2026-04-27T22:09:35.856770
965,696,NO,2026-04-27T22:09:36.008177
965,547,NO,2026-04-27T22:09:36.132858
965,918,NO,2026-04-27T22:09:36.248701
965,982,NO,2026-04-27T22:09:36.478675
965,936,YES,2026-04-27T22:09:36.612159
966,291,NO,2026-04-27T22:09:36.782879
966,959,NO,2026-04-27T22:09:36.900137
966,623,NO,2026-04-27T22:09:37.011106
966,909,NO,2026-04-27T22:09:37.135752
966,529,NO,2026-04-27T22:09:37.262644
966,546,NO,2026-04-27T22:09:37.501589
966,55,NO,2026-04-27T22:09:37.723501
966,431,NO,2026-04-27T22:09:37.836017
966,477,NO,2026-04-27T22:09:37.946026
966,173,NO,2026-04-27T22:09:38.175726
966,478,NO,2026-04-27T22:09:38.309182
966,124,NO,2026-04-27T22:09:38.426127
966,42,SUPER_LIKE,2026-04-27T22:09:38.737334
966,66,NO,2026-04-27T22:09:38.988630
966,274,NO,2026-04-27T22:09:39.105387
966,619,NO,2026-04-27T22:09:39.224301
966,187,YES,2026-04-27T22:09:39.346145
966,866,NO,2026-04-27T22:09:39.591279
967,580,YES,2026-04-27T22:09:39.878112
967,508,NO,2026-04-27T22:09:40.112343
967,924,YES,2026-04-27T22:09:40.271230
967,399,NO,2026-04-27T22:09:40.402270
967,956,NO,2026-04-27T22:09:40.548520
967,957,NO,2026-04-27T22:09:40.721937
967,275,NO,2026-04-27T22:09:40.857836
967,899,YES,2026-04-27T22:09:40.989779
967,982,NO,2026-04-27T22:09:41.373262
967,841,NO,2026-04-27T22:09:41.613116
967,28,NO,2026-04-27T22:09:41.728991
967,327,NO,2026-04-27T22:09:41.980536
967,617,NO,2026-04-27T22:09:42.097247
967,760,NO,2026-04-27T22:09:42.215030
967,351,NO,2026-04-27T22:09:42.459499
967,648,NO,2026-04-27T22:09:42.575392
967,679,NO,2026-04-27T22:09:42.692123
968,485,NO,2026-04-27T22:09:42.980266
968,528,NO,2026-04-27T22:09:43.106287
968,376,NO,2026-04-27T22:09:43.340698
968,704,NO,2026-04-27T22:09:43.450416
968,298,NO,2026-04-27T22:09:43.670700
968,620,NO,2026-04-27T22:09:43.920525
968,680,NO,2026-04-27T22:09:44.310264
968,597,NO,2026-04-27T22:09:44.426781
968,901,NO,2026-04-27T22:09:44.549270
968,844,YES,2026-04-27T22:09:44.668183
968,929,NO,2026-04-27T22:09:44.903340
968,366,YES,2026-04-27T22:09:45.015618
968,658,YES,2026-04-27T22:09:45.176048
968,682,NO,2026-04-27T22:09:45.446408
968,855,NO,2026-04-27T22:09:45.563947
968,445,NO,2026-04-27T22:09:45.675530
969,889,NO,2026-04-27T22:09:45.857370
969,632,NO,2026-04-27T22:09:46.101621
969,187,NO,2026-04-27T22:09:46.350883
969,704,NO,2026-04-27T22:09:46.474652
969,605,NO,2026-04-27T22:09:46.720008
969,697,YES,2026-04-27T22:09:46.849113
969,204,NO,2026-04-27T22:09:46.977401
969,411,NO,2026-04-27T22:09:47.245059
969,85,NO,2026-04-27T22:09:47.482546
969,216,YES,2026-04-27T22:09:47.598417
969,251,NO,2026-04-27T22:09:47.729923
969,908,NO,2026-04-27T22:09:47.852215
969,658,YES,2026-04-27T22:09:47.978618
969,851,NO,2026-04-27T22:09:48.221868
969,161,YES,2026-04-27T22:09:48.363621
969,781,NO,2026-04-27T22:09:48.478634
969,980,NO,2026-04-27T22:09:48.713186
970,266,YES,2026-04-27T22:09:48.881488
970,1009,NO,2026-04-27T22:09:49.112663
970,726,NO,2026-04-27T22:09:49.228171
970,214,YES,2026-04-27T22:09:49.352103
970,486,NO,2026-04-27T22:09:49.475347
970,157,YES,2026-04-27T22:09:49.644934
970,325,YES,2026-04-27T22:09:49.769090
970,858,YES,2026-04-27T22:09:49.879954
970,299,NO,2026-04-27T22:09:50.115353
970,594,SUPER_LIKE,2026-04-27T22:09:50.269289
970,727,NO,2026-04-27T22:09:50.388447
970,521,YES,2026-04-27T22:09:50.501582
970,343,YES,2026-04-27T22:09:50.740801
970,904,YES,2026-04-27T22:09:50.859107
970,241,NO,2026-04-27T22:09:51.241728
970,735,YES,2026-04-27T22:09:51.478524
971,422,NO,2026-04-27T22:09:51.663677
971,836,NO,2026-04-27T22:09:51.777498
971,731,NO,2026-04-27T22:09:51.915546
971,329,NO,2026-04-27T22:09:52.154354
971,750,NO,2026-04-27T22:09:52.273563
971,1011,YES,2026-04-27T22:09:52.402002
971,145,YES,2026-04-27T22:09:52.531668
971,224,NO,2026-04-27T22:09:52.663822
971,850,NO,2026-04-27T22:09:52.783589
971,167,NO,2026-04-27T22:09:52.908474
971,625,NO,2026-04-27T22:09:53.037881
971,938,NO,2026-04-27T22:09:53.164726
971,82,NO,2026-04-27T22:09:53.279048
971,206,NO,2026-04-27T22:09:53.396850
971,294,NO,2026-04-27T22:09:53.509112
971,905,NO,2026-04-27T22:09:53.642757
971,773,NO,2026-04-27T22:09:53.760169
971,953,NO,2026-04-27T22:09:53.983978
971,183,NO,2026-04-27T22:09:54.101612
972,969,NO,2026-04-27T22:09:54.292152
972,668,NO,2026-04-27T22:09:54.528968
972,503,NO,2026-04-27T22:09:54.774109
972,955,NO,2026-04-27T22:09:54.888400
972,952,NO,2026-04-27T22:09:55.372640
972,870,NO,2026-04-27T22:09:55.600245
972,582,YES,2026-04-27T22:09:55.721131
972,88,NO,2026-04-27T22:09:55.857917
972,251,NO,2026-04-27T22:09:56.212423
972,345,NO,2026-04-27T22:09:56.335822
972,852,NO,2026-04-27T22:09:56.462965
972,393,NO,2026-04-27T22:09:56.944337
972,698,NO,2026-04-27T22:09:57.064163
973,392,NO,2026-04-27T22:09:57.250416
973,902,NO,2026-04-27T22:09:57.363275
973,64,YES,2026-04-27T22:09:57.480006
973,434,NO,2026-04-27T22:09:57.710712
973,174,YES,2026-04-27T22:09:57.933803
973,886,SUPER_LIKE,2026-04-27T22:09:58.188083
973,229,NO,2026-04-27T22:09:58.322688
973,60,NO,2026-04-27T22:09:58.446109
973,209,NO,2026-04-27T22:09:58.560662
973,542,NO,2026-04-27T22:09:58.673607
973,283,NO,2026-04-27T22:09:58.782965
973,321,NO,2026-04-27T22:09:59.154469
973,145,NO,2026-04-27T22:09:59.412287
973,73,NO,2026-04-27T22:09:59.550042
973,121,NO,2026-04-27T22:09:59.661185
973,986,YES,2026-04-27T22:09:59.779209
973,182,NO,2026-04-27T22:10:00.000526
974,661,NO,2026-04-27T22:10:00.397461
974,838,NO,2026-04-27T22:10:00.641552
974,829,NO,2026-04-27T22:10:00.868681
974,757,NO,2026-04-27T22:10:00.985303
974,267,NO,2026-04-27T22:10:01.115939
974,957,NO,2026-04-27T22:10:01.233089
974,489,NO,2026-04-27T22:10:01.702920
974,934,NO,2026-04-27T22:10:01.829030
974,417,NO,2026-04-27T22:10:02.066410
974,713,NO,2026-04-27T22:10:02.410795
974,718,NO,2026-04-27T22:10:02.528671
974,173,NO,2026-04-27T22:10:02.643378
974,384,NO,2026-04-27T22:10:02.881771
974,866,NO,2026-04-27T22:10:03.007576
975,178,SUPER_LIKE,2026-04-27T22:10:03.195138
975,781,NO,2026-04-27T22:10:03.426388
975,890,YES,2026-04-27T22:10:03.552670
975,747,NO,2026-04-27T22:10:03.666701
975,284,YES,2026-04-27T22:10:03.785869
975,89,NO,2026-04-27T22:10:03.902703
975,55,YES,2026-04-27T22:10:04.032991
975,978,NO,2026-04-27T22:10:04.159843
975,678,NO,2026-04-27T22:10:04.501087
975,616,YES,2026-04-27T22:10:04.722776
975,740,SUPER_LIKE,2026-04-27T22:10:04.839075
975,356,NO,2026-04-27T22:10:05.187621
975,261,NO,2026-04-27T22:10:05.305697
975,494,NO,2026-04-27T22:10:05.528628
975,289,YES,2026-04-27T22:10:05.653540
975,164,YES,2026-04-27T22:10:05.783036
976,816,NO,2026-04-27T22:10:05.973249
976,157,YES,2026-04-27T22:10:06.226070
976,714,YES,2026-04-27T22:10:06.676176
976,449,NO,2026-04-27T22:10:06.789986
976,405,NO,2026-04-27T22:10:06.911357
976,787,NO,2026-04-27T22:10:07.143915
976,1004,NO,2026-04-27T22:10:07.381906
976,385,NO,2026-04-27T22:10:07.502869
976,708,NO,2026-04-27T22:10:07.629386
976,979,NO,2026-04-27T22:10:07.976825
976,717,NO,2026-04-27T22:10:08.093254
976,42,NO,2026-04-27T22:10:08.221572
976,510,NO,2026-04-27T22:10:08.339932
977,673,YES,2026-04-27T22:10:08.926848
977,416,NO,2026-04-27T22:10:09.036275
977,816,YES,2026-04-27T22:10:09.162005
977,314,NO,2026-04-27T22:10:09.281750
977,299,NO,2026-04-27T22:10:09.410484
977,122,NO,2026-04-27T22:10:09.530781
977,813,NO,2026-04-27T22:10:09.894984
977,142,NO,2026-04-27T22:10:10.015793
977,239,NO,2026-04-27T22:10:10.262378
977,551,NO,2026-04-27T22:10:10.522905
977,338,NO,2026-04-27T22:10:10.637982
977,667,NO,2026-04-27T22:10:10.747365
977,711,NO,2026-04-27T22:10:10.862126
977,606,NO,2026-04-27T22:10:11.093109
977,738,NO,2026-04-27T22:10:11.204137
977,521,NO,2026-04-27T22:10:11.318206
977,468,NO,2026-04-27T22:10:11.451119
977,260,NO,2026-04-27T22:10:11.565091
978,359,NO,2026-04-27T22:10:11.979520
978,997,SUPER_LIKE,2026-04-27T22:10:12.105932
978,413,NO,2026-04-27T22:10:12.253005
978,223,YES,2026-04-27T22:10:12.476771
978,535,YES,2026-04-27T22:10:12.716195
978,219,NO,2026-04-27T22:10:12.838560
978,954,NO,2026-04-27T22:10:12.957969
978,793,SUPER_LIKE,2026-04-27T22:10:13.205827
978,855,NO,2026-04-27T22:10:13.330732
978,768,NO,2026-04-27T22:10:13.457767
978,710,NO,2026-04-27T22:10:13.700899
978,147,NO,2026-04-27T22:10:14.150466
978,105,NO,2026-04-27T22:10:14.285035
978,100,NO,2026-04-27T22:10:14.414664
978,874,NO,2026-04-27T22:10:14.537428
979,321,NO,2026-04-27T22:10:14.830220
979,780,NO,2026-04-27T22:10:14.940972
979,568,NO,2026-04-27T22:10:15.076568
979,184,NO,2026-04-27T22:10:15.195644
979,758,NO,2026-04-27T22:10:15.433021
979,736,NO,2026-04-27T22:10:15.807306
979,415,NO,2026-04-27T22:10:15.916412
979,320,NO,2026-04-27T22:10:16.034692
979,502,NO,2026-04-27T22:10:16.272528
979,217,NO,2026-04-27T22:10:16.387054
979,549,NO,2026-04-27T22:10:16.627964
979,886,NO,2026-04-27T22:10:16.906316
979,208,NO,2026-04-27T22:10:17.151491
979,50,NO,2026-04-27T22:10:17.280069
979,645,NO,2026-04-27T22:10:17.409932
979,354,NO,2026-04-27T22:10:17.523514
980,719,NO,2026-04-27T22:10:17.812521
980,902,NO,2026-04-27T22:10:17.940488
980,690,NO,2026-04-27T22:10:18.177727
980,329,NO,2026-04-27T22:10:18.297361
980,130,NO,2026-04-27T22:10:18.539512
980,559,NO,2026-04-27T22:10:18.654680
980,655,NO,2026-04-27T22:10:18.766926
980,543,YES,2026-04-27T22:10:18.984551
980,839,YES,2026-04-27T22:10:19.130004
980,237,NO,2026-04-27T22:10:19.242539
980,102,SUPER_LIKE,2026-04-27T22:10:19.358400
980,805,NO,2026-04-27T22:10:19.468641
980,68,NO,2026-04-27T22:10:19.624509
980,50,NO,2026-04-27T22:10:19.765746
980,78,NO,2026-04-27T22:10:19.897414
980,32,YES,2026-04-27T22:10:20.029816
980,206,NO,2026-04-27T22:10:20.163104
980,882,NO,2026-04-27T22:10:20.294869
980,651,NO,2026-04-27T22:10:20.422651
981,917,NO,2026-04-27T22:10:20.620676
981,689,NO,2026-04-27T22:10:20.753472
981,145,YES,2026-04-27T22:10:20.994131
981,846,NO,2026-04-27T22:10:21.125608
981,680,NO,2026-04-27T22:10:21.254865
981,162,NO,2026-04-27T22:10:21.370287
981,863,YES,2026-04-27T22:10:21.497941
981,147,YES,2026-04-27T22:10:21.622265
981,800,NO,2026-04-27T22:10:21.747989
981,415,NO,2026-04-27T22:10:21.856052
981,665,NO,2026-04-27T22:10:21.975720
981,274,YES,2026-04-27T22:10:22.330969
981,197,NO,2026-04-27T22:10:22.441800
981,374,NO,2026-04-27T22:10:22.671274
981,84,NO,2026-04-27T22:10:22.802303
981,205,YES,2026-04-27T22:10:22.920611
981,119,NO,2026-04-27T22:10:23.048605
981,76,NO,2026-04-27T22:10:23.182638
981,83,NO,2026-04-27T22:10:23.410532
982,697,NO,2026-04-27T22:10:23.574159
982,469,YES,2026-04-27T22:10:23.689120
982,790,NO,2026-04-27T22:10:23.959238
982,840,YES,2026-04-27T22:10:24.078230
982,658,NO,2026-04-27T22:10:24.192109
982,400,NO,2026-04-27T22:10:24.307857
982,457,NO,2026-04-27T22:10:24.546970
982,161,NO,2026-04-27T22:10:24.895674
982,755,NO,2026-04-27T22:10:25.028119
982,152,NO,2026-04-27T22:10:25.154943
982,499,NO,2026-04-27T22:10:25.282576
982,905,NO,2026-04-27T22:10:25.543893
982,725,NO,2026-04-27T22:10:25.652075
982,740,NO,2026-04-27T22:10:25.767631
982,201,NO,2026-04-27T22:10:25.885431
982,620,NO,2026-04-27T22:10:26.000422
982,478,YES,2026-04-27T22:10:26.355638
983,238,NO,2026-04-27T22:10:26.744526
983,642,NO,2026-04-27T22:10:26.980726
983,593,NO,2026-04-27T22:10:27.091710
983,883,YES,2026-04-27T22:10:27.209604
983,758,NO,2026-04-27T22:10:27.337610
983,691,YES,2026-04-27T22:10:27.474632
983,605,NO,2026-04-27T22:10:27.587394
983,412,YES,2026-04-27T22:10:27.704311
983,777,YES,2026-04-27T22:10:27.829054
983,947,NO,2026-04-27T22:10:28.221281
983,255,NO,2026-04-27T22:10:28.345360
983,837,NO,2026-04-27T22:10:28.482877
983,84,NO,2026-04-27T22:10:28.706991
983,991,YES,2026-04-27T22:10:28.820793
983,875,NO,2026-04-27T22:10:28.938875
984,843,YES,2026-04-27T22:10:29.253768
984,697,NO,2026-04-27T22:10:29.374504
984,326,YES,2026-04-27T22:10:29.502546
984,188,YES,2026-04-27T22:10:29.625448
984,364,NO,2026-04-27T22:10:29.740927
984,397,YES,2026-04-27T22:10:29.970370
984,417,SUPER_LIKE,2026-04-27T22:10:30.086949
984,882,YES,2026-04-27T22:10:30.338819
984,249,SUPER_LIKE,2026-04-27T22:10:30.455184
984,225,YES,2026-04-27T22:10:30.564666
984,510,YES,2026-04-27T22:10:30.684585
984,90,YES,2026-04-27T22:10:30.810375
984,277,YES,2026-04-27T22:10:30.937237
984,448,YES,2026-04-27T22:10:31.298570
984,378,YES,2026-04-27T22:10:31.522514
984,455,SUPER_LIKE,2026-04-27T22:10:31.648493
984,443,YES,2026-04-27T22:10:31.771433
985,316,NO,2026-04-27T22:10:31.946417
985,843,NO,2026-04-27T22:10:32.080546
985,492,YES,2026-04-27T22:10:32.314654
985,809,YES,2026-04-27T22:10:32.436720
985,228,NO,2026-04-27T22:10:32.559425
985,629,YES,2026-04-27T22:10:32.691737
985,617,YES,2026-04-27T22:10:32.927118
985,60,NO,2026-04-27T22:10:33.282289
985,859,YES,2026-04-27T22:10:33.396409
985,330,YES,2026-04-27T22:10:33.632076
985,468,YES,2026-04-27T22:10:33.749620
985,235,SUPER_LIKE,2026-04-27T22:10:33.879285
985,152,YES,2026-04-27T22:10:34.114475
985,111,NO,2026-04-27T22:10:34.237826
985,567,YES,2026-04-27T22:10:34.365264
985,220,NO,2026-04-27T22:10:34.490497
985,158,NO,2026-04-27T22:10:34.606879
985,569,NO,2026-04-27T22:10:34.734454
985,411,NO,2026-04-27T22:10:34.976173
986,313,NO,2026-04-27T22:10:35.285233
986,244,NO,2026-04-27T22:10:35.412694
986,82,YES,2026-04-27T22:10:35.655821
986,86,NO,2026-04-27T22:10:35.766748
986,545,NO,2026-04-27T22:10:35.992129
986,734,NO,2026-04-27T22:10:36.220871
986,569,NO,2026-04-27T22:10:36.343807
986,524,YES,2026-04-27T22:10:36.456154
986,454,NO,2026-04-27T22:10:36.564898
986,394,NO,2026-04-27T22:10:36.693547
986,121,NO,2026-04-27T22:10:36.818521
986,340,NO,2026-04-27T22:10:36.931910
986,335,NO,2026-04-27T22:10:37.047294
986,127,NO,2026-04-27T22:10:37.292445
986,879,NO,2026-04-27T22:10:37.411204
986,246,YES,2026-04-27T22:10:37.526197
986,697,NO,2026-04-27T22:10:37.644870
986,817,NO,2026-04-27T22:10:37.881357
987,623,NO,2026-04-27T22:10:38.051312
987,54,NO,2026-04-27T22:10:38.159415
987,781,NO,2026-04-27T22:10:38.276973
987,392,SUPER_LIKE,2026-04-27T22:10:38.398660
987,652,NO,2026-04-27T22:10:38.650924
987,254,NO,2026-04-27T22:10:38.775597
987,468,NO,2026-04-27T22:10:39.015027
987,382,NO,2026-04-27T22:10:39.132321
987,727,YES,2026-04-27T22:10:39.374546
987,524,NO,2026-04-27T22:10:39.843730
987,176,YES,2026-04-27T22:10:39.956376
987,163,NO,2026-04-27T22:10:40.203565
987,837,NO,2026-04-27T22:10:40.327361
987,980,YES,2026-04-27T22:10:40.448846
987,882,YES,2026-04-27T22:10:40.575827
987,471,NO,2026-04-27T22:10:40.690050
987,161,NO,2026-04-27T22:10:40.825280
988,59,NO,2026-04-27T22:10:41.126139
988,555,NO,2026-04-27T22:10:41.389437
988,257,NO,2026-04-27T22:10:41.536248
988,612,YES,2026-04-27T22:10:41.661616
988,559,YES,2026-04-27T22:10:41.861570
988,203,NO,2026-04-27T22:10:42.000997
988,492,NO,2026-04-27T22:10:42.137665
988,606,NO,2026-04-27T22:10:42.298767
988,599,YES,2026-04-27T22:10:42.460787
988,522,YES,2026-04-27T22:10:42.603409
988,379,NO,2026-04-27T22:10:42.869493
988,728,NO,2026-04-27T22:10:43.126103
988,260,YES,2026-04-27T22:10:43.273634
988,1014,YES,2026-04-27T22:10:43.403580
988,178,NO,2026-04-27T22:10:43.545421
988,459,YES,2026-04-27T22:10:43.682998
988,648,NO,2026-04-27T22:10:43.828693
988,884,NO,2026-04-27T22:10:43.986238
989,346,NO,2026-04-27T22:10:44.193404
989,720,NO,2026-04-27T22:10:44.472907
989,643,NO,2026-04-27T22:10:44.696561
989,19,NO,2026-04-27T22:10:44.825630
989,362,NO,2026-04-27T22:10:44.987741
989,321,NO,2026-04-27T22:10:45.237923
989,356,NO,2026-04-27T22:10:45.354603
989,591,NO,2026-04-27T22:10:45.467435
989,239,NO,2026-04-27T22:10:45.718653
989,713,NO,2026-04-27T22:10:45.843118
989,95,NO,2026-04-27T22:10:45.957060
989,40,YES,2026-04-27T22:10:46.084943
989,760,YES,2026-04-27T22:10:46.221662
989,405,NO,2026-04-27T22:10:46.351495
989,950,NO,2026-04-27T22:10:46.490664
989,815,YES,2026-04-27T22:10:46.614633
990,992,YES,2026-04-27T22:10:46.928801
990,819,NO,2026-04-27T22:10:47.039052
990,571,NO,2026-04-27T22:10:47.147381
990,464,NO,2026-04-27T22:10:47.266361
990,501,NO,2026-04-27T22:10:47.410668
990,989,YES,2026-04-27T22:10:47.538967
990,147,NO,2026-04-27T22:10:47.657463
990,910,NO,2026-04-27T22:10:47.775955
990,512,NO,2026-04-27T22:10:47.897713
990,24,NO,2026-04-27T22:10:48.023177
990,860,NO,2026-04-27T22:10:48.270606
990,591,NO,2026-04-27T22:10:48.407261
990,947,YES,2026-04-27T22:10:48.531546
990,726,NO,2026-04-27T22:10:48.892735
990,934,NO,2026-04-27T22:10:49.127957
990,935,NO,2026-04-27T22:10:49.372410
990,927,NO,2026-04-27T22:10:49.486815
990,355,YES,2026-04-27T22:10:49.631623
990,252,NO,2026-04-27T22:10:49.773021
991,638,NO,2026-04-27T22:10:49.971654
991,549,YES,2026-04-27T22:10:50.115711
991,982,YES,2026-04-27T22:10:50.389980
991,350,NO,2026-04-27T22:10:50.533861
991,326,NO,2026-04-27T22:10:50.682085
991,55,NO,2026-04-27T22:10:50.820045
991,70,NO,2026-04-27T22:10:50.962108
991,442,NO,2026-04-27T22:10:51.102535
991,779,NO,2026-04-27T22:10:51.394018
991,795,NO,2026-04-27T22:10:51.563597
991,691,YES,2026-04-27T22:10:51.847305
991,521,NO,2026-04-27T22:10:52.153177
991,825,NO,2026-04-27T22:10:52.268889
991,777,YES,2026-04-27T22:10:52.519809
991,882,NO,2026-04-27T22:10:52.652011
991,480,YES,2026-04-27T22:10:52.786115
991,1012,NO,2026-04-27T22:10:53.012666
991,958,NO,2026-04-27T22:10:53.141553
991,482,NO,2026-04-27T22:10:53.259705
992,291,NO,2026-04-27T22:10:53.443451
992,686,NO,2026-04-27T22:10:53.573551
992,694,NO,2026-04-27T22:10:53.713360
992,626,NO,2026-04-27T22:10:53.851179
992,48,NO,2026-04-27T22:10:53.981280
992,581,NO,2026-04-27T22:10:54.096843
992,156,NO,2026-04-27T22:10:54.207649
992,392,NO,2026-04-27T22:10:54.431976
992,653,NO,2026-04-27T22:10:54.546746
992,465,YES,2026-04-27T22:10:54.661041
992,133,NO,2026-04-27T22:10:54.803460
992,470,YES,2026-04-27T22:10:54.949727
992,906,NO,2026-04-27T22:10:55.086817
992,407,YES,2026-04-27T22:10:55.201617
992,663,NO,2026-04-27T22:10:55.316033
992,982,NO,2026-04-27T22:10:55.436652
992,322,NO,2026-04-27T22:10:55.559844
992,57,YES,2026-04-27T22:10:55.681597
992,578,YES,2026-04-27T22:10:55.801615
992,664,NO,2026-04-27T22:10:55.918342
993,681,NO,2026-04-27T22:10:56.199485
993,206,YES,2026-04-27T22:10:56.316892
993,442,NO,2026-04-27T22:10:56.545796
993,364,NO,2026-04-27T22:10:56.773898
993,694,YES,2026-04-27T22:10:56.888488
993,562,YES,2026-04-27T22:10:57.005910
993,39,YES,2026-04-27T22:10:57.119022
993,569,NO,2026-04-27T22:10:57.377746
993,742,YES,2026-04-27T22:10:57.505369
993,701,YES,2026-04-27T22:10:57.623845
993,339,NO,2026-04-27T22:10:57.871213
993,497,YES,2026-04-27T22:10:57.997297
993,836,YES,2026-04-27T22:10:58.234464
993,161,YES,2026-04-27T22:10:58.348246
993,285,YES,2026-04-27T22:10:58.465879
993,613,SUPER_LIKE,2026-04-27T22:10:58.591758
993,686,NO,2026-04-27T22:10:58.704426
993,738,NO,2026-04-27T22:10:58.827176
994,679,NO,2026-04-27T22:10:59.005855
994,579,NO,2026-04-27T22:10:59.122520
994,703,NO,2026-04-27T22:10:59.276864
994,979,NO,2026-04-27T22:10:59.397841
994,853,NO,2026-04-27T22:10:59.658236
994,294,NO,2026-04-27T22:10:59.780486
994,364,NO,2026-04-27T22:10:59.900451
994,77,YES,2026-04-27T22:11:00.030480
994,577,NO,2026-04-27T22:11:00.266145
994,413,NO,2026-04-27T22:11:00.505004
994,704,NO,2026-04-27T22:11:00.755591
994,306,NO,2026-04-27T22:11:00.874104
994,608,NO,2026-04-27T22:11:01.000570
994,966,NO,2026-04-27T22:11:01.110422
994,748,NO,2026-04-27T22:11:01.336534
994,513,NO,2026-04-27T22:11:01.465035
995,568,NO,2026-04-27T22:11:01.768434
995,922,NO,2026-04-27T22:11:02.126566
995,796,NO,2026-04-27T22:11:02.242441
995,429,SUPER_LIKE,2026-04-27T22:11:02.477405
995,863,NO,2026-04-27T22:11:02.602069
995,65,NO,2026-04-27T22:11:02.831080
995,1012,NO,2026-04-27T22:11:02.943277
995,221,YES,2026-04-27T22:11:03.181507
995,461,NO,2026-04-27T22:11:03.535685
995,475,NO,2026-04-27T22:11:03.658713
995,896,NO,2026-04-27T22:11:03.778943
995,595,NO,2026-04-27T22:11:03.899046
995,318,NO,2026-04-27T22:11:04.011174
995,801,YES,2026-04-27T22:11:04.147290
995,837,NO,2026-04-27T22:11:04.267182
995,574,NO,2026-04-27T22:11:04.397431
995,232,NO,2026-04-27T22:11:04.515903
996,763,NO,2026-04-27T22:11:04.691139
996,857,NO,2026-04-27T22:11:04.927617
996,513,YES,2026-04-27T22:11:05.047737
996,227,YES,2026-04-27T22:11:05.174860
996,504,NO,2026-04-27T22:11:05.410789
996,523,YES,2026-04-27T22:11:05.531292
996,454,YES,2026-04-27T22:11:05.771491
996,709,NO,2026-04-27T22:11:05.892145
996,613,YES,2026-04-27T22:11:06.008738
996,394,YES,2026-04-27T22:11:06.134007
996,783,YES,2026-04-27T22:11:06.269687
996,140,YES,2026-04-27T22:11:06.747955
996,656,YES,2026-04-27T22:11:06.870961
996,253,YES,2026-04-27T22:11:06.991236
996,294,NO,2026-04-27T22:11:07.112600
996,164,NO,2026-04-27T22:11:07.227665
996,768,YES,2026-04-27T22:11:07.354996
997,198,YES,2026-04-27T22:11:07.534880
997,996,NO,2026-04-27T22:11:07.643503
997,433,NO,2026-04-27T22:11:07.752783
997,170,NO,2026-04-27T22:11:08.002863
997,659,NO,2026-04-27T22:11:08.118748
997,890,NO,2026-04-27T22:11:08.347293
997,432,NO,2026-04-27T22:11:08.467981
997,294,NO,2026-04-27T22:11:08.587188
997,404,NO,2026-04-27T22:11:08.709840
997,128,NO,2026-04-27T22:11:08.820042
997,86,NO,2026-04-27T22:11:08.946588
997,826,YES,2026-04-27T22:11:09.319152
997,259,NO,2026-04-27T22:11:09.439585
997,221,NO,2026-04-27T22:11:09.687666
997,73,YES,2026-04-27T22:11:09.929214
997,920,NO,2026-04-27T22:11:10.047747
997,620,NO,2026-04-27T22:11:10.194551
998,658,NO,2026-04-27T22:11:10.380651
998,537,NO,2026-04-27T22:11:10.506433
998,215,NO,2026-04-27T22:11:10.737058
998,177,YES,2026-04-27T22:11:10.871896
998,788,NO,2026-04-27T22:11:10.985275
998,193,NO,2026-04-27T22:11:11.101252
998,474,NO,2026-04-27T22:11:11.220926
998,96,YES,2026-04-27T22:11:11.342112
998,44,YES,2026-04-27T22:11:11.468933
998,799,NO,2026-04-27T22:11:11.712030
998,712,YES,2026-04-27T22:11:11.832899
998,713,NO,2026-04-27T22:11:12.058345
998,560,YES,2026-04-27T22:11:12.186625
998,33,YES,2026-04-27T22:11:12.324560
998,30,YES,2026-04-27T22:11:12.432185
998,242,NO,2026-04-27T22:11:12.562853
998,65,NO,2026-04-27T22:11:12.689170
998,50,NO,2026-04-27T22:11:12.930309
998,355,NO,2026-04-27T22:11:13.052485
998,328,NO,2026-04-27T22:11:13.166147
999,364,NO,2026-04-27T22:11:13.333369
999,808,YES,2026-04-27T22:11:13.445294
999,912,YES,2026-04-27T22:11:13.560705
999,330,YES,2026-04-27T22:11:13.813380
999,758,NO,2026-04-27T22:11:13.935063
999,297,SUPER_LIKE,2026-04-27T22:11:14.060470
999,366,SUPER_LIKE,2026-04-27T22:11:14.320842
999,260,YES,2026-04-27T22:11:14.449618
999,1011,YES,2026-04-27T22:11:14.572594
999,501,SUPER_LIKE,2026-04-27T22:11:14.702755
999,526,YES,2026-04-27T22:11:14.817623
999,607,YES,2026-04-27T22:11:14.933424
999,375,NO,2026-04-27T22:11:15.063894
999,33,YES,2026-04-27T22:11:15.188062
999,389,YES,2026-04-27T22:11:15.299842
999,552,YES,2026-04-27T22:11:15.543807
999,600,YES,2026-04-27T22:11:15.676450
999,405,YES,2026-04-27T22:11:15.800966
999,429,YES,2026-04-27T22:11:15.920360
1000,344,NO,2026-04-27T22:11:16.224784
1000,719,NO,2026-04-27T22:11:16.341767
1000,954,NO,2026-04-27T22:11:16.463605
1000,1019,NO,2026-04-27T22:11:16.585915
1000,128,NO,2026-04-27T22:11:16.806015
1000,615,NO,2026-04-27T22:11:16.940743
1000,801,YES,2026-04-27T22:11:17.063046
1000,959,SUPER_LIKE,2026-04-27T22:11:17.308012
1000,751,NO,2026-04-27T22:11:17.430520
1000,561,SUPER_LIKE,2026-04-27T22:11:17.671279
1000,911,NO,2026-04-27T22:11:17.795206
1000,77,NO,2026-04-27T22:11:18.152073
1000,452,YES,2026-04-27T22:11:18.273808
1000,133,NO,2026-04-27T22:11:18.393912
1000,374,YES,2026-04-27T22:11:18.630750
1000,232,NO,2026-04-27T22:11:19.015792
1001,970,YES,2026-04-27T22:11:19.317101
1001,193,YES,2026-04-27T22:11:19.432994
1001,32,YES,2026-04-27T22:11:19.596765
1001,279,YES,2026-04-27T22:11:19.728513
1001,462,YES,2026-04-27T22:11:19.988284
1001,808,NO,2026-04-27T22:11:20.141623
1001,966,NO,2026-04-27T22:11:20.302505
1001,884,YES,2026-04-27T22:11:20.551078
1001,370,NO,2026-04-27T22:11:20.700369
1001,636,NO,2026-04-27T22:11:20.829381
1001,305,SUPER_LIKE,2026-04-27T22:11:20.979868
1001,200,NO,2026-04-27T22:11:21.168483
1001,178,YES,2026-04-27T22:11:21.520649
1001,465,YES,2026-04-27T22:11:21.774790
1001,211,YES,2026-04-27T22:11:22.011485
1001,463,NO,2026-04-27T22:11:22.128651
1001,63,YES,2026-04-27T22:11:22.266987
1002,199,NO,2026-04-27T22:11:22.443825
1002,337,NO,2026-04-27T22:11:22.559730
1002,304,NO,2026-04-27T22:11:22.814799
1002,209,NO,2026-04-27T22:11:22.935927
1002,272,NO,2026-04-27T22:11:23.173974
1002,535,YES,2026-04-27T22:11:23.294118
1002,477,NO,2026-04-27T22:11:23.550997
1002,426,NO,2026-04-27T22:11:23.692171
1002,700,NO,2026-04-27T22:11:23.931103
1002,526,YES,2026-04-27T22:11:24.318438
1002,547,NO,2026-04-27T22:11:24.436027
1002,569,NO,2026-04-27T22:11:24.797625
1002,649,NO,2026-04-27T22:11:25.183344
1003,729,NO,2026-04-27T22:11:25.369367
1003,543,NO,2026-04-27T22:11:25.605604
1003,908,NO,2026-04-27T22:11:25.731742
1003,525,YES,2026-04-27T22:11:25.850766
1003,832,NO,2026-04-27T22:11:26.196103
1003,174,NO,2026-04-27T22:11:26.343602
1003,287,YES,2026-04-27T22:11:26.465705
1003,485,YES,2026-04-27T22:11:26.596777
1003,216,YES,2026-04-27T22:11:26.824481
1003,107,YES,2026-04-27T22:11:26.974164
1003,794,NO,2026-04-27T22:11:27.098128
1003,152,NO,2026-04-27T22:11:27.205782
1003,985,NO,2026-04-27T22:11:27.329098
1003,869,NO,2026-04-27T22:11:27.460292
1003,513,NO,2026-04-27T22:11:27.582593
1003,715,NO,2026-04-27T22:11:27.711444
1003,627,NO,2026-04-27T22:11:27.830107
1003,168,YES,2026-04-27T22:11:28.082222
1004,396,NO,2026-04-27T22:11:28.365032
1004,62,NO,2026-04-27T22:11:28.487576
1004,687,YES,2026-04-27T22:11:28.614982
1004,511,YES,2026-04-27T22:11:28.754636
1004,334,NO,2026-04-27T22:11:28.869485
1004,501,YES,2026-04-27T22:11:28.994721
1004,475,NO,2026-04-27T22:11:29.110587
1004,523,NO,2026-04-27T22:11:29.488827
1004,258,NO,2026-04-27T22:11:29.715432
1004,810,YES,2026-04-27T22:11:30.066403
1004,949,YES,2026-04-27T22:11:30.300201
1004,634,NO,2026-04-27T22:11:30.424015
1004,268,YES,2026-04-27T22:11:30.560777
1004,710,YES,2026-04-27T22:11:30.690543
1004,937,YES,2026-04-27T22:11:31.174961
1005,231,NO,2026-04-27T22:11:31.340995
1005,105,YES,2026-04-27T22:11:31.455156
1005,617,YES,2026-04-27T22:11:31.695977
1005,573,NO,2026-04-27T22:11:31.810626
1005,190,YES,2026-04-27T22:11:32.037614
1005,945,YES,2026-04-27T22:11:32.383438
1005,325,YES,2026-04-27T22:11:32.626571
1005,660,NO,2026-04-27T22:11:32.764130
1005,597,NO,2026-04-27T22:11:32.890214
1005,317,NO,2026-04-27T22:11:33.005709
1005,928,NO,2026-04-27T22:11:33.118544
1005,481,SUPER_LIKE,2026-04-27T22:11:33.365565
1005,417,SUPER_LIKE,2026-04-27T22:11:33.600238
1005,760,NO,2026-04-27T22:11:33.818043
1005,714,NO,2026-04-27T22:11:34.044801
1005,127,NO,2026-04-27T22:11:34.164057
1005,612,SUPER_LIKE,2026-04-27T22:11:34.293484
1006,180,NO,2026-04-27T22:11:34.471165
1006,17,YES,2026-04-27T22:11:34.605033
1006,607,YES,2026-04-27T22:11:34.730621
1006,614,NO,2026-04-27T22:11:34.851750
1006,186,NO,2026-04-27T22:11:35.076756
1006,653,NO,2026-04-27T22:11:35.196587
1006,524,NO,2026-04-27T22:11:35.316583
1006,627,NO,2026-04-27T22:11:35.428334
1006,400,YES,2026-04-27T22:11:35.545825
1006,901,YES,2026-04-27T22:11:35.673106
1006,239,NO,2026-04-27T22:11:35.788655
1006,819,NO,2026-04-27T22:11:35.911952
1006,510,NO,2026-04-27T22:11:36.031490
1006,348,NO,2026-04-27T22:11:36.146706
1006,883,NO,2026-04-27T22:11:36.278761
1006,610,NO,2026-04-27T22:11:36.403315
1006,683,NO,2026-04-27T22:11:36.640988
1006,937,NO,2026-04-27T22:11:36.759761
1006,75,NO,2026-04-27T22:11:36.890132
1007,608,SUPER_LIKE,2026-04-27T22:11:37.324044
1007,741,NO,2026-04-27T22:11:37.448826
1007,554,NO,2026-04-27T22:11:37.571710
1007,775,YES,2026-04-27T22:11:37.690426
1007,785,YES,2026-04-27T22:11:37.922071
1007,24,YES,2026-04-27T22:11:38.048060
1007,549,YES,2026-04-27T22:11:38.162957
1007,93,NO,2026-04-27T22:11:38.279326
1007,954,NO,2026-04-27T22:11:38.393200
1007,906,NO,2026-04-27T22:11:38.510811
1007,460,YES,2026-04-27T22:11:38.633851
1007,846,NO,2026-04-27T22:11:38.745611
1007,463,NO,2026-04-27T22:11:39.091866
1007,40,YES,2026-04-27T22:11:39.226088
1007,819,YES,2026-04-27T22:11:39.450289
1007,742,NO,2026-04-27T22:11:39.689665
1007,737,NO,2026-04-27T22:11:39.815512
1008,254,NO,2026-04-27T22:11:40.222852
1008,318,YES,2026-04-27T22:11:40.340765
1008,879,NO,2026-04-27T22:11:40.694365
1008,488,NO,2026-04-27T22:11:40.807259
1008,748,NO,2026-04-27T22:11:40.926946
1008,932,NO,2026-04-27T22:11:41.057447
1008,467,NO,2026-04-27T22:11:41.293194
1008,406,NO,2026-04-27T22:11:41.409152
1008,353,NO,2026-04-27T22:11:41.554064
1008,909,YES,2026-04-27T22:11:41.673104
1008,958,NO,2026-04-27T22:11:41.903988
1008,161,NO,2026-04-27T22:11:42.027408
1008,998,SUPER_LIKE,2026-04-27T22:11:42.168878
1008,181,NO,2026-04-27T22:11:42.397994
1008,440,NO,2026-04-27T22:11:42.503022
1008,621,NO,2026-04-27T22:11:42.737977
1008,405,NO,2026-04-27T22:11:42.851578
1009,100,NO,2026-04-27T22:11:43.018136
1009,578,NO,2026-04-27T22:11:43.126959
1009,645,NO,2026-04-27T22:11:43.249374
1009,593,NO,2026-04-27T22:11:43.482922
1009,644,NO,2026-04-27T22:11:43.602817
1009,409,NO,2026-04-27T22:11:43.848360
1009,740,NO,2026-04-27T22:11:44.081734
1009,159,NO,2026-04-27T22:11:44.212015
1009,220,YES,2026-04-27T22:11:44.447807
1009,78,NO,2026-04-27T22:11:44.701447
1009,696,NO,2026-04-27T22:11:44.823539
1009,77,NO,2026-04-27T22:11:45.068561
1009,539,YES,2026-04-27T22:11:45.185986
1009,280,NO,2026-04-27T22:11:45.301784
1009,110,NO,2026-04-27T22:11:45.412298
1010,77,NO,2026-04-27T22:11:45.934814
1010,803,YES,2026-04-27T22:11:46.050222
1010,740,YES,2026-04-27T22:11:46.183703
1010,908,NO,2026-04-27T22:11:46.426449
1010,239,YES,2026-04-27T22:11:46.549139
1010,792,NO,2026-04-27T22:11:46.897792
1010,524,NO,2026-04-27T22:11:47.013709
1010,772,NO,2026-04-27T22:11:47.248125
1010,274,NO,2026-04-27T22:11:47.379429
1010,173,NO,2026-04-27T22:11:47.504458
1010,70,NO,2026-04-27T22:11:47.624797
1010,626,YES,2026-04-27T22:11:47.748681
1010,256,YES,2026-04-27T22:11:47.885415
1010,333,SUPER_LIKE,2026-04-27T22:11:48.134084
1010,584,YES,2026-04-27T22:11:48.249589
1011,917,NO,2026-04-27T22:11:48.551380
1011,379,NO,2026-04-27T22:11:48.675315
1011,970,NO,2026-04-27T22:11:48.789329
1011,46,NO,2026-04-27T22:11:49.144405
1011,1003,YES,2026-04-27T22:11:49.396480
1011,836,NO,2026-04-27T22:11:49.515654
1011,1008,NO,2026-04-27T22:11:49.642576
1011,988,NO,2026-04-27T22:11:49.767353
1011,209,NO,2026-04-27T22:11:50.007170
1011,799,NO,2026-04-27T22:11:50.240180
1011,910,YES,2026-04-27T22:11:50.480371
1011,866,SUPER_LIKE,2026-04-27T22:11:50.609516
1011,221,NO,2026-04-27T22:11:50.725609
1011,514,NO,2026-04-27T22:11:50.859103
1011,951,NO,2026-04-27T22:11:50.972802
1011,976,NO,2026-04-27T22:11:51.085874
1011,686,NO,2026-04-27T22:11:51.204840
1012,78,YES,2026-04-27T22:11:51.380038
1012,295,YES,2026-04-27T22:11:51.507653
1012,385,YES,2026-04-27T22:11:51.620460
1012,63,NO,2026-04-27T22:11:51.742994
1012,198,NO,2026-04-27T22:11:52.116466
1012,101,YES,2026-04-27T22:11:52.244484
1012,342,SUPER_LIKE,2026-04-27T22:11:52.371959
1012,43,YES,2026-04-27T22:11:52.498640
1012,396,NO,2026-04-27T22:11:52.635139
1012,681,NO,2026-04-27T22:11:52.751120
1012,420,YES,2026-04-27T22:11:52.863176
1012,147,YES,2026-04-27T22:11:52.976415
1012,79,YES,2026-04-27T22:11:53.096390
1012,1002,NO,2026-04-27T22:11:53.216980
1012,564,YES,2026-04-27T22:11:53.335478
1012,461,NO,2026-04-27T22:11:53.454413
1012,689,YES,2026-04-27T22:11:53.686280
1013,922,NO,2026-04-27T22:11:53.875087
1013,107,NO,2026-04-27T22:11:54.004301
1013,516,NO,2026-04-27T22:11:54.117573
1013,872,NO,2026-04-27T22:11:54.471049
1013,415,NO,2026-04-27T22:11:54.711091
1013,282,NO,2026-04-27T22:11:54.828197
1013,655,NO,2026-04-27T22:11:54.946093
1013,633,NO,2026-04-27T22:11:55.077886
1013,953,NO,2026-04-27T22:11:55.197490
1013,41,NO,2026-04-27T22:11:55.314177
1013,813,YES,2026-04-27T22:11:55.434389
1013,421,NO,2026-04-27T22:11:55.564581
1013,86,NO,2026-04-27T22:11:55.678580
1013,579,NO,2026-04-27T22:11:55.809841
1013,963,NO,2026-04-27T22:11:55.937646
1013,510,NO,2026-04-27T22:11:56.058478
1013,417,YES,2026-04-27T22:11:56.176214
1013,224,NO,2026-04-27T22:11:56.294889
1013,564,NO,2026-04-27T22:11:56.421216
11,357,NO,2026-04-28T10:34:28.386091
11,314,NO,2026-04-28T10:34:28.788982
11,79,NO,2026-04-28T10:34:28.868814
11,259,NO,2026-04-28T10:34:28.948280
11,13,SUPER_LIKE,2026-05-03T01:51:36.379468
11,15,NO,2026-05-03T01:52:33.380426
11,17,YES,2026-05-03T01:55:47.497262
11,18,YES,2026-05-03T02:01:16.302443
11,19,NO,2026-05-03T02:04:25.556343
13,17,NO,2026-05-03T02:15:16.997068
13,20,YES,2026-05-03T02:15:58.843118
13,24,NO,2026-05-03T02:17:13.960208
13,27,YES,2026-05-03T02:18:24.626101
15,27,NO,2026-05-03T02:19:54.096827
15,28,YES,2026-05-03T02:21:37.923034
15,20,NO,2026-05-03T02:23:50.883250
17,26,SUPER_LIKE,2026-05-03T20:45:43.693358
17,28,YES,2026-05-03T20:46:07.460230
17,30,NO,2026-05-03T20:46:53.725156
17,32,NO,2026-05-03T20:47:35.404186
18,33,NO,2026-05-03T20:48:15.456580
18,22,NO,2026-05-03T20:50:50.905888
18,25,NO,2026-05-03T20:51:07.461533
18,31,YES,2026-05-03T21:11:54.421379
19,26,YES,2026-05-03T21:12:46.624342
19,28,YES,2026-05-03T21:14:48.467534
19,23,NO,2026-05-03T21:14:58.379346
19,32,NO,2026-05-03T21:15:15.445111
20,33,YES,2026-05-03T21:17:34.502129
20,18,NO,2026-05-03T21:19:42.481064
20,27,SUPER_LIKE,2026-05-03T21:21:21.468837
20,24,YES,2026-05-03T21:21:51.416581
20,19,NO,2026-05-03T21:22:01.452306
21,25,YES,2026-05-03T21:23:12.999294
21,17,NO,2026-05-03T21:23:25.471399
21,27,YES,2026-05-03T21:23:59.004133
21,33,NO,2026-05-03T21:24:19.479675
22,27,YES,2026-05-03T21:25:05.443555
22,28,NO,2026-05-03T21:25:47.627499
22,21,YES,2026-05-03T22:38:45.467006
22,30,NO,2026-05-03T22:39:02.498813
23,29,NO,2026-05-03T22:40:05.103759
23,33,SUPER_LIKE,2026-05-03T22:40:31.379225
23,20,YES,2026-05-03T22:45:23.313820
23,22,NO,2026-05-03T22:45:34.646455
24,26,NO,2026-05-03T22:45:47.440969
24,27,SUPER_LIKE,2026-05-03T22:46:12.392907
24,19,NO,2026-05-03T22:46:25.445332
24,30,YES,2026-05-03T22:48:42.452717
25,33,YES,2026-05-03T23:00:28.399267
25,27,SUPER_LIKE,2026-05-03T23:04:42.480511
25,28,NO,2026-05-03T23:09:36.665377
25,30,NO,2026-05-03T23:12:09.588562
26,19,YES,2026-05-03T23:15:25.910545
26,27,NO,2026-05-03T23:21:43.268671
26,31,YES,2026-05-03T23:25:20.036467
26,32,NO,2026-05-03T23:25:36.464708
27,25,YES,2026-05-03T23:25:56.451891
27,24,YES,2026-05-03T23:39:58.519660
27,32,NO,2026-05-03T23:40:25.491426
27,33,NO,2026-05-03T23:43:42.464686
28,21,NO,2026-05-03T23:45:42.488879
28,29,NO,2026-05-03T23:52:46.725094
28,31,SUPER_LIKE,2026-05-03T23:53:08.469033
28,26,YES,2026-05-03T23:53:29.409888
29,31,YES,2026-05-03T23:55:32.477273
29,28,NO,2026-05-03T23:55:43.452188
29,32,YES,2026-05-03T23:59:30.252589
29,33,NO,2026-05-03T23:59:41.434390
30,27,YES,2026-05-04T00:00:44.676717
30,33,NO,2026-05-04T00:01:03.170738
30,24,SUPER_LIKE,2026-05-04T00:01:45.843983
30,29,NO,2026-05-04T00:02:32.317615
31,29,YES,2026-05-04T00:04:49.255809
31,32,YES,2026-05-04T00:06:23.301599
31,17,NO,2026-05-04T00:07:19.039042
31,33,NO,2026-05-04T00:10:41.995966
32,26,NO,2026-05-04T00:19:24.471567
32,31,SUPER_LIKE,2026-05-04T00:19:48.841193
32,27,NO,2026-05-04T00:20:01.168686
32,29,YES,2026-05-04T00:20:54.852549
33,27,YES,2026-05-04T00:21:37.192955
33,25,YES,2026-05-04T00:22:25.909509
33,19,NO,2026-05-04T00:22:53.609195
33,11,NO,2026-05-04T00:25:18.077311
34,45,NO,2026-05-04T00:57:42.475583
34,49,YES,2026-05-04T01:02:42.495320
34,44,SUPER_LIKE,2026-05-04T01:14:41.397526
34,38,NO,2026-05-04T01:14:52.380891
34,53,NO,2026-05-04T01:15:02.506173
35,36,NO,2026-05-04T01:15:13.473608
35,52,YES,2026-05-04T01:18:42.481084
35,27,YES,2026-05-04T01:19:28.441401
35,39,NO,2026-05-04T01:19:56.460910
36,43,YES,2026-05-04T01:20:18.486593
36,52,YES,2026-05-04T01:23:12.480374
36,39,NO,2026-05-04T01:23:23.467856
36,34,NO,2026-05-04T01:23:32.474378
37,45,NO,2026-05-04T01:23:43.405569
37,51,NO,2026-05-04T01:23:54.393307
37,40,YES,2026-05-04T01:32:02.438719
37,52,NO,2026-05-04T01:32:12.480139
38,49,YES,2026-05-04T01:32:35.391994
38,44,YES,2026-05-04T01:33:28.391127
38,50,NO,2026-05-04T01:33:38.384340
38,53,NO,2026-05-04T01:34:03.488084
39,47,SUPER_LIKE,2026-05-04T01:35:42.476456
39,48,YES,2026-05-04T01:37:52.206648
39,51,YES,2026-05-04T01:38:12.456076
39,38,NO,2026-05-04T01:38:22.384749
39,52,YES,2026-05-04T01:38:45.468339
40,41,YES,2026-05-04T01:46:50.467037
40,43,YES,2026-05-04T01:48:07.371366
40,47,NO,2026-05-04T01:48:24.968535
40,44,NO,2026-05-04T01:48:46.145657
41,34,NO,2026-05-04T01:49:58.094836
41,50,NO,2026-05-04T01:50:32.396710
41,40,YES,2026-05-04T01:53:11.012198
41,43,YES,2026-05-04T01:55:01.685252
42,39,YES,2026-05-04T01:57:20.945446
42,45,YES,2026-05-04T02:00:10.321613
42,48,SUPER_LIKE,2026-05-04T17:11:42.529401
42,50,YES,2026-05-04T17:12:02.677192
42,52,NO,2026-05-04T17:12:11.895328
43,47,NO,2026-05-04T17:12:25.051472
43,48,NO,2026-05-04T17:12:37.190347
43,36,YES,2026-05-04T17:13:05.579564
43,45,NO,2026-05-04T17:14:10.118179
44,34,SUPER_LIKE,2026-05-04T17:15:13.683454
44,46,YES,2026-05-04T17:16:04.461457
44,49,YES,2026-05-04T17:16:28.379085
44,38,NO,2026-05-04T17:16:39.487087
44,53,NO,2026-05-04T17:16:49.463881
45,47,YES,2026-05-04T17:19:39.472263
45,38,NO,2026-05-04T17:21:39.483127
45,52,YES,2026-05-04T17:27:31.382131
45,48,YES,2026-05-04T17:28:00.513421
45,50,YES,2026-05-04T17:49:31.108269
46,44,YES,2026-05-04T17:49:57.049129
46,34,YES,2026-05-04T17:51:39.118434
46,49,YES,2026-05-04T17:56:39.059592
46,47,NO,2026-05-04T18:01:34.616745
47,50,SUPER_LIKE,2026-05-04T18:02:02.997379
47,39,YES,2026-05-04T18:02:38.912867
47,48,YES,2026-05-04T18:07:38.972005
47,43,NO,2026-05-04T18:09:38.976135
47,38,NO,2026-05-04T18:11:25.430077
48,47,YES,2026-05-04T18:11:51.920005
48,50,YES,2026-05-04T18:18:49.321156
48,39,YES,2026-05-04T18:19:12.639653
48,53,NO,2026-05-04T18:19:57.592451
49,46,YES,2026-05-04T18:20:39.654296
49,38,NO,2026-05-04T18:21:00.950019
49,39,NO,2026-05-04T18:21:23.686703
49,44,YES,2026-05-04T18:22:18.651949
50,47,SUPER_LIKE,2026-05-04T18:24:58.770447
50,51,YES,2026-05-04T18:26:48.931913
50,52,YES,2026-05-04T18:29:08.211115
50,39,YES,2026-05-04T18:32:14.319456
50,48,NO,2026-05-04T18:32:28.083660
51,43,NO,2026-05-04T18:32:41.956804
51,47,YES,2026-05-04T18:33:08.995615
51,52,YES,2026-05-04T18:33:40.710693
51,50,YES,2026-05-04T18:34:20.718884
52,48,YES,2026-05-04T18:36:12.783758
52,39,YES,2026-05-04T18:37:30.679366
52,50,SUPER_LIKE,2026-05-04T18:39:12.740808
52,43,NO,2026-05-04T18:40:08.400606
52,34,NO,2026-05-04T18:41:10.045448
50,39,YES,2026-05-04T18:43:15.704207
51,43,NO,2026-05-04T18:43:31.086820
51,47,YES,2026-05-04T18:43:56.769109
51,52,YES,2026-05-04T18:44:27.137865
51,50,YES,2026-05-04T18:45:02.850626
52,48,YES,2026-05-04T18:46:41.961911
52,39,YES,2026-05-04T18:47:55.489607
52,50,SUPER_LIKE,2026-05-04T18:49:26.734799
52,43,NO,2026-05-04T18:50:16.771843
52,34,NO,2026-05-04T18:51:13.240985
53,39,YES,2026-05-04T18:53:37.252319
53,48,YES,2026-05-04T23:03:18.035338
53,52,YES,2026-05-04T23:03:44.087305
53,36,NO,2026-05-04T23:04:09.970848
54,60,YES,2026-05-04T23:29:09.348590
54,71,SUPER_LIKE,2026-05-04T23:41:21.126953
54,67,YES,2026-05-04T23:41:43.799844
54,37,NO,2026-05-04T23:41:54.155707
54,55,YES,2026-05-04T23:42:20.209527
55,57,NO,2026-05-04T23:42:37.056800
55,61,YES,2026-05-04T23:43:15.886359
55,65,NO,2026-05-04T23:43:37.008984
55,30,NO,2026-05-04T23:44:01.083702
55,67,YES,2026-05-04T23:45:03.163755
56,58,NO,2026-05-04T23:45:38.328367
56,68,NO,2026-05-04T23:47:41.004662
56,40,YES,2026-05-04T23:49:31.313412
56,34,YES,2026-05-04T23:51:45.172061
57,61,NO,2026-05-04T23:53:05.210390
57,58,YES,2026-05-05T10:18:57.222861
57,54,NO,2026-05-05T10:19:09.355159
57,71,NO,2026-05-05T10:19:23.702765
58,68,YES,2026-05-05T10:20:31.835067
58,54,NO,2026-05-05T10:20:53.922149
58,47,NO,2026-05-05T10:21:18.108871
58,71,YES,2026-05-05T10:22:19.700585
59,60,NO,2026-05-05T10:22:56.677104
59,69,NO,2026-05-05T10:23:35.359734
59,73,YES,2026-05-05T10:25:09.473195
59,39,YES,2026-05-05T10:27:03.507779
59,35,YES,2026-05-05T10:29:24.712127
60,73,NO,2026-05-05T10:33:21.675488
60,57,YES,2026-05-05T10:33:43.485386
60,62,NO,2026-05-05T10:33:56.257905
60,47,NO,2026-05-05T10:34:37.021115
61,63,NO,2026-05-05T10:34:55.198892
61,55,YES,2026-05-05T10:35:38.061390
61,69,YES,2026-05-05T10:36:30.432720
61,64,SUPER_LIKE,2026-05-05T10:39:00.399113
62,70,YES,2026-05-05T10:40:43.995352
62,63,YES,2026-05-05T10:42:49.513671
62,48,YES,2026-05-05T10:46:19.000613
62,73,NO,2026-05-05T10:46:52.368517
63,65,SUPER_LIKE,2026-05-05T10:47:29.761919
63,72,YES,2026-05-05T10:48:11.371402
63,70,YES,2026-05-05T10:48:58.123401
63,62,YES,2026-05-05T10:49:56.607351
63,59,NO,2026-05-05T10:50:29.525724
64,67,YES,2026-05-05T10:51:52.391350
64,71,YES,2026-05-05T10:55:28.008165
64,55,NO,2026-05-05T10:56:37.883799
64,61,YES,2026-05-05T11:00:14.023397
65,56,NO,2026-05-05T11:00:26.987701
65,63,YES,2026-05-05T11:00:50.226706
65,73,YES,2026-05-05T11:01:22.972085
65,72,YES,2026-05-05T11:02:41.523426
66,57,NO,2026-05-05T11:03:07.984646
66,60,YES,2026-05-05T11:04:22.886926
66,68,YES,2026-05-05T11:05:42.479480
66,34,YES,2026-05-05T11:07:21.793358
66,73,NO,2026-05-05T11:08:18.749022
67,71,YES,2026-05-05T11:10:38.489226
67,64,YES,2026-05-05T11:18:46.843189
67,55,NO,2026-05-05T11:19:20.829919
67,61,NO,2026-05-05T11:19:49.520518
68,57,YES,2026-05-05T11:20:30.092443
68,61,NO,2026-05-05T11:20:51.564941
68,69,YES,2026-05-05T11:21:44.345214
68,71,NO,2026-05-05T11:23:21.202227
69,55,YES,2026-05-05T11:24:48.859871
69,65,NO,2026-05-05T11:25:38.240631
69,61,YES,2026-05-05T11:27:37.421969
69,66,YES,2026-05-05T11:30:03.609436
69,67,NO,2026-05-05T11:31:27.202459
70,63,YES,2026-05-05T11:35:06.642108
70,72,YES,2026-05-05T11:35:53.483545
70,65,YES,2026-05-05T11:36:26.564978
70,62,NO,2026-05-05T11:37:33.099399
71,55,SUPER_LIKE,2026-05-05T11:38:47.634791
71,59,NO,2026-05-05T11:39:24.347781
71,66,NO,2026-05-05T11:40:04.060163
71,54,YES,2026-05-05T11:41:41.051494
71,67,YES,2026-05-05T11:43:43.299387
72,67,NO,2026-05-05T11:44:57.271772
72,54,NO,2026-05-05T11:46:16.482441
72,63,YES,2026-05-05T11:49:19.875889
72,65,YES,2026-05-05T11:57:37.412681
72,73,YES,2026-05-05T11:58:03.356865
73,63,YES,2026-05-05T11:58:33.314185
73,65,YES,2026-05-05T11:59:52.435174
73,54,NO,2026-05-05T12:00:18.090448
73,59,YES,2026-05-05T12:01:20.635228
74,76,YES,2026-05-05T14:33:31.099960
74,78,SUPER_LIKE,2026-05-05T17:00:50.389199
74,84,YES,2026-05-05T17:01:14.837341
74,82,NO,2026-05-05T17:01:25.429806
75,83,YES,2026-05-05T17:02:25.930657
75,92,YES,2026-05-05T17:03:04.765168
75,91,NO,2026-05-05T17:04:17.882944
75,88,NO,2026-05-05T17:04:47.398179
76,74,YES,2026-05-05T17:06:03.016743
76,84,YES,2026-05-05T17:07:35.134550
76,78,YES,2026-05-05T17:09:27.893585
76,82,NO,2026-05-05T17:23:26.492620
77,82,YES,2026-05-05T17:23:51.271664
77,90,NO,2026-05-05T17:24:02.429412
77,78,YES,2026-05-05T17:24:33.531571
77,93,NO,2026-05-05T17:25:27.481597
78,76,YES,2026-05-05T17:26:18.540463
78,84,YES,2026-05-05T17:27:23.982863
78,82,YES,2026-05-05T17:28:38.148621
78,93,NO,2026-05-05T17:29:20.994026
79,89,YES,2026-05-05T17:33:20.880898
79,91,NO,2026-05-05T17:34:34.890044
79,90,YES,2026-05-05T17:43:07.948934
79,88,NO,2026-05-05T17:43:21.176315
80,83,NO,2026-05-05T17:43:35.655604
80,85,YES,2026-05-05T17:44:17.894798
80,92,YES,2026-05-05T17:45:01.585486
80,88,SUPER_LIKE,2026-05-05T17:46:25.123351
80,91,NO,2026-05-05T17:47:00.600560
81,86,SUPER_LIKE,2026-05-05T17:48:34.943913
81,87,YES,2026-05-05T17:50:17.611052
81,54,NO,2026-05-05T17:51:15.696308
81,92,NO,2026-05-05T17:52:20.905069
82,90,YES,2026-05-05T18:01:49.621164
82,78,YES,2026-05-05T18:02:17.533658
82,93,NO,2026-05-05T18:02:31.665309
82,84,YES,2026-05-05T18:03:04.324887
83,85,YES,2026-05-05T18:04:25.279087
83,92,YES,2026-05-05T18:05:18.572257
83,88,NO,2026-05-05T18:05:48.695149
83,75,YES,2026-05-05T18:07:02.534154
83,91,NO,2026-05-05T18:07:45.988437
84,76,YES,2026-05-05T18:09:31.830833
84,78,YES,2026-05-05T18:11:43.525291
84,93,YES,2026-05-05T23:42:08.261428
84,77,NO,2026-05-05T23:42:44.487011
85,92,SUPER_LIKE,2026-05-05T23:48:25.398102
85,72,YES,2026-05-05T23:53:25.396699
85,91,YES,2026-05-06T00:02:21.588360
85,88,NO,2026-05-06T00:04:33.856601
86,87,YES,2026-05-06T00:05:04.350688
86,81,YES,2026-05-06T00:10:25.385934
84,93,YES,2026-05-06T00:24:20.812259
84,77,NO,2026-05-06T00:25:29.570070
85,92,SUPER_LIKE,2026-05-06T00:27:23.569527
85,72,YES,2026-05-06T00:27:56.299889
85,91,YES,2026-05-06T00:30:25.297315
85,88,NO,2026-05-06T00:32:25.299043
86,87,YES,2026-05-06T00:34:55.293518
86,81,YES,2026-05-06T00:39:59.887759
86,91,NO,2026-05-06T00:40:13.312965
86,78,NO,2026-05-06T23:27:04.789628
87,86,YES,2026-05-06T23:28:13.405952
87,88,YES,2026-05-06T23:31:38.311362
87,54,NO,2026-05-06T23:34:13.357301
87,89,NO,2026-05-06T23:35:47.727718
88,80,YES,2026-05-06T23:36:32.507756
88,85,YES,2026-05-06T23:38:13.348604
88,89,NO,2026-05-06T23:42:59.219440
88,91,NO,2026-05-06T23:43:11.210024
89,79,YES,2026-05-06T23:43:37.313058
89,82,NO,2026-05-06T23:43:49.312036
89,90,YES,2026-05-06T23:49:49.228276
89,93,YES,2026-05-06T23:51:13.321961
90,89,YES,2026-05-06T23:56:13.392728
90,93,YES,2026-05-07T00:00:08.445247
90,82,YES,2026-05-07T00:00:34.342542
90,91,NO,2026-05-07T00:01:08.467981
91,92,SUPER_LIKE,2026-05-07T00:06:12.850949
91,85,YES,2026-05-07T00:11:13.347420
91,75,YES,2026-05-07T00:16:13.358623
91,83,NO,2026-05-07T00:18:13.342216
89,90,YES,2026-05-07T00:23:53.297720
89,93,YES,2026-05-07T00:24:13.398112
90,89,YES,2026-05-07T00:24:41.353998
90,93,YES,2026-05-07T00:28:13.352909
90,82,YES,2026-05-07T10:44:51.895224
90,91,NO,2026-05-07T10:45:16.560725
91,92,SUPER_LIKE,2026-05-07T10:45:39.361979
91,85,YES,2026-05-07T10:46:14.480251
91,75,YES,2026-05-07T10:46:50.856664
91,83,NO,2026-05-07T10:47:14.017979
91,76,NO,2026-05-07T10:47:36.096777
92,85,YES,2026-05-07T10:48:32.365424
92,75,YES,2026-05-07T10:49:38.611176
92,88,NO,2026-05-07T10:50:17.327041
90,82,YES,2026-05-07T10:51:31.993103
90,91,NO,2026-05-07T10:51:52.949963
91,92,SUPER_LIKE,2026-05-07T10:52:13.464333
91,85,YES,2026-05-07T10:52:41.517139
91,75,YES,2026-05-07T10:53:11.084905
91,83,NO,2026-05-07T10:53:29.095540
91,76,NO,2026-05-07T10:53:48.692519
92,85,YES,2026-05-07T10:54:39.314163
92,75,YES,2026-05-07T10:55:37.693946
92,88,NO,2026-05-07T10:56:12.131933
92,91,YES,2026-05-07T10:57:33.293150
92,93,NO,2026-05-07T10:58:19.820848
92,91,YES,2026-05-07T11:00:39.541509
92,93,NO,2026-05-07T11:00:58.649801
93,90,YES,2026-05-07T11:01:16.449642
93,82,NO,2026-05-07T11:01:48.154312
93,87,NO,2026-05-07T11:02:01.674879
93,77,YES,2026-05-07T11:02:33.914730
