ractor_user_id,target_user_id,persona,budget_diff,planning_diff,social_diff,same_budget,same_planning_style,same_social_battery,shared_languages_count,shared_activities_count,shared_destination_types_count,shared_experience_types_count,shared_looking_for_what_count,language_score,activity_score,destination_score,experience_score,intent_score,static_score,interest_probability,card_click,full_profile_open,dwell_time_ms,saved_profile,interaction_type,matched_proxy,label,relevance_score
673,31,BUDGET_CONSCIOUS,2,1,1,0,0,0,1,2,1,0,1,0.5,0.3333,1.0,0.0,1.0,43.33,0.0,1,0,0,0,NO,0,0,25.33
921,115,SPONTANEOUS_ADVENTURER,0,2,0,1,0,1,1,3,1,1,1,0.5,0.75,0.5,1.0,1.0,68.33,0.8346,1,1,50739,0,SUPER_LIKE,1,3,100.0
592,152,SELECTIVE_PLANNER,1,0,0,0,1,1,1,0,0,1,0,1.0,0.0,0.0,1.0,0.0,59.17,0.8194,1,0,0,0,YES,1,3,100.0
398,161,SOCIAL_EXPLORER,1,1,0,0,0,1,1,1,1,1,0,0.5,0.25,1.0,1.0,0.0,58.33,0.9162,1,1,63356,0,YES,1,3,100.0
273,560,SOCIAL_EXPLORER,0,1,1,1,0,0,1,4,1,1,0,1.0,0.8,1.0,1.0,0.0,79.33,1.0,1,1,62383,1,YES,1,3,100.0
515,308,SOCIAL_EXPLORER,1,2,2,0,0,0,1,0,0,0,0,0.5,0.0,0.0,0.0,0.0,15.83,0.0,0,0,0,0,NO,0,0,0.0
607,256,SOCIAL_EXPLORER,0,0,1,1,1,0,1,1,1,0,0,0.5,0.2,1.0,0.0,0.0,53.17,0.6719,0,0,0,1,YES,0,2,87.17
473,281,SOCIAL_EXPLORER,1,0,1,0,1,0,1,1,0,0,0,1.0,0.1429,0.0,0.0,0.0,46.19,0.6625,1,1,38406,1,YES,0,2,100.0
901,717,CAUTIOUS_INTROVERT,0,1,2,1,0,0,1,1,1,0,0,0.5,0.1667,0.5,0.0,0.0,35.83,0.0919,0,0,0,0,NO,0,0,17.83
961,261,SPONTANEOUS_ADVENTURER,1,1,1,0,0,0,1,1,1,0,0,0.3333,0.1667,0.5,0.0,0.0,32.5,0.5429,1,1,31804,1,SAVE_ONLY,0,1,63.63
968,445,SOCIAL_EXPLORER,1,0,2,0,1,0,1,1,0,0,1,0.5,0.2,0.0,0.0,1.0,36.5,0.2446,0,0,0,0,NO,0,0,18.5
711,250,BUDGET_CONSCIOUS,2,1,2,0,0,0,1,2,0,0,0,0.3333,0.2857,0.0,0.0,0.0,18.21,0.0,0,0,0,0,NO,0,0,0.21
153,557,SOCIAL_EXPLORER,0,1,1,1,0,0,1,0,1,0,0,1.0,0.0,1.0,0.0,0.0,53.33,0.8035,0,0,0,1,YES,1,3,100.0
717,317,SOCIAL_EXPLORER,1,1,2,0,0,0,2,1,0,0,0,1.0,0.1667,0.0,0.0,0.0,35.0,0.4064,1,0,0,0,NO,0,0,17.0
795,221,CAUTIOUS_INTROVERT,0,1,2,1,0,0,1,2,0,0,0,1.0,0.4,0.0,0.0,0.0,45.5,0.4316,0,0,0,0,NO,0,0,27.5
203,55,SOCIAL_EXPLORER,0,1,1,1,0,0,1,0,0,0,0,1.0,0.0,0.0,0.0,0.0,43.33,0.6627,1,1,37134,1,YES,0,2,98.33
694,413,CAUTIOUS_INTROVERT,0,2,2,1,0,0,1,3,1,1,1,0.5,0.75,0.3333,1.0,1.0,55.0,0.4696,1,1,29486,1,SAVE_ONLY,0,1,85.32
714,831,BUDGET_CONSCIOUS,1,0,2,0,1,0,1,3,0,1,1,0.5,0.75,0.0,1.0,1.0,57.5,0.5263,1,1,42540,1,SAVE_ONLY,0,1,92.39
146,717,BUDGET_CONSCIOUS,1,0,0,0,1,1,1,0,1,0,0,0.25,0.0,0.5,0.0,0.0,39.17,0.4677,1,1,30586,1,SAVE_ONLY,0,1,69.88
1004,523,SOCIAL_EXPLORER,0,1,1,1,0,0,1,0,0,0,0,0.3333,0.0,0.0,0.0,0.0,30.0,0.5534,1,0,0,0,NO,0,0,12.0
583,647,BUDGET_CONSCIOUS,1,0,0,0,1,1,1,0,0,0,0,0.5,0.0,0.0,0.0,0.0,39.17,0.3974,0,0,0,0,NO,0,0,21.17
521,479,SPONTANEOUS_ADVENTURER,1,1,0,0,0,1,1,0,0,0,0,0.5,0.0,0.0,0.0,0.0,33.33,0.4992,1,1,38167,0,NO,0,1,36.69
178,58,BUDGET_CONSCIOUS,1,0,1,0,1,0,1,1,1,1,0,1.0,0.2,0.5,1.0,0.0,62.33,0.6433,1,1,45496,1,YES,0,2,100.0
655,205,SOCIAL_EXPLORER,0,0,1,1,1,0,1,2,1,0,1,0.5,0.3333,1.0,0.0,1.0,60.83,0.9475,1,1,56632,1,YES,1,3,100.0
190,458,SOCIAL_EXPLORER,1,1,0,0,0,1,1,2,1,0,0,1.0,0.6667,1.0,0.0,0.0,66.67,0.7181,1,1,52324,0,YES,1,3,100.0
234,446,BUDGET_CONSCIOUS,0,0,1,1,1,0,1,2,2,1,0,0.3333,0.3333,1.0,1.0,0.0,62.5,0.7075,1,0,0,1,YES,1,3,100.0
326,467,SOCIAL_EXPLORER,1,1,1,0,0,0,1,1,0,1,0,1.0,0.3333,0.0,1.0,0.0,54.17,0.6217,1,1,43358,0,YES,0,2,99.35
834,815,SOCIAL_EXPLORER,0,1,0,1,0,1,1,0,0,0,0,0.5,0.0,0.0,0.0,0.0,39.17,0.6695,0,0,0,1,YES,0,2,73.17
559,145,SOCIAL_EXPLORER,1,0,1,0,1,0,1,1,0,0,1,0.5,0.125,0.0,0.0,1.0,40.83,0.6541,1,1,48572,0,YES,0,2,87.83
376,972,CAUTIOUS_INTROVERT,1,2,0,0,0,1,1,1,0,0,0,0.3333,0.1429,0.0,0.0,0.0,27.02,0.3304,1,1,21620,0,NO,0,1,24.59
732,542,BUDGET_CONSCIOUS,2,0,0,0,1,1,1,0,0,0,0,1.0,0.0,0.0,0.0,0.0,43.33,0.0839,0,0,0,0,NO,0,0,25.33
20,886,BUDGET_CONSCIOUS,1,1,2,0,0,0,1,0,0,0,0,0.3333,0.0,0.0,0.0,0.0,18.33,0.2914,0,0,0,0,NO,0,0,0.33
47,180,SOCIAL_EXPLORER,1,1,0,0,0,1,1,1,0,0,1,0.5,0.1667,0.0,0.0,1.0,41.67,0.5541,0,0,0,0,NO,0,0,23.67
438,180,SOCIAL_EXPLORER,0,0,0,1,1,1,1,1,1,0,0,0.5,0.1429,1.0,0.0,0.0,57.86,0.8592,1,1,58482,1,YES,1,3,100.0
830,975,SPONTANEOUS_ADVENTURER,0,1,0,1,0,1,1,0,1,0,1,1.0,0.0,0.5,0.0,1.0,59.17,0.7895,1,1,51498,0,YES,1,3,100.0
640,766,BUDGET_CONSCIOUS,2,2,1,0,0,0,1,1,1,0,1,1.0,0.1667,0.5,0.0,1.0,39.17,0.0,0,0,0,0,NO,0,0,21.17
903,989,SELECTIVE_PLANNER,1,0,0,0,1,1,1,1,1,0,0,0.5,0.2,0.5,0.0,0.0,48.17,0.6715,1,1,45155,1,YES,0,2,100.0
349,100,SOCIAL_EXPLORER,1,2,0,0,0,1,1,1,1,1,1,1.0,0.2,1.0,1.0,1.0,66.5,0.7263,1,0,0,0,YES,1,3,100.0
67,406,BUDGET_CONSCIOUS,2,2,0,0,0,1,1,2,0,0,0,0.5,0.5,0.0,0.0,0.0,31.67,0.0,0,0,0,0,NO,0,0,13.67
722,261,SOCIAL_EXPLORER,2,1,0,0,0,1,1,1,1,0,1,0.5,0.25,0.3333,0.0,1.0,40.83,0.7483,1,1,50161,0,YES,1,3,100.0
15,213,CAUTIOUS_INTROVERT,1,1,0,0,0,1,0,0,0,0,0,0.0,0.0,0.0,0.0,0.0,23.33,0.3121,0,0,0,0,NO,0,0,5.33
380,143,BUDGET_CONSCIOUS,0,0,1,1,1,0,1,0,1,0,0,1.0,0.0,0.5,0.0,0.0,54.17,0.7665,1,0,0,1,YES,1,3,100.0
421,769,CAUTIOUS_INTROVERT,1,0,0,0,1,1,1,2,0,0,0,1.0,0.5,0.0,0.0,0.0,59.17,0.6754,1,1,43145,1,YES,0,2,100.0
981,374,BUDGET_CONSCIOUS,1,1,1,0,0,0,1,0,0,0,0,0.5,0.0,0.0,0.0,0.0,27.5,0.2082,0,0,0,0,NO,0,0,9.5
373,321,SOCIAL_EXPLORER,0,2,0,1,0,1,1,0,0,0,0,0.5,0.0,0.0,0.0,0.0,33.33,0.3902,1,1,31370,0,NO,0,1,34.31
360,566,SOCIAL_EXPLORER,0,1,0,1,0,1,1,1,1,0,0,1.0,0.1667,1.0,0.0,0.0,62.5,0.9122,0,0,0,0,YES,1,3,100.0
667,38,BUDGET_CONSCIOUS,1,1,2,0,0,0,1,0,0,0,0,0.5,0.0,0.0,0.0,0.0,21.67,0.2094,0,0,0,0,NO,0,0,3.67
854,859,SPONTANEOUS_ADVENTURER,1,1,0,0,0,1,1,0,1,1,0,1.0,0.0,0.5,1.0,0.0,58.33,0.6461,1,1,38715,1,YES,0,2,100.0
958,868,CAUTIOUS_INTROVERT,1,0,1,0,1,0,1,2,1,0,0,0.5,0.2857,0.5,0.0,0.0,44.05,0.4878,1,1,35196,0,NO,0,1,46.37
547,383,SOCIAL_EXPLORER,2,1,0,0,0,1,1,0,0,0,0,0.3333,0.0,0.0,0.0,0.0,24.17,0.4254,1,1,26329,0,NO,0,1,23.39
249,83,SOCIAL_EXPLORER,2,0,1,0,1,0,1,0,0,0,0,1.0,0.0,0.0,0.0,0.0,37.5,0.689,1,0,0,1,YES,0,2,71.5
504,507,SELECTIVE_PLANNER,1,2,1,0,0,0,1,0,0,0,0,0.3333,0.0,0.0,0.0,0.0,18.33,0.0,0,0,0,0,NO,0,0,0.33
516,991,BUDGET_CONSCIOUS,0,1,1,1,0,0,1,1,0,1,0,0.3333,0.1667,0.0,1.0,0.0,43.33,0.5453,0,0,0,1,SAVE_ONLY,0,1,55.33
965,936,CAUTIOUS_INTROVERT,1,1,1,0,0,0,1,2,1,0,0,1.0,0.5,0.5,0.0,0.0,52.5,0.6956,1,0,0,1,YES,0,2,86.5
593,365,SPONTANEOUS_ADVENTURER,2,1,0,0,0,1,1,1,0,0,0,1.0,0.2,0.0,0.0,0.0,41.5,0.6247,1,1,32701,0,YES,0,2,82.95
1003,287,BUDGET_CONSCIOUS,0,0,0,1,1,1,1,1,1,1,0,0.5,0.1667,0.5,1.0,0.0,63.33,0.8251,1,1,48612,1,YES,1,3,100.0
982,201,BUDGET_CONSCIOUS,0,2,1,1,0,0,2,0,0,0,0,0.6667,0.0,0.0,0.0,0.0,30.83,0.4096,1,1,25944,0,NO,0,1,29.91
76,631,SOCIAL_EXPLORER,1,0,1,0,1,0,1,1,1,0,0,0.3333,0.125,0.5,0.0,0.0,37.5,0.7045,1,1,48830,1,YES,1,3,100.0
616,642,BUDGET_CONSCIOUS,1,1,1,0,0,0,1,1,0,0,0,0.5,0.2,0.0,0.0,0.0,31.5,0.4482,1,1,24812,0,NO,0,1,30.18
332,944,SOCIAL_EXPLORER,1,1,2,0,0,0,1,0,1,0,1,1.0,0.0,0.5,0.0,1.0,41.67,0.3495,0,0,0,0,NO,0,0,23.67
890,332,SELECTIVE_PLANNER,0,0,1,1,1,0,1,1,0,0,0,0.5,0.3333,0.0,0.0,0.0,45.83,0.6703,1,0,0,0,YES,0,2,67.83
728,487,CAUTIOUS_INTROVERT,0,1,1,1,0,0,2,0,1,0,0,1.0,0.0,1.0,0.0,0.0,53.33,0.6426,1,0,0,1,YES,0,2,87.33
633,902,BUDGET_CONSCIOUS,0,1,2,1,0,0,1,0,0,0,1,1.0,0.0,0.0,0.0,1.0,42.5,0.7215,1,1,52298,1,YES,1,3,100.0
261,918,BUDGET_CONSCIOUS,0,2,0,1,0,1,1,0,0,0,1,0.3333,0.0,0.0,0.0,1.0,35.0,0.3622,1,1,20425,0,NO,0,1,32.15
227,562,SOCIAL_EXPLORER,1,1,0,0,0,1,1,1,1,0,0,0.5,0.25,1.0,0.0,0.0,48.33,0.6346,1,1,33500,0,YES,0,2,90.05
115,481,SELECTIVE_PLANNER,1,1,0,0,0,1,1,1,0,0,0,1.0,0.1429,0.0,0.0,0.0,46.19,0.382,0,0,0,0,NO,0,0,28.19
51,377,BUDGET_CONSCIOUS,0,2,1,1,0,0,1,0,1,1,0,1.0,0.0,0.5,1.0,0.0,52.5,0.6577,1,0,0,1,YES,0,2,86.5
135,156,SOCIAL_EXPLORER,0,0,0,1,1,1,1,2,1,1,0,0.5,0.5,1.0,1.0,0.0,75.0,1.0,1,1,54457,1,YES,1,3,100.0
624,113,BUDGET_CONSCIOUS,1,1,0,0,0,1,2,3,1,1,0,1.0,0.6,0.5,1.0,0.0,70.33,0.6554,1,1,35015,0,YES,0,2,100.0
19,333,SPONTANEOUS_ADVENTURER,0,0,1,1,1,0,1,1,0,1,0,1.0,0.1667,0.0,1.0,0.0,62.5,0.9798,1,1,54553,0,YES,1,3,100.0
631,845,BUDGET_CONSCIOUS,1,0,1,0,1,0,1,0,0,0,0,0.5,0.0,0.0,0.0,0.0,33.33,0.3029,0,0,0,0,NO,0,0,15.33
375,26,CAUTIOUS_INTROVERT,0,1,1,1,0,0,1,2,0,1,1,1.0,0.2857,0.0,1.0,1.0,64.05,0.646,0,0,0,1,YES,0,2,98.05
581,922,SOCIAL_EXPLORER,0,0,0,1,1,1,1,0,0,0,1,0.5,0.0,0.0,0.0,1.0,50.0,0.721,1,0,0,1,YES,1,3,100.0
495,755,SELECTIVE_PLANNER,1,1,0,0,0,1,1,0,0,0,0,1.0,0.0,0.0,0.0,0.0,43.33,0.1571,0,0,0,0,NO,0,0,25.33
374,576,SELECTIVE_PLANNER,1,1,0,0,0,1,1,1,0,1,1,0.5,0.2,0.0,1.0,1.0,52.33,0.2727,1,0,0,0,NO,0,0,34.33
457,962,SOCIAL_EXPLORER,1,1,2,0,0,0,1,1,0,0,0,1.0,0.2,0.0,0.0,0.0,35.67,0.2026,0,0,0,0,NO,0,0,17.67
421,306,CAUTIOUS_INTROVERT,1,1,2,0,0,0,1,1,0,0,0,1.0,0.1429,0.0,0.0,0.0,34.52,0.0094,0,0,0,0,NO,0,0,16.52
35,537,BUDGET_CONSCIOUS,1,1,1,0,0,0,2,0,0,0,0,1.0,0.0,0.0,0.0,0.0,37.5,0.4233,1,0,0,1,SAVE_ONLY,0,1,49.5
598,17,CAUTIOUS_INTROVERT,1,1,1,0,0,0,2,2,0,0,1,0.6667,0.6667,0.0,0.0,1.0,49.17,0.6583,0,0,0,0,YES,0,2,71.17
567,982,SPONTANEOUS_ADVENTURER,1,1,0,0,0,1,1,0,0,0,1,0.3333,0.0,0.0,0.0,1.0,35.0,0.6544,1,1,35914,0,YES,0,2,77.57
685,595,CAUTIOUS_INTROVERT,0,0,0,1,1,1,1,1,1,0,0,0.5,0.1667,1.0,0.0,0.0,58.33,0.6392,1,1,34888,1,YES,0,2,100.0
273,701,SOCIAL_EXPLORER,0,1,1,1,0,0,1,2,1,0,0,1.0,0.5,1.0,0.0,0.0,63.33,0.6886,1,1,44762,1,YES,0,2,100.0
981,591,BUDGET_CONSCIOUS,1,0,0,0,1,1,1,1,1,0,1,0.5,0.2,1.0,0.0,1.0,58.17,0.4665,1,0,0,1,SAVE_ONLY,0,1,70.17
873,134,SOCIAL_EXPLORER,1,0,0,0,1,1,1,1,1,1,0,0.5,0.2,1.0,1.0,0.0,63.17,0.7474,1,1,49564,0,YES,1,3,100.0
464,575,CAUTIOUS_INTROVERT,1,0,0,0,1,1,1,2,1,1,0,0.5,0.5,0.5,1.0,0.0,64.17,0.7226,1,1,44867,1,YES,1,3,100.0
612,139,BUDGET_CONSCIOUS,1,0,0,0,1,1,1,0,0,0,0,1.0,0.0,0.0,0.0,0.0,49.17,0.441,0,0,0,1,SAVE_ONLY,0,1,61.17
215,390,CAUTIOUS_INTROVERT,2,1,1,0,0,0,1,2,1,1,0,0.5,0.5,0.5,1.0,0.0,46.67,0.6562,1,0,0,1,YES,0,2,80.67
325,710,SOCIAL_EXPLORER,0,0,0,1,1,1,1,0,1,1,0,1.0,0.0,1.0,1.0,0.0,75.0,0.8464,1,1,53120,0,YES,1,3,100.0
935,181,SPONTANEOUS_ADVENTURER,0,1,1,1,0,0,1,2,1,0,1,1.0,0.4,1.0,0.0,1.0,66.33,1.0,1,1,60664,0,SUPER_LIKE,1,3,100.0
151,322,BUDGET_CONSCIOUS,0,1,0,1,0,1,1,0,0,0,0,1.0,0.0,0.0,0.0,0.0,49.17,0.5727,1,1,37045,1,SAVE_ONLY,0,1,82.14
289,519,BUDGET_CONSCIOUS,1,0,1,0,1,0,1,1,1,0,1,1.0,0.2,0.3333,0.0,1.0,55.67,0.6606,1,1,35047,1,YES,0,2,100.0
668,305,SOCIAL_EXPLORER,0,1,0,1,0,1,1,3,1,0,0,0.5,0.5,1.0,0.0,0.0,59.17,0.8302,1,1,59320,0,YES,1,3,100.0
219,648,SOCIAL_EXPLORER,1,0,1,0,1,0,1,1,0,1,0,0.5,0.2,0.0,1.0,0.0,47.33,0.6884,1,0,0,0,YES,0,2,69.33
544,109,BUDGET_CONSCIOUS,0,1,0,1,0,1,1,1,0,0,0,1.0,0.2,0.0,0.0,0.0,53.17,0.6573,1,1,49388,0,YES,0,2,100.0
311,857,SPONTANEOUS_ADVENTURER,0,2,0,1,0,1,1,1,1,0,0,0.5,0.1667,0.5,0.0,0.0,41.67,0.6623,0,0,0,0,YES,0,2,63.67
522,434,SOCIAL_EXPLORER,0,0,1,1,1,0,1,0,0,0,0,0.3333,0.0,0.0,0.0,0.0,35.83,0.6393,1,0,0,1,YES,0,2,69.83
737,961,SOCIAL_EXPLORER,0,0,1,1,1,0,1,0,0,0,0,0.5,0.0,0.0,0.0,0.0,39.17,0.6145,1,1,32592,0,NO,0,1,40.58
209,760,SOCIAL_EXPLORER,1,0,0,0,1,1,1,0,0,0,0,0.5,0.0,0.0,0.0,0.0,39.17,0.7062,1,0,0,0,YES,1,3,91.17
524,96,CAUTIOUS_INTROVERT,1,2,0,0,0,1,1,1,0,0,0,1.0,0.2,0.0,0.0,0.0,41.5,0.3522,1,1,18017,0,NO,0,1,37.81
21,257,SELECTIVE_PLANNER,0,0,1,1,1,0,1,0,0,0,0,1.0,0.0,0.0,0.0,0.0,49.17,0.6174,1,1,40792,1,SAVE_ONLY,0,1,83.45
875,795,SOCIAL_EXPLORER,1,0,2,0,1,0,1,1,0,0,0,0.5,0.125,0.0,0.0,0.0,30.0,0.2551,1,1,22604,0,NO,0,1,27.91
112,283,CAUTIOUS_INTROVERT,0,0,2,1,1,0,1,0,0,0,0,0.3333,0.0,0.0,0.0,0.0,30.0,0.1163,1,0,0,0,NO,0,0,12.0
701,441,BUDGET_CONSCIOUS,0,0,1,1,1,0,1,0,0,0,0,1.0,0.0,0.0,0.0,0.0,49.17,0.6747,0,0,0,1,YES,0,2,83.17
135,49,SOCIAL_EXPLORER,0,1,2,1,0,0,1,1,1,0,0,1.0,0.125,1.0,0.0,0.0,50.0,0.599,1,1,42218,1,SAVE_ONLY,0,1,84.78
624,934,BUDGET_CONSCIOUS,0,1,0,1,0,1,1,3,1,1,0,0.5,0.6,0.5,1.0,0.0,66.17,0.7991,0,0,0,0,YES,1,3,100.0
943,596,BUDGET_CONSCIOUS,0,1,0,1,0,1,1,2,0,0,1,1.0,0.5,0.0,0.0,1.0,64.17,0.8902,1,1,49709,0,SUPER_LIKE,1,3,100.0
59,656,BUDGET_CONSCIOUS,0,1,1,1,0,0,1,1,0,1,0,1.0,0.1667,0.0,1.0,0.0,56.67,0.6699,1,1,42797,0,YES,0,2,100.0
758,843,CAUTIOUS_INTROVERT,1,1,1,0,0,0,1,2,2,0,1,0.5,0.3333,1.0,0.0,1.0,49.17,0.789,1,1,44101,0,YES,1,3,100.0
798,1007,BUDGET_CONSCIOUS,1,0,0,0,1,1,1,0,1,0,1,1.0,0.0,1.0,0.0,1.0,64.17,0.6251,1,1,42430,0,YES,0,2,100.0
423,505,SOCIAL_EXPLORER,1,0,2,0,1,0,1,3,1,1,1,0.3333,0.6,0.5,1.0,1.0,56.17,0.6266,1,1,36126,1,YES,0,2,100.0
765,570,BUDGET_CONSCIOUS,0,2,1,1,0,0,1,1,0,0,0,0.25,0.2,0.0,0.0,0.0,26.5,0.4255,0,0,0,1,SAVE_ONLY,0,1,38.5
798,768,SPONTANEOUS_ADVENTURER,0,1,1,1,0,0,1,0,1,0,0,0.5,0.0,1.0,0.0,0.0,43.33,0.6034,1,0,0,1,SAVE_ONLY,0,1,55.33
211,1005,SPONTANEOUS_ADVENTURER,1,1,0,0,0,1,1,0,1,0,1,0.5,0.0,1.0,0.0,1.0,48.33,0.6528,1,1,41005,1,YES,0,2,100.0
603,341,CAUTIOUS_INTROVERT,1,1,1,0,0,0,1,0,0,0,0,0.3333,0.0,0.0,0.0,0.0,24.17,0.0961,1,0,0,0,NO,0,0,6.17
586,866,BUDGET_CONSCIOUS,0,1,0,1,0,1,1,1,1,1,0,1.0,0.2,0.5,1.0,0.0,68.17,0.9447,1,1,56642,0,YES,1,3,100.0
563,651,SOCIAL_EXPLORER,0,2,1,1,0,0,1,1,0,0,0,0.5,0.25,0.0,0.0,0.0,32.5,0.3921,0,0,0,0,NO,0,0,14.5
665,416,SOCIAL_EXPLORER,0,0,1,1,1,0,1,2,0,0,1,0.5,0.4,0.0,0.0,1.0,52.17,0.6854,0,0,0,0,YES,0,2,74.17
454,553,SELECTIVE_PLANNER,1,0,0,0,1,1,1,1,0,0,0,1.0,0.2,0.0,0.0,0.0,53.17,0.6724,1,1,41341,0,YES,0,2,97.64
497,811,SELECTIVE_PLANNER,0,1,1,1,0,0,1,2,1,1,0,0.5,0.4,1.0,1.0,0.0,61.33,0.4426,0,0,0,1,SAVE_ONLY,0,1,73.33
870,48,BUDGET_CONSCIOUS,0,0,1,1,1,0,1,0,0,0,0,0.5,0.0,0.0,0.0,0.0,39.17,0.6121,1,1,32732,0,NO,0,1,40.63
409,380,CAUTIOUS_INTROVERT,2,2,1,0,0,0,1,2,1,0,1,1.0,0.4,0.5,0.0,1.0,43.83,0.6584,1,1,49277,0,YES,0,2,91.08
473,440,SOCIAL_EXPLORER,1,0,0,0,1,1,1,1,1,0,0,0.5,0.1667,1.0,0.0,0.0,52.5,0.8053,1,1,43664,0,YES,1,3,100.0
945,914,SELECTIVE_PLANNER,1,0,1,0,1,0,2,2,1,0,0,1.0,0.2857,0.5,0.0,0.0,54.05,0.7214,1,0,0,0,YES,1,3,100.0
818,1003,BUDGET_CONSCIOUS,0,0,1,1,1,0,1,1,0,0,0,0.5,0.1667,0.0,0.0,0.0,42.5,0.5938,1,1,39059,1,SAVE_ONLY,0,1,76.17
849,236,SELECTIVE_PLANNER,1,0,1,0,1,0,1,1,1,0,0,1.0,0.25,1.0,0.0,0.0,58.33,0.8907,1,1,49287,0,YES,1,3,100.0
789,579,SPONTANEOUS_ADVENTURER,0,1,1,1,0,0,1,0,0,0,0,1.0,0.0,0.0,0.0,0.0,43.33,0.6862,1,1,38835,0,YES,0,2,86.92
425,326,SOCIAL_EXPLORER,0,0,1,1,1,0,1,0,0,0,0,1.0,0.0,0.0,0.0,0.0,49.17,0.6596,1,1,34908,1,YES,0,2,100.0
418,897,SOCIAL_EXPLORER,0,0,2,1,1,0,1,1,0,0,0,0.5,0.1667,0.0,0.0,0.0,36.67,0.4412,1,0,0,1,SAVE_ONLY,0,1,48.67
151,96,BUDGET_CONSCIOUS,0,2,2,1,0,0,1,1,1,0,0,1.0,0.1667,0.5,0.0,0.0,40.0,0.6813,1,1,48996,1,YES,0,2,99.15
222,63,CAUTIOUS_INTROVERT,1,1,1,0,0,0,1,0,0,0,0,1.0,0.0,0.0,0.0,0.0,37.5,0.4717,1,1,26882,1,SAVE_ONLY,0,1,66.91
208,859,SPONTANEOUS_ADVENTURER,1,0,0,0,1,1,1,0,1,1,0,0.5,0.0,0.5,1.0,0.0,54.17,0.7378,1,1,51779,0,YES,1,3,100.0
1013,953,CAUTIOUS_INTROVERT,1,0,1,0,1,0,1,0,0,0,0,0.5,0.0,0.0,0.0,0.0,33.33,0.341,1,1,21416,0,NO,0,1,30.83
711,790,BUDGET_CONSCIOUS,1,1,2,0,0,0,1,2,0,0,0,0.5,0.2857,0.0,0.0,0.0,27.38,0.3141,0,0,0,0,NO,0,0,9.38
816,120,SELECTIVE_PLANNER,1,2,1,0,0,0,1,1,1,1,1,1.0,0.25,0.5,1.0,1.0,56.67,0.4525,0,0,0,0,NO,0,0,38.67
447,600,CAUTIOUS_INTROVERT,1,0,1,0,1,0,1,3,0,1,1,1.0,0.75,0.0,1.0,1.0,73.33,1.0,1,1,66794,0,YES,1,3,100.0
299,67,CAUTIOUS_INTROVERT,1,1,0,0,0,1,1,2,1,1,0,0.5,0.4,1.0,1.0,0.0,61.33,0.7373,0,0,0,0,YES,1,3,100.0
571,534,SELECTIVE_PLANNER,0,1,1,1,0,0,1,0,0,0,0,0.5,0.0,0.0,0.0,0.0,33.33,0.1486,1,0,0,0,NO,0,0,15.33
452,397,SELECTIVE_PLANNER,1,1,0,0,0,1,1,0,0,0,0,1.0,0.0,0.0,0.0,0.0,43.33,0.3204,1,0,0,0,NO,0,0,25.33
143,256,BUDGET_CONSCIOUS,1,1,1,0,0,0,1,1,1,1,0,1.0,0.3333,1.0,1.0,0.0,64.17,0.6423,1,1,35893,1,YES,0,2,100.0
408,223,BUDGET_CONSCIOUS,0,1,1,1,0,0,1,0,0,0,0,0.5,0.0,0.0,0.0,0.0,33.33,0.4659,1,0,0,0,NO,0,0,15.33
719,811,SPONTANEOUS_ADVENTURER,1,0,1,0,1,0,1,3,1,0,0,0.3333,0.6,1.0,0.0,0.0,52.0,0.9297,1,1,54200,0,YES,1,3,100.0
479,898,SELECTIVE_PLANNER,2,0,1,0,1,0,1,0,0,0,0,0.3333,0.0,0.0,0.0,0.0,24.17,0.4608,0,0,0,0,NO,0,0,6.17
187,993,SELECTIVE_PLANNER,1,2,1,0,0,0,1,0,0,0,0,0.5,0.0,0.0,0.0,0.0,21.67,0.1215,1,0,0,0,NO,0,0,3.67
64,983,CAUTIOUS_INTROVERT,1,0,1,0,1,0,1,2,1,1,1,1.0,0.3333,1.0,1.0,1.0,75.0,1.0,1,1,63129,0,SUPER_LIKE,1,3,100.0
401,717,PASSIVE_BROWSER,1,0,1,0,1,0,1,1,2,0,1,0.3333,0.1667,1.0,0.0,1.0,48.33,0.3771,1,1,33056,0,NO,0,1,49.9
610,196,SELECTIVE_PLANNER,1,2,0,0,0,1,1,0,0,0,0,1.0,0.0,0.0,0.0,0.0,37.5,0.2744,1,0,0,0,NO,0,0,19.5
989,40,BUDGET_CONSCIOUS,0,0,0,1,1,1,1,0,1,0,0,0.5,0.0,0.5,0.0,0.0,50.0,0.6417,1,1,48074,0,YES,0,2,96.83
315,513,SELECTIVE_PLANNER,1,0,1,0,1,0,1,1,0,0,0,1.0,0.1429,0.0,0.0,0.0,46.19,0.7607,1,1,48534,0,YES,1,3,100.0
196,831,SPONTANEOUS_ADVENTURER,0,1,1,1,0,0,1,2,0,0,0,1.0,0.3333,0.0,0.0,0.0,50.0,0.7058,1,0,0,0,YES,1,3,100.0
731,218,CAUTIOUS_INTROVERT,0,0,2,1,1,0,1,2,1,1,0,1.0,0.3333,0.5,1.0,0.0,65.0,0.6349,1,1,38805,1,YES,0,2,100.0
82,1005,BUDGET_CONSCIOUS,1,1,1,0,0,0,1,1,1,0,0,1.0,0.1667,0.5,0.0,0.0,45.83,0.6013,1,1,45271,0,NO,0,1,51.67
875,79,SOCIAL_EXPLORER,1,2,1,0,0,0,1,1,1,0,0,0.5,0.1429,0.5,0.0,0.0,29.52,0.5177,1,0,0,1,SAVE_ONLY,0,1,41.52
635,801,BUDGET_CONSCIOUS,0,2,0,1,0,1,1,0,0,0,0,0.3333,0.0,0.0,0.0,0.0,30.0,0.5346,1,1,40720,0,NO,0,1,34.25
894,859,SPONTANEOUS_ADVENTURER,1,0,0,0,1,1,1,0,0,0,0,0.5,0.0,0.0,0.0,0.0,39.17,0.6304,1,1,32684,0,YES,0,2,80.61
169,893,SPONTANEOUS_ADVENTURER,1,0,1,0,1,0,1,1,1,1,0,0.3333,0.1667,0.5,1.0,0.0,48.33,0.7603,1,1,48958,0,YES,1,3,100.0
68,24,CAUTIOUS_INTROVERT,1,1,0,0,0,1,1,0,0,0,0,0.5,0.0,0.0,0.0,0.0,33.33,0.3186,1,1,21906,0,NO,0,1,31.0
975,289,SPONTANEOUS_ADVENTURER,2,0,0,0,1,1,1,1,0,0,0,1.0,0.1667,0.0,0.0,0.0,46.67,0.7456,1,1,50530,1,YES,1,3,100.0
307,228,CAUTIOUS_INTROVERT,2,1,0,0,0,1,1,1,0,1,0,0.5,0.1667,0.0,1.0,0.0,40.83,0.4644,0,0,0,0,NO,0,0,22.83
189,224,SOCIAL_EXPLORER,1,1,0,0,0,1,1,1,0,0,1,0.25,0.25,0.0,0.0,1.0,38.33,0.6318,1,0,0,1,YES,0,2,72.33
571,965,BUDGET_CONSCIOUS,1,1,1,0,0,0,1,0,0,0,0,1.0,0.0,0.0,0.0,0.0,37.5,0.3251,0,0,0,0,NO,0,0,19.5
211,387,SPONTANEOUS_ADVENTURER,2,1,1,0,0,0,1,0,1,0,0,0.5,0.0,1.0,0.0,0.0,31.67,0.5743,1,0,0,1,SAVE_ONLY,0,1,43.67
24,800,BUDGET_CONSCIOUS,2,0,0,0,1,1,1,1,1,0,1,1.0,0.2,1.0,0.0,1.0,62.33,0.1447,1,1,18918,0,NO,0,1,58.95
757,672,SOCIAL_EXPLORER,0,1,2,1,0,0,1,1,1,0,1,0.3333,0.25,1.0,0.0,1.0,44.17,0.5286,1,1,42365,0,NO,0,1,49.0
748,17,BUDGET_CONSCIOUS,2,1,1,0,0,0,1,0,0,1,0,0.25,0.0,0.0,1.0,0.0,26.67,0.0,0,0,0,0,NO,0,0,8.67
91,576,SOCIAL_EXPLORER,2,1,1,0,0,0,1,3,1,1,0,0.5,0.75,0.5,1.0,0.0,51.67,0.6776,1,0,0,1,YES,0,2,85.67
78,133,BUDGET_CONSCIOUS,0,0,1,1,1,0,1,0,0,0,0,0.5,0.0,0.0,0.0,0.0,39.17,0.551,1,0,0,1,SAVE_ONLY,0,1,51.17
488,764,SOCIAL_EXPLORER,1,1,2,0,0,0,1,1,0,0,1,1.0,0.25,0.0,0.0,1.0,41.67,0.3838,1,0,0,0,NO,0,0,23.67
475,420,CAUTIOUS_INTROVERT,1,0,2,0,1,0,1,0,0,0,0,0.3333,0.0,0.0,0.0,0.0,24.17,0.0,1,0,0,0,NO,0,0,6.17
862,225,BUDGET_CONSCIOUS,0,2,2,1,0,0,1,0,0,0,0,0.5,0.0,0.0,0.0,0.0,21.67,0.2322,0,0,0,0,NO,0,0,3.67
176,512,SPONTANEOUS_ADVENTURER,1,0,0,0,1,1,1,1,1,0,0,0.5,0.1429,1.0,0.0,0.0,52.02,0.8461,0,0,0,0,YES,1,3,100.0
745,806,CAUTIOUS_INTROVERT,0,2,0,1,0,1,1,0,0,0,1,0.3333,0.0,0.0,0.0,1.0,35.0,0.2386,0,0,0,0,NO,0,0,17.0
676,751,CAUTIOUS_INTROVERT,1,0,0,0,1,1,1,2,1,0,0,0.3333,0.5,1.0,0.0,0.0,55.83,0.7216,1,1,52601,1,YES,1,3,100.0
512,215,SOCIAL_EXPLORER,0,0,1,1,1,0,1,0,0,0,0,0.3333,0.0,0.0,0.0,0.0,35.83,0.184,0,0,0,0,NO,0,0,17.83
857,932,SELECTIVE_PLANNER,0,1,0,1,0,1,1,1,1,1,1,0.5,0.25,1.0,1.0,1.0,69.17,0.6381,0,0,0,0,YES,0,2,91.17
299,884,CAUTIOUS_INTROVERT,0,1,0,1,0,1,1,1,1,1,0,1.0,0.2,1.0,1.0,0.0,73.17,0.6792,1,0,0,0,YES,0,2,95.17
203,737,SOCIAL_EXPLORER,1,1,0,0,0,1,1,2,1,1,0,1.0,0.5,0.5,1.0,0.0,68.33,0.949,1,1,61189,0,SUPER_LIKE,1,3,100.0
855,402,SELECTIVE_PLANNER,0,0,1,1,1,0,1,1,0,0,0,1.0,0.2,0.0,0.0,0.0,53.17,0.8067,1,1,54494,0,YES,1,3,100.0
662,186,BUDGET_CONSCIOUS,1,2,0,0,0,1,1,1,1,0,1,0.5,0.25,1.0,0.0,1.0,47.5,0.5703,1,0,0,0,NO,0,0,29.5
355,15,CAUTIOUS_INTROVERT,1,1,1,0,0,0,0,0,0,0,0,0.0,0.0,0.0,0.0,0.0,17.5,0.1827,0,0,0,0,NO,0,0,0.0
419,517,CAUTIOUS_INTROVERT,0,1,1,1,0,0,1,2,0,0,0,1.0,0.3333,0.0,0.0,0.0,50.0,0.787,1,1,50080,1,YES,1,3,100.0
796,26,SOCIAL_EXPLORER,1,0,1,0,1,0,1,2,0,0,1,1.0,0.3333,0.0,0.0,1.0,55.0,0.8128,0,0,0,1,YES,1,3,100.0
385,985,BUDGET_CONSCIOUS,1,0,1,0,1,0,1,2,1,1,0,0.5,0.4,1.0,1.0,0.0,61.33,0.7253,1,0,0,0,YES,1,3,100.0
229,456,SOCIAL_EXPLORER,0,1,0,1,0,1,1,1,0,1,0,0.5,0.1429,0.0,1.0,0.0,52.02,0.6992,1,0,0,1,YES,0,2,86.02
797,406,SPONTANEOUS_ADVENTURER,1,0,1,0,1,0,1,0,0,0,0,1.0,0.0,0.0,0.0,0.0,43.33,0.759,1,1,40157,0,YES,1,3,100.0
744,28,SOCIAL_EXPLORER,1,1,1,0,0,0,1,1,0,0,0,0.5,0.1667,0.0,0.0,0.0,30.83,0.6555,1,1,36085,1,YES,0,2,85.46
475,113,CAUTIOUS_INTROVERT,0,1,0,1,0,1,2,1,0,0,0,1.0,0.25,0.0,0.0,0.0,54.17,0.4295,0,0,0,1,SAVE_ONLY,0,1,66.17
339,815,BUDGET_CONSCIOUS,1,0,2,0,1,0,1,2,1,0,1,1.0,0.2857,1.0,0.0,1.0,58.21,0.6823,1,1,45974,1,YES,0,2,100.0
370,830,BUDGET_CONSCIOUS,2,0,1,0,1,0,1,1,0,0,0,1.0,0.2,0.0,0.0,0.0,41.5,0.0405,0,0,0,0,NO,0,0,23.5
656,201,BUDGET_CONSCIOUS,0,0,1,1,1,0,1,0,0,0,1,0.5,0.0,0.0,0.0,1.0,44.17,0.65,1,1,35831,0,YES,0,2,86.71
99,858,BUDGET_CONSCIOUS,1,1,0,0,0,1,1,1,0,0,1,0.5,0.1667,0.0,0.0,1.0,41.67,0.4273,1,1,33102,0,NO,0,1,43.26
333,15,SOCIAL_EXPLORER,1,1,1,0,0,0,0,0,0,0,0,0.0,0.0,0.0,0.0,0.0,17.5,0.3672,1,0,0,0,NO,0,0,0.0
116,85,SELECTIVE_PLANNER,1,1,0,0,0,1,1,3,1,1,1,0.5,0.75,0.5,1.0,1.0,68.33,0.5528,1,1,36690,1,SAVE_ONLY,0,1,100.0
140,179,CAUTIOUS_INTROVERT,0,0,1,1,1,0,1,2,1,1,0,1.0,0.6667,1.0,1.0,0.0,82.5,0.9224,1,1,62230,0,YES,1,3,100.0
221,451,SOCIAL_EXPLORER,1,0,1,0,1,0,1,0,0,0,0,1.0,0.0,0.0,0.0,0.0,43.33,0.7679,1,0,0,1,YES,1,3,100.0
242,183,SPONTANEOUS_ADVENTURER,1,0,1,0,1,0,1,2,1,0,1,0.3333,0.4,0.5,0.0,1.0,48.0,0.7025,1,1,47729,0,YES,1,3,100.0
883,538,SOCIAL_EXPLORER,0,1,0,1,0,1,1,1,0,0,0,0.5,0.1667,0.0,0.0,0.0,42.5,0.493,1,1,38255,1,SAVE_ONLY,0,1,75.89
73,721,BUDGET_CONSCIOUS,1,0,1,0,1,0,1,0,0,0,0,0.3333,0.0,0.0,0.0,0.0,30.0,0.3063,0,0,0,0,NO,0,0,12.0
738,363,SELECTIVE_PLANNER,1,1,1,0,0,0,1,0,0,0,0,0.5,0.0,0.0,0.0,0.0,27.5,0.1409,0,0,0,0,NO,0,0,9.5
898,866,BUDGET_CONSCIOUS,0,1,1,1,0,0,1,0,0,0,0,0.5,0.0,0.0,0.0,0.0,33.33,0.6325,1,1,40821,0,YES,0,2,77.62
498,245,SOCIAL_EXPLORER,1,0,1,0,1,0,1,1,0,0,0,0.5,0.2,0.0,0.0,0.0,37.33,0.6401,1,1,39145,0,YES,0,2,81.03
383,682,BUDGET_CONSCIOUS,2,1,2,0,0,0,2,2,1,1,0,0.6667,0.6667,0.5,1.0,0.0,47.5,0.1457,0,0,0,0,NO,0,0,29.5
921,568,SPONTANEOUS_ADVENTURER,1,1,1,0,0,0,1,1,0,0,0,0.5,0.1667,0.0,0.0,0.0,30.83,0.4618,1,0,0,1,SAVE_ONLY,0,1,42.83
90,796,SOCIAL_EXPLORER,0,1,0,1,0,1,1,2,0,0,1,1.0,0.3333,0.0,0.0,1.0,60.83,0.6607,0,0,0,1,YES,0,2,94.83
696,612,SOCIAL_EXPLORER,1,1,1,0,0,0,1,1,0,1,0,1.0,0.1667,0.0,1.0,0.0,50.83,0.6894,1,0,0,0,YES,0,2,72.83
455,83,SELECTIVE_PLANNER,2,1,0,0,0,1,1,0,0,0,1,0.5,0.0,0.0,0.0,1.0,32.5,0.0479,0,0,0,0,NO,0,0,14.5
852,63,SOCIAL_EXPLORER,1,0,1,0,1,0,1,0,0,0,0,1.0,0.0,0.0,0.0,0.0,43.33,0.6422,0,0,0,0,YES,0,2,65.33
961,232,BUDGET_CONSCIOUS,0,1,1,1,0,0,1,2,1,0,1,0.5,0.3333,1.0,0.0,1.0,55.0,0.6551,1,1,45118,0,YES,0,2,100.0
79,805,SPONTANEOUS_ADVENTURER,1,0,0,0,1,1,1,2,1,0,1,0.5,0.5,0.5,0.0,1.0,59.17,0.7679,1,1,45512,1,YES,1,3,100.0
282,51,BUDGET_CONSCIOUS,0,0,1,1,1,0,1,0,1,0,0,1.0,0.0,0.5,0.0,0.0,54.17,0.6646,1,0,0,1,YES,0,2,88.17
95,434,CAUTIOUS_INTROVERT,0,1,1,1,0,0,1,2,2,1,1,0.5,0.4,1.0,1.0,1.0,66.33,0.6755,1,0,0,0,YES,0,2,88.33
452,213,SELECTIVE_PLANNER,1,2,0,0,0,1,1,1,0,0,0,0.5,0.1429,0.0,0.0,0.0,30.36,0.2214,0,0,0,0,NO,0,0,12.36
672,133,CAUTIOUS_INTROVERT,1,0,0,0,1,1,1,1,0,0,0,0.5,0.1667,0.0,0.0,0.0,42.5,0.2892,1,1,27096,0,NO,0,1,41.98
509,335,SOCIAL_EXPLORER,0,0,1,1,1,0,1,0,0,0,0,1.0,0.0,0.0,0.0,0.0,49.17,0.6,1,1,37676,1,SAVE_ONLY,0,1,82.36
70,46,SELECTIVE_PLANNER,1,1,1,0,0,0,1,0,0,0,0,0.3333,0.0,0.0,0.0,0.0,24.17,0.0,1,0,0,0,NO,0,0,6.17
931,956,SPONTANEOUS_ADVENTURER,1,1,0,0,0,1,1,3,0,0,0,1.0,0.6,0.0,0.0,0.0,55.33,0.6894,0,0,0,0,YES,0,2,77.33
701,414,BUDGET_CONSCIOUS,0,0,1,1,1,0,1,1,1,1,1,1.0,0.3333,1.0,1.0,1.0,80.83,0.9875,1,1,61897,0,YES,1,3,100.0
665,846,SOCIAL_EXPLORER,1,2,0,0,0,1,1,1,0,1,1,1.0,0.25,0.0,1.0,1.0,57.5,0.6581,1,1,45196,0,YES,0,2,100.0
627,990,SOCIAL_EXPLORER,1,1,1,0,0,0,1,1,0,0,0,0.5,0.2,0.0,0.0,0.0,31.5,0.6599,0,0,0,0,YES,0,2,53.5
456,812,SOCIAL_EXPLORER,2,0,1,0,1,0,1,1,1,0,0,1.0,0.1667,0.3333,0.0,0.0,44.17,0.7466,1,1,51329,0,YES,1,3,100.0
341,197,CAUTIOUS_INTROVERT,2,1,2,0,0,0,1,0,0,0,0,0.3333,0.0,0.0,0.0,0.0,12.5,0.0,0,0,0,0,NO,0,0,0.0
700,411,SOCIAL_EXPLORER,2,1,0,0,0,1,1,0,0,0,0,0.3333,0.0,0.0,0.0,0.0,24.17,0.4093,1,0,0,0,NO,0,0,6.17
885,169,BUDGET_CONSCIOUS,2,1,0,0,0,1,1,2,1,0,0,0.3333,0.4,1.0,0.0,0.0,42.17,0.088,1,0,0,0,NO,0,0,24.17
90,60,SOCIAL_EXPLORER,1,0,1,0,1,0,1,2,1,0,1,1.0,0.4,0.3333,0.0,1.0,59.67,0.685,1,1,44665,0,YES,0,2,100.0
757,968,SOCIAL_EXPLORER,0,0,0,1,1,1,1,0,0,1,0,0.3333,0.0,0.0,1.0,0.0,51.67,0.6414,1,1,44469,1,YES,0,2,100.0
148,761,SELECTIVE_PLANNER,1,1,1,0,0,0,1,0,0,0,0,0.5,0.0,0.0,0.0,0.0,27.5,0.1784,0,0,0,0,NO,0,0,9.5
968,844,SOCIAL_EXPLORER,0,1,0,1,0,1,1,3,0,0,1,0.5,0.6,0.0,0.0,1.0,56.17,0.7269,1,1,42684,1,YES,1,3,100.0
725,402,SPONTANEOUS_ADVENTURER,1,2,1,0,0,0,1,1,1,0,1,1.0,0.2,0.5,0.0,1.0,45.67,0.6228,1,0,0,0,YES,0,2,67.67
393,539,CAUTIOUS_INTROVERT,2,0,0,0,1,1,1,2,1,0,0,0.5,0.4,1.0,0.0,0.0,51.33,0.5284,0,0,0,1,SAVE_ONLY,0,1,63.33
732,96,BUDGET_CONSCIOUS,0,0,0,1,1,1,1,1,0,0,0,1.0,0.2,0.0,0.0,0.0,59.0,0.728,1,0,0,1,YES,1,3,100.0
245,613,CAUTIOUS_INTROVERT,1,1,1,0,0,0,1,3,0,1,0,0.5,0.75,0.0,1.0,0.0,52.5,0.3571,0,0,0,0,NO,0,0,34.5
993,562,SOCIAL_EXPLORER,0,2,0,1,0,1,1,2,1,0,1,1.0,0.3333,0.5,0.0,1.0,60.0,0.6866,0,0,0,0,YES,0,2,82.0
719,757,SPONTANEOUS_ADVENTURER,1,1,1,0,0,0,1,0,1,1,0,0.3333,0.0,1.0,1.0,0.0,44.17,0.4914,1,0,0,0,NO,0,0,26.17
355,58,CAUTIOUS_INTROVERT,1,0,0,0,1,1,1,2,1,0,0,1.0,0.4,0.5,0.0,0.0,62.17,0.8283,1,0,0,0,YES,1,3,100.0
30,168,CAUTIOUS_INTROVERT,1,1,2,0,0,0,1,0,0,0,0,1.0,0.0,0.0,0.0,0.0,31.67,0.1969,0,0,0,0,NO,0,0,13.67
411,184,BUDGET_CONSCIOUS,2,2,1,0,0,0,1,1,2,1,0,0.5,0.1667,1.0,1.0,0.0,39.17,0.0608,0,0,0,0,NO,0,0,21.17
575,402,SPONTANEOUS_ADVENTURER,0,1,1,1,0,0,1,2,1,1,0,0.5,0.5,0.5,1.0,0.0,58.33,0.6379,1,0,0,1,YES,0,2,92.33
867,469,BUDGET_CONSCIOUS,0,2,0,1,0,1,1,2,1,0,0,1.0,0.3333,1.0,0.0,0.0,60.0,0.6985,1,1,47504,1,YES,0,2,100.0
622,260,SPONTANEOUS_ADVENTURER,1,0,1,0,1,0,1,0,0,0,0,1.0,0.0,0.0,0.0,0.0,43.33,0.6611,1,1,39813,1,YES,0,2,99.26
543,39,CAUTIOUS_INTROVERT,1,1,2,0,0,0,1,3,2,1,1,1.0,0.6,1.0,1.0,1.0,68.67,0.4901,1,1,25910,0,NO,0,1,67.74
587,858,SOCIAL_EXPLORER,0,1,0,1,0,1,1,1,1,0,0,0.3333,0.1667,0.5,0.0,0.0,44.17,0.6758,1,1,37920,0,YES,0,2,87.44
252,517,SOCIAL_EXPLORER,0,1,1,1,0,0,1,2,1,0,0,0.5,0.3333,1.0,0.0,0.0,50.0,0.679,1,1,37650,1,YES,0,2,100.0
452,195,SELECTIVE_PLANNER,1,0,1,0,1,0,1,2,0,0,0,1.0,0.3333,0.0,0.0,0.0,50.0,0.6627,1,1,47157,0,YES,0,2,96.5
969,632,CAUTIOUS_INTROVERT,1,1,1,0,0,0,1,1,0,0,0,0.3333,0.1429,0.0,0.0,0.0,27.02,0.1882,1,0,0,0,NO,0,0,9.02
626,527,SOCIAL_EXPLORER,1,2,0,0,0,1,1,2,1,0,0,1.0,0.6667,0.3333,0.0,0.0,54.17,0.6568,1,1,41590,0,YES,0,2,98.73
190,647,SOCIAL_EXPLORER,0,0,0,1,1,1,1,1,1,0,0,1.0,0.2,0.5,0.0,0.0,64.0,0.8019,1,0,0,0,YES,1,3,100.0
349,126,SOCIAL_EXPLORER,1,1,2,0,0,0,1,1,1,1,0,1.0,0.2,1.0,1.0,0.0,55.67,0.3636,1,0,0,0,NO,0,0,37.67
641,802,SPONTANEOUS_ADVENTURER,1,0,0,0,1,1,1,2,1,0,0,0.5,0.2857,1.0,0.0,0.0,54.88,0.684,0,0,0,0,YES,0,2,76.88
372,715,SOCIAL_EXPLORER,0,1,0,1,0,1,1,1,0,0,0,0.5,0.1667,0.0,0.0,0.0,42.5,0.7568,1,1,44460,1,YES,1,3,100.0
844,756,SOCIAL_EXPLORER,0,0,0,1,1,1,1,1,0,0,1,0.5,0.1667,0.0,0.0,1.0,53.33,0.6535,1,0,0,1,YES,0,2,87.33
669,1009,SOCIAL_EXPLORER,1,2,2,0,0,0,1,0,0,0,0,0.5,0.0,0.0,0.0,0.0,15.83,0.0538,0,0,0,0,NO,0,0,0.0
55,758,SELECTIVE_PLANNER,0,1,1,1,0,0,1,2,1,0,1,1.0,0.3333,0.5,0.0,1.0,60.0,0.3098,0,0,0,0,NO,0,0,42.0
832,250,CAUTIOUS_INTROVERT,1,0,0,0,1,1,1,2,1,1,0,0.5,0.4,1.0,1.0,0.0,67.17,0.9277,1,1,52044,1,YES,1,3,100.0
647,916,SOCIAL_EXPLORER,1,1,1,0,0,0,1,1,1,0,1,0.5,0.2,0.5,0.0,1.0,41.5,0.6576,0,0,0,0,YES,0,2,63.5
770,462,CAUTIOUS_INTROVERT,1,0,1,0,1,0,1,2,0,0,1,0.5,0.6667,0.0,0.0,1.0,51.67,0.655,0,0,0,1,YES,0,2,85.67
567,930,BUDGET_CONSCIOUS,1,1,0,0,0,1,1,1,0,1,1,1.0,0.1429,0.0,1.0,1.0,61.19,0.6245,1,1,38617,1,YES,0,2,100.0
300,630,SOCIAL_EXPLORER,2,2,1,0,0,0,1,2,1,0,1,1.0,0.6667,0.5,0.0,1.0,49.17,0.7806,1,1,54944,1,YES,1,3,100.0
493,404,SPONTANEOUS_ADVENTURER,0,2,0,1,0,1,1,1,1,0,1,0.5,0.2,0.5,0.0,1.0,47.33,0.6941,1,1,45924,0,YES,0,2,93.4
39,528,SOCIAL_EXPLORER,1,0,2,0,1,0,1,1,2,1,0,1.0,0.1667,1.0,1.0,0.0,60.83,0.5034,1,0,0,0,NO,0,0,42.83
817,644,SOCIAL_EXPLORER,1,0,2,0,1,0,1,1,1,1,0,1.0,0.2,1.0,1.0,0.0,61.5,0.6767,1,1,46601,0,YES,0,2,100.0
548,740,CAUTIOUS_INTROVERT,1,1,1,0,0,0,1,1,0,0,0,0.5,0.1667,0.0,0.0,0.0,30.83,0.277,1,1,25571,0,NO,0,1,29.78
829,177,SOCIAL_EXPLORER,1,0,0,0,1,1,1,0,0,0,0,1.0,0.0,0.0,0.0,0.0,49.17,0.6733,0,0,0,1,YES,0,2,83.17
511,733,SOCIAL_EXPLORER,0,1,0,1,0,1,1,0,0,0,0,0.3333,0.0,0.0,0.0,0.0,35.83,0.6725,1,1,43677,0,YES,0,2,81.12
386,250,BUDGET_CONSCIOUS,2,0,2,0,1,0,1,1,1,1,1,0.3333,0.2,1.0,1.0,1.0,47.33,0.0,1,1,6314,0,NO,0,0,39.54
729,231,SOCIAL_EXPLORER,1,1,1,0,0,0,1,0,0,0,1,1.0,0.0,0.0,0.0,1.0,42.5,0.6453,0,0,0,1,YES,0,2,76.5
406,925,CAUTIOUS_INTROVERT,1,0,1,0,1,0,1,2,0,0,1,1.0,0.5,0.0,0.0,1.0,58.33,0.6579,0,0,0,1,YES,0,2,92.33
21,859,SELECTIVE_PLANNER,1,2,0,0,0,1,1,1,1,1,0,1.0,0.3333,0.5,1.0,0.0,59.17,0.4406,1,1,36434,1,SAVE_ONLY,0,1,91.92
338,231,SOCIAL_EXPLORER,2,0,0,0,1,1,1,0,0,0,0,0.5,0.0,0.0,0.0,0.0,33.33,0.6299,1,1,37869,0,YES,0,2,76.58
603,1006,CAUTIOUS_INTROVERT,0,1,1,1,0,0,1,0,0,0,0,0.5,0.0,0.0,0.0,0.0,33.33,0.3745,1,0,0,0,NO,0,0,15.33
589,409,SOCIAL_EXPLORER,1,0,2,0,1,0,1,0,0,0,1,0.5,0.0,0.0,0.0,1.0,32.5,0.3755,0,0,0,0,NO,0,0,14.5
356,437,SPONTANEOUS_ADVENTURER,0,1,0,1,0,1,1,2,1,1,0,0.3333,0.3333,1.0,1.0,0.0,62.5,0.9781,1,1,65231,1,YES,1,3,100.0
599,366,SELECTIVE_PLANNER,0,0,0,1,1,1,1,1,1,0,1,0.3333,0.1667,0.5,0.0,1.0,55.0,0.8022,1,1,43420,1,YES,1,3,100.0
504,742,SELECTIVE_PLANNER,0,0,0,1,1,1,1,3,1,0,1,0.5,1.0,1.0,0.0,1.0,80.0,1.0,1,1,64313,1,YES,1,3,100.0
88,943,CAUTIOUS_INTROVERT,1,1,1,0,0,0,1,0,1,1,0,0.5,0.0,0.5,1.0,0.0,42.5,0.4088,1,1,23727,0,NO,0,1,40.8
786,115,BUDGET_CONSCIOUS,2,2,0,0,0,1,1,2,1,0,1,1.0,0.3333,0.5,0.0,1.0,48.33,0.0258,0,0,0,0,NO,0,0,30.33
628,739,SOCIAL_EXPLORER,2,1,1,0,0,0,1,1,0,1,0,0.3333,0.1667,0.0,1.0,0.0,31.67,0.3394,1,1,26110,0,NO,0,1,30.81
350,807,SOCIAL_EXPLORER,0,1,1,1,0,0,1,0,0,0,0,0.5,0.0,0.0,0.0,0.0,33.33,0.5647,1,1,31343,1,SAVE_ONLY,0,1,64.3
77,874,CAUTIOUS_INTROVERT,0,0,1,1,1,0,1,1,0,0,0,0.5,0.1667,0.0,0.0,0.0,42.5,0.3776,1,0,0,0,NO,0,0,24.5
81,999,SOCIAL_EXPLORER,1,0,0,0,1,1,1,1,1,1,0,0.5,0.25,1.0,1.0,0.0,64.17,0.8213,1,1,48677,0,SUPER_LIKE,1,3,100.0
824,226,SOCIAL_EXPLORER,1,2,1,0,0,0,1,0,0,0,0,1.0,0.0,0.0,0.0,0.0,31.67,0.6481,1,1,42542,1,YES,0,2,88.56
922,760,SOCIAL_EXPLORER,1,2,0,0,0,1,1,0,0,0,0,0.5,0.0,0.0,0.0,0.0,27.5,0.6205,1,0,0,0,YES,0,2,49.5
821,615,SOCIAL_EXPLORER,1,1,1,0,0,0,1,2,1,1,1,0.3333,0.4,0.5,1.0,1.0,52.17,0.3595,0,0,0,0,NO,0,0,34.17
953,234,SPONTANEOUS_ADVENTURER,2,0,0,0,1,1,1,1,1,0,0,0.3333,0.1667,0.3333,0.0,0.0,36.67,0.7632,1,1,54090,1,YES,1,3,100.0
761,480,SOCIAL_EXPLORER,1,0,1,0,1,0,1,1,1,1,1,0.3333,0.2,0.3333,1.0,1.0,52.33,0.6841,1,0,0,1,YES,0,2,86.33
497,477,BUDGET_CONSCIOUS,1,1,1,0,0,0,1,2,1,1,1,1.0,0.5,1.0,1.0,1.0,72.5,0.6996,1,1,37340,1,YES,0,2,100.0
953,746,SPONTANEOUS_ADVENTURER,0,1,1,1,0,0,1,0,0,0,0,1.0,0.0,0.0,0.0,0.0,43.33,0.6232,1,1,41961,1,YES,0,2,100.0
465,128,SELECTIVE_PLANNER,0,0,1,1,1,0,1,2,1,0,0,0.5,0.4,0.5,0.0,0.0,52.17,0.7517,1,1,53872,0,YES,1,3,100.0
82,870,BUDGET_CONSCIOUS,0,1,0,1,0,1,1,2,1,0,0,0.5,0.3333,0.5,0.0,0.0,50.83,0.6079,0,0,0,1,SAVE_ONLY,0,1,62.83
26,825,SELECTIVE_PLANNER,1,1,0,0,0,1,1,1,0,0,0,1.0,0.1429,0.0,0.0,0.0,46.19,0.3823,0,0,0,0,NO,0,0,28.19
978,997,BUDGET_CONSCIOUS,0,0,2,1,1,0,1,3,1,1,1,0.3333,0.5,0.5,1.0,1.0,60.0,0.8385,1,1,56495,0,SUPER_LIKE,1,3,100.0
57,749,CAUTIOUS_INTROVERT,0,0,2,1,1,0,1,2,1,0,1,0.5,0.5,1.0,0.0,1.0,58.33,0.678,1,0,0,1,YES,0,2,92.33
439,653,BUDGET_CONSCIOUS,0,0,0,1,1,1,1,1,1,0,0,0.5,0.1429,1.0,0.0,0.0,57.86,0.6783,0,0,0,0,YES,0,2,79.86
161,307,SPONTANEOUS_ADVENTURER,0,0,1,1,1,0,1,1,0,1,0,0.3333,0.25,0.0,1.0,0.0,50.83,0.8931,1,1,50966,1,SUPER_LIKE,1,3,100.0
562,641,SOCIAL_EXPLORER,0,1,1,1,0,0,1,3,1,0,0,1.0,0.6,1.0,0.0,0.0,65.33,0.8934,1,1,61467,0,SUPER_LIKE,1,3,100.0
628,682,PASSIVE_BROWSER,0,1,1,1,0,0,2,1,1,1,1,0.6667,0.1429,0.5,1.0,1.0,59.52,0.4114,1,1,34164,0,NO,0,1,61.48
86,933,SOCIAL_EXPLORER,1,0,1,0,1,0,1,0,0,0,0,0.5,0.0,0.0,0.0,0.0,33.33,0.4847,0,0,0,0,NO,0,0,15.33
247,293,SOCIAL_EXPLORER,1,1,1,0,0,0,1,0,0,1,0,1.0,0.0,0.0,1.0,0.0,47.5,0.5622,1,1,31880,1,SAVE_ONLY,0,1,78.66
183,546,CAUTIOUS_INTROVERT,1,0,0,0,1,1,1,0,0,0,0,1.0,0.0,0.0,0.0,0.0,49.17,0.3693,0,0,0,0,NO,0,0,31.17
699,171,SPONTANEOUS_ADVENTURER,1,0,1,0,1,0,1,0,0,0,1,0.5,0.0,0.0,0.0,1.0,38.33,0.5311,0,0,0,1,SAVE_ONLY,0,1,50.33
765,654,BUDGET_CONSCIOUS,0,2,1,1,0,0,1,1,1,1,1,0.25,0.25,1.0,1.0,1.0,52.5,0.7851,1,1,42135,1,YES,1,3,100.0
970,858,SOCIAL_EXPLORER,0,1,0,1,0,1,1,1,1,0,0,0.5,0.1667,0.5,0.0,0.0,47.5,0.6862,1,0,0,1,YES,0,2,81.5
649,363,BUDGET_CONSCIOUS,0,1,0,1,0,1,1,0,0,0,1,0.5,0.0,0.0,0.0,1.0,44.17,0.5505,0,0,0,0,NO,0,0,26.17
186,35,SOCIAL_EXPLORER,1,1,2,0,0,0,1,0,0,1,0,0.5,0.0,0.0,1.0,0.0,31.67,0.3763,1,0,0,0,NO,0,0,13.67
929,579,CAUTIOUS_INTROVERT,1,1,2,0,0,0,1,3,1,0,0,0.5,0.6,1.0,0.0,0.0,43.67,0.4622,1,1,35861,1,SAVE_ONLY,0,1,76.22
562,607,SOCIAL_EXPLORER,0,1,0,1,0,1,1,2,1,0,1,0.5,0.4,1.0,0.0,1.0,62.17,0.7374,1,1,49980,0,YES,1,3,100.0
506,532,SOCIAL_EXPLORER,0,2,1,1,0,0,1,2,2,1,0,1.0,0.2857,1.0,1.0,0.0,63.21,0.7697,1,1,46160,1,YES,1,3,100.0
331,542,CAUTIOUS_INTROVERT,1,1,0,0,0,1,1,2,2,1,0,0.5,0.3333,1.0,1.0,0.0,60.0,0.6095,1,0,0,0,NO,0,0,42.0
233,863,SOCIAL_EXPLORER,1,2,0,0,0,1,1,2,1,1,0,1.0,0.4,1.0,1.0,0.0,65.5,0.834,1,1,52826,0,YES,1,3,100.0
640,812,BUDGET_CONSCIOUS,0,1,1,1,0,0,1,0,0,0,0,1.0,0.0,0.0,0.0,0.0,43.33,0.6926,1,0,0,1,YES,0,2,77.33
372,848,SOCIAL_EXPLORER,1,1,0,0,0,1,1,2,1,0,0,0.3333,0.4,0.5,0.0,0.0,43.0,0.6853,0,0,0,0,YES,0,2,65.0
263,485,BUDGET_CONSCIOUS,0,0,1,1,1,0,1,0,0,0,0,0.5,0.0,0.0,0.0,0.0,39.17,0.6778,1,1,39338,0,YES,0,2,82.94
503,184,SOCIAL_EXPLORER,1,2,1,0,0,0,1,1,0,0,0,0.5,0.125,0.0,0.0,0.0,24.17,0.4596,1,1,23984,0,NO,0,1,22.56
367,816,SOCIAL_EXPLORER,1,0,1,0,1,0,1,0,0,0,0,0.5,0.0,0.0,0.0,0.0,33.33,0.6732,0,0,0,0,YES,0,2,55.33
226,124,SPONTANEOUS_ADVENTURER,1,1,1,0,0,0,1,0,0,0,0,0.5,0.0,0.0,0.0,0.0,27.5,0.5967,1,0,0,1,SAVE_ONLY,0,1,39.5
309,335,SOCIAL_EXPLORER,0,1,1,1,0,0,1,0,0,0,0,1.0,0.0,0.0,0.0,0.0,43.33,0.5193,1,0,0,1,SAVE_ONLY,0,1,55.33
247,893,SOCIAL_EXPLORER,0,0,0,1,1,1,1,1,1,1,0,0.5,0.1667,0.5,1.0,0.0,63.33,0.8547,1,1,50231,1,YES,1,3,100.0
493,696,SPONTANEOUS_ADVENTURER,1,2,1,0,0,0,1,1,1,1,0,1.0,0.1667,1.0,1.0,0.0,55.0,0.6308,1,1,32809,0,YES,0,2,96.48
530,279,SELECTIVE_PLANNER,1,0,0,0,1,1,1,2,1,0,0,0.5,0.5,0.5,0.0,0.0,54.17,0.7657,1,1,41157,0,YES,1,3,100.0
809,398,SELECTIVE_PLANNER,0,1,0,1,0,1,1,2,0,1,1,0.5,0.5,0.0,1.0,1.0,64.17,0.559,1,1,40808,0,NO,0,1,68.45
455,524,SELECTIVE_PLANNER,1,0,1,0,1,0,1,2,1,1,1,0.5,0.6667,1.0,1.0,1.0,71.67,0.8076,1,1,45462,0,YES,1,3,100.0
87,961,CAUTIOUS_INTROVERT,1,0,1,0,1,0,2,2,1,0,1,1.0,0.3333,1.0,0.0,1.0,65.0,0.6898,1,1,47631,0,YES,0,2,100.0
550,281,CAUTIOUS_INTROVERT,0,0,1,1,1,0,1,1,0,0,0,0.5,0.1429,0.0,0.0,0.0,42.02,0.4257,0,0,0,0,NO,0,0,24.02
904,260,SPONTANEOUS_ADVENTURER,1,1,1,0,0,0,1,0,0,0,0,1.0,0.0,0.0,0.0,0.0,37.5,0.5913,1,1,45225,1,SAVE_ONLY,0,1,73.33
30,573,CAUTIOUS_INTROVERT,0,1,0,1,0,1,1,1,1,0,0,0.5,0.1667,0.5,0.0,0.0,47.5,0.3923,1,0,0,0,NO,0,0,29.5
484,501,BUDGET_CONSCIOUS,2,0,0,0,1,1,1,1,0,0,0,0.5,0.1667,0.0,0.0,0.0,36.67,0.0487,1,0,0,0,NO,0,0,18.67
341,767,CAUTIOUS_INTROVERT,0,2,0,1,0,1,1,2,1,1,0,0.3333,0.5,1.0,1.0,0.0,60.0,0.641,1,0,0,0,YES,0,2,82.0
601,644,SELECTIVE_PLANNER,0,0,1,1,1,0,1,0,0,0,0,1.0,0.0,0.0,0.0,0.0,49.17,0.6794,0,0,0,0,YES,0,2,71.17
824,69,SOCIAL_EXPLORER,1,2,0,0,0,1,1,2,1,0,1,0.5,0.6667,1.0,0.0,1.0,55.83,0.6646,1,1,34888,0,YES,0,2,98.04
392,767,SOCIAL_EXPLORER,1,2,2,0,0,0,1,0,0,0,0,0.5,0.0,0.0,0.0,0.0,15.83,0.1665,1,1,20709,0,NO,0,1,13.08
735,548,SOCIAL_EXPLORER,0,0,2,1,1,0,1,3,1,1,0,0.3333,0.75,0.5,1.0,0.0,60.0,0.5078,1,1,40312,0,NO,0,1,64.11
683,736,BUDGET_CONSCIOUS,1,2,0,0,0,1,1,1,0,1,1,0.3333,0.1429,0.0,1.0,1.0,42.02,0.49,1,0,0,1,SAVE_ONLY,0,1,54.02
1007,893,BUDGET_CONSCIOUS,1,1,1,0,0,0,1,2,1,0,1,0.5,0.4,0.5,0.0,1.0,45.5,0.55,1,1,33840,1,SAVE_ONLY,0,1,77.34
467,202,BUDGET_CONSCIOUS,2,1,1,0,0,0,1,1,1,1,0,1.0,0.25,0.5,1.0,0.0,51.67,0.2339,0,0,0,0,NO,0,0,33.67
825,592,SELECTIVE_PLANNER,0,1,0,1,0,1,1,1,1,0,1,1.0,0.1667,0.5,0.0,1.0,62.5,0.5489,1,1,36966,0,NO,0,1,65.44
167,615,CAUTIOUS_INTROVERT,2,0,0,0,1,1,1,2,1,1,1,0.3333,0.4,0.5,1.0,1.0,58.0,0.6636,1,1,42796,1,YES,0,2,100.0
702,948,SOCIAL_EXPLORER,1,1,1,0,0,0,2,1,0,0,0,0.6667,0.2,0.0,0.0,0.0,34.83,0.6154,1,1,42159,1,SAVE_ONLY,0,1,69.59
284,895,SOCIAL_EXPLORER,0,0,1,1,1,0,1,0,1,1,0,1.0,0.0,0.5,1.0,0.0,64.17,0.8182,1,1,43079,1,YES,1,3,100.0
174,403,SELECTIVE_PLANNER,1,0,0,0,1,1,1,1,1,0,1,0.5,0.2,1.0,0.0,1.0,58.17,0.6388,1,1,39964,1,YES,0,2,100.0
130,631,BUDGET_CONSCIOUS,0,0,0,1,1,1,1,2,1,0,0,0.5,0.3333,1.0,0.0,0.0,61.67,0.7091,0,0,0,0,YES,1,3,100.0
90,746,SOCIAL_EXPLORER,1,1,0,0,0,1,1,0,0,0,0,1.0,0.0,0.0,0.0,0.0,43.33,0.6919,0,0,0,0,YES,0,2,65.33
342,788,SOCIAL_EXPLORER,0,0,1,1,1,0,1,0,0,0,0,0.5,0.0,0.0,0.0,0.0,39.17,0.6515,1,1,41226,0,YES,0,2,83.6
28,426,SELECTIVE_PLANNER,1,2,0,0,0,1,1,4,1,1,1,0.5,1.0,0.5,1.0,1.0,67.5,0.4236,1,0,0,1,SAVE_ONLY,0,1,79.5
487,653,SPONTANEOUS_ADVENTURER,1,1,1,0,0,0,1,0,1,1,0,0.3333,0.0,1.0,1.0,0.0,44.17,0.5743,0,0,0,1,SAVE_ONLY,0,1,56.17
884,665,CAUTIOUS_INTROVERT,0,2,2,1,0,0,1,1,0,0,0,1.0,0.2,0.0,0.0,0.0,35.67,0.2837,1,0,0,0,NO,0,0,17.67
777,257,SPONTANEOUS_ADVENTURER,0,2,1,1,0,0,1,1,0,0,1,1.0,0.3333,0.0,0.0,1.0,49.17,0.7236,1,1,43030,1,YES,1,3,100.0
820,916,SELECTIVE_PLANNER,0,0,0,1,1,1,1,0,0,0,0,0.5,0.0,0.0,0.0,0.0,45.0,0.6721,1,0,0,1,YES,0,2,79.0
409,44,CAUTIOUS_INTROVERT,2,0,2,0,1,0,1,0,1,0,1,1.0,0.0,0.5,0.0,1.0,41.67,0.2697,0,0,0,0,NO,0,0,23.67
591,704,SOCIAL_EXPLORER,1,1,2,0,0,0,1,0,0,0,0,1.0,0.0,0.0,0.0,0.0,31.67,0.2,0,0,0,0,NO,0,0,13.67
60,300,SELECTIVE_PLANNER,0,2,1,1,0,0,1,1,1,0,1,1.0,0.25,0.5,0.0,1.0,52.5,0.2879,1,1,21482,0,NO,0,1,50.02
15,495,SELECTIVE_PLANNER,0,1,0,1,0,1,0,0,0,0,0,0.0,0.0,0.0,0.0,0.0,29.17,0.2402,0,0,0,0,NO,0,0,11.17
517,75,SPONTANEOUS_ADVENTURER,2,2,0,0,0,1,1,0,0,0,1,1.0,0.0,0.0,0.0,1.0,36.67,0.3849,0,0,0,0,NO,0,0,18.67
293,848,SPONTANEOUS_ADVENTURER,0,1,1,1,0,0,1,3,0,1,1,0.3333,0.6,0.0,1.0,1.0,57.0,0.7769,1,1,48482,0,YES,1,3,100.0
479,878,SOCIAL_EXPLORER,0,1,0,1,0,1,1,0,0,0,0,0.5,0.0,0.0,0.0,0.0,39.17,0.7053,1,1,42631,0,YES,1,3,100.0
1007,40,BUDGET_CONSCIOUS,0,1,0,1,0,1,1,0,1,0,0,0.5,0.0,1.0,0.0,0.0,49.17,0.6201,1,1,39897,0,YES,0,2,93.13
769,569,CAUTIOUS_INTROVERT,0,0,0,1,1,1,1,0,0,0,0,0.5,0.0,0.0,0.0,0.0,45.0,0.5112,0,0,0,1,SAVE_ONLY,0,1,57.0
621,928,SELECTIVE_PLANNER,1,1,0,0,0,1,1,1,0,1,0,0.3333,0.1667,0.0,1.0,0.0,43.33,0.3429,0,0,0,0,NO,0,0,25.33
153,951,SOCIAL_EXPLORER,0,1,1,1,0,0,1,1,0,0,0,1.0,0.25,0.0,0.0,0.0,48.33,0.6236,1,1,43177,0,YES,0,2,93.44
312,620,BUDGET_CONSCIOUS,1,2,2,0,0,0,1,1,0,0,1,0.3333,0.25,0.0,0.0,1.0,22.5,0.2597,1,0,0,0,NO,0,0,4.5
568,361,CAUTIOUS_INTROVERT,1,1,1,0,0,0,1,2,1,1,1,1.0,0.5,0.5,1.0,1.0,67.5,0.7861,1,1,42432,1,YES,1,3,100.0
238,305,SOCIAL_EXPLORER,0,1,0,1,0,1,1,1,1,0,0,0.5,0.2,1.0,0.0,0.0,53.17,0.6994,1,1,43670,0,YES,0,2,98.45
919,907,SOCIAL_EXPLORER,0,2,0,1,0,1,2,3,1,0,1,0.5,0.6,0.5,0.0,1.0,55.33,0.6333,1,1,47107,0,YES,0,2,100.0
749,891,SOCIAL_EXPLORER,0,2,1,1,0,0,1,0,0,1,0,0.5,0.0,0.0,1.0,0.0,37.5,0.6548,1,1,39445,1,YES,0,2,93.31
592,47,BUDGET_CONSCIOUS,0,1,1,1,0,0,1,0,2,0,0,0.5,0.0,1.0,0.0,0.0,43.33,0.6535,1,0,0,1,YES,0,2,77.33
945,679,SELECTIVE_PLANNER,1,1,1,0,0,0,1,1,1,0,0,0.5,0.125,0.5,0.0,0.0,35.0,0.1538,0,0,0,0,NO,0,0,17.0
933,100,SELECTIVE_PLANNER,1,1,1,0,0,0,1,0,0,0,1,1.0,0.0,0.0,0.0,1.0,42.5,0.2836,1,0,0,0,NO,0,0,24.5
345,49,BUDGET_CONSCIOUS,1,0,1,0,1,0,1,2,1,0,1,0.5,0.4,1.0,0.0,1.0,56.33,0.5179,1,1,27724,0,NO,0,1,56.03
948,281,SPONTANEOUS_ADVENTURER,0,1,0,1,0,1,1,1,0,1,0,0.3333,0.2,0.0,1.0,0.0,49.83,0.64,1,1,41849,1,YES,0,2,100.0
175,78,SPONTANEOUS_ADVENTURER,1,0,0,0,1,1,1,1,0,0,0,0.3333,0.1429,0.0,0.0,0.0,38.69,0.6674,1,1,37674,0,YES,0,2,81.88
707,113,CAUTIOUS_INTROVERT,0,1,0,1,0,1,1,0,1,0,0,0.5,0.0,0.5,0.0,0.0,44.17,0.3095,0,0,0,0,NO,0,0,26.17
503,533,SOCIAL_EXPLORER,1,1,0,0,0,1,1,3,1,1,0,0.5,0.4286,1.0,1.0,0.0,61.9,0.8768,1,1,53044,0,SUPER_LIKE,1,3,100.0
915,921,SOCIAL_EXPLORER,1,1,1,0,0,0,1,0,0,0,0,0.5,0.0,0.0,0.0,0.0,27.5,0.5159,1,1,28908,0,NO,0,1,27.62
116,739,SPONTANEOUS_ADVENTURER,2,1,1,0,0,0,1,1,0,1,0,0.5,0.2,0.0,1.0,0.0,35.67,0.5278,1,0,0,0,NO,0,0,17.67
652,865,SOCIAL_EXPLORER,2,2,0,0,0,1,1,2,1,0,0,0.5,0.4,1.0,0.0,0.0,39.67,0.6302,1,0,0,1,YES,0,2,73.67
558,745,SELECTIVE_PLANNER,0,0,1,1,1,0,1,1,0,0,0,0.5,0.2,0.0,0.0,0.0,43.17,0.6557,1,1,46211,0,YES,0,2,89.34
853,811,SOCIAL_EXPLORER,0,1,0,1,0,1,1,0,0,0,0,0.5,0.0,0.0,0.0,0.0,39.17,0.7162,1,1,43137,0,YES,1,3,100.0
392,123,SOCIAL_EXPLORER,1,0,1,0,1,0,1,2,2,1,0,1.0,0.4,1.0,1.0,0.0,71.33,1.0,1,1,57034,0,SUPER_LIKE,1,3,100.0
538,753,SOCIAL_EXPLORER,0,1,1,1,0,0,1,0,0,0,0,0.5,0.0,0.0,0.0,0.0,33.33,0.4466,1,1,24860,0,NO,0,1,32.03
708,68,CAUTIOUS_INTROVERT,1,2,0,0,0,1,2,1,0,0,0,1.0,0.25,0.0,0.0,0.0,42.5,0.5235,1,1,39868,0,NO,0,1,46.45
424,967,SOCIAL_EXPLORER,1,0,2,0,1,0,1,1,1,0,0,1.0,0.25,0.5,0.0,0.0,47.5,0.5038,1,1,39911,1,SAVE_ONLY,0,1,81.47
101,75,BUDGET_CONSCIOUS,0,2,1,1,0,0,1,0,0,0,0,0.3333,0.0,0.0,0.0,0.0,24.17,0.3489,1,1,27614,0,NO,0,1,23.83
927,128,BUDGET_CONSCIOUS,1,1,1,0,0,0,1,1,1,0,0,0.5,0.25,0.5,0.0,0.0,37.5,0.5188,0,0,0,1,SAVE_ONLY,0,1,49.5
584,805,SPONTANEOUS_ADVENTURER,1,0,0,0,1,1,1,1,1,1,0,0.5,0.3333,1.0,1.0,0.0,65.83,1.0,1,1,57195,1,YES,1,3,100.0
778,28,SPONTANEOUS_ADVENTURER,0,2,0,1,0,1,1,4,2,1,1,0.5,1.0,1.0,1.0,1.0,78.33,1.0,1,1,56623,1,SUPER_LIKE,1,3,100.0
741,452,SOCIAL_EXPLORER,0,2,1,1,0,0,1,1,0,1,0,0.3333,0.2,0.0,1.0,0.0,38.17,0.7006,1,1,42777,1,YES,1,3,100.0
502,672,BUDGET_CONSCIOUS,0,1,1,1,0,0,1,2,0,0,0,0.5,0.4,0.0,0.0,0.0,41.33,0.5289,1,1,40901,1,SAVE_ONLY,0,1,75.65
368,227,BUDGET_CONSCIOUS,2,1,1,0,0,0,1,0,0,0,1,0.5,0.0,0.0,0.0,1.0,26.67,0.0,0,0,0,0,NO,0,0,8.67
764,327,BUDGET_CONSCIOUS,2,0,1,0,1,0,1,2,0,1,0,0.5,0.5,0.0,1.0,0.0,47.5,0.2217,1,0,0,0,NO,0,0,29.5
589,943,SOCIAL_EXPLORER,0,1,1,1,0,0,1,0,1,1,1,0.5,0.0,1.0,1.0,1.0,58.33,0.7056,1,1,52449,1,YES,1,3,100.0
602,969,CAUTIOUS_INTROVERT,0,1,0,1,0,1,1,0,0,1,0,0.3333,0.0,0.0,1.0,0.0,45.83,0.4316,1,1,25450,0,NO,0,1,44.74
908,730,CAUTIOUS_INTROVERT,1,0,2,0,1,0,1,0,0,0,0,1.0,0.0,0.0,0.0,0.0,37.5,0.1699,0,0,0,0,NO,0,0,19.5
693,503,SOCIAL_EXPLORER,0,1,0,1,0,1,2,0,0,0,0,1.0,0.0,0.0,0.0,0.0,49.17,0.815,1,1,45664,1,YES,1,3,100.0
632,15,SPONTANEOUS_ADVENTURER,1,1,0,0,0,1,0,0,0,0,0,0.0,0.0,0.0,0.0,0.0,23.33,0.3131,0,0,0,0,NO,0,0,5.33
73,968,BUDGET_CONSCIOUS,1,0,0,0,1,1,1,0,0,0,0,0.3333,0.0,0.0,0.0,0.0,35.83,0.4004,1,1,30783,0,NO,0,1,36.6
973,64,BUDGET_CONSCIOUS,1,1,2,0,0,0,1,2,1,1,0,0.5,0.4,1.0,1.0,0.0,49.67,0.6356,0,0,0,0,YES,0,2,71.67
118,900,SOCIAL_EXPLORER,0,1,2,1,0,0,2,3,0,1,0,1.0,0.75,0.0,1.0,0.0,62.5,0.4798,0,0,0,1,SAVE_ONLY,0,1,74.5
259,574,CAUTIOUS_INTROVERT,1,1,0,0,0,1,1,4,1,1,1,0.5,1.0,0.5,1.0,1.0,73.33,0.8272,1,1,51202,0,SUPER_LIKE,1,3,100.0
917,221,CAUTIOUS_INTROVERT,1,1,2,0,0,0,1,1,0,0,0,1.0,0.3333,0.0,0.0,0.0,38.33,0.2059,1,0,0,0,NO,0,0,20.33
710,249,SOCIAL_EXPLORER,1,1,0,0,0,1,1,2,1,0,1,1.0,0.6667,1.0,0.0,1.0,71.67,0.8226,0,0,0,0,YES,1,3,100.0
726,561,SPONTANEOUS_ADVENTURER,1,0,1,0,1,0,1,1,0,0,0,1.0,0.1429,0.0,0.0,0.0,46.19,0.7762,1,1,43288,0,YES,1,3,100.0
885,650,BUDGET_CONSCIOUS,1,1,1,0,0,0,1,0,0,0,0,0.5,0.0,0.0,0.0,0.0,27.5,0.3068,1,0,0,0,NO,0,0,9.5
579,286,SOCIAL_EXPLORER,1,1,2,0,0,0,1,2,1,1,0,1.0,0.5,1.0,1.0,0.0,61.67,0.6595,0,0,0,0,YES,0,2,83.67
521,391,SPONTANEOUS_ADVENTURER,1,2,0,0,0,1,1,2,1,0,1,0.5,0.5,1.0,0.0,1.0,52.5,0.7589,1,1,47810,0,YES,1,3,100.0
601,413,SELECTIVE_PLANNER,0,0,1,1,1,0,1,1,0,1,0,0.5,0.2,0.0,1.0,0.0,53.17,0.6708,1,1,44463,1,YES,0,2,100.0
870,982,BUDGET_CONSCIOUS,0,1,1,1,0,0,1,2,1,1,0,0.25,0.5,1.0,1.0,0.0,58.33,0.6516,0,0,0,0,YES,0,2,80.33
222,246,CAUTIOUS_INTROVERT,0,1,0,1,0,1,1,2,1,0,1,0.5,0.4,1.0,0.0,1.0,62.17,0.6678,1,1,48043,1,YES,0,2,100.0
510,456,SOCIAL_EXPLORER,1,1,0,0,0,1,1,1,0,0,1,1.0,0.2,0.0,0.0,1.0,52.33,0.7213,1,0,0,0,YES,1,3,100.0
373,871,SOCIAL_EXPLORER,1,0,2,0,1,0,1,4,1,1,0,1.0,1.0,0.5,1.0,0.0,72.5,0.5288,0,0,0,0,NO,0,0,54.5
362,372,SOCIAL_EXPLORER,1,1,0,0,0,1,1,0,0,0,0,0.5,0.0,0.0,0.0,0.0,33.33,0.5244,1,0,0,1,SAVE_ONLY,0,1,45.33
944,655,CAUTIOUS_INTROVERT,1,0,2,0,1,0,1,2,1,0,0,1.0,0.5,1.0,0.0,0.0,57.5,0.4976,1,1,28523,0,NO,0,1,57.48
684,791,SOCIAL_EXPLORER,1,2,1,0,0,0,1,0,0,0,0,0.5,0.0,0.0,0.0,0.0,21.67,0.4074,1,0,0,0,NO,0,0,3.67
375,661,CAUTIOUS_INTROVERT,1,2,2,0,0,0,1,1,0,0,0,1.0,0.1667,0.0,0.0,0.0,29.17,0.1912,0,0,0,0,NO,0,0,11.17
129,363,SOCIAL_EXPLORER,1,0,0,0,1,1,1,1,0,1,1,1.0,0.2,0.0,1.0,1.0,68.17,0.8786,1,1,53018,0,YES,1,3,100.0
903,913,SELECTIVE_PLANNER,1,1,1,0,0,0,1,1,1,0,0,0.3333,0.2,1.0,0.0,0.0,38.17,0.2208,0,0,0,0,NO,0,0,20.17
275,373,BUDGET_CONSCIOUS,2,1,0,0,0,1,1,0,1,0,0,1.0,0.0,0.5,0.0,0.0,42.5,0.0,1,0,0,0,NO,0,0,24.5
783,36,SELECTIVE_PLANNER,0,0,1,1,1,0,1,0,0,1,0,0.5,0.0,0.0,1.0,0.0,49.17,0.6272,1,1,34895,1,YES,0,2,100.0
56,281,BUDGET_CONSCIOUS,2,1,1,0,0,0,1,1,0,0,0,0.5,0.2,0.0,0.0,0.0,25.67,0.0,0,0,0,0,NO,0,0,7.67
714,640,BUDGET_CONSCIOUS,0,1,0,1,0,1,1,0,0,0,1,0.5,0.0,0.0,0.0,1.0,44.17,0.7295,1,1,42040,0,YES,1,3,100.0
375,434,CAUTIOUS_INTROVERT,1,1,1,0,0,0,1,0,2,0,0,1.0,0.0,1.0,0.0,0.0,47.5,0.5655,1,0,0,0,NO,0,0,29.5
457,166,SOCIAL_EXPLORER,1,1,1,0,0,0,1,0,0,0,0,0.5,0.0,0.0,0.0,0.0,27.5,0.458,1,1,29971,1,SAVE_ONLY,0,1,57.99
78,460,BUDGET_CONSCIOUS,0,1,0,1,0,1,1,1,0,0,0,0.5,0.1667,0.0,0.0,0.0,42.5,0.6308,1,0,0,0,YES,0,2,64.5
897,619,CAUTIOUS_INTROVERT,1,1,2,0,0,0,1,2,1,1,0,1.0,0.5,1.0,1.0,0.0,61.67,0.6734,0,0,0,0,YES,0,2,83.67
722,192,SOCIAL_EXPLORER,2,0,1,0,1,0,1,1,0,0,0,1.0,0.25,0.0,0.0,0.0,42.5,0.6651,1,0,0,0,YES,0,2,64.5
357,613,SELECTIVE_PLANNER,0,0,1,1,1,0,1,0,0,0,0,1.0,0.0,0.0,0.0,0.0,49.17,0.7668,1,1,46322,1,YES,1,3,100.0
777,448,SPONTANEOUS_ADVENTURER,1,0,1,0,1,0,1,2,2,1,1,1.0,0.5,1.0,1.0,1.0,78.33,1.0,1,1,58500,0,SUPER_LIKE,1,3,100.0
407,836,SELECTIVE_PLANNER,0,2,1,1,0,0,1,1,0,0,0,1.0,0.1429,0.0,0.0,0.0,40.36,0.3147,1,1,27950,0,NO,0,1,40.14
76,723,SOCIAL_EXPLORER,1,0,1,0,1,0,1,2,1,0,1,0.5,0.3333,0.3333,0.0,1.0,48.33,0.7921,1,1,57386,0,YES,1,3,100.0
611,532,SOCIAL_EXPLORER,0,2,1,1,0,0,1,0,0,0,0,1.0,0.0,0.0,0.0,0.0,37.5,0.6625,1,0,0,0,YES,0,2,59.5
274,860,BUDGET_CONSCIOUS,0,0,0,1,1,1,1,2,1,1,1,0.5,0.4,1.0,1.0,1.0,78.0,0.9545,1,1,61445,1,YES,1,3,100.0
815,218,SOCIAL_EXPLORER,0,2,0,1,0,1,1,0,0,0,0,1.0,0.0,0.0,0.0,0.0,43.33,0.7237,1,1,38922,0,YES,1,3,100.0
137,707,BUDGET_CONSCIOUS,1,1,1,0,0,0,1,2,1,1,0,1.0,0.5,0.5,1.0,0.0,62.5,0.7245,0,0,0,0,YES,1,3,100.0
337,754,SOCIAL_EXPLORER,2,0,2,0,1,0,1,1,0,0,0,0.3333,0.2,0.0,0.0,0.0,22.33,0.1901,1,0,0,0,NO,0,0,4.33
277,176,SPONTANEOUS_ADVENTURER,0,0,0,1,1,1,1,3,1,1,1,1.0,0.75,1.0,1.0,1.0,95.0,1.0,1,1,65531,0,YES,1,3,100.0
380,584,BUDGET_CONSCIOUS,2,2,0,0,0,1,1,2,1,0,0,1.0,0.6667,0.5,0.0,0.0,50.0,0.1315,1,0,0,0,NO,0,0,32.0
553,83,BUDGET_CONSCIOUS,0,1,0,1,0,1,1,3,1,1,0,1.0,0.75,0.5,1.0,0.0,79.17,0.8091,0,0,0,0,YES,1,3,100.0
528,663,BUDGET_CONSCIOUS,1,1,2,0,0,0,1,0,0,0,1,1.0,0.0,0.0,0.0,1.0,36.67,0.3926,1,0,0,0,NO,0,0,18.67
878,343,SPONTANEOUS_ADVENTURER,1,2,1,0,0,0,1,2,0,0,0,1.0,0.2857,0.0,0.0,0.0,37.38,0.5439,1,0,0,0,NO,0,0,19.38
332,562,SOCIAL_EXPLORER,0,1,0,1,0,1,1,0,1,0,1,1.0,0.0,0.5,0.0,1.0,59.17,0.6962,1,0,0,0,YES,0,2,81.17
754,657,BUDGET_CONSCIOUS,0,2,0,1,0,1,1,0,0,1,0,0.5,0.0,0.0,1.0,0.0,43.33,0.609,0,0,0,0,NO,0,0,25.33
24,828,BUDGET_CONSCIOUS,0,1,1,1,0,0,1,1,1,0,1,0.5,0.2,1.0,0.0,1.0,52.33,0.7958,1,1,44488,0,YES,1,3,100.0
425,872,SOCIAL_EXPLORER,0,1,2,1,0,0,1,0,0,0,0,0.5,0.0,0.0,0.0,0.0,27.5,0.3048,1,0,0,0,NO,0,0,9.5
54,516,CAUTIOUS_INTROVERT,2,1,0,0,0,1,1,2,1,0,0,0.5,0.4,1.0,0.0,0.0,45.5,0.5043,1,1,34517,1,SAVE_ONLY,0,1,77.58
182,69,SELECTIVE_PLANNER,0,2,1,1,0,0,1,1,0,0,1,0.5,0.1667,0.0,0.0,1.0,35.83,0.0165,0,0,0,0,NO,0,0,17.83
311,512,SPONTANEOUS_ADVENTURER,1,1,0,0,0,1,1,2,0,0,1,0.3333,0.3333,0.0,0.0,1.0,41.67,0.844,1,1,59113,1,SUPER_LIKE,1,3,100.0
70,82,SELECTIVE_PLANNER,1,0,1,0,1,0,1,0,0,0,0,0.5,0.0,0.0,0.0,0.0,33.33,0.5269,1,1,40634,1,SAVE_ONLY,0,1,67.55
347,998,CAUTIOUS_INTROVERT,2,0,0,0,1,1,1,1,0,1,0,1.0,0.125,0.0,1.0,0.0,55.83,0.6345,1,1,43502,1,YES,0,2,100.0
382,987,CAUTIOUS_INTROVERT,1,1,2,0,0,0,1,0,0,0,0,1.0,0.0,0.0,0.0,0.0,31.67,0.0618,1,1,9931,0,NO,0,0,25.15
376,612,CAUTIOUS_INTROVERT,1,1,1,0,0,0,1,3,0,1,0,0.3333,0.6,0.0,1.0,0.0,46.17,0.5207,1,1,40374,0,NO,0,1,50.3
525,736,CAUTIOUS_INTROVERT,0,1,2,1,0,0,2,2,1,0,0,1.0,0.3333,0.3333,0.0,0.0,47.5,0.51,0,0,0,0,NO,0,0,29.5
358,748,CAUTIOUS_INTROVERT,1,0,1,0,1,0,1,0,0,0,0,0.5,0.0,0.0,0.0,0.0,33.33,0.3001,1,1,21516,0,NO,0,1,30.86
327,913,SPONTANEOUS_ADVENTURER,2,1,1,0,0,0,1,1,0,0,0,0.3333,0.1667,0.0,0.0,0.0,21.67,0.6007,0,0,0,1,SAVE_ONLY,0,1,33.67
868,129,BUDGET_CONSCIOUS,1,0,1,0,1,0,1,1,1,0,1,0.5,0.1667,0.5,0.0,1.0,46.67,0.3748,0,0,0,0,NO,0,0,28.67
470,646,SELECTIVE_PLANNER,0,2,1,1,0,0,1,2,0,1,1,1.0,0.5,0.0,1.0,1.0,62.5,0.5153,1,1,35308,0,NO,0,1,64.86
638,471,CAUTIOUS_INTROVERT,1,1,1,0,0,0,1,2,1,0,0,1.0,0.4,0.5,0.0,0.0,50.5,0.732,1,1,49774,0,YES,1,3,100.0
164,565,BUDGET_CONSCIOUS,2,0,1,0,1,0,1,0,1,0,0,0.3333,0.0,0.5,0.0,0.0,29.17,0.0113,0,0,0,0,NO,0,0,11.17
606,854,CAUTIOUS_INTROVERT,0,0,0,1,1,1,1,1,0,0,0,1.0,0.1667,0.0,0.0,0.0,58.33,0.622,1,0,0,1,YES,0,2,92.33
296,298,BUDGET_CONSCIOUS,0,0,0,1,1,1,1,0,0,0,0,1.0,0.0,0.0,0.0,0.0,55.0,0.6631,1,0,0,0,YES,0,2,77.0
859,546,BUDGET_CONSCIOUS,1,0,1,0,1,0,1,0,1,1,0,1.0,0.0,1.0,1.0,0.0,63.33,0.5506,0,0,0,1,SAVE_ONLY,0,1,75.33
67,674,BUDGET_CONSCIOUS,1,1,1,0,0,0,1,2,1,1,1,0.5,0.4,1.0,1.0,1.0,60.5,0.6606,0,0,0,1,YES,0,2,94.5
621,488,BUDGET_CONSCIOUS,0,0,1,1,1,0,1,0,1,0,0,0.5,0.0,0.5,0.0,0.0,44.17,0.5173,1,1,37760,1,SAVE_ONLY,0,1,77.39
224,444,BUDGET_CONSCIOUS,1,1,1,0,0,0,1,0,0,0,0,0.5,0.0,0.0,0.0,0.0,27.5,0.3674,0,0,0,0,NO,0,0,9.5
750,719,CAUTIOUS_INTROVERT,1,0,1,0,1,0,1,3,0,1,1,0.5,0.75,0.0,1.0,1.0,63.33,0.8302,1,1,47904,0,YES,1,3,100.0
561,153,SOCIAL_EXPLORER,0,1,0,1,0,1,1,0,1,1,0,1.0,0.0,0.5,1.0,0.0,64.17,0.9635,0,0,0,0,YES,1,3,100.0
559,671,SOCIAL_EXPLORER,1,0,0,0,1,1,1,0,0,0,1,0.5,0.0,0.0,0.0,1.0,44.17,0.6632,1,0,0,0,YES,0,2,66.17
795,454,CAUTIOUS_INTROVERT,1,0,1,0,1,0,1,1,1,1,0,1.0,0.1667,0.5,1.0,0.0,61.67,0.6927,1,1,43727,0,YES,0,2,100.0
463,367,SOCIAL_EXPLORER,1,1,1,0,0,0,1,1,1,0,1,0.5,0.2,0.3333,0.0,1.0,39.83,0.5388,1,1,35875,0,NO,0,1,42.39
661,678,SOCIAL_EXPLORER,1,2,2,0,0,0,1,3,1,1,0,1.0,0.75,1.0,1.0,0.0,60.83,0.6251,1,1,42409,1,YES,0,2,100.0
30,715,CAUTIOUS_INTROVERT,0,1,2,1,0,0,1,1,0,0,0,0.5,0.1429,0.0,0.0,0.0,30.36,0.1522,0,0,0,0,NO,0,0,12.36
481,917,SPONTANEOUS_ADVENTURER,0,1,1,1,0,0,1,1,0,0,0,1.0,0.2,0.0,0.0,0.0,47.33,0.5546,1,0,0,0,NO,0,0,29.33
982,478,BUDGET_CONSCIOUS,1,1,0,0,0,1,2,1,1,0,1,0.6667,0.25,1.0,0.0,1.0,56.67,0.6938,1,1,44104,1,YES,0,2,100.0
378,439,BUDGET_CONSCIOUS,0,0,2,1,1,0,1,2,1,0,1,0.5,0.2857,1.0,0.0,1.0,54.05,0.6414,1,1,40566,1,YES,0,2,100.0
305,92,SOCIAL_EXPLORER,1,0,2,0,1,0,1,1,0,0,0,0.5,0.1429,0.0,0.0,0.0,30.36,0.184,1,0,0,0,NO,0,0,12.36
325,557,SOCIAL_EXPLORER,0,2,1,1,0,0,1,0,0,0,0,1.0,0.0,0.0,0.0,0.0,37.5,0.6799,1,0,0,1,YES,0,2,71.5
762,312,SOCIAL_EXPLORER,2,0,0,0,1,1,2,1,0,0,0,1.0,0.25,0.0,0.0,0.0,48.33,0.7612,1,1,48682,1,YES,1,3,100.0
787,494,SOCIAL_EXPLORER,1,1,0,0,0,1,1,3,2,1,1,0.5,0.75,1.0,1.0,1.0,73.33,0.819,0,0,0,0,YES,1,3,100.0
1013,579,CAUTIOUS_INTROVERT,0,1,2,1,0,0,1,3,1,0,0,0.5,0.6,1.0,0.0,0.0,49.5,0.303,1,1,26527,0,NO,0,1,48.78
241,727,BUDGET_CONSCIOUS,0,0,2,1,1,0,1,2,2,1,1,0.5,0.5,1.0,1.0,1.0,68.33,0.6994,1,1,44322,1,YES,0,2,100.0
742,257,SELECTIVE_PLANNER,0,0,1,1,1,0,1,1,1,0,0,1.0,0.25,1.0,0.0,0.0,64.17,0.9609,1,1,60596,1,YES,1,3,100.0
752,137,SOCIAL_EXPLORER,2,1,0,0,0,1,1,1,0,1,1,0.5,0.1429,0.0,1.0,1.0,45.36,0.5191,1,1,37768,0,NO,0,1,48.58
665,119,SOCIAL_EXPLORER,1,1,0,0,0,1,1,0,0,1,0,1.0,0.0,0.0,1.0,0.0,53.33,0.682,1,1,40990,0,YES,0,2,97.68
531,183,CAUTIOUS_INTROVERT,0,1,0,1,0,1,1,1,1,0,0,0.5,0.2,1.0,0.0,0.0,53.17,0.661,1,1,37028,0,YES,0,2,96.13
664,607,BUDGET_CONSCIOUS,0,0,1,1,1,0,1,0,0,0,0,0.3333,0.0,0.0,0.0,0.0,35.83,0.4527,1,0,0,0,NO,0,0,17.83
661,487,SOCIAL_EXPLORER,0,0,1,1,1,0,1,1,1,0,0,0.5,0.2,1.0,0.0,0.0,53.17,0.6478,0,0,0,1,YES,0,2,87.17
260,125,SOCIAL_EXPLORER,2,0,0,0,1,1,1,3,0,1,0,0.5,1.0,0.0,1.0,0.0,63.33,0.9037,1,1,48535,0,SUPER_LIKE,1,3,100.0
66,1012,SOCIAL_EXPLORER,1,1,1,0,0,0,1,1,2,1,1,0.5,0.25,1.0,1.0,1.0,57.5,0.6733,0,0,0,1,YES,0,2,91.5
29,223,SOCIAL_EXPLORER,2,1,1,0,0,0,1,1,1,1,0,0.5,0.2,1.0,1.0,0.0,45.67,0.6504,1,1,41803,0,YES,0,2,90.3
442,812,SELECTIVE_PLANNER,2,0,0,0,1,1,1,1,1,0,1,0.5,0.25,0.3333,0.0,1.0,46.67,0.7912,1,1,50369,0,YES,1,3,100.0
298,122,SOCIAL_EXPLORER,2,0,1,0,1,0,1,2,0,0,0,0.5,0.6667,0.0,0.0,0.0,40.83,0.4577,1,1,26134,1,SAVE_ONLY,0,1,69.98
486,47,SPONTANEOUS_ADVENTURER,1,0,1,0,1,0,1,0,0,0,0,0.3333,0.0,0.0,0.0,0.0,30.0,0.4276,1,1,26038,0,NO,0,1,29.11
140,316,CAUTIOUS_INTROVERT,1,1,1,0,0,0,1,0,1,0,0,1.0,0.0,1.0,0.0,0.0,47.5,0.5375,1,1,28308,1,SAVE_ONLY,0,1,77.41
217,1000,SELECTIVE_PLANNER,0,2,1,1,0,0,1,2,2,1,1,0.5,0.5,1.0,1.0,1.0,62.5,0.4825,0,0,0,1,SAVE_ONLY,0,1,74.5
702,85,SOCIAL_EXPLORER,0,1,1,1,0,0,1,1,0,0,0,0.3333,0.1667,0.0,0.0,0.0,33.33,0.677,1,1,44975,0,YES,0,2,79.07
810,106,BUDGET_CONSCIOUS,1,2,1,0,0,0,1,1,0,0,0,0.25,0.1667,0.0,0.0,0.0,20.0,0.3455,1,0,0,0,NO,0,0,2.0
904,448,BUDGET_CONSCIOUS,1,1,1,0,0,0,1,1,0,0,1,1.0,0.2,0.0,0.0,1.0,46.5,0.4286,1,0,0,0,NO,0,0,28.5
224,546,BUDGET_CONSCIOUS,1,2,2,0,0,0,1,1,0,0,0,0.5,0.25,0.0,0.0,0.0,20.83,0.22,1,0,0,0,NO,0,0,2.83
299,795,CAUTIOUS_INTROVERT,1,1,0,0,0,1,1,1,0,0,0,1.0,0.1429,0.0,0.0,0.0,46.19,0.5155,1,0,0,1,SAVE_ONLY,0,1,58.19
106,805,SOCIAL_EXPLORER,0,2,1,1,0,0,1,0,0,0,0,0.3333,0.0,0.0,0.0,0.0,24.17,0.3523,1,1,30313,0,NO,0,1,24.78
497,320,PASSIVE_BROWSER,1,1,0,0,0,1,1,0,0,0,0,0.5,0.0,0.0,0.0,0.0,33.33,0.2628,0,0,0,0,NO,0,0,15.33
995,232,SELECTIVE_PLANNER,1,2,1,0,0,0,1,2,1,0,0,1.0,0.4,1.0,0.0,0.0,49.67,0.3211,0,0,0,0,NO,0,0,31.67
729,28,SOCIAL_EXPLORER,0,0,1,1,1,0,1,3,1,0,1,0.5,0.6,0.5,0.0,1.0,61.17,0.7891,1,0,0,1,YES,1,3,100.0
182,132,SELECTIVE_PLANNER,1,0,0,0,1,1,1,1,0,0,0,1.0,0.1429,0.0,0.0,0.0,52.02,0.7473,1,0,0,0,YES,1,3,100.0
718,405,BUDGET_CONSCIOUS,2,2,0,0,0,1,1,0,0,0,0,0.3333,0.0,0.0,0.0,0.0,18.33,0.0,0,0,0,0,NO,0,0,0.33
46,691,SOCIAL_EXPLORER,2,1,2,0,0,0,1,0,0,0,0,0.5,0.0,0.0,0.0,0.0,15.83,0.1758,0,0,0,0,NO,0,0,0.0
809,839,SELECTIVE_PLANNER,0,0,1,1,1,0,1,0,0,0,0,0.5,0.0,0.0,0.0,0.0,39.17,0.5238,0,0,0,1,SAVE_ONLY,0,1,51.17
196,811,SPONTANEOUS_ADVENTURER,0,0,1,1,1,0,1,0,0,0,0,0.5,0.0,0.0,0.0,0.0,39.17,0.7057,1,0,0,0,YES,1,3,91.17
894,794,SPONTANEOUS_ADVENTURER,1,2,0,0,0,1,1,2,1,1,0,0.3333,0.4,1.0,1.0,0.0,52.17,0.7602,1,1,49939,0,YES,1,3,100.0
558,721,SELECTIVE_PLANNER,0,1,0,1,0,1,1,0,0,0,0,0.5,0.0,0.0,0.0,0.0,39.17,0.1687,0,0,0,0,NO,0,0,21.17
773,303,SOCIAL_EXPLORER,1,0,1,0,1,0,1,1,1,1,0,0.3333,0.25,0.5,1.0,0.0,50.0,0.6777,0,0,0,1,YES,0,2,84.0
678,600,BUDGET_CONSCIOUS,1,2,1,0,0,0,1,2,1,0,0,1.0,0.4,1.0,0.0,0.0,49.67,0.4688,1,0,0,1,SAVE_ONLY,0,1,61.67
813,316,CAUTIOUS_INTROVERT,2,1,0,0,0,1,1,0,1,0,0,0.5,0.0,1.0,0.0,0.0,37.5,0.3566,1,0,0,0,NO,0,0,19.5
989,240,BUDGET_CONSCIOUS,1,0,1,0,1,0,1,0,0,0,0,1.0,0.0,0.0,0.0,0.0,43.33,0.5729,0,0,0,1,SAVE_ONLY,0,1,55.33
108,125,SPONTANEOUS_ADVENTURER,1,0,1,0,1,0,1,0,0,0,0,0.3333,0.0,0.0,0.0,0.0,30.0,0.5841,1,0,0,1,SAVE_ONLY,0,1,42.0
534,265,SOCIAL_EXPLORER,0,0,0,1,1,1,1,0,1,0,0,0.5,0.0,0.5,0.0,0.0,50.0,0.619,1,1,32577,1,SAVE_ONLY,0,1,81.4
774,963,BUDGET_CONSCIOUS,1,1,0,0,0,1,2,2,1,0,0,0.6667,0.6667,1.0,0.0,0.0,60.0,0.6494,1,1,43919,1,YES,0,2,100.0
180,385,SOCIAL_EXPLORER,2,1,1,0,0,0,1,1,1,1,0,0.5,0.1429,1.0,1.0,0.0,44.52,0.501,0,0,0,1,SAVE_ONLY,0,1,56.52
1010,740,SOCIAL_EXPLORER,0,0,1,1,1,0,1,1,0,1,0,1.0,0.1667,0.0,1.0,0.0,62.5,0.6808,1,1,45876,1,YES,0,2,100.0
48,340,BUDGET_CONSCIOUS,1,0,1,0,1,0,1,0,0,0,0,1.0,0.0,0.0,0.0,0.0,43.33,0.5421,1,0,0,0,NO,0,0,25.33
701,74,SPONTANEOUS_ADVENTURER,0,1,1,1,0,0,1,1,1,0,1,1.0,0.2,0.5,0.0,1.0,57.33,0.9399,1,1,53408,0,YES,1,3,100.0
69,444,SOCIAL_EXPLORER,0,1,1,1,0,0,1,2,1,0,0,0.5,0.4,1.0,0.0,0.0,51.33,0.6225,1,0,0,1,YES,0,2,85.33
583,788,BUDGET_CONSCIOUS,1,1,1,0,0,0,1,1,1,1,0,0.5,0.3333,0.5,1.0,0.0,49.17,0.3665,1,0,0,0,NO,0,0,31.17
870,51,BUDGET_CONSCIOUS,0,1,1,1,0,0,1,0,0,0,0,0.5,0.0,0.0,0.0,0.0,33.33,0.6066,1,1,39973,0,NO,0,1,37.32
788,690,SPONTANEOUS_ADVENTURER,0,0,1,1,1,0,1,0,0,0,0,1.0,0.0,0.0,0.0,0.0,49.17,0.6299,0,0,0,0,YES,0,2,71.17
654,286,BUDGET_CONSCIOUS,0,2,1,1,0,0,1,0,1,0,0,0.5,0.0,1.0,0.0,0.0,37.5,0.4453,0,0,0,0,NO,0,0,19.5
874,300,PASSIVE_BROWSER,1,1,1,0,0,0,1,1,1,0,0,1.0,0.2,1.0,0.0,0.0,51.5,0.2444,1,1,17837,0,NO,0,0,47.74
674,911,SELECTIVE_PLANNER,0,1,1,1,0,0,1,3,1,0,0,1.0,0.75,0.5,0.0,0.0,63.33,0.5555,1,1,33753,1,SAVE_ONLY,0,1,95.14
534,901,SOCIAL_EXPLORER,0,2,2,1,0,0,1,1,1,0,0,0.5,0.25,0.5,0.0,0.0,31.67,0.2855,0,0,0,0,NO,0,0,13.67
852,865,SOCIAL_EXPLORER,1,1,0,0,0,1,1,1,1,0,0,0.5,0.3333,1.0,0.0,0.0,50.0,0.7019,1,1,40476,1,YES,1,3,100.0
459,419,PASSIVE_BROWSER,1,0,1,0,1,0,1,1,0,0,0,0.5,0.1429,0.0,0.0,0.0,36.19,0.3069,0,0,0,0,NO,0,0,18.19
599,911,SELECTIVE_PLANNER,0,0,1,1,1,0,1,2,1,0,1,0.5,0.4,0.3333,0.0,1.0,55.5,0.7625,1,1,49896,0,YES,1,3,100.0
1010,77,SOCIAL_EXPLORER,1,1,2,0,0,0,1,1,1,0,1,0.5,0.1667,1.0,0.0,1.0,40.0,0.4773,1,1,28286,0,NO,0,1,39.9
33,691,BUDGET_CONSCIOUS,0,1,1,1,0,0,1,1,1,0,0,1.0,0.1667,1.0,0.0,0.0,56.67,0.6789,1,1,39016,1,YES,0,2,100.0
111,694,CAUTIOUS_INTROVERT,0,0,0,1,1,1,1,1,1,0,0,0.5,0.1667,0.5,0.0,0.0,53.33,0.6358,1,1,33747,0,YES,0,2,95.14
317,919,BUDGET_CONSCIOUS,2,2,2,0,0,0,1,0,1,1,0,0.25,0.0,0.5,1.0,0.0,20.0,0.0,0,0,0,0,NO,0,0,2.0
528,712,BUDGET_CONSCIOUS,0,1,0,1,0,1,1,0,0,0,0,0.3333,0.0,0.0,0.0,0.0,35.83,0.6217,1,1,43790,0,YES,0,2,81.16
171,497,BUDGET_CONSCIOUS,1,0,1,0,1,0,1,0,0,0,0,0.5,0.0,0.0,0.0,0.0,33.33,0.41,1,1,32117,0,NO,0,1,34.57
852,213,SOCIAL_EXPLORER,1,1,1,0,0,0,1,2,1,0,0,0.5,0.5,1.0,0.0,0.0,47.5,0.8226,1,0,0,0,SUPER_LIKE,1,3,100.0
723,572,BUDGET_CONSCIOUS,1,1,1,0,0,0,1,2,1,0,1,1.0,0.5,0.5,0.0,1.0,57.5,0.4972,0,0,0,1,SAVE_ONLY,0,1,69.5
40,110,BUDGET_CONSCIOUS,2,1,1,0,0,0,1,0,0,0,0,0.5,0.0,0.0,0.0,0.0,21.67,0.0,1,1,3026,0,NO,0,0,12.73
822,682,SOCIAL_EXPLORER,0,0,2,1,1,0,1,0,0,0,0,0.3333,0.0,0.0,0.0,0.0,30.0,0.3594,1,0,0,0,NO,0,0,12.0
133,1007,BUDGET_CONSCIOUS,0,1,1,1,0,0,1,0,0,0,0,1.0,0.0,0.0,0.0,0.0,43.33,0.7324,1,1,51856,1,YES,1,3,100.0
736,60,SOCIAL_EXPLORER,1,2,1,0,0,0,1,1,0,0,1,0.5,0.1667,0.0,0.0,1.0,30.0,0.5402,1,1,43082,0,NO,0,1,35.08
786,438,BUDGET_CONSCIOUS,2,1,1,0,0,0,1,2,1,0,1,0.5,0.3333,0.5,0.0,1.0,38.33,0.1673,1,0,0,0,NO,0,0,20.33
304,40,SELECTIVE_PLANNER,2,0,0,0,1,1,1,2,1,0,1,0.5,0.5,1.0,0.0,1.0,58.33,0.7086,1,1,37710,0,YES,1,3,100.0
691,584,BUDGET_CONSCIOUS,2,2,1,0,0,0,1,2,1,0,1,1.0,0.5,1.0,0.0,1.0,50.83,0.157,1,0,0,0,NO,0,0,32.83
96,710,BUDGET_CONSCIOUS,1,0,2,0,1,0,1,1,0,0,0,1.0,0.2,0.0,0.0,0.0,41.5,0.4546,0,0,0,1,SAVE_ONLY,0,1,53.5
478,453,BUDGET_CONSCIOUS,0,1,0,1,0,1,1,1,1,1,0,0.5,0.25,1.0,1.0,0.0,64.17,0.88,1,1,51036,0,YES,1,3,100.0
950,84,SELECTIVE_PLANNER,1,0,0,0,1,1,1,0,1,0,0,1.0,0.0,0.5,0.0,0.0,54.17,0.6186,1,1,45519,1,SAVE_ONLY,0,1,90.1
835,290,SPONTANEOUS_ADVENTURER,1,2,0,0,0,1,1,3,1,0,1,1.0,0.6,0.5,0.0,1.0,59.5,0.6991,1,1,50157,1,YES,0,2,100.0
917,121,CAUTIOUS_INTROVERT,0,0,1,1,1,0,1,0,0,0,0,1.0,0.0,0.0,0.0,0.0,49.17,0.4905,0,0,0,1,SAVE_ONLY,0,1,61.17
90,534,SOCIAL_EXPLORER,0,0,0,1,1,1,1,3,1,1,1,0.5,0.6,0.3333,1.0,1.0,75.33,0.8147,1,1,52313,0,YES,1,3,100.0
311,398,SPONTANEOUS_ADVENTURER,0,1,0,1,0,1,1,1,0,1,1,0.5,0.2,0.0,1.0,1.0,58.17,0.9718,1,1,55494,1,SUPER_LIKE,1,3,100.0
394,276,BUDGET_CONSCIOUS,0,0,1,1,1,0,1,1,1,0,0,0.5,0.25,1.0,0.0,0.0,54.17,0.8156,1,1,52569,1,YES,1,3,100.0
917,921,CAUTIOUS_INTROVERT,1,2,1,0,0,0,1,2,1,1,1,0.5,0.6667,0.5,1.0,1.0,55.0,0.5689,1,1,37647,0,NO,0,1,58.18
541,643,CAUTIOUS_INTROVERT,1,1,0,0,0,1,1,1,0,1,1,0.5,0.2,0.0,1.0,1.0,52.33,0.4953,1,1,27775,0,NO,0,1,52.05
783,655,SOCIAL_EXPLORER,1,1,1,0,0,0,1,1,0,0,0,1.0,0.25,0.0,0.0,0.0,42.5,0.695,1,1,41730,0,YES,0,2,87.11
415,964,CAUTIOUS_INTROVERT,1,0,0,0,1,1,1,2,0,1,1,0.3333,0.6667,0.0,1.0,1.0,64.17,0.8264,1,1,46164,1,SUPER_LIKE,1,3,100.0
81,213,SOCIAL_EXPLORER,2,0,1,0,1,0,2,0,1,1,1,1.0,0.0,1.0,1.0,1.0,62.5,0.8804,1,1,53199,1,YES,1,3,100.0
466,991,BUDGET_CONSCIOUS,0,1,0,1,0,1,1,3,0,0,1,0.5,0.6,0.0,0.0,1.0,56.17,0.6066,1,1,45981,1,SAVE_ONLY,0,1,92.26
419,175,CAUTIOUS_INTROVERT,1,1,1,0,0,0,1,1,0,0,0,0.5,0.1667,0.0,0.0,0.0,30.83,0.3853,0,0,0,0,NO,0,0,12.83
76,144,SOCIAL_EXPLORER,1,1,1,0,0,0,2,1,0,0,0,1.0,0.125,0.0,0.0,0.0,40.0,0.5476,1,0,0,1,SAVE_ONLY,0,1,52.0
238,827,SOCIAL_EXPLORER,0,0,0,1,1,1,1,1,1,0,1,0.5,0.3333,1.0,0.0,1.0,66.67,0.9711,1,1,60764,1,SUPER_LIKE,1,3,100.0
27,650,BUDGET_CONSCIOUS,1,0,1,0,1,0,1,2,1,1,0,1.0,0.3333,0.5,1.0,0.0,65.0,0.6684,0,0,0,1,YES,0,2,99.0
230,203,SOCIAL_EXPLORER,0,1,0,1,0,1,1,2,1,1,1,1.0,0.5,0.5,1.0,1.0,79.17,0.877,1,1,56231,1,YES,1,3,100.0
405,149,SOCIAL_EXPLORER,0,1,2,1,0,0,1,1,0,0,0,0.5,0.2,0.0,0.0,0.0,31.5,0.3069,1,0,0,0,NO,0,0,13.5
379,345,CAUTIOUS_INTROVERT,1,1,1,0,0,0,1,0,0,0,0,0.5,0.0,0.0,0.0,0.0,27.5,0.3152,1,1,20721,0,NO,0,1,24.75
690,1020,CAUTIOUS_INTROVERT,1,1,2,0,0,0,0,0,0,0,0,0.0,0.0,0.0,0.0,0.0,11.67,0.0,1,0,0,0,NO,0,0,0.0
321,540,SOCIAL_EXPLORER,2,2,0,0,0,1,1,1,1,0,0,0.5,0.25,1.0,0.0,0.0,36.67,0.6264,0,0,0,1,YES,0,2,70.67
915,400,SOCIAL_EXPLORER,0,0,2,1,1,0,1,1,0,1,0,1.0,0.3333,0.0,1.0,0.0,60.0,0.6633,0,0,0,1,YES,0,2,94.0
134,439,SOCIAL_EXPLORER,1,1,2,0,0,0,1,1,1,1,0,1.0,0.1429,1.0,1.0,0.0,54.52,0.512,1,0,0,1,SAVE_ONLY,0,1,66.52
930,468,SPONTANEOUS_ADVENTURER,2,0,1,0,1,0,1,1,0,0,1,0.5,0.2,0.0,0.0,1.0,36.5,0.6301,1,1,33763,0,YES,0,2,78.32
386,504,BUDGET_CONSCIOUS,1,2,1,0,0,0,1,1,1,1,1,0.3333,0.25,1.0,1.0,1.0,48.33,0.4138,0,0,0,0,NO,0,0,30.33
911,924,CAUTIOUS_INTROVERT,0,0,1,1,1,0,1,2,1,0,0,1.0,0.3333,0.5,0.0,0.0,60.83,0.7155,1,1,46584,0,YES,1,3,100.0
807,900,SOCIAL_EXPLORER,0,2,2,1,0,0,1,0,0,0,1,0.3333,0.0,0.0,0.0,1.0,23.33,0.1474,0,0,0,0,NO,0,0,5.33
105,264,SOCIAL_EXPLORER,0,1,0,1,0,1,1,1,0,0,0,0.3333,0.1429,0.0,0.0,0.0,38.69,0.7255,1,1,53258,0,YES,1,3,100.0
962,660,CAUTIOUS_INTROVERT,0,0,1,1,1,0,1,2,0,0,0,1.0,0.5,0.0,0.0,0.0,59.17,0.8147,1,1,57365,0,YES,1,3,100.0
969,697,CAUTIOUS_INTROVERT,1,1,0,0,0,1,1,2,1,0,0,0.3333,0.3333,0.5,0.0,0.0,41.67,0.6218,1,1,40508,0,YES,0,2,85.85
90,668,SOCIAL_EXPLORER,1,2,0,0,0,1,1,5,0,1,1,1.0,1.0,0.0,1.0,1.0,72.5,0.8315,1,0,0,1,YES,1,3,100.0
220,535,BUDGET_CONSCIOUS,0,2,1,1,0,0,1,1,0,0,0,0.25,0.1429,0.0,0.0,0.0,25.36,0.5468,1,1,32578,1,SAVE_ONLY,0,1,56.76
765,855,BUDGET_CONSCIOUS,1,0,1,0,1,0,1,1,1,1,1,0.3333,0.25,1.0,1.0,1.0,60.0,0.6344,0,0,0,1,YES,0,2,94.0
965,903,CAUTIOUS_INTROVERT,1,0,1,0,1,0,1,1,1,1,0,0.5,0.25,0.5,1.0,0.0,53.33,0.6436,1,1,44955,0,YES,0,2,99.06
55,784,PASSIVE_BROWSER,0,1,1,1,0,0,1,1,0,0,1,0.5,0.1429,0.0,0.0,1.0,41.19,0.2304,1,0,0,0,NO,0,0,23.19
209,221,SOCIAL_EXPLORER,1,1,0,0,0,1,1,1,0,0,0,1.0,0.3333,0.0,0.0,0.0,50.0,0.6579,1,1,41478,0,YES,0,2,94.52
712,562,BUDGET_CONSCIOUS,1,2,2,0,0,0,1,1,1,0,0,0.3333,0.25,1.0,0.0,0.0,27.5,0.3657,0,0,0,0,NO,0,0,9.5
92,959,CAUTIOUS_INTROVERT,1,0,1,0,1,0,1,3,2,1,0,0.5,0.75,1.0,1.0,0.0,68.33,0.7589,1,1,40668,0,YES,1,3,100.0
151,300,BUDGET_CONSCIOUS,2,2,0,0,0,1,1,1,0,0,1,1.0,0.2,0.0,0.0,1.0,40.67,0.1798,0,0,0,0,NO,0,0,22.67
246,326,CAUTIOUS_INTROVERT,0,0,1,1,1,0,1,0,0,0,0,0.5,0.0,0.0,0.0,0.0,39.17,0.3639,1,0,0,0,NO,0,0,21.17
740,788,SPONTANEOUS_ADVENTURER,1,0,0,0,1,1,1,1,0,0,0,1.0,0.2,0.0,0.0,0.0,53.17,0.6685,0,0,0,0,YES,0,2,75.17
738,504,BUDGET_CONSCIOUS,0,1,0,1,0,1,1,1,1,1,0,0.3333,0.2,1.0,1.0,0.0,59.83,0.7464,1,1,48439,1,YES,1,3,100.0
235,463,SOCIAL_EXPLORER,0,0,1,1,1,0,1,0,1,0,0,1.0,0.0,0.5,0.0,0.0,54.17,0.8775,1,1,59409,0,SUPER_LIKE,1,3,100.0
197,564,BUDGET_CONSCIOUS,2,1,0,0,0,1,2,1,0,0,0,0.6667,0.1429,0.0,0.0,0.0,33.69,0.0,1,1,9847,0,NO,0,0,27.14
559,651,SOCIAL_EXPLORER,0,1,1,1,0,0,1,0,1,0,1,1.0,0.0,1.0,0.0,1.0,58.33,0.6412,1,1,36801,0,YES,0,2,100.0
591,697,SOCIAL_EXPLORER,1,1,2,0,0,0,1,0,0,0,0,1.0,0.0,0.0,0.0,0.0,31.67,0.2486,1,1,18683,0,NO,0,1,28.21
693,26,SOCIAL_EXPLORER,1,0,1,0,1,0,1,1,0,0,0,0.5,0.1429,0.0,0.0,0.0,36.19,0.6336,1,1,37542,0,YES,0,2,79.33
168,986,BUDGET_CONSCIOUS,0,2,2,1,0,0,1,1,1,0,0,1.0,0.3333,1.0,0.0,0.0,48.33,0.7617,1,1,47653,1,YES,1,3,100.0
448,398,SOCIAL_EXPLORER,1,1,1,0,0,0,1,2,1,1,1,1.0,0.5,0.5,1.0,1.0,67.5,0.8834,1,1,62084,1,YES,1,3,100.0
364,331,BUDGET_CONSCIOUS,1,1,0,0,0,1,1,2,2,1,0,0.5,0.3333,1.0,1.0,0.0,60.0,0.6233,1,0,0,0,YES,0,2,82.0
792,694,CAUTIOUS_INTROVERT,1,1,0,0,0,1,1,1,1,1,0,1.0,0.1667,0.5,1.0,0.0,61.67,0.6426,1,1,34835,0,YES,0,2,100.0
630,154,BUDGET_CONSCIOUS,1,0,0,0,1,1,1,2,1,0,1,1.0,0.6667,0.5,0.0,1.0,72.5,0.7734,0,0,0,0,YES,1,3,100.0
531,470,CAUTIOUS_INTROVERT,0,1,1,1,0,0,1,1,0,0,0,0.5,0.2,0.0,0.0,0.0,37.33,0.3237,1,0,0,0,NO,0,0,19.33
621,700,SELECTIVE_PLANNER,1,0,1,0,1,0,1,1,1,1,0,0.3333,0.1429,0.5,1.0,0.0,47.86,0.6255,0,0,0,0,YES,0,2,69.86
304,987,SELECTIVE_PLANNER,1,1,1,0,0,0,1,0,0,0,0,1.0,0.0,0.0,0.0,0.0,37.5,0.1629,0,0,0,0,NO,0,0,19.5
136,845,SELECTIVE_PLANNER,0,1,1,1,0,0,1,2,1,1,0,1.0,0.5,0.5,1.0,0.0,68.33,0.4605,1,0,0,1,SAVE_ONLY,0,1,80.33
787,41,SOCIAL_EXPLORER,1,0,0,0,1,1,1,0,1,0,0,0.5,0.0,0.5,0.0,0.0,44.17,0.574,1,1,30274,1,SAVE_ONLY,0,1,74.77
437,318,SPONTANEOUS_ADVENTURER,1,1,1,0,0,0,1,1,1,1,1,0.5,0.1667,1.0,1.0,1.0,55.83,0.7231,0,0,0,0,YES,1,3,100.0
180,147,SOCIAL_EXPLORER,1,1,0,0,0,1,1,2,1,1,0,1.0,0.2857,1.0,1.0,0.0,69.05,0.9974,1,1,58322,0,YES,1,3,100.0
301,259,BUDGET_CONSCIOUS,0,1,1,1,0,0,1,0,0,0,0,0.5,0.0,0.0,0.0,0.0,33.33,0.3712,0,0,0,0,NO,0,0,15.33
796,702,SOCIAL_EXPLORER,0,0,0,1,1,1,1,1,1,0,0,0.5,0.1667,1.0,0.0,0.0,58.33,0.827,1,0,0,0,YES,1,3,100.0
59,662,BUDGET_CONSCIOUS,0,1,2,1,0,0,1,0,0,0,0,0.5,0.0,0.0,0.0,0.0,27.5,0.4456,1,0,0,1,SAVE_ONLY,0,1,39.5
656,840,BUDGET_CONSCIOUS,0,1,1,1,0,0,1,1,1,0,0,1.0,0.1667,0.5,0.0,0.0,51.67,0.6449,1,0,0,0,YES,0,2,73.67
943,709,BUDGET_CONSCIOUS,1,0,0,0,1,1,1,0,0,0,0,1.0,0.0,0.0,0.0,0.0,49.17,0.3947,0,0,0,0,NO,0,0,31.17
466,69,BUDGET_CONSCIOUS,1,1,1,0,0,0,1,2,1,1,1,0.5,0.4,1.0,1.0,1.0,60.5,0.6675,0,0,0,1,YES,0,2,94.5
888,860,CAUTIOUS_INTROVERT,1,0,2,0,1,0,1,3,1,0,0,0.5,0.6,1.0,0.0,0.0,49.5,0.5133,1,1,26249,0,NO,0,1,48.69
598,765,CAUTIOUS_INTROVERT,1,1,2,0,0,0,1,1,1,1,0,0.25,0.25,1.0,1.0,0.0,41.67,0.293,0,0,0,0,NO,0,0,23.67
723,442,BUDGET_CONSCIOUS,2,0,0,0,1,1,1,0,1,1,0,0.5,0.0,0.3333,1.0,0.0,46.67,0.0659,0,0,0,0,NO,0,0,28.67
891,458,SPONTANEOUS_ADVENTURER,2,0,1,0,1,0,1,0,0,0,0,1.0,0.0,0.0,0.0,0.0,37.5,0.4386,1,1,27189,1,SAVE_ONLY,0,1,67.02
285,43,SOCIAL_EXPLORER,0,1,1,1,0,0,1,0,1,0,0,1.0,0.0,0.5,0.0,0.0,48.33,0.7409,1,1,47034,0,YES,1,3,100.0
605,360,SOCIAL_EXPLORER,0,0,0,1,1,1,1,3,1,1,1,0.5,0.75,0.5,1.0,1.0,80.0,1.0,1,1,65222,0,YES,1,3,100.0
759,45,CAUTIOUS_INTROVERT,0,2,1,1,0,0,2,2,1,1,0,0.6667,0.5,0.5,1.0,0.0,55.83,0.8287,1,1,46115,1,SUPER_LIKE,1,3,100.0
359,925,SOCIAL_EXPLORER,1,1,1,0,0,0,1,0,0,0,1,1.0,0.0,0.0,0.0,1.0,42.5,0.5088,1,1,32889,1,SAVE_ONLY,0,1,74.01
832,43,CAUTIOUS_INTROVERT,1,1,1,0,0,0,1,1,1,0,0,1.0,0.1667,1.0,0.0,0.0,50.83,0.4229,0,0,0,1,SAVE_ONLY,0,1,62.83
551,780,SPONTANEOUS_ADVENTURER,0,1,0,1,0,1,1,0,0,0,0,0.5,0.0,0.0,0.0,0.0,39.17,0.657,1,1,36609,1,YES,0,2,93.98
375,254,CAUTIOUS_INTROVERT,2,0,1,0,1,0,1,1,0,0,1,1.0,0.2,0.0,0.0,1.0,46.5,0.4874,0,0,0,1,SAVE_ONLY,0,1,58.5
669,380,SOCIAL_EXPLORER,1,0,1,0,1,0,1,1,0,1,1,1.0,0.2,0.0,1.0,1.0,62.33,0.9645,0,0,0,1,SUPER_LIKE,1,3,100.0
692,257,BUDGET_CONSCIOUS,1,1,1,0,0,0,1,1,1,0,1,1.0,0.3333,0.5,0.0,1.0,54.17,0.6013,1,0,0,1,SAVE_ONLY,0,1,66.17
597,973,BUDGET_CONSCIOUS,0,1,2,1,0,0,2,0,0,0,0,1.0,0.0,0.0,0.0,0.0,37.5,0.6248,1,1,46466,0,YES,0,2,83.76
621,727,SPONTANEOUS_ADVENTURER,1,1,1,0,0,0,2,1,0,1,0,1.0,0.1429,0.0,1.0,0.0,50.36,0.8122,1,0,0,1,YES,1,3,100.0
111,813,CAUTIOUS_INTROVERT,1,1,0,0,0,1,1,2,1,1,1,0.3333,0.4,1.0,1.0,1.0,63.0,0.8062,1,1,52558,0,YES,1,3,100.0
526,495,BUDGET_CONSCIOUS,1,1,0,0,0,1,1,1,0,0,0,1.0,0.2,0.0,0.0,0.0,47.33,0.3526,0,0,0,0,NO,0,0,29.33
145,259,BUDGET_CONSCIOUS,1,1,1,0,0,0,1,1,1,0,0,0.5,0.125,0.3333,0.0,0.0,33.33,0.3515,1,1,23491,0,NO,0,1,31.55
173,838,BUDGET_CONSCIOUS,1,1,2,0,0,0,1,0,0,0,0,0.5,0.0,0.0,0.0,0.0,21.67,0.2922,0,0,0,0,NO,0,0,3.67
984,364,SOCIAL_EXPLORER,2,1,2,0,0,0,1,0,0,0,1,1.0,0.0,0.0,0.0,1.0,30.83,0.1476,0,0,0,0,NO,0,0,12.83
119,20,SOCIAL_EXPLORER,2,1,0,0,0,1,1,0,0,0,0,0.5,0.0,0.0,0.0,0.0,27.5,0.6086,1,0,0,0,NO,0,0,9.5
814,986,BUDGET_CONSCIOUS,0,0,1,1,1,0,1,0,1,0,0,1.0,0.0,1.0,0.0,0.0,59.17,0.8894,1,1,53973,0,YES,1,3,100.0
918,884,BUDGET_CONSCIOUS,1,2,2,0,0,0,1,1,0,0,0,0.5,0.25,0.0,0.0,0.0,20.83,0.3399,1,0,0,0,NO,0,0,2.83
197,155,BUDGET_CONSCIOUS,1,1,1,0,0,0,1,0,0,0,0,0.3333,0.0,0.0,0.0,0.0,24.17,0.3036,1,0,0,0,NO,0,0,6.17
797,452,SPONTANEOUS_ADVENTURER,0,2,0,1,0,1,1,1,0,1,0,1.0,0.2,0.0,1.0,0.0,57.33,0.6566,0,0,0,0,YES,0,2,79.33
19,629,SPONTANEOUS_ADVENTURER,1,1,0,0,0,1,1,1,0,0,0,1.0,0.1429,0.0,0.0,0.0,46.19,0.8711,1,1,59195,1,SUPER_LIKE,1,3,100.0
467,274,BUDGET_CONSCIOUS,0,0,0,1,1,1,1,0,0,0,0,0.5,0.0,0.0,0.0,0.0,45.0,0.7411,1,1,46286,0,YES,1,3,100.0
228,665,BUDGET_CONSCIOUS,1,1,2,0,0,0,1,3,1,1,1,1.0,0.6,1.0,1.0,1.0,68.67,0.6389,1,1,42152,1,YES,0,2,100.0
599,834,SELECTIVE_PLANNER,0,1,1,1,0,0,2,0,0,0,0,1.0,0.0,0.0,0.0,0.0,43.33,0.1375,1,1,19833,0,NO,0,1,40.27
332,958,SOCIAL_EXPLORER,0,1,2,1,0,0,1,0,1,0,0,1.0,0.0,0.5,0.0,0.0,42.5,0.2725,0,0,0,0,NO,0,0,24.5
386,304,BUDGET_CONSCIOUS,2,2,1,0,0,0,1,1,1,1,1,0.5,0.2,1.0,1.0,1.0,44.83,0.0507,1,0,0,0,NO,0,0,26.83
633,846,BUDGET_CONSCIOUS,2,1,0,0,0,1,1,1,1,0,1,1.0,0.25,1.0,0.0,1.0,57.5,0.3228,1,0,0,0,NO,0,0,39.5
587,852,SOCIAL_EXPLORER,0,1,0,1,0,1,1,0,0,0,0,0.5,0.0,0.0,0.0,0.0,39.17,0.5308,1,0,0,0,NO,0,0,21.17
419,682,CAUTIOUS_INTROVERT,0,1,0,1,0,1,1,0,1,1,1,0.3333,0.0,0.5,1.0,1.0,55.83,0.632,0,0,0,1,YES,0,2,89.83
710,203,SOCIAL_EXPLORER,1,2,0,0,0,1,1,0,0,0,0,1.0,0.0,0.0,0.0,0.0,37.5,0.522,1,1,29980,0,NO,0,1,37.99
106,661,SOCIAL_EXPLORER,0,2,0,1,0,1,1,1,0,0,0,0.5,0.1667,0.0,0.0,0.0,36.67,0.6334,0,0,0,1,YES,0,2,70.67
402,231,CAUTIOUS_INTROVERT,1,1,1,0,0,0,1,2,0,0,0,1.0,0.3333,0.0,0.0,0.0,44.17,0.4462,1,1,32000,0,NO,0,1,45.37
198,806,BUDGET_CONSCIOUS,1,0,0,0,1,1,1,0,0,0,0,0.5,0.0,0.0,0.0,0.0,39.17,0.323,1,0,0,0,NO,0,0,21.17
238,571,SOCIAL_EXPLORER,1,1,1,0,0,0,1,0,0,0,0,1.0,0.0,0.0,0.0,0.0,37.5,0.569,1,0,0,1,SAVE_ONLY,0,1,49.5
439,161,BUDGET_CONSCIOUS,2,1,1,0,0,0,1,1,0,0,0,0.5,0.1429,0.0,0.0,0.0,24.52,0.0,1,0,0,0,NO,0,0,6.52
466,962,BUDGET_CONSCIOUS,2,0,1,0,1,0,1,1,1,0,0,1.0,0.1667,1.0,0.0,0.0,50.83,0.2911,0,0,0,0,NO,0,0,32.83
417,394,SOCIAL_EXPLORER,0,0,0,1,1,1,1,2,1,1,0,1.0,0.5,1.0,1.0,0.0,85.0,1.0,1,1,67160,0,YES,1,3,100.0
697,556,CAUTIOUS_INTROVERT,2,1,1,0,0,0,1,2,2,0,0,1.0,0.4,1.0,0.0,0.0,49.67,0.6015,1,0,0,0,NO,0,0,31.67
259,613,CAUTIOUS_INTROVERT,0,2,2,1,0,0,1,1,1,0,0,1.0,0.1429,0.5,0.0,0.0,39.52,0.3026,1,0,0,0,NO,0,0,21.52
374,720,SELECTIVE_PLANNER,1,1,0,0,0,1,1,2,1,1,1,0.5,0.6667,0.5,1.0,1.0,66.67,0.5412,1,0,0,1,SAVE_ONLY,0,1,78.67
681,544,BUDGET_CONSCIOUS,0,2,0,1,0,1,1,1,0,0,0,0.5,0.1429,0.0,0.0,0.0,36.19,0.6235,1,1,43903,0,YES,0,2,81.56
780,400,SPONTANEOUS_ADVENTURER,1,0,1,0,1,0,1,0,0,0,1,1.0,0.0,0.0,0.0,1.0,48.33,0.7663,1,1,43499,0,YES,1,3,100.0
919,399,SOCIAL_EXPLORER,0,0,1,1,1,0,1,1,1,0,1,0.25,0.2,0.3333,0.0,1.0,46.5,0.7897,1,0,0,1,YES,1,3,100.0
495,624,SELECTIVE_PLANNER,1,1,1,0,0,0,1,0,0,0,0,0.5,0.0,0.0,0.0,0.0,27.5,0.0,0,0,0,0,NO,0,0,9.5
510,583,SOCIAL_EXPLORER,1,1,0,0,0,1,1,0,0,0,0,0.5,0.0,0.0,0.0,0.0,33.33,0.6112,1,0,0,1,SAVE_ONLY,0,1,45.33
906,369,SOCIAL_EXPLORER,1,1,0,0,0,1,1,0,1,0,0,0.3333,0.0,0.5,0.0,0.0,35.0,0.6167,1,1,39190,1,SAVE_ONLY,0,1,68.72
976,714,CAUTIOUS_INTROVERT,1,0,2,0,1,0,1,3,2,1,1,0.5,0.75,1.0,1.0,1.0,67.5,0.6998,1,0,0,0,YES,0,2,89.5
958,185,CAUTIOUS_INTROVERT,1,2,0,0,0,1,1,0,1,0,0,0.5,0.0,0.5,0.0,0.0,32.5,0.2012,1,0,0,0,NO,0,0,14.5
956,557,PASSIVE_BROWSER,0,1,0,1,0,1,1,1,0,1,1,1.0,0.2,0.0,1.0,1.0,68.17,0.466,1,1,37698,0,NO,0,1,71.36
103,1005,BUDGET_CONSCIOUS,1,1,1,0,0,0,1,2,1,1,1,0.5,0.5,1.0,1.0,1.0,62.5,0.6726,1,1,41554,0,YES,0,2,100.0
111,745,CAUTIOUS_INTROVERT,0,2,0,1,0,1,1,3,1,1,1,0.3333,0.75,1.0,1.0,1.0,70.0,0.8942,1,1,48476,0,YES,1,3,100.0
747,532,BUDGET_CONSCIOUS,1,1,0,0,0,1,1,0,0,0,0,1.0,0.0,0.0,0.0,0.0,43.33,0.5163,1,0,0,0,NO,0,0,25.33
270,84,SOCIAL_EXPLORER,0,2,1,1,0,0,1,0,1,0,0,0.5,0.0,0.5,0.0,0.0,32.5,0.4691,0,0,0,1,SAVE_ONLY,0,1,44.5
273,81,SOCIAL_EXPLORER,1,2,0,0,0,1,1,2,1,1,1,0.5,0.5,1.0,1.0,1.0,62.5,0.8423,1,1,58367,1,SUPER_LIKE,1,3,100.0
297,669,BUDGET_CONSCIOUS,1,1,0,0,0,1,1,1,0,1,0,1.0,0.25,0.0,1.0,0.0,58.33,0.4891,1,1,25647,1,SAVE_ONLY,0,1,87.31
40,871,BUDGET_CONSCIOUS,1,2,1,0,0,0,1,0,0,0,1,0.5,0.0,0.0,0.0,1.0,26.67,0.3972,0,0,0,0,NO,0,0,8.67
559,916,SOCIAL_EXPLORER,1,1,1,0,0,0,1,3,1,1,1,0.5,0.75,1.0,1.0,1.0,67.5,0.9734,1,1,51590,0,YES,1,3,100.0
1012,385,SOCIAL_EXPLORER,2,0,1,0,1,0,1,0,1,0,1,0.5,0.0,0.5,0.0,1.0,37.5,0.6858,1,1,46651,0,YES,0,2,83.83
844,529,SOCIAL_EXPLORER,0,2,2,1,0,0,1,1,1,0,1,1.0,0.1667,1.0,0.0,1.0,50.0,0.4849,0,0,0,1,SAVE_ONLY,0,1,62.0
982,840,BUDGET_CONSCIOUS,0,1,1,1,0,0,1,1,1,0,1,0.3333,0.2,0.5,0.0,1.0,44.0,0.683,1,1,38213,0,YES,0,2,87.37
327,285,SPONTANEOUS_ADVENTURER,0,2,1,1,0,0,1,1,0,0,0,0.5,0.1667,0.0,0.0,0.0,30.83,0.5152,0,0,0,0,NO,0,0,12.83
941,488,SOCIAL_EXPLORER,0,1,0,1,0,1,1,2,1,0,1,1.0,0.5,0.3333,0.0,1.0,67.5,1.0,1,1,54149,0,YES,1,3,100.0
827,231,SOCIAL_EXPLORER,2,1,1,0,0,0,1,0,0,0,1,0.5,0.0,0.0,0.0,1.0,26.67,0.4807,0,0,0,1,SAVE_ONLY,0,1,38.67
72,784,CAUTIOUS_INTROVERT,0,1,0,1,0,1,1,1,1,0,0,0.3333,0.1429,0.5,0.0,0.0,43.69,0.4316,1,0,0,1,SAVE_ONLY,0,1,55.69
659,414,SOCIAL_EXPLORER,1,0,1,0,1,0,1,1,1,0,1,1.0,0.3333,0.5,0.0,1.0,60.0,0.415,1,0,0,0,NO,0,0,42.0
442,478,SELECTIVE_PLANNER,1,0,0,0,1,1,1,0,0,0,0,0.3333,0.0,0.0,0.0,0.0,35.83,0.4577,1,0,0,1,SAVE_ONLY,0,1,47.83
717,947,SOCIAL_EXPLORER,1,1,1,0,0,0,1,1,1,0,0,0.5,0.125,0.5,0.0,0.0,35.0,0.6851,0,0,0,0,YES,0,2,57.0
932,1009,SOCIAL_EXPLORER,1,1,1,0,0,0,1,0,0,0,0,0.3333,0.0,0.0,0.0,0.0,24.17,0.31,1,0,0,0,NO,0,0,6.17
898,777,BUDGET_CONSCIOUS,1,1,1,0,0,0,1,1,0,0,1,0.5,0.3333,0.0,0.0,1.0,39.17,0.3258,0,0,0,0,NO,0,0,21.17
698,617,SOCIAL_EXPLORER,1,0,1,0,1,0,1,0,1,1,1,0.5,0.0,0.3333,1.0,1.0,51.67,0.7756,1,1,55259,0,YES,1,3,100.0
318,98,BUDGET_CONSCIOUS,0,1,2,1,0,0,1,3,1,1,0,1.0,0.75,1.0,1.0,0.0,72.5,0.9102,1,1,50768,0,YES,1,3,100.0
511,425,SOCIAL_EXPLORER,0,1,0,1,0,1,1,1,1,0,1,0.5,0.2,0.5,0.0,1.0,53.17,0.6595,1,1,46711,0,YES,0,2,99.52
490,530,BUDGET_CONSCIOUS,1,0,1,0,1,0,1,3,0,1,1,0.5,0.75,0.0,1.0,1.0,63.33,0.4851,1,0,0,1,SAVE_ONLY,0,1,75.33
985,60,SOCIAL_EXPLORER,1,2,1,0,0,0,1,1,1,0,0,1.0,0.25,0.5,0.0,0.0,41.67,0.598,1,1,32203,0,NO,0,1,42.94
604,282,BUDGET_CONSCIOUS,0,0,0,1,1,1,1,1,0,1,1,1.0,0.2,0.0,1.0,1.0,74.0,0.8241,0,0,0,1,YES,1,3,100.0
924,367,SELECTIVE_PLANNER,0,0,1,1,1,0,1,2,1,0,0,0.5,0.5,0.5,0.0,0.0,54.17,0.8136,0,0,0,0,YES,1,3,100.0
829,500,SOCIAL_EXPLORER,0,0,1,1,1,0,1,1,1,0,0,0.5,0.3333,1.0,0.0,0.0,55.83,0.6362,0,0,0,0,YES,0,2,77.83
409,514,CAUTIOUS_INTROVERT,1,0,2,0,1,0,1,0,0,0,1,0.5,0.0,0.0,0.0,1.0,32.5,0.2051,0,0,0,0,NO,0,0,14.5
695,1015,BUDGET_CONSCIOUS,2,1,1,0,0,0,1,0,0,0,0,0.5,0.0,0.0,0.0,0.0,21.67,0.0,0,0,0,0,NO,0,0,3.67
597,94,BUDGET_CONSCIOUS,0,2,1,1,0,0,1,0,0,0,0,0.5,0.0,0.0,0.0,0.0,27.5,0.3723,1,0,0,0,NO,0,0,9.5
775,730,BUDGET_CONSCIOUS,1,1,1,0,0,0,1,1,1,1,0,1.0,0.3333,0.5,1.0,0.0,59.17,0.6425,1,0,0,1,YES,0,2,93.17
135,542,SOCIAL_EXPLORER,1,0,2,0,1,0,1,0,0,0,1,1.0,0.0,0.0,0.0,1.0,42.5,0.3883,1,0,0,0,NO,0,0,24.5
56,620,BUDGET_CONSCIOUS,1,0,2,0,1,0,1,1,1,0,1,0.3333,0.3333,0.3333,0.0,1.0,39.17,0.3073,0,0,0,0,NO,0,0,21.17
429,168,SELECTIVE_PLANNER,1,0,1,0,1,0,1,1,1,0,1,1.0,0.3333,1.0,0.0,1.0,65.0,0.9484,1,1,64635,0,YES,1,3,100.0
750,453,CAUTIOUS_INTROVERT,0,0,1,1,1,0,1,2,0,0,0,1.0,0.5,0.0,0.0,0.0,59.17,0.6217,1,0,0,1,YES,0,2,93.17
31,256,CAUTIOUS_INTROVERT,1,0,1,0,1,0,1,2,1,1,1,1.0,0.4,1.0,1.0,1.0,76.33,0.7863,0,0,0,0,YES,1,3,100.0
831,839,CAUTIOUS_INTROVERT,0,1,0,1,0,1,1,1,1,0,0,1.0,0.1429,0.5,0.0,0.0,57.02,0.6832,1,1,50392,0,YES,0,2,100.0
975,890,SPONTANEOUS_ADVENTURER,1,0,0,0,1,1,1,1,1,0,0,0.5,0.25,0.5,0.0,0.0,49.17,0.8737,1,1,56111,0,YES,1,3,100.0
650,787,SOCIAL_EXPLORER,1,1,0,0,0,1,1,1,0,0,0,0.5,0.1667,0.0,0.0,0.0,36.67,0.4963,1,0,0,1,SAVE_ONLY,0,1,48.67
233,732,SOCIAL_EXPLORER,1,2,2,0,0,0,1,0,1,1,1,1.0,0.0,1.0,1.0,1.0,50.83,0.5854,1,1,37529,1,SAVE_ONLY,0,1,83.97
509,750,SOCIAL_EXPLORER,1,0,2,0,1,0,1,0,0,0,0,1.0,0.0,0.0,0.0,0.0,37.5,0.3161,1,0,0,0,NO,0,0,19.5
168,922,BUDGET_CONSCIOUS,1,2,0,0,0,1,1,0,0,0,0,1.0,0.0,0.0,0.0,0.0,37.5,0.4201,1,0,0,1,SAVE_ONLY,0,1,49.5
540,147,BUDGET_CONSCIOUS,1,0,0,0,1,1,1,3,1,0,1,1.0,0.6,1.0,0.0,1.0,76.17,0.8598,1,0,0,1,SUPER_LIKE,1,3,100.0
429,254,SELECTIVE_PLANNER,1,0,0,0,1,1,1,0,0,0,1,1.0,0.0,0.0,0.0,1.0,54.17,0.6823,0,0,0,1,YES,0,2,88.17
700,621,SOCIAL_EXPLORER,1,0,1,0,1,0,1,1,1,1,0,0.3333,0.1429,0.5,1.0,0.0,47.86,0.6368,1,1,42844,1,YES,0,2,100.0
663,776,SOCIAL_EXPLORER,1,0,1,0,1,0,1,0,0,1,0,1.0,0.0,0.0,1.0,0.0,53.33,0.7627,1,0,0,1,YES,1,3,100.0
187,193,SELECTIVE_PLANNER,0,0,1,1,1,0,1,3,1,1,1,0.5,0.75,1.0,1.0,1.0,79.17,0.8489,0,0,0,0,SUPER_LIKE,1,3,100.0
413,946,SOCIAL_EXPLORER,1,0,1,0,1,0,1,0,0,0,0,0.5,0.0,0.0,0.0,0.0,33.33,0.5192,1,1,34663,1,SAVE_ONLY,0,1,65.46
27,890,BUDGET_CONSCIOUS,1,1,0,0,0,1,1,1,2,1,0,0.5,0.2,1.0,1.0,0.0,57.33,0.677,1,1,41700,1,YES,0,2,100.0
590,260,SOCIAL_EXPLORER,1,0,0,0,1,1,1,1,0,0,0,1.0,0.2,0.0,0.0,0.0,53.17,0.8727,1,1,60572,1,SUPER_LIKE,1,3,100.0
319,453,SOCIAL_EXPLORER,0,0,1,1,1,0,1,0,0,0,0,1.0,0.0,0.0,0.0,0.0,49.17,0.6597,1,1,45316,1,YES,0,2,100.0
227,695,SOCIAL_EXPLORER,2,1,1,0,0,0,1,0,1,1,0,0.5,0.0,1.0,1.0,0.0,41.67,0.7004,1,1,36657,1,YES,1,3,100.0
44,676,BUDGET_CONSCIOUS,1,1,2,0,0,0,1,0,1,0,0,0.3333,0.0,0.5,0.0,0.0,23.33,0.1154,1,1,7491,0,NO,0,0,15.95
76,187,SOCIAL_EXPLORER,1,1,1,0,0,0,1,0,0,0,0,0.3333,0.0,0.0,0.0,0.0,24.17,0.3734,1,0,0,0,NO,0,0,6.17
951,249,SELECTIVE_PLANNER,1,1,1,0,0,0,1,1,1,0,1,1.0,0.2,1.0,0.0,1.0,56.5,0.4339,0,0,0,1,SAVE_ONLY,0,1,68.5
790,969,CAUTIOUS_INTROVERT,0,1,0,1,0,1,1,1,0,1,0,0.3333,0.1429,0.0,1.0,0.0,48.69,0.4204,1,1,30813,0,NO,0,1,49.47
486,543,SPONTANEOUS_ADVENTURER,0,2,1,1,0,0,1,0,0,0,0,0.5,0.0,0.0,0.0,0.0,27.5,0.1977,0,0,0,0,NO,0,0,9.5
269,468,SOCIAL_EXPLORER,1,1,0,0,0,1,1,1,1,0,1,0.5,0.2,0.5,0.0,1.0,47.33,0.6885,1,1,50453,1,YES,0,2,100.0
133,949,BUDGET_CONSCIOUS,0,1,1,1,0,0,1,1,0,0,0,0.5,0.1667,0.0,0.0,0.0,36.67,0.6211,0,0,0,1,YES,0,2,70.67
463,197,SELECTIVE_PLANNER,2,0,1,0,1,0,1,1,0,0,0,0.5,0.1429,0.0,0.0,0.0,30.36,0.5311,0,0,0,1,SAVE_ONLY,0,1,42.36
931,876,SPONTANEOUS_ADVENTURER,2,0,1,0,1,0,1,2,1,1,0,1.0,0.3333,1.0,1.0,0.0,64.17,1.0,1,1,61079,0,SUPER_LIKE,1,3,100.0
807,535,SOCIAL_EXPLORER,2,0,1,0,1,0,1,2,0,0,1,0.3333,0.3333,0.0,0.0,1.0,35.83,0.5227,1,1,35160,1,SAVE_ONLY,0,1,68.14
181,906,SOCIAL_EXPLORER,1,1,0,0,0,1,1,1,1,0,0,0.5,0.2,0.5,0.0,0.0,42.33,0.7335,1,1,41718,1,YES,1,3,100.0
450,219,SPONTANEOUS_ADVENTURER,1,0,1,0,1,0,1,0,0,0,0,1.0,0.0,0.0,0.0,0.0,43.33,0.6182,1,0,0,0,NO,0,0,25.33
941,685,SOCIAL_EXPLORER,0,1,2,1,0,0,1,1,0,0,0,0.5,0.1667,0.0,0.0,0.0,30.83,0.4071,1,1,27391,0,NO,0,1,30.42
831,969,CAUTIOUS_INTROVERT,0,0,0,1,1,1,1,4,1,1,0,0.3333,1.0,1.0,1.0,0.0,81.67,1.0,1,1,58960,0,YES,1,3,100.0
600,35,SPONTANEOUS_ADVENTURER,1,1,1,0,0,0,1,0,0,1,0,0.5,0.0,0.0,1.0,0.0,37.5,0.6388,1,1,35301,1,YES,0,2,91.86
930,505,SPONTANEOUS_ADVENTURER,0,1,1,1,0,0,1,0,0,0,0,0.5,0.0,0.0,0.0,0.0,33.33,0.3935,0,0,0,0,NO,0,0,15.33
489,20,SOCIAL_EXPLORER,2,2,0,0,0,1,1,3,1,1,0,0.5,0.75,1.0,1.0,0.0,56.67,0.7727,1,1,50590,0,YES,1,3,100.0
837,18,CAUTIOUS_INTROVERT,1,0,0,0,1,1,1,0,0,0,0,0.3333,0.0,0.0,0.0,0.0,35.83,0.209,0,0,0,0,NO,0,0,17.83
646,382,CAUTIOUS_INTROVERT,0,0,0,1,1,1,1,2,1,0,0,1.0,0.5,1.0,0.0,0.0,75.0,0.7723,0,0,0,0,YES,1,3,100.0
915,358,SOCIAL_EXPLORER,0,0,1,1,1,0,1,0,0,0,0,1.0,0.0,0.0,0.0,0.0,49.17,0.684,1,1,40477,0,YES,0,2,93.34
169,748,SPONTANEOUS_ADVENTURER,2,1,1,0,0,0,1,0,0,1,0,0.3333,0.0,0.0,1.0,0.0,28.33,0.5595,0,0,0,0,NO,0,0,10.33
172,201,SOCIAL_EXPLORER,2,1,0,0,0,1,1,0,0,0,0,0.3333,0.0,0.0,0.0,0.0,24.17,0.5407,0,0,0,1,SAVE_ONLY,0,1,36.17
138,938,BUDGET_CONSCIOUS,0,1,1,1,0,0,1,2,2,1,1,1.0,0.6667,1.0,1.0,1.0,81.67,0.8975,0,0,0,0,YES,1,3,100.0
207,1007,SOCIAL_EXPLORER,1,0,1,0,1,0,1,1,0,0,1,0.3333,0.2,0.0,0.0,1.0,39.0,0.6409,1,1,46141,1,YES,0,2,97.15
282,940,BUDGET_CONSCIOUS,1,2,1,0,0,0,1,3,0,1,1,0.5,0.75,0.0,1.0,1.0,51.67,0.3916,0,0,0,0,NO,0,0,33.67
284,169,SOCIAL_EXPLORER,1,1,1,0,0,0,1,1,1,1,0,0.5,0.1667,0.5,1.0,0.0,45.83,0.6987,1,0,0,1,YES,0,2,79.83
663,971,SOCIAL_EXPLORER,1,2,0,0,0,1,1,0,0,0,0,1.0,0.0,0.0,0.0,0.0,37.5,0.6559,1,1,39181,0,YES,0,2,81.21
992,686,SELECTIVE_PLANNER,1,1,0,0,0,1,1,1,0,0,0,1.0,0.2,0.0,0.0,0.0,47.33,0.3031,1,1,27237,0,NO,0,1,46.86
522,493,SOCIAL_EXPLORER,1,1,1,0,0,0,1,3,0,1,1,0.3333,0.75,0.0,1.0,1.0,54.17,0.8556,1,1,57641,1,YES,1,3,100.0
484,591,BUDGET_CONSCIOUS,1,0,0,0,1,1,1,1,0,0,0,1.0,0.1429,0.0,0.0,0.0,52.02,0.5562,0,0,0,0,NO,0,0,34.02
1004,396,SOCIAL_EXPLORER,1,0,2,0,1,0,2,0,0,0,0,0.6667,0.0,0.0,0.0,0.0,30.83,0.277,0,0,0,0,NO,0,0,12.83
751,721,CAUTIOUS_INTROVERT,1,0,1,0,1,0,1,3,1,0,1,0.5,0.5,0.5,0.0,1.0,53.33,0.7642,1,1,47720,0,YES,1,3,100.0
549,633,BUDGET_CONSCIOUS,0,1,0,1,0,1,1,0,0,0,0,0.5,0.0,0.0,0.0,0.0,39.17,0.5473,0,0,0,0,NO,0,0,21.17
815,771,SOCIAL_EXPLORER,1,1,0,0,0,1,1,1,0,0,0,0.5,0.1667,0.0,0.0,0.0,36.67,0.6862,0,0,0,0,YES,0,2,58.67
915,870,SOCIAL_EXPLORER,1,0,2,0,1,0,1,0,0,0,0,0.5,0.0,0.0,0.0,0.0,27.5,0.3498,1,0,0,0,NO,0,0,9.5
303,343,BUDGET_CONSCIOUS,0,1,1,1,0,0,1,1,0,0,0,0.5,0.1667,0.0,0.0,0.0,36.67,0.5099,1,1,37792,1,SAVE_ONLY,0,1,69.9
883,575,SOCIAL_EXPLORER,0,1,1,1,0,0,1,0,0,0,0,0.5,0.0,0.0,0.0,0.0,33.33,0.639,0,0,0,1,YES,0,2,67.33
843,378,SPONTANEOUS_ADVENTURER,1,0,1,0,1,0,1,3,1,0,0,0.3333,0.6,0.5,0.0,0.0,47.0,0.8923,1,1,50199,0,SUPER_LIKE,1,3,100.0
605,551,SOCIAL_EXPLORER,1,1,1,0,0,0,1,1,0,0,0,0.3333,0.1667,0.0,0.0,0.0,27.5,0.4743,1,1,39229,1,SAVE_ONLY,0,1,61.23
373,155,SOCIAL_EXPLORER,1,0,1,0,1,0,1,0,0,0,0,0.5,0.0,0.0,0.0,0.0,33.33,0.6804,1,1,38181,0,YES,0,2,76.69
91,47,SOCIAL_EXPLORER,1,2,0,0,0,1,1,1,2,1,0,0.5,0.1667,1.0,1.0,0.0,50.83,0.7849,1,1,47704,0,YES,1,3,100.0
874,319,SOCIAL_EXPLORER,0,1,1,1,0,0,1,1,0,0,0,1.0,0.1667,0.0,0.0,0.0,46.67,0.6622,1,1,34604,0,YES,0,2,88.78
800,340,CAUTIOUS_INTROVERT,1,0,0,0,1,1,1,1,0,0,0,1.0,0.25,0.0,0.0,0.0,54.17,0.6633,0,0,0,1,YES,0,2,88.17
283,725,SOCIAL_EXPLORER,1,0,1,0,1,0,1,1,2,0,0,0.5,0.2,1.0,0.0,0.0,47.33,0.7324,1,1,44495,0,YES,1,3,100.0
894,1014,SPONTANEOUS_ADVENTURER,1,0,1,0,1,0,1,1,1,1,0,0.5,0.2,1.0,1.0,0.0,57.33,0.7949,1,1,44830,1,YES,1,3,100.0
323,512,SOCIAL_EXPLORER,1,1,1,0,0,0,1,1,1,0,0,0.3333,0.1667,1.0,0.0,0.0,37.5,0.6735,0,0,0,1,YES,0,2,71.5
68,862,CAUTIOUS_INTROVERT,1,2,0,0,0,1,1,1,1,1,1,0.5,0.2,0.5,1.0,1.0,51.5,0.6491,1,0,0,0,YES,0,2,73.5
720,233,SOCIAL_EXPLORER,1,1,1,0,0,0,1,0,0,0,0,0.5,0.0,0.0,0.0,0.0,27.5,0.5317,1,1,31699,0,NO,0,1,28.59
749,701,SOCIAL_EXPLORER,1,1,1,0,0,0,1,1,0,0,1,0.5,0.25,0.0,0.0,1.0,37.5,0.6236,1,0,0,0,YES,0,2,59.5
659,830,SELECTIVE_PLANNER,0,1,0,1,0,1,1,1,0,0,0,1.0,0.25,0.0,0.0,0.0,54.17,0.3628,0,0,0,0,NO,0,0,36.17
214,483,BUDGET_CONSCIOUS,0,1,0,1,0,1,1,1,0,0,1,1.0,0.1667,0.0,0.0,1.0,57.5,0.7134,1,1,38198,0,YES,1,3,100.0
275,102,BUDGET_CONSCIOUS,0,1,0,1,0,1,1,1,1,0,1,1.0,0.2,0.5,0.0,1.0,63.17,0.6673,1,1,39554,0,YES,0,2,100.0
933,867,BUDGET_CONSCIOUS,1,1,0,0,0,1,1,0,0,0,0,1.0,0.0,0.0,0.0,0.0,43.33,0.4474,1,1,34727,1,SAVE_ONLY,0,1,75.48
460,312,BUDGET_CONSCIOUS,0,1,1,1,0,0,1,1,0,0,0,0.5,0.2,0.0,0.0,0.0,37.33,0.6203,0,0,0,0,YES,0,2,59.33
814,579,BUDGET_CONSCIOUS,1,1,1,0,0,0,1,1,1,0,0,1.0,0.2,1.0,0.0,0.0,51.5,0.5199,1,1,37680,0,NO,0,1,54.69
995,221,SELECTIVE_PLANNER,0,1,1,1,0,0,1,1,1,1,1,1.0,0.25,1.0,1.0,1.0,73.33,0.6747,1,0,0,0,YES,0,2,95.33
799,817,SPONTANEOUS_ADVENTURER,0,2,1,1,0,0,1,2,1,1,1,0.5,0.5,1.0,1.0,1.0,62.5,0.6645,1,1,49280,1,YES,0,2,100.0
382,324,CAUTIOUS_INTROVERT,0,2,1,1,0,0,1,1,1,1,1,1.0,0.25,1.0,1.0,1.0,67.5,0.6817,1,1,51461,1,YES,0,2,100.0
134,524,SOCIAL_EXPLORER,0,2,2,1,0,0,1,0,1,1,1,1.0,0.0,1.0,1.0,1.0,56.67,0.6445,1,0,0,1,YES,0,2,90.67
566,409,SOCIAL_EXPLORER,1,0,2,0,1,0,1,2,1,0,0,1.0,0.3333,1.0,0.0,0.0,54.17,0.6195,0,0,0,0,NO,0,0,36.17
595,264,CAUTIOUS_INTROVERT,0,1,2,1,0,0,1,0,0,0,0,0.5,0.0,0.0,0.0,0.0,27.5,0.168,1,1,19166,0,NO,0,1,24.21
617,428,SPONTANEOUS_ADVENTURER,0,1,1,1,0,0,1,0,0,0,0,0.5,0.0,0.0,0.0,0.0,33.33,0.6611,0,0,0,0,YES,0,2,55.33
218,169,SOCIAL_EXPLORER,1,0,1,0,1,0,1,0,0,0,1,0.5,0.0,0.0,0.0,1.0,38.33,0.5108,1,1,31662,0,NO,0,1,39.41
846,800,SOCIAL_EXPLORER,0,1,2,1,0,0,1,0,0,1,0,1.0,0.0,0.0,1.0,0.0,47.5,0.4474,1,1,26943,0,NO,0,1,46.93
533,654,SOCIAL_EXPLORER,2,1,1,0,0,0,1,2,1,1,1,0.5,0.4,1.0,1.0,1.0,54.67,0.5979,1,0,0,1,SAVE_ONLY,0,1,66.67
782,770,CAUTIOUS_INTROVERT,1,0,0,0,1,1,1,0,0,1,0,1.0,0.0,0.0,1.0,0.0,59.17,0.4847,1,1,36321,0,NO,0,1,61.88
36,715,SOCIAL_EXPLORER,1,1,0,0,0,1,1,1,0,0,0,0.3333,0.2,0.0,0.0,0.0,34.0,0.5819,1,0,0,1,SAVE_ONLY,0,1,46.0
53,524,CAUTIOUS_INTROVERT,0,2,0,1,0,1,1,1,0,0,0,0.5,0.3333,0.0,0.0,0.0,40.0,0.3683,0,0,0,0,NO,0,0,22.0
205,695,SPONTANEOUS_ADVENTURER,1,2,0,0,0,1,1,2,1,1,1,0.5,0.4,1.0,1.0,1.0,60.5,0.658,1,1,44332,0,YES,0,2,100.0
820,872,SELECTIVE_PLANNER,1,2,1,0,0,0,1,2,1,1,0,0.5,0.4,1.0,1.0,0.0,49.67,0.4315,1,0,0,1,SAVE_ONLY,0,1,61.67
699,168,SPONTANEOUS_ADVENTURER,1,1,1,0,0,0,1,2,1,0,1,1.0,1.0,1.0,0.0,1.0,72.5,0.7675,1,1,54570,0,YES,1,3,100.0
179,314,CAUTIOUS_INTROVERT,1,0,0,0,1,1,1,2,1,1,0,0.5,0.6667,1.0,1.0,0.0,72.5,0.75,1,1,42772,0,YES,1,3,100.0
360,60,SOCIAL_EXPLORER,1,1,1,0,0,0,1,2,1,1,1,1.0,0.6667,0.5,1.0,1.0,70.83,0.7987,1,1,50881,0,YES,1,3,100.0
428,916,CAUTIOUS_INTROVERT,1,1,1,0,0,0,1,0,0,0,0,0.3333,0.0,0.0,0.0,0.0,24.17,0.246,0,0,0,0,NO,0,0,6.17
716,561,BUDGET_CONSCIOUS,1,0,1,0,1,0,1,2,2,1,0,0.5,0.5,1.0,1.0,0.0,63.33,0.7708,1,0,0,1,YES,1,3,100.0
116,637,PASSIVE_BROWSER,1,1,1,0,0,0,1,0,0,0,0,1.0,0.0,0.0,0.0,0.0,37.5,0.202,0,0,0,0,NO,0,0,19.5
336,111,SOCIAL_EXPLORER,0,0,2,1,1,0,1,0,0,0,1,0.3333,0.0,0.0,0.0,1.0,35.0,0.3167,0,0,0,0,NO,0,0,17.0
677,42,SOCIAL_EXPLORER,0,0,2,1,1,0,1,1,1,1,0,0.5,0.25,0.5,1.0,0.0,53.33,0.5286,1,1,42878,1,SAVE_ONLY,0,1,88.34
545,837,CAUTIOUS_INTROVERT,0,0,0,1,1,1,1,1,1,1,0,0.3333,0.25,1.0,1.0,0.0,66.67,0.5174,1,1,39665,0,NO,0,1,70.55
102,187,BUDGET_CONSCIOUS,2,0,1,0,1,0,1,3,1,1,0,0.5,0.75,1.0,1.0,0.0,62.5,0.2544,1,1,22799,0,NO,0,1,60.48
199,431,SELECTIVE_PLANNER,2,0,0,0,1,1,1,0,1,0,1,1.0,0.0,0.3333,0.0,1.0,51.67,0.6354,1,1,46374,1,YES,0,2,100.0
255,571,CAUTIOUS_INTROVERT,0,0,1,1,1,0,1,0,0,0,0,1.0,0.0,0.0,0.0,0.0,49.17,0.6324,1,0,0,0,YES,0,2,71.17
916,805,SELECTIVE_PLANNER,1,2,0,0,0,1,2,2,1,1,1,1.0,0.6667,1.0,1.0,1.0,75.83,0.6683,1,0,0,0,YES,0,2,97.83
1000,801,SOCIAL_EXPLORER,2,2,1,0,0,0,1,2,2,1,0,0.5,0.5,1.0,1.0,0.0,45.83,0.6513,1,1,42194,0,YES,0,2,90.6
495,192,SELECTIVE_PLANNER,1,1,0,0,0,1,1,2,1,1,0,1.0,0.6667,1.0,1.0,0.0,76.67,0.6969,1,1,41891,1,YES,0,2,100.0
832,393,CAUTIOUS_INTROVERT,1,2,0,0,0,1,1,1,1,0,0,1.0,0.1667,1.0,0.0,0.0,50.83,0.3949,1,1,24281,0,NO,0,1,49.33
935,839,SPONTANEOUS_ADVENTURER,0,2,1,1,0,0,1,0,0,0,0,1.0,0.0,0.0,0.0,0.0,37.5,0.2366,0,0,0,0,NO,0,0,19.5
251,671,BUDGET_CONSCIOUS,0,1,0,1,0,1,1,0,0,0,0,0.5,0.0,0.0,0.0,0.0,39.17,0.6276,1,0,0,0,YES,0,2,61.17
241,34,BUDGET_CONSCIOUS,0,0,1,1,1,0,1,2,1,0,1,1.0,0.4,0.3333,0.0,1.0,65.5,0.8923,1,1,47096,1,YES,1,3,100.0
876,600,BUDGET_CONSCIOUS,1,0,1,0,1,0,1,1,1,0,0,1.0,0.1667,1.0,0.0,0.0,56.67,0.6782,1,1,40056,1,YES,0,2,100.0
206,575,SOCIAL_EXPLORER,0,0,1,1,1,0,1,1,0,0,0,0.3333,0.2,0.0,0.0,0.0,39.83,0.6917,1,1,43915,0,YES,0,2,85.2
634,959,SELECTIVE_PLANNER,1,1,0,0,0,1,1,0,0,0,0,0.3333,0.0,0.0,0.0,0.0,30.0,0.049,0,0,0,0,NO,0,0,12.0
807,389,SOCIAL_EXPLORER,2,2,0,0,0,1,1,2,1,1,1,0.3333,0.4,1.0,1.0,1.0,51.33,0.6616,0,0,0,1,YES,0,2,85.33
720,913,SOCIAL_EXPLORER,2,0,1,0,1,0,1,0,0,0,0,0.3333,0.0,0.0,0.0,0.0,24.17,0.4494,1,0,0,0,NO,0,0,6.17
704,859,CAUTIOUS_INTROVERT,2,2,1,0,0,0,1,1,1,1,0,1.0,0.3333,0.5,1.0,0.0,47.5,0.3717,1,0,0,0,NO,0,0,29.5
291,199,BUDGET_CONSCIOUS,0,1,0,1,0,1,1,0,0,0,0,1.0,0.0,0.0,0.0,0.0,49.17,0.7894,1,1,52907,1,YES,1,3,100.0
197,679,BUDGET_CONSCIOUS,2,1,2,0,0,0,1,4,1,1,1,0.5,1.0,0.5,1.0,1.0,55.83,0.1373,0,0,0,0,NO,0,0,37.83
25,797,SOCIAL_EXPLORER,0,0,1,1,1,0,1,0,1,1,0,1.0,0.0,1.0,1.0,0.0,69.17,0.8372,1,0,0,0,YES,1,3,100.0
64,626,CAUTIOUS_INTROVERT,0,0,2,1,1,0,1,0,0,0,0,1.0,0.0,0.0,0.0,0.0,43.33,0.2484,1,0,0,0,NO,0,0,25.33
645,572,SPONTANEOUS_ADVENTURER,1,0,1,0,1,0,1,0,0,0,0,1.0,0.0,0.0,0.0,0.0,43.33,0.7286,1,1,51356,0,YES,1,3,100.0
736,430,SOCIAL_EXPLORER,0,1,1,1,0,0,1,1,0,1,0,0.5,0.1429,0.0,1.0,0.0,46.19,0.6514,1,1,46706,1,YES,0,2,100.0
308,134,CAUTIOUS_INTROVERT,0,2,2,1,0,0,1,2,1,0,0,1.0,0.5,1.0,0.0,0.0,51.67,0.4964,1,0,0,1,SAVE_ONLY,0,1,63.67
320,469,SPONTANEOUS_ADVENTURER,2,0,0,0,1,1,1,1,0,1,0,0.5,0.1429,0.0,1.0,0.0,46.19,0.6691,1,1,37370,0,YES,0,2,89.27
637,761,CAUTIOUS_INTROVERT,0,2,2,1,0,0,1,2,1,1,1,0.5,0.6667,0.5,1.0,1.0,55.0,0.6425,0,0,0,1,YES,0,2,89.0
359,936,SOCIAL_EXPLORER,1,0,1,0,1,0,1,0,0,0,0,1.0,0.0,0.0,0.0,0.0,43.33,0.6509,0,0,0,1,YES,0,2,77.33
159,902,SELECTIVE_PLANNER,2,1,1,0,0,0,1,1,1,0,0,1.0,0.1667,0.3333,0.0,0.0,38.33,0.263,0,0,0,0,NO,0,0,20.33
721,262,SOCIAL_EXPLORER,1,0,0,0,1,1,1,0,1,1,0,0.5,0.0,0.5,1.0,0.0,54.17,0.6615,1,1,38344,1,YES,0,2,100.0
897,477,CAUTIOUS_INTROVERT,1,1,0,0,0,1,1,2,1,1,0,1.0,0.4,1.0,1.0,0.0,71.33,0.8684,1,1,59370,0,YES,1,3,100.0
950,470,SELECTIVE_PLANNER,0,0,0,1,1,1,1,1,0,0,0,1.0,0.2,0.0,0.0,0.0,59.0,0.876,1,1,56712,0,YES,1,3,100.0
898,521,BUDGET_CONSCIOUS,1,1,1,0,0,0,1,1,1,0,0,0.5,0.25,1.0,0.0,0.0,42.5,0.4285,1,0,0,1,SAVE_ONLY,0,1,54.5
182,936,SELECTIVE_PLANNER,0,1,0,1,0,1,1,0,0,0,0,1.0,0.0,0.0,0.0,0.0,49.17,0.2043,1,0,0,0,NO,0,0,31.17
967,956,CAUTIOUS_INTROVERT,0,1,1,1,0,0,1,1,0,0,0,1.0,0.2,0.0,0.0,0.0,47.33,0.4209,1,1,28356,0,NO,0,1,47.25
413,185,SOCIAL_EXPLORER,1,0,2,0,1,0,1,0,2,0,1,0.3333,0.0,1.0,0.0,1.0,39.17,0.3455,0,0,0,0,NO,0,0,21.17
424,724,SOCIAL_EXPLORER,1,2,2,0,0,0,1,2,1,1,1,0.5,0.5,0.3333,1.0,1.0,44.17,0.4996,1,1,39002,1,SAVE_ONLY,0,1,77.82
80,960,CAUTIOUS_INTROVERT,1,0,1,0,1,0,1,1,0,1,1,0.3333,0.1667,0.0,1.0,1.0,48.33,0.4636,0,0,0,1,SAVE_ONLY,0,1,60.33
842,15,SOCIAL_EXPLORER,0,1,1,1,0,0,0,0,0,0,0,0.0,0.0,0.0,0.0,0.0,23.33,0.4893,1,0,0,1,SAVE_ONLY,0,1,35.33
311,569,SPONTANEOUS_ADVENTURER,1,1,1,0,0,0,1,2,1,0,0,0.3333,0.3333,0.5,0.0,0.0,35.83,0.6293,1,1,39735,0,YES,0,2,79.74
326,374,CAUTIOUS_INTROVERT,0,1,0,1,0,1,1,1,1,1,0,1.0,0.25,1.0,1.0,0.0,74.17,0.6298,1,1,42525,0,YES,0,2,100.0
776,665,SPONTANEOUS_ADVENTURER,1,0,1,0,1,0,1,3,1,1,1,1.0,1.0,0.5,1.0,1.0,83.33,0.9665,1,1,53647,0,YES,1,3,100.0
621,478,BUDGET_CONSCIOUS,0,0,0,1,1,1,1,1,1,0,0,0.3333,0.2,1.0,0.0,0.0,55.67,0.5875,0,0,0,1,SAVE_ONLY,0,1,67.67
253,565,PASSIVE_BROWSER,0,1,0,1,0,1,1,0,0,0,0,0.5,0.0,0.0,0.0,0.0,39.17,0.1798,0,0,0,0,NO,0,0,21.17
247,130,SOCIAL_EXPLORER,1,1,1,0,0,0,1,3,1,1,1,1.0,0.75,1.0,1.0,1.0,77.5,0.9194,1,1,55827,0,SUPER_LIKE,1,3,100.0
400,245,CAUTIOUS_INTROVERT,1,0,1,0,1,0,1,2,1,1,0,0.5,0.6667,0.5,1.0,0.0,61.67,0.6816,1,1,42495,0,YES,0,2,100.0
269,778,SOCIAL_EXPLORER,0,1,1,1,0,0,1,2,2,0,1,1.0,0.3333,1.0,0.0,1.0,65.0,0.7237,1,1,38927,1,YES,1,3,100.0
89,513,CAUTIOUS_INTROVERT,0,1,0,1,0,1,1,0,0,1,0,1.0,0.0,0.0,1.0,0.0,59.17,0.7339,1,1,51697,0,YES,1,3,100.0
474,294,BUDGET_CONSCIOUS,1,2,0,0,0,1,1,1,0,0,0,0.5,0.1667,0.0,0.0,0.0,30.83,0.3503,1,1,18945,0,NO,0,1,27.46
506,815,SOCIAL_EXPLORER,0,2,0,1,0,1,1,1,0,0,0,1.0,0.1111,0.0,0.0,0.0,45.56,0.7226,0,0,0,1,YES,1,3,100.0
345,617,BUDGET_CONSCIOUS,1,1,0,0,0,1,1,1,0,0,1,0.5,0.25,0.0,0.0,1.0,43.33,0.3478,1,0,0,0,NO,0,0,25.33
153,193,SOCIAL_EXPLORER,1,1,0,0,0,1,1,0,1,1,0,1.0,0.0,1.0,1.0,0.0,63.33,0.7889,1,1,55697,1,YES,1,3,100.0
199,691,SELECTIVE_PLANNER,2,0,1,0,1,0,1,0,0,0,0,1.0,0.0,0.0,0.0,0.0,37.5,0.6105,1,1,40256,1,SAVE_ONLY,0,1,71.59
761,803,SOCIAL_EXPLORER,1,1,0,0,0,1,1,0,1,1,0,0.3333,0.0,0.5,1.0,0.0,45.0,0.6725,1,1,44457,1,YES,0,2,100.0
356,955,SPONTANEOUS_ADVENTURER,1,0,0,0,1,1,1,2,1,0,0,0.5,0.5,1.0,0.0,0.0,59.17,0.7628,1,1,39968,1,YES,1,3,100.0
619,223,BUDGET_CONSCIOUS,0,1,1,1,0,0,1,1,1,1,0,1.0,0.25,1.0,1.0,0.0,68.33,0.7731,1,1,53621,0,YES,1,3,100.0
78,251,BUDGET_CONSCIOUS,0,2,1,1,0,0,1,0,0,0,0,0.5,0.0,0.0,0.0,0.0,27.5,0.5446,1,1,32780,1,SAVE_ONLY,0,1,58.97
103,805,BUDGET_CONSCIOUS,1,0,1,0,1,0,2,2,1,0,0,1.0,0.5,1.0,0.0,0.0,63.33,0.6204,0,0,0,0,YES,0,2,85.33
551,996,SPONTANEOUS_ADVENTURER,0,0,0,1,1,1,1,1,1,1,0,0.5,0.1667,0.5,1.0,0.0,63.33,0.9097,1,1,48456,0,YES,1,3,100.0
356,193,SPONTANEOUS_ADVENTURER,1,2,1,0,0,0,1,0,0,0,0,0.5,0.0,0.0,0.0,0.0,21.67,0.156,1,0,0,0,NO,0,0,3.67
952,485,SOCIAL_EXPLORER,2,1,2,0,0,0,1,0,0,0,0,1.0,0.0,0.0,0.0,0.0,25.83,0.3088,1,1,22957,0,NO,0,1,23.86
495,637,SELECTIVE_PLANNER,0,2,1,1,0,0,1,0,1,0,0,1.0,0.0,1.0,0.0,0.0,47.5,0.3207,1,1,20398,0,NO,0,1,44.64
660,124,SOCIAL_EXPLORER,0,0,1,1,1,0,1,0,0,0,0,0.5,0.0,0.0,0.0,0.0,39.17,0.7172,1,0,0,0,YES,1,3,91.17
933,545,BUDGET_CONSCIOUS,1,0,1,0,1,0,1,1,0,1,0,1.0,0.25,0.0,1.0,0.0,58.33,0.6939,1,1,48992,1,YES,0,2,100.0
807,594,SOCIAL_EXPLORER,2,1,0,0,0,1,2,0,0,0,0,1.0,0.0,0.0,0.0,0.0,37.5,0.6701,1,0,0,1,YES,0,2,71.5
448,28,SOCIAL_EXPLORER,1,2,1,0,0,0,1,4,1,1,1,0.5,1.0,0.3333,1.0,1.0,60.0,0.6762,1,0,0,1,YES,0,2,94.0
632,771,SPONTANEOUS_ADVENTURER,2,1,1,0,0,0,1,1,0,0,0,0.5,0.2,0.0,0.0,0.0,25.67,0.6511,1,1,48285,0,YES,0,2,72.57
342,885,SOCIAL_EXPLORER,1,1,1,0,0,0,1,1,0,0,0,0.3333,0.1429,0.0,0.0,0.0,27.02,0.4752,1,1,30922,1,SAVE_ONLY,0,1,57.84
496,405,CAUTIOUS_INTROVERT,1,2,2,0,0,0,1,1,1,1,0,0.5,0.2,0.5,1.0,0.0,34.83,0.2374,1,1,25529,0,NO,0,1,33.77
194,760,SOCIAL_EXPLORER,2,1,0,0,0,1,1,2,0,1,1,0.5,0.5,0.0,1.0,1.0,52.5,0.622,1,1,35164,0,YES,0,2,94.81
488,941,SOCIAL_EXPLORER,0,1,0,1,0,1,1,2,1,0,1,1.0,0.5,0.3333,0.0,1.0,67.5,0.9264,1,1,59401,1,YES,1,3,100.0
96,829,BUDGET_CONSCIOUS,1,0,2,0,1,0,1,1,0,0,0,1.0,0.2,0.0,0.0,0.0,41.5,0.3356,1,0,0,0,NO,0,0,23.5
496,862,CAUTIOUS_INTROVERT,1,0,0,0,1,1,1,2,1,1,1,1.0,0.4,0.5,1.0,1.0,77.17,0.8433,1,1,57911,0,YES,1,3,100.0
172,567,SOCIAL_EXPLORER,1,0,1,0,1,0,1,1,0,1,1,0.5,0.1429,0.0,1.0,1.0,51.19,0.6883,1,1,37498,1,YES,0,2,100.0
704,527,CAUTIOUS_INTROVERT,2,0,2,0,1,0,1,1,1,0,0,1.0,0.25,0.3333,0.0,0.0,40.0,0.1143,0,0,0,0,NO,0,0,22.0
30,216,CAUTIOUS_INTROVERT,1,0,1,0,1,0,1,4,1,1,1,0.5,1.0,0.3333,1.0,1.0,71.67,0.8094,1,1,56767,1,YES,1,3,100.0
840,640,BUDGET_CONSCIOUS,0,1,0,1,0,1,1,1,1,0,1,1.0,0.1667,0.5,0.0,1.0,62.5,0.9028,1,1,57586,1,YES,1,3,100.0
495,678,SELECTIVE_PLANNER,1,0,1,0,1,0,1,2,1,1,0,1.0,0.5,1.0,1.0,0.0,73.33,0.8333,1,1,52539,1,YES,1,3,100.0
378,597,BUDGET_CONSCIOUS,0,1,2,1,0,0,2,0,0,0,0,1.0,0.0,0.0,0.0,0.0,37.5,0.6206,1,0,0,0,YES,0,2,59.5
264,50,SOCIAL_EXPLORER,0,1,0,1,0,1,1,2,1,1,0,0.5,0.4,0.5,1.0,0.0,62.17,0.9257,1,1,58812,0,SUPER_LIKE,1,3,100.0
615,281,BUDGET_CONSCIOUS,2,1,1,0,0,0,1,1,0,0,0,0.5,0.1429,0.0,0.0,0.0,24.52,0.0,1,0,0,0,NO,0,0,6.52
545,799,CAUTIOUS_INTROVERT,0,1,1,1,0,0,1,0,0,0,0,0.5,0.0,0.0,0.0,0.0,33.33,0.272,0,0,0,0,NO,0,0,15.33
122,537,BUDGET_CONSCIOUS,1,1,1,0,0,0,2,0,0,0,0,1.0,0.0,0.0,0.0,0.0,37.5,0.3506,1,0,0,0,NO,0,0,19.5
565,872,SELECTIVE_PLANNER,1,2,1,0,0,0,1,3,0,1,1,0.3333,0.75,0.0,1.0,1.0,48.33,0.4038,1,1,27948,0,NO,0,1,48.11
392,430,SOCIAL_EXPLORER,0,1,1,1,0,0,1,0,0,0,0,1.0,0.0,0.0,0.0,0.0,43.33,0.6521,1,1,44289,1,YES,0,2,100.0
770,574,CAUTIOUS_INTROVERT,1,1,0,0,0,1,1,0,0,0,0,0.5,0.0,0.0,0.0,0.0,33.33,0.3191,1,1,20138,0,NO,0,1,30.38
861,293,SOCIAL_EXPLORER,0,0,1,1,1,0,1,1,1,0,0,0.5,0.1667,0.3333,0.0,0.0,45.83,0.6972,1,1,39237,0,YES,0,2,89.56
164,691,BUDGET_CONSCIOUS,0,0,2,1,1,0,1,0,0,0,0,0.5,0.0,0.0,0.0,0.0,33.33,0.554,0,0,0,1,SAVE_ONLY,0,1,45.33
841,733,SOCIAL_EXPLORER,0,1,0,1,0,1,1,1,1,1,0,0.5,0.2,0.5,1.0,0.0,58.17,0.8843,1,1,51902,0,SUPER_LIKE,1,3,100.0
665,737,SOCIAL_EXPLORER,0,1,0,1,0,1,1,1,1,1,1,1.0,0.25,0.5,1.0,1.0,74.17,1.0,1,1,62845,0,SUPER_LIKE,1,3,100.0
661,366,SOCIAL_EXPLORER,0,2,1,1,0,0,1,2,1,1,0,0.5,0.4,1.0,1.0,0.0,55.5,0.6604,1,1,43590,0,YES,0,2,100.0
302,66,PASSIVE_BROWSER,0,0,0,1,1,1,1,0,1,0,0,0.5,0.0,0.5,0.0,0.0,50.0,0.351,0,0,0,0,NO,0,0,32.0
477,855,CAUTIOUS_INTROVERT,1,2,1,0,0,0,1,1,1,1,1,1.0,0.25,1.0,1.0,1.0,61.67,0.6263,1,1,45140,0,YES,0,2,100.0
564,363,SOCIAL_EXPLORER,2,2,0,0,0,1,1,0,0,0,1,0.3333,0.0,0.0,0.0,1.0,23.33,0.2965,0,0,0,0,NO,0,0,5.33
890,350,BUDGET_CONSCIOUS,1,0,0,0,1,1,1,0,2,1,1,0.5,0.0,1.0,1.0,1.0,64.17,0.6066,1,1,44333,0,NO,0,1,69.69
298,667,BUDGET_CONSCIOUS,2,0,1,0,1,0,1,2,0,0,0,0.5,0.5,0.0,0.0,0.0,37.5,0.051,0,0,0,0,NO,0,0,19.5
412,60,CAUTIOUS_INTROVERT,1,2,1,0,0,0,1,1,1,0,0,1.0,0.2,0.5,0.0,0.0,40.67,0.38,1,1,31054,0,NO,0,1,41.54
835,127,SPONTANEOUS_ADVENTURER,1,1,1,0,0,0,1,0,0,1,0,1.0,0.0,0.0,1.0,0.0,47.5,0.545,1,1,28239,1,SAVE_ONLY,0,1,77.38
604,344,BUDGET_CONSCIOUS,0,1,1,1,0,0,1,1,0,0,0,1.0,0.2,0.0,0.0,0.0,47.33,0.5505,1,0,0,0,NO,0,0,29.33
84,49,SELECTIVE_PLANNER,0,1,1,1,0,0,1,3,1,1,1,1.0,0.6,0.5,1.0,1.0,75.33,0.4304,1,0,0,0,NO,0,0,57.33
293,507,BUDGET_CONSCIOUS,0,1,1,1,0,0,1,2,1,1,0,0.5,0.5,0.5,1.0,0.0,58.33,0.7427,1,1,49801,1,YES,1,3,100.0
972,345,CAUTIOUS_INTROVERT,2,1,1,0,0,0,1,1,0,0,0,0.5,0.25,0.0,0.0,0.0,26.67,0.2796,1,0,0,0,NO,0,0,8.67
781,97,BUDGET_CONSCIOUS,0,1,1,1,0,0,1,0,0,0,0,1.0,0.0,0.0,0.0,0.0,43.33,0.608,1,1,45106,0,NO,0,1,49.12
624,780,BUDGET_CONSCIOUS,2,0,1,0,1,0,1,0,0,0,0,0.5,0.0,0.0,0.0,0.0,27.5,0.0,0,0,0,0,NO,0,0,9.5
90,154,SOCIAL_EXPLORER,0,0,1,1,1,0,1,3,0,0,1,1.0,0.6,0.0,0.0,1.0,66.17,0.7529,1,0,0,0,YES,1,3,100.0
286,883,BUDGET_CONSCIOUS,1,2,2,0,0,0,1,1,1,0,0,1.0,0.2,1.0,0.0,0.0,39.83,0.4595,1,1,27710,1,SAVE_ONLY,0,1,69.53
459,966,SOCIAL_EXPLORER,0,1,0,1,0,1,1,0,0,0,0,0.25,0.0,0.0,0.0,0.0,34.17,0.6859,1,1,40894,0,YES,0,2,78.48
613,134,SOCIAL_EXPLORER,0,2,0,1,0,1,1,0,0,0,0,1.0,0.0,0.0,0.0,0.0,43.33,0.6963,1,1,44076,1,YES,0,2,100.0
373,594,SOCIAL_EXPLORER,2,1,0,0,0,1,1,1,1,1,1,0.5,0.1667,1.0,1.0,1.0,55.83,0.8687,1,1,50358,0,YES,1,3,100.0
282,613,BUDGET_CONSCIOUS,1,2,0,0,0,1,1,3,1,1,1,1.0,0.75,1.0,1.0,1.0,77.5,0.7143,1,0,0,0,YES,1,3,100.0
902,403,BUDGET_CONSCIOUS,0,2,1,1,0,0,1,1,0,1,1,1.0,0.2,0.0,1.0,1.0,56.5,0.7396,1,0,0,1,YES,1,3,100.0
257,394,CAUTIOUS_INTROVERT,0,1,1,1,0,0,1,2,1,1,0,1.0,0.6667,1.0,1.0,0.0,76.67,1.0,1,1,63082,1,YES,1,3,100.0
752,419,SPONTANEOUS_ADVENTURER,0,0,1,1,1,0,1,1,0,0,0,0.5,0.1667,0.0,0.0,0.0,42.5,0.7526,1,1,49183,1,YES,1,3,100.0
217,806,SELECTIVE_PLANNER,1,2,1,0,0,0,1,2,2,1,0,0.5,0.4,1.0,1.0,0.0,49.67,0.4241,0,0,0,1,SAVE_ONLY,0,1,61.67
628,922,SPONTANEOUS_ADVENTURER,1,1,1,0,0,0,1,2,1,0,0,0.5,0.4,0.5,0.0,0.0,40.5,0.6705,1,0,0,0,YES,0,2,62.5
425,340,SOCIAL_EXPLORER,0,0,2,1,1,0,1,1,1,0,1,1.0,0.3333,0.3333,0.0,1.0,58.33,0.6591,1,1,46554,1,YES,0,2,100.0
160,306,BUDGET_CONSCIOUS,2,0,0,0,1,1,1,0,0,0,0,0.5,0.0,0.0,0.0,0.0,33.33,0.0,0,0,0,0,NO,0,0,15.33
297,13,BUDGET_CONSCIOUS,2,1,0,0,0,1,0,0,0,0,0,0.0,0.0,0.0,0.0,0.0,17.5,0.0,1,0,0,0,NO,0,0,0.0
780,366,BUDGET_CONSCIOUS,1,1,0,0,0,1,1,1,0,0,1,0.5,0.2,0.0,0.0,1.0,42.33,0.5015,1,1,36382,1,SAVE_ONLY,0,1,75.06
288,826,CAUTIOUS_INTROVERT,2,1,2,0,0,0,1,0,1,0,0,1.0,0.0,1.0,0.0,0.0,35.83,0.1494,1,0,0,0,NO,0,0,17.83
257,353,CAUTIOUS_INTROVERT,1,1,1,0,0,0,1,0,1,0,1,1.0,0.0,0.5,0.0,1.0,47.5,0.3443,0,0,0,0,NO,0,0,29.5
744,125,SOCIAL_EXPLORER,2,1,0,0,0,1,1,1,1,1,0,0.5,0.2,1.0,1.0,0.0,51.5,0.6634,1,1,38937,1,YES,0,2,100.0
872,908,CAUTIOUS_INTROVERT,1,0,0,0,1,1,1,0,0,0,0,0.5,0.0,0.0,0.0,0.0,39.17,0.3066,0,0,0,0,NO,0,0,21.17
234,741,BUDGET_CONSCIOUS,1,0,1,0,1,0,2,2,1,1,0,0.5,0.5,0.5,1.0,0.0,58.33,0.5529,1,0,0,1,SAVE_ONLY,0,1,70.33
663,533,SOCIAL_EXPLORER,1,1,0,0,0,1,1,2,1,0,1,1.0,0.4,1.0,0.0,1.0,66.33,0.8655,1,1,53866,0,YES,1,3,100.0
620,920,CAUTIOUS_INTROVERT,1,0,0,0,1,1,1,0,1,0,1,0.3333,0.0,0.3333,0.0,1.0,44.17,0.5549,1,0,0,0,NO,0,0,26.17
701,917,SPONTANEOUS_ADVENTURER,0,1,1,1,0,0,1,1,0,0,1,1.0,0.3333,0.0,0.0,1.0,55.0,0.655,1,0,0,0,YES,0,2,77.0
451,122,SPONTANEOUS_ADVENTURER,1,0,1,0,1,0,1,0,1,1,0,0.5,0.0,1.0,1.0,0.0,53.33,0.6903,1,0,0,1,YES,0,2,87.33
91,750,SOCIAL_EXPLORER,1,2,2,0,0,0,1,0,0,0,0,1.0,0.0,0.0,0.0,0.0,25.83,0.1618,0,0,0,0,NO,0,0,7.83
898,852,BUDGET_CONSCIOUS,1,0,2,0,1,0,1,1,1,0,0,0.5,0.3333,1.0,0.0,0.0,44.17,0.5897,1,1,35200,0,NO,0,1,46.49
629,94,BUDGET_CONSCIOUS,1,1,0,0,0,1,1,1,0,0,0,1.0,0.1429,0.0,0.0,0.0,46.19,0.4697,1,1,37457,0,NO,0,1,49.3
260,53,SOCIAL_EXPLORER,1,0,2,0,1,0,1,2,1,1,1,0.5,0.6667,0.5,1.0,1.0,60.83,0.6055,0,0,0,1,SAVE_ONLY,0,1,72.83
828,526,BUDGET_CONSCIOUS,0,1,0,1,0,1,1,2,0,1,0,0.5,0.4,0.0,1.0,0.0,57.17,0.7355,1,0,0,0,YES,1,3,100.0
44,141,BUDGET_CONSCIOUS,1,0,0,0,1,1,1,0,1,0,0,1.0,0.0,0.5,0.0,0.0,54.17,0.5776,1,1,42793,1,SAVE_ONLY,0,1,89.15
793,888,BUDGET_CONSCIOUS,1,0,0,0,1,1,2,3,1,1,0,1.0,0.75,1.0,1.0,0.0,84.17,0.826,1,1,49545,0,YES,1,3,100.0
500,238,SPONTANEOUS_ADVENTURER,1,2,1,0,0,0,1,1,1,0,0,0.5,0.3333,1.0,0.0,0.0,38.33,0.4325,0,0,0,1,SAVE_ONLY,0,1,50.33
91,752,SOCIAL_EXPLORER,0,1,1,1,0,0,1,0,0,0,0,0.5,0.0,0.0,0.0,0.0,33.33,0.5262,0,0,0,0,NO,0,0,15.33
82,372,BUDGET_CONSCIOUS,1,1,2,0,0,0,1,0,0,0,0,1.0,0.0,0.0,0.0,0.0,31.67,0.3648,0,0,0,0,NO,0,0,13.67
13,214,SOCIAL_EXPLORER,2,0,0,0,1,1,0,0,0,0,0,0.0,0.0,0.0,0.0,0.0,23.33,0.4517,1,0,0,0,NO,0,0,5.33
959,804,SPONTANEOUS_ADVENTURER,2,0,1,0,1,0,1,1,0,0,0,0.5,0.1667,0.0,0.0,0.0,30.83,0.7247,1,0,0,0,YES,1,3,82.83
742,28,SELECTIVE_PLANNER,0,0,0,1,1,1,1,1,1,1,0,0.5,0.1667,0.5,1.0,0.0,63.33,0.7848,1,1,49898,0,YES,1,3,100.0
952,992,SOCIAL_EXPLORER,0,1,1,1,0,0,1,2,1,0,0,1.0,0.2857,1.0,0.0,0.0,59.05,0.7495,1,0,0,1,YES,1,3,100.0
707,655,CAUTIOUS_INTROVERT,0,1,2,1,0,0,1,0,0,0,0,1.0,0.0,0.0,0.0,0.0,37.5,0.1231,0,0,0,0,NO,0,0,19.5
452,481,SELECTIVE_PLANNER,0,1,0,1,0,1,1,2,0,0,0,1.0,0.3333,0.0,0.0,0.0,55.83,0.2746,0,0,0,0,NO,0,0,37.83
904,852,SPONTANEOUS_ADVENTURER,0,0,1,1,1,0,1,1,1,0,0,1.0,0.3333,1.0,0.0,0.0,65.83,0.8714,1,1,48055,0,YES,1,3,100.0
188,873,SOCIAL_EXPLORER,1,1,0,0,0,1,2,1,1,0,0,1.0,0.25,0.5,0.0,0.0,53.33,0.587,1,1,40316,1,SAVE_ONLY,0,1,87.44
463,896,PASSIVE_BROWSER,0,0,1,1,1,0,1,4,2,1,1,1.0,1.0,1.0,1.0,1.0,94.17,0.8262,1,0,0,1,SAVE_ONLY,0,1,100.0
998,193,BUDGET_CONSCIOUS,2,2,2,0,0,0,1,1,0,0,0,1.0,0.1429,0.0,0.0,0.0,22.86,0.0,0,0,0,0,NO,0,0,4.86
447,960,CAUTIOUS_INTROVERT,1,2,1,0,0,0,1,3,0,1,1,0.5,0.75,0.0,1.0,1.0,51.67,0.6329,1,0,0,0,YES,0,2,73.67
799,46,SPONTANEOUS_ADVENTURER,0,1,1,1,0,0,1,1,0,0,0,0.3333,0.2,0.0,0.0,0.0,34.0,0.6159,1,1,43478,0,NO,0,1,39.22
243,145,SELECTIVE_PLANNER,1,0,0,0,1,1,1,1,1,0,0,0.5,0.125,0.5,0.0,0.0,46.67,0.6607,1,1,37190,0,YES,0,2,89.69
887,876,CAUTIOUS_INTROVERT,1,1,2,0,0,0,1,2,1,1,1,0.5,0.3333,1.0,1.0,1.0,53.33,0.3509,0,0,0,0,NO,0,0,35.33
185,475,BUDGET_CONSCIOUS,1,1,0,0,0,1,2,1,1,1,1,1.0,0.3333,0.5,1.0,1.0,70.0,0.7901,1,1,56972,0,YES,1,3,100.0
373,990,SOCIAL_EXPLORER,1,2,1,0,0,0,1,0,0,0,0,0.5,0.0,0.0,0.0,0.0,21.67,0.4406,1,1,30466,0,NO,0,1,22.33
124,821,SOCIAL_EXPLORER,1,0,1,0,1,0,1,0,0,0,0,0.3333,0.0,0.0,0.0,0.0,30.0,0.6241,1,1,38573,1,YES,0,2,85.5
999,297,SOCIAL_EXPLORER,1,1,0,0,0,1,1,1,1,0,1,1.0,0.25,1.0,0.0,1.0,63.33,0.8916,0,0,0,1,SUPER_LIKE,1,3,100.0
118,264,SOCIAL_EXPLORER,1,1,0,0,0,1,1,1,0,0,1,0.3333,0.1667,0.0,0.0,1.0,38.33,0.5578,0,0,0,1,SAVE_ONLY,0,1,50.33
999,758,SOCIAL_EXPLORER,1,0,2,0,1,0,1,1,1,0,0,1.0,0.1667,0.5,0.0,0.0,45.83,0.4039,0,0,0,0,NO,0,0,27.83
423,398,SOCIAL_EXPLORER,0,0,1,1,1,0,1,1,0,0,0,0.5,0.1667,0.0,0.0,0.0,42.5,0.5238,1,0,0,0,NO,0,0,24.5
120,790,SOCIAL_EXPLORER,0,0,2,1,1,0,1,0,0,0,1,1.0,0.0,0.0,0.0,1.0,48.33,0.3656,0,0,0,0,NO,0,0,30.33
893,188,SOCIAL_EXPLORER,0,1,0,1,0,1,1,2,1,1,1,0.3333,0.5,0.3333,1.0,1.0,64.17,0.9731,1,1,58807,0,YES,1,3,100.0
855,286,SELECTIVE_PLANNER,1,0,1,0,1,0,1,0,1,0,0,1.0,0.0,1.0,0.0,0.0,53.33,0.669,1,1,46136,0,YES,0,2,99.48
37,122,SOCIAL_EXPLORER,1,1,2,0,0,0,1,1,0,0,0,0.5,0.25,0.0,0.0,0.0,26.67,0.3439,1,0,0,0,NO,0,0,8.67
175,818,SPONTANEOUS_ADVENTURER,1,1,1,0,0,0,1,2,1,0,1,0.3333,0.3333,1.0,0.0,1.0,45.83,0.6005,1,1,41010,0,NO,0,1,50.18
925,96,SPONTANEOUS_ADVENTURER,1,0,1,0,1,0,1,1,0,0,0,1.0,0.1429,0.0,0.0,0.0,46.19,0.6926,1,1,37178,0,YES,0,2,89.2
733,261,SOCIAL_EXPLORER,1,1,0,0,0,1,1,1,0,0,0,0.3333,0.2,0.0,0.0,0.0,34.0,0.4867,1,0,0,0,NO,0,0,16.0
227,1019,SOCIAL_EXPLORER,1,0,1,0,1,0,0,0,0,0,0,0.0,0.0,0.0,0.0,0.0,23.33,0.4653,1,1,30982,1,SAVE_ONLY,0,1,54.17
193,319,SOCIAL_EXPLORER,1,2,0,0,0,1,1,0,0,0,0,1.0,0.0,0.0,0.0,0.0,37.5,0.6465,1,0,0,0,YES,0,2,59.5
362,171,SOCIAL_EXPLORER,2,1,0,0,0,1,1,1,0,0,1,0.3333,0.1667,0.0,0.0,1.0,32.5,0.6123,1,1,44138,0,NO,0,1,37.95
461,1003,CAUTIOUS_INTROVERT,2,1,1,0,0,0,1,0,1,1,1,1.0,0.0,0.5,1.0,1.0,51.67,0.6468,1,0,0,0,YES,0,2,73.67
331,632,CAUTIOUS_INTROVERT,1,1,1,0,0,0,1,1,0,0,0,0.5,0.1429,0.0,0.0,0.0,30.36,0.3622,0,0,0,0,NO,0,0,12.36
467,596,BUDGET_CONSCIOUS,1,2,1,0,0,0,1,0,0,0,0,1.0,0.0,0.0,0.0,0.0,31.67,0.388,1,1,33696,0,NO,0,1,33.46
674,427,SPONTANEOUS_ADVENTURER,0,0,1,1,1,0,1,1,1,0,0,1.0,0.2,0.5,0.0,0.0,58.17,0.8229,0,0,0,0,SUPER_LIKE,1,3,100.0
573,339,CAUTIOUS_INTROVERT,1,0,0,0,1,1,1,2,0,0,0,0.5,0.4,0.0,0.0,0.0,47.17,0.52,1,1,32588,1,SAVE_ONLY,0,1,78.58
750,126,CAUTIOUS_INTROVERT,1,1,0,0,0,1,1,2,0,0,0,1.0,0.6667,0.0,0.0,0.0,56.67,0.6459,0,0,0,0,YES,0,2,78.67
823,545,SPONTANEOUS_ADVENTURER,0,1,1,1,0,0,1,0,0,0,0,1.0,0.0,0.0,0.0,0.0,43.33,0.7418,1,1,44744,0,YES,1,3,100.0
422,335,CAUTIOUS_INTROVERT,1,0,1,0,1,0,1,0,1,0,0,1.0,0.0,0.5,0.0,0.0,48.33,0.4059,0,0,0,0,NO,0,0,30.33
613,609,SOCIAL_EXPLORER,1,2,2,0,0,0,1,2,1,0,0,0.5,0.2857,1.0,0.0,0.0,31.55,0.2,0,0,0,0,NO,0,0,13.55
999,330,SOCIAL_EXPLORER,0,2,1,1,0,0,1,1,1,1,0,0.5,0.1667,1.0,1.0,0.0,50.83,0.6487,1,1,39109,0,YES,0,2,94.52
968,376,SOCIAL_EXPLORER,0,1,2,1,0,0,2,2,0,1,1,0.6667,0.2857,0.0,1.0,1.0,51.55,0.4776,1,1,38519,0,NO,0,1,55.03
861,358,SOCIAL_EXPLORER,1,0,1,0,1,0,1,0,0,0,0,0.5,0.0,0.0,0.0,0.0,33.33,0.5983,0,0,0,1,SAVE_ONLY,0,1,45.33
40,650,BUDGET_CONSCIOUS,1,2,1,0,0,0,1,0,0,0,1,0.5,0.0,0.0,0.0,1.0,26.67,0.3531,1,0,0,0,NO,0,0,8.67
743,426,SELECTIVE_PLANNER,1,2,0,0,0,1,1,0,0,0,0,0.5,0.0,0.0,0.0,0.0,27.5,0.0,0,0,0,0,NO,0,0,9.5
412,23,CAUTIOUS_INTROVERT,1,0,1,0,1,0,1,0,1,0,0,0.3333,0.0,0.5,0.0,0.0,35.0,0.3201,1,0,0,0,NO,0,0,17.0
502,96,BUDGET_CONSCIOUS,1,1,1,0,0,0,1,1,0,0,0,1.0,0.1429,0.0,0.0,0.0,40.36,0.4782,0,0,0,0,NO,0,0,22.36
887,79,CAUTIOUS_INTROVERT,1,1,1,0,0,0,1,2,1,0,0,0.5,0.3333,0.5,0.0,0.0,39.17,0.5449,1,1,28873,1,SAVE_ONLY,0,1,69.28
176,800,SELECTIVE_PLANNER,1,0,1,0,1,0,1,0,0,1,0,1.0,0.0,0.0,1.0,0.0,53.33,0.6304,0,0,0,1,YES,0,2,87.33
795,724,CAUTIOUS_INTROVERT,1,2,0,0,0,1,1,2,1,1,1,0.5,0.3333,0.5,1.0,1.0,54.17,0.7888,1,0,0,0,YES,1,3,100.0
841,640,SOCIAL_EXPLORER,1,2,0,0,0,1,1,1,0,0,1,1.0,0.1667,0.0,0.0,1.0,45.83,0.574,0,0,0,1,SAVE_ONLY,0,1,57.83
374,511,SELECTIVE_PLANNER,0,2,1,1,0,0,1,0,0,0,0,0.5,0.0,0.0,0.0,0.0,27.5,0.0932,0,0,0,0,NO,0,0,9.5
61,838,SOCIAL_EXPLORER,0,1,1,1,0,0,1,2,1,0,1,0.5,0.5,1.0,0.0,1.0,58.33,0.9174,1,1,52096,0,YES,1,3,100.0
64,776,CAUTIOUS_INTROVERT,1,0,1,0,1,0,1,2,0,0,0,1.0,0.4,0.0,0.0,0.0,51.33,0.6852,1,1,40864,1,YES,0,2,100.0
425,753,SOCIAL_EXPLORER,0,1,1,1,0,0,1,1,1,0,1,1.0,0.25,0.5,0.0,1.0,58.33,0.7885,1,0,0,1,YES,1,3,100.0
150,513,BUDGET_CONSCIOUS,2,1,1,0,0,0,1,1,0,0,0,0.3333,0.125,0.0,0.0,0.0,20.83,0.0,0,0,0,0,NO,0,0,2.83
988,260,SOCIAL_EXPLORER,1,1,0,0,0,1,1,0,0,0,0,0.5,0.0,0.0,0.0,0.0,33.33,0.669,0,0,0,0,YES,0,2,55.33
785,398,BUDGET_CONSCIOUS,1,0,1,0,1,0,1,1,0,0,1,0.5,0.3333,0.0,0.0,1.0,45.0,0.3865,0,0,0,0,NO,0,0,27.0
550,874,CAUTIOUS_INTROVERT,1,0,1,0,1,0,1,3,1,1,1,0.5,0.75,1.0,1.0,1.0,73.33,0.9423,1,1,59984,0,YES,1,3,100.0
67,750,BUDGET_CONSCIOUS,1,2,0,0,0,1,1,3,0,0,0,0.5,0.75,0.0,0.0,0.0,42.5,0.3894,0,0,0,0,NO,0,0,24.5
306,680,SOCIAL_EXPLORER,0,0,1,1,1,0,1,2,0,0,0,0.5,0.25,0.0,0.0,0.0,44.17,0.6827,1,1,37482,0,YES,0,2,87.29
570,237,BUDGET_CONSCIOUS,0,1,0,1,0,1,1,0,0,0,0,0.5,0.0,0.0,0.0,0.0,39.17,0.6241,0,0,0,1,YES,0,2,73.17
249,674,SOCIAL_EXPLORER,1,0,1,0,1,0,1,2,1,0,0,1.0,0.5,1.0,0.0,0.0,63.33,0.888,1,1,48227,0,YES,1,3,100.0
802,331,SPONTANEOUS_ADVENTURER,1,0,1,0,1,0,2,2,0,0,0,1.0,0.3333,0.0,0.0,0.0,50.0,0.7879,1,1,41349,0,YES,1,3,100.0
670,516,CAUTIOUS_INTROVERT,1,1,0,0,0,1,1,2,1,0,1,0.3333,0.6667,1.0,0.0,1.0,58.33,0.8513,1,1,49876,1,SUPER_LIKE,1,3,100.0
673,465,BUDGET_CONSCIOUS,1,0,0,0,1,1,1,3,1,0,1,0.3333,0.75,1.0,0.0,1.0,65.83,0.5898,1,1,45885,0,NO,0,1,71.89
282,768,BUDGET_CONSCIOUS,1,0,2,0,1,0,1,0,0,1,0,0.5,0.0,0.0,1.0,0.0,37.5,0.3819,1,0,0,0,NO,0,0,19.5
142,339,SOCIAL_EXPLORER,1,2,2,0,0,0,1,1,0,0,1,0.5,0.125,0.0,0.0,1.0,23.33,0.3127,1,1,18877,0,NO,0,1,19.94
76,78,SOCIAL_EXPLORER,1,1,1,0,0,0,2,4,1,1,1,1.0,0.8,0.5,1.0,1.0,73.5,0.8352,1,1,47779,0,YES,1,3,100.0
1012,101,SOCIAL_EXPLORER,2,0,0,0,1,1,1,0,1,0,0,0.3333,0.0,0.5,0.0,0.0,35.0,0.6714,0,0,0,0,YES,0,2,57.0
899,403,BUDGET_CONSCIOUS,0,0,0,1,1,1,1,1,1,0,0,1.0,0.1667,1.0,0.0,0.0,68.33,0.6975,1,1,36994,1,YES,0,2,100.0
182,546,SELECTIVE_PLANNER,0,2,1,1,0,0,1,1,1,0,0,1.0,0.2,0.5,0.0,0.0,46.5,0.2617,0,0,0,0,NO,0,0,28.5
295,801,CAUTIOUS_INTROVERT,1,1,1,0,0,0,1,0,0,0,0,1.0,0.0,0.0,0.0,0.0,37.5,0.4854,1,0,0,1,SAVE_ONLY,0,1,49.5
223,834,BUDGET_CONSCIOUS,1,0,1,0,1,0,1,0,0,0,0,0.5,0.0,0.0,0.0,0.0,33.33,0.4561,1,0,0,1,SAVE_ONLY,0,1,45.33
355,445,CAUTIOUS_INTROVERT,0,1,0,1,0,1,1,1,1,0,0,1.0,0.25,1.0,0.0,0.0,64.17,0.6772,1,1,47449,0,YES,0,2,100.0
60,187,SELECTIVE_PLANNER,0,0,0,1,1,1,1,0,0,0,0,0.5,0.0,0.0,0.0,0.0,45.0,0.6761,1,1,49838,1,YES,0,2,100.0
603,833,SELECTIVE_PLANNER,0,0,1,1,1,0,1,0,1,1,0,0.3333,0.0,0.5,1.0,0.0,50.83,0.6764,1,1,48740,0,YES,0,2,97.89
1000,374,SOCIAL_EXPLORER,1,2,1,0,0,0,1,0,1,1,0,0.5,0.0,0.5,1.0,0.0,36.67,0.6295,1,0,0,1,YES,0,2,70.67
417,729,BUDGET_CONSCIOUS,0,1,1,1,0,0,1,2,1,0,0,1.0,0.4,1.0,0.0,0.0,61.33,0.7507,1,1,52537,1,YES,1,3,100.0
768,222,CAUTIOUS_INTROVERT,0,0,0,1,1,1,1,1,1,0,0,0.5,0.1667,1.0,0.0,0.0,58.33,0.7316,0,0,0,0,YES,1,3,100.0
971,836,BUDGET_CONSCIOUS,1,2,0,0,0,1,1,0,0,0,0,1.0,0.0,0.0,0.0,0.0,37.5,0.2695,0,0,0,0,NO,0,0,19.5
912,138,SOCIAL_EXPLORER,1,1,1,0,0,0,1,0,0,1,0,1.0,0.0,0.0,1.0,0.0,47.5,0.566,0,0,0,0,NO,0,0,29.5
395,472,SELECTIVE_PLANNER,0,0,1,1,1,0,1,2,0,1,0,0.3333,0.2857,0.0,1.0,0.0,51.55,0.8503,1,1,44794,0,YES,1,3,100.0
1011,526,BUDGET_CONSCIOUS,0,1,1,1,0,0,1,1,0,0,0,0.5,0.1429,0.0,0.0,0.0,36.19,0.472,1,1,36321,1,SAVE_ONLY,0,1,68.9
618,787,CAUTIOUS_INTROVERT,0,1,2,1,0,0,1,2,2,1,1,0.5,0.6667,1.0,1.0,1.0,65.83,0.7165,1,1,48829,0,YES,1,3,100.0
128,397,CAUTIOUS_INTROVERT,1,1,1,0,0,0,1,1,1,0,0,1.0,0.25,0.5,0.0,0.0,47.5,0.5153,1,1,27845,1,SAVE_ONLY,0,1,77.25
706,561,CAUTIOUS_INTROVERT,1,1,2,0,0,0,1,2,1,0,0,0.5,0.4,0.3333,0.0,0.0,33.0,0.3489,1,0,0,0,NO,0,0,15.0
325,463,SOCIAL_EXPLORER,1,1,1,0,0,0,1,1,1,0,0,1.0,0.2,0.5,0.0,0.0,46.5,0.6346,1,1,44062,1,YES,0,2,100.0
885,340,BUDGET_CONSCIOUS,1,0,1,0,1,0,1,0,1,0,0,0.5,0.0,0.5,0.0,0.0,38.33,0.4886,1,1,35981,1,SAVE_ONLY,0,1,70.92
500,561,SPONTANEOUS_ADVENTURER,0,0,1,1,1,0,1,0,0,0,0,0.5,0.0,0.0,0.0,0.0,39.17,0.708,1,1,51429,0,YES,1,3,100.0
817,374,SOCIAL_EXPLORER,1,0,1,0,1,0,1,1,0,0,0,1.0,0.2,0.0,0.0,0.0,47.33,0.7185,1,0,0,0,YES,1,3,99.33
850,506,SPONTANEOUS_ADVENTURER,0,0,1,1,1,0,1,0,0,0,0,1.0,0.0,0.0,0.0,0.0,49.17,0.6901,1,0,0,0,YES,0,2,71.17
1004,949,SOCIAL_EXPLORER,2,0,1,0,1,0,1,1,1,0,0,0.25,0.2,1.0,0.0,0.0,36.5,0.6614,1,0,0,1,YES,0,2,70.5
390,820,BUDGET_CONSCIOUS,2,2,0,0,0,1,1,2,1,1,0,1.0,0.4,1.0,1.0,0.0,59.67,0.3744,1,1,23513,0,NO,0,1,57.9
235,837,SOCIAL_EXPLORER,0,0,2,1,1,0,1,0,0,0,1,0.3333,0.0,0.0,0.0,1.0,35.0,0.3297,1,1,29781,0,NO,0,1,35.42
556,926,BUDGET_CONSCIOUS,0,0,1,1,1,0,1,1,0,0,0,0.5,0.1667,0.0,0.0,0.0,42.5,0.4603,1,0,0,1,SAVE_ONLY,0,1,54.5
763,43,SELECTIVE_PLANNER,1,1,0,0,0,1,1,1,1,0,0,1.0,0.1667,1.0,0.0,0.0,56.67,0.2642,1,1,20681,0,NO,0,1,53.91
828,351,BUDGET_CONSCIOUS,0,2,1,1,0,0,1,1,1,0,1,0.5,0.2,1.0,0.0,1.0,46.5,0.6333,1,1,43596,0,YES,0,2,91.76
202,849,CAUTIOUS_INTROVERT,0,1,0,1,0,1,1,0,0,0,0,1.0,0.0,0.0,0.0,0.0,49.17,0.45,1,0,0,0,NO,0,0,31.17
134,523,SOCIAL_EXPLORER,1,0,1,0,1,0,1,0,0,0,0,1.0,0.0,0.0,0.0,0.0,43.33,0.6613,0,0,0,0,YES,0,2,65.33
57,723,CAUTIOUS_INTROVERT,2,1,1,0,0,0,1,2,0,0,1,1.0,0.5,0.0,0.0,1.0,46.67,0.489,1,1,36884,1,SAVE_ONLY,0,1,79.58
240,428,CAUTIOUS_INTROVERT,0,1,0,1,0,1,1,2,0,1,1,0.5,0.6667,0.0,1.0,1.0,67.5,0.7061,1,1,38479,1,YES,1,3,100.0
595,446,CAUTIOUS_INTROVERT,1,1,2,0,0,0,1,1,0,0,0,1.0,0.1429,0.0,0.0,0.0,34.52,0.0195,0,0,0,0,NO,0,0,16.52
31,767,CAUTIOUS_INTROVERT,0,1,0,1,0,1,1,3,1,1,0,0.5,0.6,1.0,1.0,0.0,71.17,0.7463,1,1,52171,0,YES,1,3,100.0
657,696,BUDGET_CONSCIOUS,1,0,2,0,1,0,1,1,0,1,0,1.0,0.1667,0.0,1.0,0.0,50.83,0.6162,1,1,43347,0,NO,0,1,56.0
509,613,SOCIAL_EXPLORER,1,2,0,0,0,1,1,1,0,0,0,1.0,0.2,0.0,0.0,0.0,41.5,0.6514,1,1,45766,0,YES,0,2,87.52
560,61,SPONTANEOUS_ADVENTURER,0,0,0,1,1,1,1,1,1,1,0,1.0,0.1429,1.0,1.0,0.0,77.86,1.0,1,1,63215,0,SUPER_LIKE,1,3,100.0
477,901,CAUTIOUS_INTROVERT,1,0,0,0,1,1,1,1,1,1,1,1.0,0.25,1.0,1.0,1.0,79.17,0.6496,1,1,42893,1,YES,0,2,100.0
290,567,SELECTIVE_PLANNER,1,1,0,0,0,1,1,0,0,0,1,1.0,0.0,0.0,0.0,1.0,48.33,0.425,1,0,0,1,SAVE_ONLY,0,1,60.33
236,996,CAUTIOUS_INTROVERT,1,2,1,0,0,0,1,0,0,1,0,1.0,0.0,0.0,1.0,0.0,41.67,0.32,1,0,0,0,NO,0,0,23.67
73,741,BUDGET_CONSCIOUS,1,1,0,0,0,1,1,1,1,1,0,0.25,0.25,1.0,1.0,0.0,53.33,0.5523,0,0,0,0,NO,0,0,35.33
883,291,SOCIAL_EXPLORER,1,1,1,0,0,0,1,1,0,0,0,1.0,0.2,0.0,0.0,0.0,41.5,0.7532,1,1,53633,0,YES,1,3,100.0
782,663,CAUTIOUS_INTROVERT,1,2,2,0,0,0,1,0,0,1,0,1.0,0.0,0.0,1.0,0.0,35.83,0.2483,1,0,0,0,NO,0,0,17.83
281,648,SOCIAL_EXPLORER,2,1,0,0,0,1,1,2,0,0,0,0.5,0.3333,0.0,0.0,0.0,34.17,0.5198,1,1,35355,0,NO,0,1,36.54
787,79,SOCIAL_EXPLORER,0,1,1,1,0,0,1,1,1,0,1,0.5,0.1667,0.3333,0.0,1.0,45.0,0.7844,1,1,44072,1,YES,1,3,100.0
127,317,CAUTIOUS_INTROVERT,2,1,0,0,0,1,1,1,0,1,1,0.5,0.3333,0.0,1.0,1.0,49.17,0.4701,1,1,29151,1,SAVE_ONLY,0,1,79.37
177,169,BUDGET_CONSCIOUS,2,0,1,0,1,0,1,0,0,1,0,0.5,0.0,0.0,1.0,0.0,37.5,0.0571,0,0,0,0,NO,0,0,19.5
406,788,CAUTIOUS_INTROVERT,1,0,1,0,1,0,1,0,0,0,0,1.0,0.0,0.0,0.0,0.0,43.33,0.4201,1,1,26836,0,NO,0,1,42.72
588,402,SPONTANEOUS_ADVENTURER,0,2,1,1,0,0,1,0,0,0,0,1.0,0.0,0.0,0.0,0.0,37.5,0.388,1,1,26690,0,NO,0,1,36.84
514,279,SOCIAL_EXPLORER,1,2,1,0,0,0,1,0,0,0,0,0.3333,0.0,0.0,0.0,0.0,18.33,0.4874,1,1,25917,0,NO,0,1,17.4
759,646,CAUTIOUS_INTROVERT,1,0,0,0,1,1,1,0,0,0,0,0.3333,0.0,0.0,0.0,0.0,35.83,0.2762,1,1,16661,0,NO,0,0,31.66
254,338,BUDGET_CONSCIOUS,2,1,0,0,0,1,1,0,0,0,0,0.5,0.0,0.0,0.0,0.0,27.5,0.0,1,0,0,0,NO,0,0,9.5
394,263,BUDGET_CONSCIOUS,1,1,0,0,0,1,1,2,1,1,0,0.5,0.5,1.0,1.0,0.0,63.33,0.5991,1,1,37626,0,NO,0,1,66.5
815,605,SOCIAL_EXPLORER,0,1,0,1,0,1,1,2,1,0,1,0.5,0.2857,0.5,0.0,1.0,54.88,0.6672,1,1,46555,1,YES,0,2,100.0
484,461,BUDGET_CONSCIOUS,2,1,2,0,0,0,1,0,0,0,0,1.0,0.0,0.0,0.0,0.0,25.83,0.0,0,0,0,0,NO,0,0,7.83
475,503,CAUTIOUS_INTROVERT,0,1,2,1,0,0,2,0,1,0,0,1.0,0.0,1.0,0.0,0.0,47.5,0.3679,1,1,25365,0,NO,0,1,46.38
948,911,SPONTANEOUS_ADVENTURER,1,2,1,0,0,0,1,2,1,1,1,0.3333,0.5,0.5,1.0,1.0,48.33,0.7292,1,1,48704,0,YES,1,3,100.0
590,225,SOCIAL_EXPLORER,1,0,0,0,1,1,1,1,1,0,1,0.5,0.2,1.0,0.0,1.0,58.17,0.6493,1,0,0,0,YES,0,2,80.17
682,849,CAUTIOUS_INTROVERT,0,2,1,1,0,0,1,0,0,0,0,0.3333,0.0,0.0,0.0,0.0,24.17,0.2804,1,1,19173,0,NO,0,1,20.88
552,501,SOCIAL_EXPLORER,0,1,0,1,0,1,1,1,1,1,0,0.5,0.1667,1.0,1.0,0.0,62.5,0.6928,1,0,0,0,YES,0,2,84.5
380,273,BUDGET_CONSCIOUS,1,0,1,0,1,0,1,1,1,0,0,1.0,0.1667,0.5,0.0,0.0,51.67,0.4608,1,0,0,1,SAVE_ONLY,0,1,63.67
763,988,SELECTIVE_PLANNER,0,1,1,1,0,0,1,0,0,0,0,0.5,0.0,0.0,0.0,0.0,33.33,0.1345,1,0,0,0,NO,0,0,15.33
416,889,SPONTANEOUS_ADVENTURER,0,0,1,1,1,0,1,3,1,0,1,0.3333,0.75,0.5,0.0,1.0,60.83,1.0,1,1,66118,1,YES,1,3,100.0
151,673,BUDGET_CONSCIOUS,0,0,1,1,1,0,1,1,0,0,0,0.5,0.2,0.0,0.0,0.0,43.17,0.6867,0,0,0,0,YES,0,2,65.17
190,736,SOCIAL_EXPLORER,0,1,0,1,0,1,1,0,0,1,0,0.5,0.0,0.0,1.0,0.0,49.17,0.7178,0,0,0,0,YES,1,3,100.0
185,846,BUDGET_CONSCIOUS,2,0,2,0,1,0,1,0,1,0,1,0.5,0.0,0.5,0.0,1.0,31.67,0.0959,0,0,0,0,NO,0,0,13.67
462,612,BUDGET_CONSCIOUS,0,1,0,1,0,1,1,0,0,0,0,0.5,0.0,0.0,0.0,0.0,39.17,0.4609,0,0,0,0,NO,0,0,21.17
824,982,SOCIAL_EXPLORER,2,2,1,0,0,0,1,2,1,1,1,0.3333,0.6667,1.0,1.0,1.0,50.83,0.6553,1,1,45859,0,YES,0,2,96.88
738,861,SPONTANEOUS_ADVENTURER,1,0,1,0,1,0,1,0,0,0,0,0.3333,0.0,0.0,0.0,0.0,30.0,0.381,1,1,28301,0,NO,0,1,29.91
543,275,CAUTIOUS_INTROVERT,2,1,2,0,0,0,1,1,2,0,0,1.0,0.2,1.0,0.0,0.0,39.83,0.1206,0,0,0,0,NO,0,0,21.83
561,441,SOCIAL_EXPLORER,0,1,0,1,0,1,1,4,2,1,1,1.0,1.0,1.0,1.0,1.0,94.17,1.0,1,1,57702,0,YES,1,3,100.0
785,379,BUDGET_CONSCIOUS,1,1,2,0,0,0,1,1,0,0,0,0.5,0.25,0.0,0.0,0.0,26.67,0.2903,1,1,26127,0,NO,0,1,25.81
863,711,BUDGET_CONSCIOUS,0,1,0,1,0,1,1,2,0,0,0,0.5,0.25,0.0,0.0,0.0,44.17,0.6326,1,0,0,0,YES,0,2,66.17
35,360,BUDGET_CONSCIOUS,1,0,2,0,1,0,1,0,0,0,0,0.5,0.0,0.0,0.0,0.0,27.5,0.2321,0,0,0,0,NO,0,0,9.5
332,278,SOCIAL_EXPLORER,1,1,1,0,0,0,1,1,0,0,1,1.0,0.2,0.0,0.0,1.0,46.5,0.7215,0,0,0,0,YES,1,3,98.5
251,587,BUDGET_CONSCIOUS,1,2,0,0,0,1,1,0,0,0,0,0.5,0.0,0.0,0.0,0.0,27.5,0.1588,0,0,0,0,NO,0,0,9.5
67,223,BUDGET_CONSCIOUS,0,1,1,1,0,0,1,1,1,1,1,0.5,0.1667,1.0,1.0,1.0,61.67,0.7758,0,0,0,0,YES,1,3,100.0
981,689,BUDGET_CONSCIOUS,2,1,1,0,0,0,1,1,1,0,0,0.25,0.25,1.0,0.0,0.0,31.67,0.0,1,1,9985,0,NO,0,0,25.16
175,530,SPONTANEOUS_ADVENTURER,0,2,0,1,0,1,1,2,1,0,0,0.5,0.3333,0.5,0.0,0.0,45.0,0.5904,1,1,45708,0,NO,0,1,51.0
983,412,BUDGET_CONSCIOUS,1,0,1,0,1,0,1,2,1,0,1,1.0,0.3333,1.0,0.0,1.0,65.0,0.6822,1,1,44535,1,YES,0,2,100.0
766,727,SPONTANEOUS_ADVENTURER,2,0,1,0,1,0,1,2,1,1,1,0.5,0.4,0.3333,1.0,1.0,53.83,0.8535,1,1,59502,0,SUPER_LIKE,1,3,100.0
542,730,CAUTIOUS_INTROVERT,1,0,2,0,1,0,1,2,2,1,1,1.0,0.5,1.0,1.0,1.0,72.5,0.7433,0,0,0,1,YES,1,3,100.0
786,538,BUDGET_CONSCIOUS,1,1,1,0,0,0,1,0,0,0,0,0.5,0.0,0.0,0.0,0.0,27.5,0.3921,1,1,27901,0,NO,0,1,27.27
856,257,BUDGET_CONSCIOUS,1,2,1,0,0,0,1,0,0,0,1,1.0,0.0,0.0,0.0,1.0,36.67,0.456,1,1,27097,0,NO,0,1,36.15
152,397,SPONTANEOUS_ADVENTURER,2,0,0,0,1,1,1,1,0,0,0,1.0,0.3333,0.0,0.0,0.0,50.0,0.6909,1,1,42930,1,YES,0,2,100.0
237,535,BUDGET_CONSCIOUS,0,1,0,1,0,1,1,0,0,0,0,0.5,0.0,0.0,0.0,0.0,39.17,0.5016,1,0,0,1,SAVE_ONLY,0,1,51.17
925,252,SPONTANEOUS_ADVENTURER,1,1,1,0,0,0,1,2,1,1,0,0.5,0.4,1.0,1.0,0.0,55.5,0.7192,0,0,0,0,YES,1,3,100.0
73,595,BUDGET_CONSCIOUS,1,0,2,0,1,0,1,1,0,0,0,0.5,0.1667,0.0,0.0,0.0,30.83,0.4424,0,0,0,0,NO,0,0,12.83
826,225,BUDGET_CONSCIOUS,0,2,0,1,0,1,1,1,1,0,0,0.5,0.25,1.0,0.0,0.0,48.33,0.7141,0,0,0,1,YES,1,3,100.0
346,199,SPONTANEOUS_ADVENTURER,0,2,0,1,0,1,1,1,2,1,0,1.0,0.25,1.0,1.0,0.0,68.33,0.7878,1,1,46567,1,YES,1,3,100.0
757,631,SOCIAL_EXPLORER,1,0,1,0,1,0,1,1,1,0,0,0.3333,0.2,1.0,0.0,0.0,44.0,0.6877,1,0,0,0,YES,0,2,66.0
377,528,BUDGET_CONSCIOUS,0,1,2,1,0,0,1,1,1,1,1,1.0,0.25,0.5,1.0,1.0,62.5,0.8931,1,0,0,1,YES,1,3,100.0
749,360,SOCIAL_EXPLORER,1,1,0,0,0,1,1,2,0,0,1,0.5,0.5,0.0,0.0,1.0,48.33,0.6535,1,1,42922,0,YES,0,2,93.35
439,677,BUDGET_CONSCIOUS,1,1,2,0,0,0,1,1,0,0,0,1.0,0.1429,0.0,0.0,0.0,34.52,0.3009,0,0,0,0,NO,0,0,16.52
954,74,CAUTIOUS_INTROVERT,0,0,2,1,1,0,1,1,0,0,0,1.0,0.2,0.0,0.0,0.0,47.33,0.1486,0,0,0,0,NO,0,0,29.33
187,729,SELECTIVE_PLANNER,1,0,1,0,1,0,1,0,0,0,0,0.5,0.0,0.0,0.0,0.0,33.33,0.4915,0,0,0,0,NO,0,0,15.33
908,357,CAUTIOUS_INTROVERT,1,2,1,0,0,0,1,2,1,1,1,1.0,0.4,1.0,1.0,1.0,64.67,0.8339,0,0,0,0,YES,1,3,100.0
254,17,BUDGET_CONSCIOUS,2,0,0,0,1,1,1,0,0,0,1,0.3333,0.0,0.0,0.0,1.0,35.0,0.0,0,0,0,0,NO,0,0,17.0
270,904,SOCIAL_EXPLORER,0,1,1,1,0,0,1,1,1,0,0,0.5,0.2,1.0,0.0,0.0,47.33,0.6499,1,1,39263,0,YES,0,2,91.07
89,43,CAUTIOUS_INTROVERT,0,1,1,1,0,0,1,1,0,1,0,1.0,0.1667,0.0,1.0,0.0,56.67,0.6432,0,0,0,0,YES,0,2,78.67
157,943,SELECTIVE_PLANNER,1,1,0,0,0,1,1,0,0,0,0,1.0,0.0,0.0,0.0,0.0,43.33,0.3203,1,1,31341,0,NO,0,1,44.3
520,453,SOCIAL_EXPLORER,0,0,1,1,1,0,1,0,1,0,0,0.5,0.0,1.0,0.0,0.0,49.17,0.7746,1,1,43155,0,YES,1,3,100.0
516,976,BUDGET_CONSCIOUS,1,0,0,0,1,1,1,1,0,1,0,0.5,0.1667,0.0,1.0,0.0,52.5,0.4491,1,1,24941,1,SAVE_ONLY,0,1,81.23
218,227,SOCIAL_EXPLORER,1,1,0,0,0,1,1,0,0,0,1,0.5,0.0,0.0,0.0,1.0,38.33,0.6017,1,1,39193,0,NO,0,1,42.05
440,112,SOCIAL_EXPLORER,1,1,2,0,0,0,1,2,1,0,1,0.3333,0.4,0.5,0.0,1.0,36.33,0.2076,1,1,12742,0,NO,0,0,30.79
384,836,SOCIAL_EXPLORER,0,1,0,1,0,1,1,1,1,1,1,0.5,0.2,1.0,1.0,1.0,68.17,0.8678,1,1,59772,1,YES,1,3,100.0
193,857,SOCIAL_EXPLORER,1,0,1,0,1,0,1,3,0,1,1,1.0,0.75,0.0,1.0,1.0,73.33,0.8386,1,1,48085,0,YES,1,3,100.0
589,707,SOCIAL_EXPLORER,0,1,2,1,0,0,1,2,1,1,0,0.5,0.5,0.5,1.0,0.0,52.5,0.3551,1,1,27227,0,NO,0,1,52.03
841,430,SOCIAL_EXPLORER,0,1,1,1,0,0,1,0,0,1,0,1.0,0.0,0.0,1.0,0.0,53.33,0.6898,0,0,0,0,YES,0,2,75.33
549,886,BUDGET_CONSCIOUS,1,1,2,0,0,0,2,2,1,1,0,1.0,0.5,1.0,1.0,0.0,61.67,0.4696,1,1,37285,1,SAVE_ONLY,0,1,94.72
584,735,SPONTANEOUS_ADVENTURER,1,1,1,0,0,0,1,0,0,0,0,0.5,0.0,0.0,0.0,0.0,27.5,0.5468,1,0,0,1,SAVE_ONLY,0,1,39.5
198,430,BUDGET_CONSCIOUS,1,1,1,0,0,0,1,1,0,1,0,1.0,0.1667,0.0,1.0,0.0,50.83,0.5175,0,0,0,0,NO,0,0,32.83
647,752,SOCIAL_EXPLORER,1,0,1,0,1,0,1,2,2,0,1,0.5,0.4,1.0,0.0,1.0,56.33,0.8821,1,1,56902,0,YES,1,3,100.0
130,284,BUDGET_CONSCIOUS,1,0,1,0,1,0,1,1,1,1,0,1.0,0.1429,0.5,1.0,0.0,61.19,0.6376,1,1,34718,1,YES,0,2,100.0
192,892,BUDGET_CONSCIOUS,0,0,0,1,1,1,1,2,0,0,0,1.0,0.4,0.0,0.0,0.0,63.0,0.7601,1,0,0,0,YES,1,3,100.0
493,555,SPONTANEOUS_ADVENTURER,2,1,1,0,0,0,1,2,1,0,0,0.5,0.6667,1.0,0.0,0.0,45.0,0.6978,1,0,0,1,YES,0,2,79.0
168,297,BUDGET_CONSCIOUS,0,1,0,1,0,1,1,1,1,0,0,1.0,0.3333,1.0,0.0,0.0,65.83,0.7519,1,1,48161,0,YES,1,3,100.0
418,929,SOCIAL_EXPLORER,1,1,2,0,0,0,1,0,0,0,0,0.3333,0.0,0.0,0.0,0.0,18.33,0.2418,1,0,0,0,NO,0,0,0.33
807,405,SOCIAL_EXPLORER,0,2,0,1,0,1,2,1,0,0,0,1.0,0.2,0.0,0.0,0.0,47.33,0.8026,1,0,0,1,YES,1,3,100.0
659,526,BUDGET_CONSCIOUS,2,0,0,0,1,1,1,1,1,1,1,1.0,0.2,0.3333,1.0,1.0,65.67,0.158,0,0,0,0,NO,0,0,47.67
434,520,SELECTIVE_PLANNER,0,1,1,1,0,0,1,0,0,0,1,0.5,0.0,0.0,0.0,1.0,38.33,0.2493,0,0,0,0,NO,0,0,20.33
607,501,SOCIAL_EXPLORER,1,0,0,0,1,1,2,1,1,0,0,1.0,0.1667,1.0,0.0,0.0,62.5,0.6928,0,0,0,1,YES,0,2,96.5
132,442,BUDGET_CONSCIOUS,2,1,0,0,0,1,1,1,0,0,0,0.5,0.2,0.0,0.0,0.0,31.5,0.0537,0,0,0,0,NO,0,0,13.5
668,725,SOCIAL_EXPLORER,0,0,1,1,1,0,1,1,0,1,0,1.0,0.1667,0.0,1.0,0.0,62.5,0.7553,1,1,45728,1,YES,1,3,100.0
935,499,SPONTANEOUS_ADVENTURER,0,0,1,1,1,0,1,0,1,0,0,0.5,0.0,1.0,0.0,0.0,49.17,0.7909,1,1,44974,1,YES,1,3,100.0
52,68,SPONTANEOUS_ADVENTURER,0,0,1,1,1,0,1,1,0,0,0,0.5,0.1667,0.0,0.0,0.0,42.5,0.7376,1,1,50704,1,YES,1,3,100.0
65,796,SOCIAL_EXPLORER,1,0,0,0,1,1,1,1,0,0,0,1.0,0.2,0.0,0.0,0.0,53.17,0.6759,1,1,38733,1,YES,0,2,100.0
684,858,SOCIAL_EXPLORER,0,1,0,1,0,1,2,0,1,0,0,1.0,0.0,0.3333,0.0,0.0,52.5,0.6499,1,1,35752,0,YES,0,2,95.01
563,987,SOCIAL_EXPLORER,0,1,0,1,0,1,1,0,1,0,0,0.5,0.0,0.3333,0.0,0.0,42.5,0.7513,1,1,55117,1,YES,1,3,100.0
997,890,BUDGET_CONSCIOUS,1,0,1,0,1,0,1,0,0,0,0,0.3333,0.0,0.0,0.0,0.0,30.0,0.3084,0,0,0,0,NO,0,0,12.0
517,468,SPONTANEOUS_ADVENTURER,2,0,1,0,1,0,1,2,1,0,0,0.5,0.4,1.0,0.0,0.0,45.5,0.6595,1,1,38659,1,YES,0,2,100.0
619,867,BUDGET_CONSCIOUS,0,2,1,1,0,0,1,1,1,1,0,1.0,0.2,1.0,1.0,0.0,61.5,0.6527,0,0,0,1,YES,0,2,95.5
724,968,CAUTIOUS_INTROVERT,0,1,2,1,0,0,2,2,1,1,1,1.0,0.4,0.5,1.0,1.0,65.5,0.6705,1,0,0,0,YES,0,2,87.5
829,283,SOCIAL_EXPLORER,0,0,0,1,1,1,1,0,0,0,0,0.5,0.0,0.0,0.0,0.0,45.0,0.5463,0,0,0,1,SAVE_ONLY,0,1,57.0
707,624,CAUTIOUS_INTROVERT,1,0,0,0,1,1,1,1,1,0,0,0.5,0.1667,0.3333,0.0,0.0,45.83,0.417,1,0,0,0,NO,0,0,27.83
57,308,CAUTIOUS_INTROVERT,1,0,0,0,1,1,1,1,0,0,1,1.0,0.2,0.0,0.0,1.0,58.17,0.627,1,1,33691,0,YES,0,2,99.96
700,570,SOCIAL_EXPLORER,2,1,1,0,0,0,1,3,0,1,1,0.3333,0.75,0.0,1.0,1.0,48.33,0.653,1,0,0,1,YES,0,2,82.33
905,775,SOCIAL_EXPLORER,2,0,0,0,1,1,1,1,0,0,0,1.0,0.2,0.0,0.0,0.0,47.33,0.5413,0,0,0,1,SAVE_ONLY,0,1,59.33
438,456,SOCIAL_EXPLORER,0,0,0,1,1,1,1,1,0,0,1,0.5,0.1429,0.0,0.0,1.0,52.86,0.614,1,0,0,1,SAVE_ONLY,0,1,64.86
456,538,SOCIAL_EXPLORER,1,0,0,0,1,1,1,2,1,0,0,0.5,0.4,0.3333,0.0,0.0,50.5,0.6083,1,1,42677,1,SAVE_ONLY,0,1,85.44
65,354,SOCIAL_EXPLORER,0,0,0,1,1,1,1,0,0,0,0,1.0,0.0,0.0,0.0,0.0,55.0,0.7243,0,0,0,0,YES,1,3,100.0
624,438,BUDGET_CONSCIOUS,2,0,2,0,1,0,2,0,0,0,0,1.0,0.0,0.0,0.0,0.0,31.67,0.0744,0,0,0,0,NO,0,0,13.67
336,446,SOCIAL_EXPLORER,1,0,0,0,1,1,1,1,1,1,0,0.5,0.2,0.5,1.0,0.0,58.17,0.6556,0,0,0,0,YES,0,2,80.17
964,109,CAUTIOUS_INTROVERT,2,1,1,0,0,0,1,0,1,0,0,0.5,0.0,1.0,0.0,0.0,31.67,0.4435,0,0,0,1,SAVE_ONLY,0,1,43.67
448,114,SOCIAL_EXPLORER,1,1,2,0,0,0,1,0,0,0,0,1.0,0.0,0.0,0.0,0.0,31.67,0.3133,1,0,0,0,NO,0,0,13.67
617,381,SPONTANEOUS_ADVENTURER,1,1,0,0,0,1,1,1,0,1,0,1.0,0.25,0.0,1.0,0.0,58.33,0.7991,1,1,43890,0,YES,1,3,100.0
319,137,SOCIAL_EXPLORER,1,2,1,0,0,0,1,1,0,0,1,1.0,0.1429,0.0,0.0,1.0,39.52,0.4613,0,0,0,1,SAVE_ONLY,0,1,51.52
973,182,BUDGET_CONSCIOUS,1,1,1,0,0,0,1,0,0,0,0,0.5,0.0,0.0,0.0,0.0,27.5,0.151,0,0,0,0,NO,0,0,9.5
416,510,SPONTANEOUS_ADVENTURER,0,2,1,1,0,0,1,1,1,0,1,0.5,0.2,0.5,0.0,1.0,41.5,0.5627,0,0,0,1,SAVE_ONLY,0,1,53.5
304,274,SELECTIVE_PLANNER,2,2,1,0,0,0,1,1,1,1,0,0.5,0.1667,1.0,1.0,0.0,39.17,0.2134,1,1,14184,0,NO,0,0,34.13
93,895,CAUTIOUS_INTROVERT,1,0,1,0,1,0,1,0,1,0,0,1.0,0.0,0.5,0.0,0.0,48.33,0.5676,0,0,0,1,SAVE_ONLY,0,1,60.33
232,354,SOCIAL_EXPLORER,1,1,0,0,0,1,1,0,0,1,0,1.0,0.0,0.0,1.0,0.0,53.33,0.6178,1,1,37195,1,SAVE_ONLY,0,1,86.35
429,420,SELECTIVE_PLANNER,1,1,1,0,0,0,1,0,0,0,0,0.5,0.0,0.0,0.0,0.0,27.5,0.1391,0,0,0,0,NO,0,0,9.5
228,484,BUDGET_CONSCIOUS,0,0,2,1,1,0,1,2,0,0,1,1.0,0.2857,0.0,0.0,1.0,54.05,0.676,1,1,35955,0,YES,0,2,96.63
372,374,SOCIAL_EXPLORER,0,1,1,1,0,0,1,2,1,1,0,1.0,0.5,0.5,1.0,0.0,68.33,0.7703,1,1,48617,0,YES,1,3,100.0
723,62,BUDGET_CONSCIOUS,2,0,1,0,1,0,1,0,0,0,0,1.0,0.0,0.0,0.0,0.0,37.5,0.0,1,0,0,0,NO,0,0,19.5
784,153,CAUTIOUS_INTROVERT,1,1,2,0,0,0,1,0,0,0,0,0.5,0.0,0.0,0.0,0.0,21.67,0.0,1,1,1839,0,NO,0,0,12.31
712,271,BUDGET_CONSCIOUS,0,2,1,1,0,0,2,0,0,0,0,0.6667,0.0,0.0,0.0,0.0,30.83,0.4717,1,1,35266,1,SAVE_ONLY,0,1,63.17
908,588,CAUTIOUS_INTROVERT,1,0,1,0,1,0,1,0,1,0,0,1.0,0.0,1.0,0.0,0.0,53.33,0.428,1,0,0,1,SAVE_ONLY,0,1,65.33
649,555,BUDGET_CONSCIOUS,0,0,2,1,1,0,1,2,1,1,0,0.3333,0.6667,1.0,1.0,0.0,63.33,0.8703,1,1,48624,0,SUPER_LIKE,1,3,100.0
599,655,SELECTIVE_PLANNER,0,2,1,1,0,0,1,0,1,0,0,0.5,0.0,0.5,0.0,0.0,32.5,0.2608,0,0,0,0,NO,0,0,14.5
47,303,SOCIAL_EXPLORER,0,1,1,1,0,0,1,0,1,1,0,0.3333,0.0,0.5,1.0,0.0,45.0,0.6045,1,0,0,1,SAVE_ONLY,0,1,57.0
938,433,BUDGET_CONSCIOUS,1,2,1,0,0,0,1,1,0,1,0,1.0,0.25,0.0,1.0,0.0,46.67,0.3577,1,0,0,0,NO,0,0,28.67
815,937,SOCIAL_EXPLORER,0,0,0,1,1,1,1,2,0,0,0,0.5,0.3333,0.0,0.0,0.0,51.67,0.7513,1,0,0,1,YES,1,3,100.0
587,963,SOCIAL_EXPLORER,0,1,0,1,0,1,1,2,0,0,0,0.25,0.5,0.0,0.0,0.0,44.17,0.646,0,0,0,0,YES,0,2,66.17
998,96,BUDGET_CONSCIOUS,0,0,0,1,1,1,1,0,0,0,0,1.0,0.0,0.0,0.0,0.0,55.0,0.7485,1,1,53946,0,YES,1,3,100.0
722,900,SOCIAL_EXPLORER,0,1,2,1,0,0,1,0,1,1,1,0.5,0.0,0.5,1.0,1.0,47.5,0.4308,0,0,0,0,NO,0,0,29.5
129,483,SOCIAL_EXPLORER,1,1,0,0,0,1,1,1,1,0,1,1.0,0.2,1.0,0.0,1.0,62.33,0.732,0,0,0,1,YES,1,3,100.0
52,423,SPONTANEOUS_ADVENTURER,0,1,1,1,0,0,1,3,2,1,1,0.5,0.5,1.0,1.0,1.0,68.33,0.9705,1,0,0,0,YES,1,3,100.0
184,685,SELECTIVE_PLANNER,1,1,1,0,0,0,1,0,0,0,1,0.5,0.0,0.0,0.0,1.0,32.5,0.0905,1,1,5961,0,NO,0,0,24.59
578,229,SELECTIVE_PLANNER,0,2,1,1,0,0,1,1,0,1,0,0.3333,0.1667,0.0,1.0,0.0,37.5,0.2277,0,0,0,0,NO,0,0,19.5
192,121,BUDGET_CONSCIOUS,1,1,0,0,0,1,1,0,0,0,0,1.0,0.0,0.0,0.0,0.0,43.33,0.4839,0,0,0,1,SAVE_ONLY,0,1,55.33
626,395,SOCIAL_EXPLORER,0,1,1,1,0,0,1,1,0,0,0,0.5,0.2,0.0,0.0,0.0,37.33,0.6296,0,0,0,0,YES,0,2,59.33
597,704,BUDGET_CONSCIOUS,2,2,0,0,0,1,1,1,1,1,0,0.5,0.2,0.5,1.0,0.0,40.67,0.0062,1,0,0,0,NO,0,0,22.67
788,697,SPONTANEOUS_ADVENTURER,1,0,1,0,1,0,1,1,2,1,1,1.0,0.2,1.0,1.0,1.0,72.33,1.0,1,1,63031,0,SUPER_LIKE,1,3,100.0
190,249,SOCIAL_EXPLORER,1,0,0,0,1,1,1,2,1,0,0,1.0,0.5,1.0,0.0,0.0,69.17,0.9359,1,1,51012,1,YES,1,3,100.0
358,461,CAUTIOUS_INTROVERT,1,1,1,0,0,0,1,1,0,0,0,1.0,0.25,0.0,0.0,0.0,42.5,0.5219,1,0,0,1,SAVE_ONLY,0,1,54.5
396,624,CAUTIOUS_INTROVERT,1,0,0,0,1,1,1,4,1,1,0,0.3333,0.8,0.5,1.0,0.0,66.83,0.9604,1,1,60129,0,YES,1,3,100.0
165,585,CAUTIOUS_INTROVERT,2,1,0,0,0,1,1,1,1,0,1,1.0,0.2,0.5,0.0,1.0,51.5,0.4693,1,1,38263,1,SAVE_ONLY,0,1,84.89
951,283,SELECTIVE_PLANNER,0,2,1,1,0,0,1,1,0,0,0,0.5,0.1667,0.0,0.0,0.0,30.83,0.0518,1,0,0,0,NO,0,0,12.83
860,345,BUDGET_CONSCIOUS,0,1,1,1,0,0,1,2,1,0,1,0.5,0.5,1.0,0.0,1.0,58.33,0.7355,1,0,0,0,YES,1,3,100.0
284,427,SOCIAL_EXPLORER,0,0,2,1,1,0,1,1,1,0,1,1.0,0.1667,0.3333,0.0,1.0,55.0,0.4571,0,0,0,1,SAVE_ONLY,0,1,67.0
813,964,CAUTIOUS_INTROVERT,0,1,0,1,0,1,1,1,0,0,0,0.3333,0.2,0.0,0.0,0.0,39.83,0.5018,1,0,0,1,SAVE_ONLY,0,1,51.83
356,553,SPONTANEOUS_ADVENTURER,1,2,0,0,0,1,1,0,0,0,0,0.5,0.0,0.0,0.0,0.0,27.5,0.4057,0,0,0,0,NO,0,0,9.5
126,170,CAUTIOUS_INTROVERT,0,1,2,1,0,0,1,0,0,0,0,1.0,0.0,0.0,0.0,0.0,37.5,0.0381,0,0,0,0,NO,0,0,19.5
725,723,SPONTANEOUS_ADVENTURER,2,1,0,0,0,1,1,1,0,1,0,1.0,0.25,0.0,1.0,0.0,52.5,0.6991,0,0,0,1,YES,0,2,86.5
128,686,CAUTIOUS_INTROVERT,0,1,1,1,0,0,1,0,0,0,0,1.0,0.0,0.0,0.0,0.0,43.33,0.3723,1,1,19096,0,NO,0,1,40.01
403,563,BUDGET_CONSCIOUS,1,2,1,0,0,0,1,1,0,1,0,0.5,0.1667,0.0,1.0,0.0,35.0,0.3043,0,0,0,0,NO,0,0,17.0
121,340,SELECTIVE_PLANNER,0,1,1,1,0,0,1,1,0,0,0,1.0,0.3333,0.0,0.0,0.0,50.0,0.3352,1,0,0,0,NO,0,0,32.0
285,934,SOCIAL_EXPLORER,2,2,2,0,0,0,1,1,0,0,0,1.0,0.1667,0.0,0.0,0.0,23.33,0.2751,0,0,0,0,NO,0,0,5.33
457,750,SOCIAL_EXPLORER,0,0,2,1,1,0,1,0,0,0,0,1.0,0.0,0.0,0.0,0.0,43.33,0.3752,1,1,23782,0,NO,0,1,41.65
278,757,BUDGET_CONSCIOUS,1,1,1,0,0,0,1,0,0,1,0,0.5,0.0,0.0,1.0,0.0,37.5,0.324,1,0,0,0,NO,0,0,19.5
882,451,SOCIAL_EXPLORER,1,0,0,0,1,1,1,0,0,0,0,0.3333,0.0,0.0,0.0,0.0,35.83,0.6837,1,1,39080,0,YES,0,2,79.51
653,573,BUDGET_CONSCIOUS,1,1,0,0,0,1,2,0,0,0,0,1.0,0.0,0.0,0.0,0.0,43.33,0.5799,0,0,0,1,SAVE_ONLY,0,1,55.33
319,646,SOCIAL_EXPLORER,1,0,2,0,1,0,1,1,0,0,1,1.0,0.1667,0.0,0.0,1.0,45.83,0.2795,0,0,0,0,NO,0,0,27.83
510,621,SOCIAL_EXPLORER,0,1,1,1,0,0,1,1,1,0,0,0.5,0.2,0.5,0.0,0.0,42.33,0.6323,1,0,0,1,YES,0,2,76.33
983,238,BUDGET_CONSCIOUS,2,2,1,0,0,0,1,1,1,0,0,1.0,0.2,1.0,0.0,0.0,39.83,0.0687,1,0,0,0,NO,0,0,21.83
37,125,SOCIAL_EXPLORER,1,2,0,0,0,1,1,1,0,0,0,0.5,0.2,0.0,0.0,0.0,31.5,0.6614,1,1,46839,1,YES,0,2,89.89
803,483,BUDGET_CONSCIOUS,0,0,0,1,1,1,1,1,1,0,0,0.5,0.1429,1.0,0.0,0.0,57.86,0.6318,1,1,34584,1,YES,0,2,100.0
407,600,SELECTIVE_PLANNER,0,2,0,1,0,1,1,0,0,0,0,1.0,0.0,0.0,0.0,0.0,43.33,0.1367,0,0,0,0,NO,0,0,25.33
372,731,SOCIAL_EXPLORER,0,1,2,1,0,0,1,3,2,1,0,1.0,0.75,1.0,1.0,0.0,72.5,0.7823,1,1,41928,1,YES,1,3,100.0
211,921,SPONTANEOUS_ADVENTURER,0,0,0,1,1,1,1,1,1,0,0,0.3333,0.2,0.5,0.0,0.0,50.67,0.7266,1,1,50253,1,YES,1,3,100.0
733,179,SOCIAL_EXPLORER,0,0,2,1,1,0,1,0,0,0,0,0.5,0.0,0.0,0.0,0.0,33.33,0.3045,1,0,0,0,NO,0,0,15.33
484,760,BUDGET_CONSCIOUS,0,1,0,1,0,1,1,1,0,0,0,0.5,0.1667,0.0,0.0,0.0,42.5,0.6962,1,1,48577,0,YES,0,2,89.5
486,355,SPONTANEOUS_ADVENTURER,0,2,1,1,0,0,1,2,1,0,0,0.5,0.4,1.0,0.0,0.0,45.5,0.6169,0,0,0,0,NO,0,0,27.5
522,449,SOCIAL_EXPLORER,1,0,1,0,1,0,1,4,0,1,1,0.3333,1.0,0.0,1.0,1.0,65.0,0.9262,1,1,49174,1,YES,1,3,100.0
118,589,SOCIAL_EXPLORER,1,1,0,0,0,1,2,2,0,1,0,1.0,0.4,0.0,1.0,0.0,61.33,0.7871,1,1,54854,0,YES,1,3,100.0
122,223,BUDGET_CONSCIOUS,0,0,1,1,1,0,1,0,0,0,0,0.5,0.0,0.0,0.0,0.0,39.17,0.4113,1,0,0,0,NO,0,0,21.17
1009,644,BUDGET_CONSCIOUS,1,2,0,0,0,1,1,1,1,0,1,0.5,0.2,1.0,0.0,1.0,46.5,0.328,0,0,0,0,NO,0,0,28.5
153,551,SOCIAL_EXPLORER,1,1,1,0,0,0,1,0,0,0,0,0.5,0.0,0.0,0.0,0.0,27.5,0.3867,0,0,0,0,NO,0,0,9.5
704,350,CAUTIOUS_INTROVERT,0,1,1,1,0,0,1,0,2,1,0,1.0,0.0,1.0,1.0,0.0,63.33,0.6661,1,1,44412,1,YES,0,2,100.0
778,133,SPONTANEOUS_ADVENTURER,1,0,1,0,1,0,1,0,0,0,0,1.0,0.0,0.0,0.0,0.0,43.33,0.7553,1,1,50209,1,YES,1,3,100.0
721,1012,BUDGET_CONSCIOUS,1,1,1,0,0,0,1,2,2,0,1,0.5,0.3333,1.0,0.0,1.0,49.17,0.6347,0,0,0,1,YES,0,2,83.17
970,266,SOCIAL_EXPLORER,0,1,1,1,0,0,1,1,0,0,1,1.0,0.1667,0.0,0.0,1.0,51.67,0.6303,0,0,0,0,YES,0,2,73.67
235,761,SOCIAL_EXPLORER,1,1,0,0,0,1,1,1,1,0,0,0.5,0.2,0.5,0.0,0.0,42.33,0.5254,1,1,33766,1,SAVE_ONLY,0,1,74.15
408,484,BUDGET_CONSCIOUS,0,1,0,1,0,1,1,0,0,0,0,0.5,0.0,0.0,0.0,0.0,39.17,0.5824,0,0,0,0,NO,0,0,21.17
608,678,BUDGET_CONSCIOUS,0,1,2,1,0,0,1,3,1,0,0,1.0,0.75,1.0,0.0,0.0,62.5,0.8519,1,1,48544,1,YES,1,3,100.0
150,947,BUDGET_CONSCIOUS,2,0,0,0,1,1,1,1,1,1,0,0.3333,0.1429,1.0,1.0,0.0,52.86,0.1045,0,0,0,0,NO,0,0,34.86
63,503,SOCIAL_EXPLORER,1,1,1,0,0,0,1,1,0,0,0,0.5,0.1111,0.0,0.0,0.0,29.72,0.359,1,1,33034,0,NO,0,1,31.28
335,582,SPONTANEOUS_ADVENTURER,1,2,1,0,0,0,1,1,0,0,0,1.0,0.1429,0.0,0.0,0.0,34.52,0.4759,1,1,39815,0,NO,0,1,38.46
91,824,SOCIAL_EXPLORER,0,0,0,1,1,1,1,0,0,0,0,1.0,0.0,0.0,0.0,0.0,55.0,0.6875,1,1,43755,1,YES,0,2,100.0
131,546,CAUTIOUS_INTROVERT,0,0,0,1,1,1,1,2,1,1,0,1.0,0.5,0.5,1.0,0.0,80.0,1.0,1,1,53937,0,YES,1,3,100.0
509,800,SOCIAL_EXPLORER,0,1,2,1,0,0,1,1,1,0,1,1.0,0.25,1.0,0.0,1.0,57.5,0.6627,1,1,45267,0,YES,0,2,100.0
904,561,SPONTANEOUS_ADVENTURER,0,1,1,1,0,0,1,0,0,0,0,1.0,0.0,0.0,0.0,0.0,43.33,0.4947,1,0,0,0,NO,0,0,25.33
399,957,SPONTANEOUS_ADVENTURER,1,0,1,0,1,0,2,1,1,0,0,0.6667,0.25,0.5,0.0,0.0,46.67,0.7493,1,1,53928,0,YES,1,3,100.0
229,617,SOCIAL_EXPLORER,1,0,1,0,1,0,1,0,0,1,0,0.5,0.0,0.0,1.0,0.0,43.33,0.5102,1,1,38897,1,SAVE_ONLY,0,1,76.94
735,404,SOCIAL_EXPLORER,1,1,1,0,0,0,2,1,0,0,0,1.0,0.1667,0.0,0.0,0.0,40.83,0.6329,1,0,0,0,YES,0,2,62.83
119,483,SOCIAL_EXPLORER,2,0,0,0,1,1,1,1,1,0,0,1.0,0.1667,1.0,0.0,0.0,56.67,0.6986,1,1,39873,0,YES,0,2,100.0
289,190,BUDGET_CONSCIOUS,1,0,1,0,1,0,1,1,1,0,0,1.0,0.1667,0.5,0.0,0.0,51.67,0.6664,0,0,0,0,YES,0,2,73.67
616,568,SELECTIVE_PLANNER,1,0,1,0,1,0,1,3,1,1,1,0.5,0.75,0.5,1.0,1.0,68.33,0.94,1,1,58428,1,YES,1,3,100.0
18,749,CAUTIOUS_INTROVERT,1,1,2,0,0,0,1,1,0,0,1,0.5,0.2,0.0,0.0,1.0,30.67,0.0568,1,0,0,0,NO,0,0,12.67
500,629,SPONTANEOUS_ADVENTURER,0,1,0,1,0,1,1,2,1,0,1,0.5,0.5,1.0,0.0,1.0,64.17,0.9931,1,1,65976,1,YES,1,3,100.0
450,986,SPONTANEOUS_ADVENTURER,2,0,1,0,1,0,1,1,1,1,0,1.0,0.3333,1.0,1.0,0.0,64.17,0.8305,1,1,58280,1,SUPER_LIKE,1,3,100.0
660,642,SPONTANEOUS_ADVENTURER,1,1,1,0,0,0,1,2,0,1,0,1.0,0.5,0.0,1.0,0.0,57.5,0.7657,0,0,0,1,YES,1,3,100.0
712,630,BUDGET_CONSCIOUS,0,2,1,1,0,0,1,1,1,0,0,0.3333,0.3333,0.5,0.0,0.0,35.83,0.4689,1,0,0,1,SAVE_ONLY,0,1,47.83
618,713,CAUTIOUS_INTROVERT,1,2,1,0,0,0,1,0,0,0,0,1.0,0.0,0.0,0.0,0.0,31.67,0.1776,0,0,0,0,NO,0,0,13.67
622,549,SPONTANEOUS_ADVENTURER,1,0,1,0,1,0,1,0,1,0,0,0.5,0.0,1.0,0.0,0.0,43.33,0.717,1,1,49869,1,YES,1,3,100.0
901,451,CAUTIOUS_INTROVERT,0,1,1,1,0,0,1,0,0,0,0,1.0,0.0,0.0,0.0,0.0,43.33,0.4734,0,0,0,1,SAVE_ONLY,0,1,55.33
445,884,CAUTIOUS_INTROVERT,1,1,0,0,0,1,1,1,1,0,0,1.0,0.25,1.0,0.0,0.0,58.33,0.6144,1,0,0,1,SAVE_ONLY,0,1,70.33
538,419,SOCIAL_EXPLORER,1,0,2,0,1,0,1,2,1,1,0,0.5,0.5,0.5,1.0,0.0,52.5,0.3508,0,0,0,0,NO,0,0,34.5
574,735,BUDGET_CONSCIOUS,1,0,2,0,1,0,2,4,1,1,0,1.0,1.0,0.5,1.0,0.0,72.5,0.8732,0,0,0,1,SUPER_LIKE,1,3,100.0
806,831,CAUTIOUS_INTROVERT,0,1,0,1,0,1,1,1,1,0,0,0.5,0.125,0.5,0.0,0.0,46.67,0.4677,1,1,29923,0,NO,0,1,47.14
568,459,CAUTIOUS_INTROVERT,0,0,1,1,1,0,1,0,0,0,0,0.5,0.0,0.0,0.0,0.0,39.17,0.4891,1,0,0,1,SAVE_ONLY,0,1,51.17
525,581,CAUTIOUS_INTROVERT,0,1,2,1,0,0,1,1,1,1,0,0.3333,0.25,0.5,1.0,0.0,44.17,0.0963,0,0,0,0,NO,0,0,26.17
80,291,CAUTIOUS_INTROVERT,0,1,1,1,0,0,1,0,0,0,1,0.5,0.0,0.0,0.0,1.0,38.33,0.4525,1,1,23805,0,NO,0,1,36.66
886,106,CAUTIOUS_INTROVERT,0,1,2,1,0,0,1,1,0,0,0,0.3333,0.1429,0.0,0.0,0.0,27.02,0.0172,0,0,0,0,NO,0,0,9.02
748,814,BUDGET_CONSCIOUS,0,1,1,1,0,0,1,0,0,0,0,0.5,0.0,0.0,0.0,0.0,33.33,0.5593,1,1,37710,1,SAVE_ONLY,0,1,66.53
429,162,SELECTIVE_PLANNER,0,2,0,1,0,1,1,0,0,0,0,1.0,0.0,0.0,0.0,0.0,43.33,0.1473,1,0,0,0,NO,0,0,25.33
797,936,SPONTANEOUS_ADVENTURER,0,1,0,1,0,1,1,0,0,0,0,1.0,0.0,0.0,0.0,0.0,49.17,0.7162,1,1,42436,0,YES,1,3,100.0
41,271,SOCIAL_EXPLORER,1,1,1,0,0,0,1,0,0,0,0,0.5,0.0,0.0,0.0,0.0,27.5,0.5557,0,0,0,0,NO,0,0,9.5
195,84,BUDGET_CONSCIOUS,1,0,1,0,1,0,1,0,1,0,0,1.0,0.0,0.5,0.0,0.0,48.33,0.5083,0,0,0,1,SAVE_ONLY,0,1,60.33
112,867,CAUTIOUS_INTROVERT,1,2,1,0,0,0,1,3,1,0,1,0.5,0.6,0.5,0.0,1.0,43.67,0.5662,1,1,38623,0,NO,0,1,47.19
410,44,BUDGET_CONSCIOUS,0,1,1,1,0,0,1,0,1,0,0,1.0,0.0,0.5,0.0,0.0,48.33,0.6578,1,1,43260,1,YES,0,2,100.0
431,470,BUDGET_CONSCIOUS,2,0,0,0,1,1,1,0,1,1,0,1.0,0.0,0.3333,1.0,0.0,56.67,0.3306,1,0,0,0,NO,0,0,38.67
408,377,BUDGET_CONSCIOUS,0,0,0,1,1,1,1,0,1,1,0,0.5,0.0,1.0,1.0,0.0,65.0,0.9235,1,1,63178,0,SUPER_LIKE,1,3,100.0
684,563,SOCIAL_EXPLORER,0,2,0,1,0,1,1,0,1,0,0,0.3333,0.0,0.3333,0.0,0.0,33.33,0.4094,1,0,0,0,NO,0,0,15.33
683,206,BUDGET_CONSCIOUS,1,1,0,0,0,1,1,1,0,0,0,0.3333,0.1667,0.0,0.0,0.0,33.33,0.2355,0,0,0,0,NO,0,0,15.33
506,177,SOCIAL_EXPLORER,1,0,0,0,1,1,1,1,1,0,0,1.0,0.1667,0.3333,0.0,0.0,55.83,0.6583,1,0,0,0,YES,0,2,77.83
676,212,CAUTIOUS_INTROVERT,1,0,0,0,1,1,1,2,0,0,0,0.3333,0.6667,0.0,0.0,0.0,49.17,0.6806,1,1,47617,0,YES,0,2,95.84
833,649,SOCIAL_EXPLORER,1,0,0,0,1,1,1,0,0,0,0,0.3333,0.0,0.0,0.0,0.0,35.83,0.614,1,0,0,1,SAVE_ONLY,0,1,47.83
72,565,CAUTIOUS_INTROVERT,0,1,1,1,0,0,1,3,1,1,0,0.3333,0.75,1.0,1.0,0.0,65.0,0.7915,1,1,45842,1,YES,1,3,100.0
577,876,SOCIAL_EXPLORER,1,0,0,0,1,1,1,1,0,0,0,1.0,0.1667,0.0,0.0,0.0,52.5,0.6356,1,1,33014,0,YES,0,2,94.05
132,507,BUDGET_CONSCIOUS,2,2,1,0,0,0,1,0,0,0,0,0.5,0.0,0.0,0.0,0.0,15.83,0.0,1,0,0,0,NO,0,0,0.0
715,33,SOCIAL_EXPLORER,1,1,1,0,0,0,1,1,1,0,0,0.5,0.1667,1.0,0.0,0.0,40.83,0.6547,1,1,42299,1,YES,0,2,97.63
285,833,SOCIAL_EXPLORER,1,1,0,0,0,1,1,0,0,0,0,0.5,0.0,0.0,0.0,0.0,33.33,0.3897,0,0,0,0,NO,0,0,15.33
674,1011,BUDGET_CONSCIOUS,1,1,1,0,0,0,1,0,0,0,0,0.5,0.0,0.0,0.0,0.0,27.5,0.367,0,0,0,0,NO,0,0,9.5
109,389,BUDGET_CONSCIOUS,0,1,1,1,0,0,1,0,0,0,0,0.5,0.0,0.0,0.0,0.0,33.33,0.5305,0,0,0,1,SAVE_ONLY,0,1,45.33
276,365,CAUTIOUS_INTROVERT,1,0,1,0,1,0,1,1,0,0,1,0.5,0.3333,0.0,0.0,1.0,45.0,0.5373,1,1,37527,1,SAVE_ONLY,0,1,78.13
497,199,SPONTANEOUS_ADVENTURER,1,1,0,0,0,1,1,0,0,0,0,1.0,0.0,0.0,0.0,0.0,43.33,0.5719,1,1,32281,1,SAVE_ONLY,0,1,74.63
436,470,CAUTIOUS_INTROVERT,1,2,1,0,0,0,1,0,1,1,1,1.0,0.0,0.3333,1.0,1.0,50.0,0.4759,1,1,38995,1,SAVE_ONLY,0,1,83.65
927,503,BUDGET_CONSCIOUS,1,1,1,0,0,0,1,2,1,1,1,0.3333,0.4,1.0,1.0,1.0,57.17,0.6742,1,1,43251,1,YES,0,2,100.0
395,698,SPONTANEOUS_ADVENTURER,1,1,1,0,0,0,1,1,0,1,0,0.3333,0.1667,0.0,1.0,0.0,37.5,0.6659,1,1,43208,1,YES,0,2,94.62
322,278,BUDGET_CONSCIOUS,0,1,1,1,0,0,1,0,0,0,0,1.0,0.0,0.0,0.0,0.0,43.33,0.5492,1,1,41466,1,SAVE_ONLY,0,1,77.84
276,102,CAUTIOUS_INTROVERT,1,1,2,0,0,0,1,0,0,0,0,0.5,0.0,0.0,0.0,0.0,21.67,0.0936,0,0,0,0,NO,0,0,3.67
645,626,SPONTANEOUS_ADVENTURER,1,0,1,0,1,0,1,1,2,1,0,1.0,0.25,1.0,1.0,0.0,68.33,1.0,1,1,53385,1,YES,1,3,100.0
50,421,SOCIAL_EXPLORER,0,0,2,1,1,0,1,0,0,0,0,1.0,0.0,0.0,0.0,0.0,43.33,0.3763,1,1,29838,0,NO,0,1,43.77
174,136,SELECTIVE_PLANNER,0,0,0,1,1,1,1,0,0,0,1,0.5,0.0,0.0,0.0,1.0,50.0,0.7311,0,0,0,0,YES,1,3,100.0
872,263,CAUTIOUS_INTROVERT,1,0,1,0,1,0,1,0,0,0,0,0.3333,0.0,0.0,0.0,0.0,30.0,0.322,0,0,0,0,NO,0,0,12.0
921,749,SPONTANEOUS_ADVENTURER,0,2,1,1,0,0,1,1,1,0,1,0.3333,0.2,0.5,0.0,1.0,38.17,0.3943,1,0,0,0,NO,0,0,20.17
15,320,CAUTIOUS_INTROVERT,1,1,0,0,0,1,0,0,0,0,0,0.0,0.0,0.0,0.0,0.0,23.33,0.1046,1,0,0,0,NO,0,0,5.33
442,780,SELECTIVE_PLANNER,0,0,0,1,1,1,1,0,0,0,0,0.5,0.0,0.0,0.0,0.0,45.0,0.5237,0,0,0,1,SAVE_ONLY,0,1,57.0
832,410,CAUTIOUS_INTROVERT,1,1,1,0,0,0,1,2,1,1,1,1.0,0.5,1.0,1.0,1.0,72.5,0.7814,0,0,0,1,YES,1,3,100.0
836,528,SOCIAL_EXPLORER,1,1,2,0,0,0,1,0,0,0,1,1.0,0.0,0.0,0.0,1.0,36.67,0.2281,0,0,0,0,NO,0,0,18.67
164,845,BUDGET_CONSCIOUS,1,1,2,0,0,0,1,4,0,1,0,0.5,1.0,0.0,1.0,0.0,51.67,0.6633,0,0,0,0,YES,0,2,73.67
193,960,SOCIAL_EXPLORER,1,0,1,0,1,0,1,0,0,0,0,0.5,0.0,0.0,0.0,0.0,33.33,0.5918,1,1,44565,0,NO,0,1,38.93
436,911,CAUTIOUS_INTROVERT,0,2,0,1,0,1,1,0,1,1,1,1.0,0.0,0.3333,1.0,1.0,61.67,0.6892,1,1,38812,1,YES,0,2,100.0
316,173,BUDGET_CONSCIOUS,0,1,0,1,0,1,1,0,0,0,0,1.0,0.0,0.0,0.0,0.0,49.17,0.5388,1,0,0,1,SAVE_ONLY,0,1,61.17
811,641,SOCIAL_EXPLORER,0,1,1,1,0,0,1,4,1,1,1,0.5,0.8,1.0,1.0,1.0,74.33,0.9069,1,1,61770,1,YES,1,3,100.0
732,803,BUDGET_CONSCIOUS,0,1,2,1,0,0,1,0,1,0,0,0.5,0.0,1.0,0.0,0.0,37.5,0.6249,1,1,43970,0,YES,0,2,82.89
1008,879,BUDGET_CONSCIOUS,2,1,0,0,0,1,1,2,1,1,1,0.3333,0.5,1.0,1.0,1.0,59.17,0.283,1,0,0,0,NO,0,0,41.17
519,638,SOCIAL_EXPLORER,1,1,2,0,0,0,1,2,1,1,1,1.0,0.5,0.3333,1.0,1.0,60.0,0.6391,1,1,44448,1,YES,0,2,100.0
585,835,BUDGET_CONSCIOUS,1,1,1,0,0,0,1,2,1,0,1,1.0,0.4,0.5,0.0,1.0,55.5,0.6905,1,1,44556,1,YES,0,2,100.0
1000,452,SOCIAL_EXPLORER,1,2,1,0,0,0,1,2,1,1,0,0.5,0.3333,0.5,1.0,0.0,43.33,0.6941,1,1,43604,0,YES,0,2,88.59
58,962,CAUTIOUS_INTROVERT,1,1,0,0,0,1,1,1,1,0,0,1.0,0.1667,0.5,0.0,0.0,51.67,0.4303,1,1,22947,0,NO,0,1,49.7
321,182,SOCIAL_EXPLORER,1,0,1,0,1,0,1,0,0,0,0,0.5,0.0,0.0,0.0,0.0,33.33,0.675,1,1,43276,1,YES,0,2,90.48
64,21,CAUTIOUS_INTROVERT,0,2,1,1,0,0,1,0,0,0,0,1.0,0.0,0.0,0.0,0.0,37.5,0.2922,0,0,0,0,NO,0,0,19.5
637,544,CAUTIOUS_INTROVERT,1,0,1,0,1,0,1,0,0,0,1,1.0,0.0,0.0,0.0,1.0,48.33,0.4901,1,0,0,1,SAVE_ONLY,0,1,60.33
214,663,BUDGET_CONSCIOUS,1,0,0,0,1,1,1,0,0,1,0,1.0,0.0,0.0,1.0,0.0,59.17,0.6573,1,1,44707,0,YES,0,2,100.0
451,766,SOCIAL_EXPLORER,1,1,0,0,0,1,1,1,0,0,0,1.0,0.25,0.0,0.0,0.0,48.33,0.7094,1,1,41453,0,YES,1,3,100.0
630,136,BUDGET_CONSCIOUS,1,0,0,0,1,1,1,0,1,1,1,1.0,0.0,0.3333,1.0,1.0,67.5,0.5762,1,1,43232,0,NO,0,1,72.63
594,371,BUDGET_CONSCIOUS,1,0,1,0,1,0,1,0,1,1,1,0.5,0.0,0.5,1.0,1.0,53.33,0.6524,1,1,46188,0,YES,0,2,99.5
166,189,BUDGET_CONSCIOUS,1,0,1,0,1,0,2,1,1,1,1,0.6667,0.3333,0.5,1.0,1.0,63.33,0.6897,1,0,0,0,YES,0,2,85.33
67,624,BUDGET_CONSCIOUS,0,1,0,1,0,1,1,1,0,0,0,0.3333,0.125,0.0,0.0,0.0,38.33,0.576,0,0,0,1,SAVE_ONLY,0,1,50.33
653,78,BUDGET_CONSCIOUS,0,1,1,1,0,0,2,1,0,0,0,1.0,0.1667,0.0,0.0,0.0,46.67,0.7167,1,0,0,1,YES,1,3,100.0
254,909,BUDGET_CONSCIOUS,0,0,0,1,1,1,1,0,1,1,1,1.0,0.0,1.0,1.0,1.0,80.0,0.8349,1,1,46832,0,YES,1,3,100.0
618,988,CAUTIOUS_INTROVERT,1,1,2,0,0,0,1,1,1,0,1,0.5,0.2,0.5,0.0,1.0,35.67,0.1686,1,0,0,0,NO,0,0,17.67
277,828,SPONTANEOUS_ADVENTURER,1,1,0,0,0,1,1,0,0,1,0,0.5,0.0,0.0,1.0,0.0,43.33,0.5239,0,0,0,1,SAVE_ONLY,0,1,55.33
793,380,BUDGET_CONSCIOUS,0,2,1,1,0,0,1,2,1,0,1,0.5,0.5,0.5,0.0,1.0,47.5,0.7684,1,0,0,1,YES,1,3,100.0
69,747,SOCIAL_EXPLORER,1,1,1,0,0,0,1,0,1,1,0,0.5,0.0,1.0,1.0,0.0,47.5,0.5728,1,1,43792,0,NO,0,1,52.83
722,954,SOCIAL_EXPLORER,1,1,2,0,0,0,1,1,0,1,0,1.0,0.3333,0.0,1.0,0.0,48.33,0.4517,1,1,26019,1,SAVE_ONLY,0,1,77.44
54,758,CAUTIOUS_INTROVERT,0,2,0,1,0,1,1,2,1,0,0,1.0,0.3333,0.5,0.0,0.0,55.0,0.6479,1,1,49092,1,YES,0,2,100.0
939,714,SOCIAL_EXPLORER,2,0,1,0,1,0,1,0,0,0,1,0.5,0.0,0.0,0.0,1.0,32.5,0.4408,1,1,28438,1,SAVE_ONLY,0,1,62.45
386,775,BUDGET_CONSCIOUS,0,1,1,1,0,0,1,0,0,0,0,0.5,0.0,0.0,0.0,0.0,33.33,0.465,1,1,34294,1,SAVE_ONLY,0,1,65.33
972,582,CAUTIOUS_INTROVERT,1,0,0,0,1,1,1,2,1,1,0,1.0,0.3333,0.5,1.0,0.0,70.83,0.8907,1,1,48996,0,YES,1,3,100.0
425,692,SOCIAL_EXPLORER,1,0,1,0,1,0,1,0,1,0,1,1.0,0.0,0.3333,0.0,1.0,51.67,0.6313,1,0,0,1,YES,0,2,85.67
501,780,SOCIAL_EXPLORER,0,0,1,1,1,0,1,1,0,0,0,0.5,0.25,0.0,0.0,0.0,44.17,0.5389,0,0,0,0,NO,0,0,26.17
780,596,SOCIAL_EXPLORER,1,1,0,0,0,1,1,1,0,0,1,1.0,0.2,0.0,0.0,1.0,52.33,0.6848,1,1,48892,1,YES,0,2,100.0
291,771,SPONTANEOUS_ADVENTURER,2,0,1,0,1,0,1,0,0,0,0,0.5,0.0,0.0,0.0,0.0,27.5,0.5939,1,0,0,1,SAVE_ONLY,0,1,39.5
638,245,CAUTIOUS_INTROVERT,0,1,1,1,0,0,1,1,0,1,0,0.5,0.1667,0.0,1.0,0.0,46.67,0.5169,1,0,0,1,SAVE_ONLY,0,1,58.67
735,973,SOCIAL_EXPLORER,1,0,0,0,1,1,1,0,0,0,0,0.3333,0.0,0.0,0.0,0.0,35.83,0.5399,1,1,37995,1,SAVE_ONLY,0,1,69.13
945,495,CAUTIOUS_INTROVERT,0,1,0,1,0,1,1,1,0,0,0,0.5,0.1667,0.0,0.0,0.0,42.5,0.5744,0,0,0,1,SAVE_ONLY,0,1,54.5
122,326,BUDGET_CONSCIOUS,1,0,1,0,1,0,1,2,1,1,1,0.5,1.0,1.0,1.0,1.0,78.33,0.693,1,1,40409,0,YES,0,2,100.0
499,396,CAUTIOUS_INTROVERT,0,1,0,1,0,1,1,1,0,0,0,0.3333,0.2,0.0,0.0,0.0,39.83,0.425,0,0,0,1,SAVE_ONLY,0,1,51.83
503,643,SOCIAL_EXPLORER,1,0,2,0,1,0,1,1,0,0,0,0.3333,0.1667,0.0,0.0,0.0,27.5,0.2327,0,0,0,0,NO,0,0,9.5
98,781,BUDGET_CONSCIOUS,0,0,1,1,1,0,1,1,0,0,0,1.0,0.1667,0.0,0.0,0.0,52.5,0.6932,0,0,0,1,YES,0,2,86.5
51,759,BUDGET_CONSCIOUS,1,0,1,0,1,0,1,0,2,1,0,0.3333,0.0,1.0,1.0,0.0,50.0,0.355,1,1,18177,0,NO,0,1,46.36
530,976,SELECTIVE_PLANNER,0,1,1,1,0,0,1,1,0,1,1,1.0,0.1429,0.0,1.0,1.0,61.19,0.5369,1,0,0,1,SAVE_ONLY,0,1,73.19
362,274,SOCIAL_EXPLORER,2,2,0,0,0,1,1,1,1,0,1,0.3333,0.1667,0.5,0.0,1.0,31.67,0.4065,1,1,34298,0,NO,0,1,33.67
651,88,SELECTIVE_PLANNER,1,2,1,0,0,0,1,0,0,0,0,0.5,0.0,0.0,0.0,0.0,21.67,0.0712,1,0,0,0,NO,0,0,3.67
289,364,BUDGET_CONSCIOUS,0,1,1,1,0,0,1,1,0,0,0,1.0,0.1429,0.0,0.0,0.0,46.19,0.68,1,0,0,0,YES,0,2,68.19
267,357,SOCIAL_EXPLORER,1,2,1,0,0,0,1,1,0,0,0,1.0,0.2,0.0,0.0,0.0,35.67,0.4612,1,1,25349,0,NO,0,1,34.54
481,950,SPONTANEOUS_ADVENTURER,1,1,0,0,0,1,1,2,1,1,0,1.0,0.4,1.0,1.0,0.0,71.33,0.9324,1,1,54427,1,YES,1,3,100.0
258,350,CAUTIOUS_INTROVERT,1,0,1,0,1,0,1,1,2,1,1,1.0,0.3333,1.0,1.0,1.0,75.0,0.6675,1,1,40888,0,YES,0,2,100.0
494,842,SOCIAL_EXPLORER,0,2,0,1,0,1,1,1,1,0,0,0.5,0.1667,0.5,0.0,0.0,41.67,0.6253,0,0,0,1,YES,0,2,75.67
104,330,SOCIAL_EXPLORER,1,2,1,0,0,0,1,3,1,1,0,0.5,0.6,1.0,1.0,0.0,53.67,0.5947,1,1,36065,1,SAVE_ONLY,0,1,86.29
775,392,BUDGET_CONSCIOUS,1,1,1,0,0,0,1,0,1,1,1,1.0,0.0,0.5,1.0,1.0,57.5,0.7248,0,0,0,0,YES,1,3,100.0
930,991,SPONTANEOUS_ADVENTURER,2,0,0,0,1,1,1,4,1,1,1,0.5,1.0,0.5,1.0,1.0,73.33,1.0,1,1,56224,0,YES,1,3,100.0
140,359,SELECTIVE_PLANNER,1,0,1,0,1,0,1,0,0,0,0,1.0,0.0,0.0,0.0,0.0,43.33,0.53,1,0,0,1,SAVE_ONLY,0,1,55.33
560,933,CAUTIOUS_INTROVERT,0,0,0,1,1,1,1,0,0,0,1,1.0,0.0,0.0,0.0,1.0,60.0,0.6193,1,1,35222,0,NO,0,1,62.33
335,457,SPONTANEOUS_ADVENTURER,1,0,1,0,1,0,1,0,0,0,0,1.0,0.0,0.0,0.0,0.0,43.33,0.6266,1,0,0,0,YES,0,2,65.33
668,680,SOCIAL_EXPLORER,0,2,1,1,0,0,1,3,1,0,1,0.5,0.4286,1.0,0.0,1.0,51.07,0.6305,1,0,0,1,YES,0,2,85.07
548,705,CAUTIOUS_INTROVERT,0,1,1,1,0,0,1,3,1,1,1,0.25,0.75,0.5,1.0,1.0,63.33,0.7992,0,0,0,0,YES,1,3,100.0
232,168,SOCIAL_EXPLORER,1,2,0,0,0,1,1,1,1,0,0,1.0,0.2,1.0,0.0,0.0,51.5,0.5886,1,1,33956,0,NO,0,1,53.38
817,793,SOCIAL_EXPLORER,2,2,2,0,0,0,1,2,1,0,0,0.5,0.5,1.0,0.0,0.0,30.0,0.213,0,0,0,0,NO,0,0,12.0
309,832,SOCIAL_EXPLORER,1,1,2,0,0,0,1,0,0,0,0,1.0,0.0,0.0,0.0,0.0,31.67,0.4162,0,0,0,0,NO,0,0,13.67
514,37,SOCIAL_EXPLORER,0,2,0,1,0,1,1,1,0,0,0,0.5,0.2,0.0,0.0,0.0,37.33,0.6562,1,1,41544,0,YES,0,2,81.87
736,676,SOCIAL_EXPLORER,0,1,2,1,0,0,2,0,0,0,0,0.6667,0.0,0.0,0.0,0.0,30.83,0.378,1,1,25471,0,NO,0,1,29.74
680,314,SELECTIVE_PLANNER,0,1,1,1,0,0,2,2,1,0,0,1.0,0.4,1.0,0.0,0.0,61.33,0.3048,1,1,21267,0,NO,0,1,58.77
764,351,BUDGET_CONSCIOUS,0,0,2,1,1,0,1,0,1,0,0,1.0,0.0,0.5,0.0,0.0,48.33,0.6648,0,0,0,0,YES,0,2,70.33
191,758,BUDGET_CONSCIOUS,2,2,2,0,0,0,1,1,2,1,1,1.0,0.2,1.0,1.0,1.0,49.0,0.1374,1,0,0,0,NO,0,0,31.0
469,320,BUDGET_CONSCIOUS,2,0,0,0,1,1,1,1,0,1,0,0.5,0.1429,0.0,1.0,0.0,46.19,0.2239,0,0,0,0,NO,0,0,28.19
175,952,SPONTANEOUS_ADVENTURER,1,1,1,0,0,0,1,2,1,0,0,0.5,0.2857,1.0,0.0,0.0,43.21,0.5999,1,1,45621,1,SAVE_ONLY,0,1,79.18
710,551,SOCIAL_EXPLORER,1,0,1,0,1,0,1,0,0,0,0,0.5,0.0,0.0,0.0,0.0,33.33,0.4648,0,0,0,0,NO,0,0,15.33
689,51,SELECTIVE_PLANNER,2,2,0,0,0,1,1,0,0,0,0,0.3333,0.0,0.0,0.0,0.0,18.33,0.0,0,0,0,0,NO,0,0,0.33
405,804,SOCIAL_EXPLORER,2,1,0,0,0,1,1,1,0,1,0,0.5,0.2,0.0,1.0,0.0,41.5,0.6716,0,0,0,0,YES,0,2,63.5
349,866,SOCIAL_EXPLORER,1,0,1,0,1,0,1,1,0,0,0,1.0,0.2,0.0,0.0,0.0,47.33,0.6395,1,0,0,0,YES,0,2,69.33
581,471,SOCIAL_EXPLORER,0,1,1,1,0,0,1,0,0,0,0,0.5,0.0,0.0,0.0,0.0,33.33,0.6623,1,1,41983,1,YES,0,2,90.02
325,154,SOCIAL_EXPLORER,0,2,1,1,0,0,1,1,1,1,0,1.0,0.25,1.0,1.0,0.0,62.5,0.7094,1,1,37470,0,YES,1,3,100.0
304,253,SELECTIVE_PLANNER,0,1,0,1,0,1,1,2,1,1,0,1.0,0.3333,1.0,1.0,0.0,75.83,0.6723,0,0,0,0,YES,0,2,97.83
652,624,SOCIAL_EXPLORER,2,1,2,0,0,0,1,0,0,0,0,0.5,0.0,0.0,0.0,0.0,15.83,0.0371,0,0,0,0,NO,0,0,0.0
189,403,SOCIAL_EXPLORER,1,1,1,0,0,0,1,0,1,0,1,0.3333,0.0,0.5,0.0,1.0,34.17,0.4113,0,0,0,0,NO,0,0,16.17
984,823,SOCIAL_EXPLORER,0,1,1,1,0,0,1,0,1,0,0,1.0,0.0,0.5,0.0,0.0,48.33,0.5411,1,1,29033,1,SAVE_ONLY,0,1,78.49
207,164,SOCIAL_EXPLORER,1,1,0,0,0,1,2,3,2,1,1,0.6667,0.75,1.0,1.0,1.0,76.67,1.0,1,1,62935,1,YES,1,3,100.0
401,387,BUDGET_CONSCIOUS,2,0,1,0,1,0,1,1,1,0,0,0.5,0.3333,0.5,0.0,0.0,39.17,0.0919,0,0,0,0,NO,0,0,21.17
656,48,BUDGET_CONSCIOUS,0,1,0,1,0,1,1,0,0,0,0,1.0,0.0,0.0,0.0,0.0,49.17,0.6256,1,1,33866,0,YES,0,2,91.02
249,124,SOCIAL_EXPLORER,0,0,0,1,1,1,1,2,1,1,1,0.5,0.6667,1.0,1.0,1.0,83.33,1.0,1,1,53683,0,SUPER_LIKE,1,3,100.0
558,437,SELECTIVE_PLANNER,0,1,0,1,0,1,1,1,0,0,0,0.5,0.1667,0.0,0.0,0.0,42.5,0.2123,0,0,0,0,NO,0,0,24.5
933,408,SPONTANEOUS_ADVENTURER,1,1,1,0,0,0,1,1,1,1,0,0.5,0.1667,1.0,1.0,0.0,50.83,0.6864,1,1,51215,0,YES,0,2,98.76
637,718,CAUTIOUS_INTROVERT,1,2,2,0,0,0,1,2,1,0,0,0.5,0.6667,1.0,0.0,0.0,39.17,0.3108,0,0,0,0,NO,0,0,21.17
476,122,SPONTANEOUS_ADVENTURER,2,0,1,0,1,0,1,2,0,1,0,0.5,0.4,0.0,1.0,0.0,45.5,0.6741,1,1,50386,0,YES,0,2,93.14
543,273,CAUTIOUS_INTROVERT,1,0,2,0,1,0,1,1,0,0,0,1.0,0.1429,0.0,0.0,0.0,40.36,0.06,0,0,0,0,NO,0,0,22.36
223,126,BUDGET_CONSCIOUS,2,0,1,0,1,0,1,1,1,1,1,1.0,0.25,1.0,1.0,1.0,67.5,0.274,1,0,0,0,NO,0,0,49.5
428,86,CAUTIOUS_INTROVERT,1,0,2,0,1,0,1,0,0,0,0,0.3333,0.0,0.0,0.0,0.0,24.17,0.1007,0,0,0,0,NO,0,0,6.17
554,168,BUDGET_CONSCIOUS,0,1,2,1,0,0,1,1,1,0,0,1.0,0.25,1.0,0.0,0.0,52.5,0.6865,1,1,35997,1,YES,0,2,100.0
968,929,SOCIAL_EXPLORER,1,1,2,0,0,0,1,3,0,0,1,0.3333,0.6,0.0,0.0,1.0,35.33,0.2084,0,0,0,0,NO,0,0,17.33
836,950,SOCIAL_EXPLORER,1,2,1,0,0,0,1,2,1,1,0,1.0,0.4,1.0,1.0,0.0,59.67,0.7431,0,0,0,0,YES,1,3,100.0
859,542,BUDGET_CONSCIOUS,2,0,1,0,1,0,1,2,1,1,0,1.0,0.5,0.5,1.0,0.0,62.5,0.2841,0,0,0,0,NO,0,0,44.5
483,885,BUDGET_CONSCIOUS,0,0,1,1,1,0,1,1,1,0,0,0.5,0.1429,1.0,0.0,0.0,52.02,0.6574,1,1,49784,0,YES,0,2,99.44
824,634,SOCIAL_EXPLORER,1,0,1,0,1,0,1,1,1,0,1,0.5,0.2,0.5,0.0,1.0,47.33,0.6889,0,0,0,0,YES,0,2,69.33
274,516,BUDGET_CONSCIOUS,0,1,2,1,0,0,1,0,1,0,0,0.3333,0.0,1.0,0.0,0.0,34.17,0.4643,0,0,0,0,NO,0,0,16.17
409,660,CAUTIOUS_INTROVERT,0,1,1,1,0,0,1,0,0,0,0,1.0,0.0,0.0,0.0,0.0,43.33,0.5596,1,0,0,0,NO,0,0,25.33
698,411,SOCIAL_EXPLORER,2,0,0,0,1,1,1,1,1,0,0,0.3333,0.2,0.3333,0.0,0.0,37.33,0.4344,1,1,22339,0,NO,0,1,35.15
246,459,CAUTIOUS_INTROVERT,0,0,1,1,1,0,2,2,1,0,0,1.0,0.3333,1.0,0.0,0.0,65.83,0.8826,1,1,50778,0,YES,1,3,100.0
324,852,SELECTIVE_PLANNER,1,1,1,0,0,0,1,0,1,0,0,1.0,0.0,1.0,0.0,0.0,47.5,0.2439,0,0,0,0,NO,0,0,29.5
745,905,CAUTIOUS_INTROVERT,1,1,1,0,0,0,1,1,0,0,0,0.5,0.1667,0.0,0.0,0.0,30.83,0.3733,0,0,0,0,NO,0,0,12.83
897,493,CAUTIOUS_INTROVERT,1,1,1,0,0,0,1,1,1,0,0,1.0,0.1667,1.0,0.0,0.0,50.83,0.5848,1,1,42694,1,SAVE_ONLY,0,1,85.77
700,345,SOCIAL_EXPLORER,2,0,1,0,1,0,1,2,1,0,1,0.3333,0.5,0.5,0.0,1.0,44.17,0.752,1,1,53178,1,YES,1,3,100.0
794,839,SELECTIVE_PLANNER,1,0,1,0,1,0,1,0,0,0,1,0.5,0.0,0.0,0.0,1.0,38.33,0.6759,1,1,48286,1,YES,0,2,97.23
808,103,SPONTANEOUS_ADVENTURER,1,0,1,0,1,0,1,2,1,0,0,0.5,0.4,0.5,0.0,0.0,46.33,0.8797,0,0,0,0,YES,1,3,98.33
632,496,SPONTANEOUS_ADVENTURER,1,2,1,0,0,0,1,1,0,0,0,1.0,0.1429,0.0,0.0,0.0,34.52,0.5157,0,0,0,0,NO,0,0,16.52
223,151,BUDGET_CONSCIOUS,0,1,1,1,0,0,1,0,0,0,0,1.0,0.0,0.0,0.0,0.0,43.33,0.6474,1,0,0,0,YES,0,2,65.33
730,621,SOCIAL_EXPLORER,0,1,1,1,0,0,1,0,0,0,1,0.5,0.0,0.0,0.0,1.0,38.33,0.6278,1,1,45184,1,YES,0,2,96.14
862,730,BUDGET_CONSCIOUS,1,2,2,0,0,0,1,0,0,0,0,1.0,0.0,0.0,0.0,0.0,25.83,0.2495,1,1,21647,0,NO,0,1,23.41
360,106,SOCIAL_EXPLORER,0,1,0,1,0,1,1,0,0,0,0,0.5,0.0,0.0,0.0,0.0,39.17,0.729,1,1,42078,1,YES,1,3,100.0
239,570,SOCIAL_EXPLORER,1,1,1,0,0,0,1,1,0,1,1,0.3333,0.1667,0.0,1.0,1.0,42.5,0.6462,0,0,0,1,YES,0,2,76.5
377,640,BUDGET_CONSCIOUS,0,0,0,1,1,1,1,0,0,0,0,1.0,0.0,0.0,0.0,0.0,55.0,0.6612,1,1,39094,0,YES,0,2,98.68
243,293,PASSIVE_BROWSER,1,0,0,0,1,1,1,1,1,0,0,1.0,0.1429,0.5,0.0,0.0,57.02,0.4595,1,1,27357,0,NO,0,1,56.59
622,536,SPONTANEOUS_ADVENTURER,1,0,1,0,1,0,1,1,1,0,0,1.0,0.25,0.5,0.0,0.0,53.33,0.7457,1,0,0,1,YES,1,3,100.0
696,665,SOCIAL_EXPLORER,0,2,0,1,0,1,1,0,0,1,0,1.0,0.0,0.0,1.0,0.0,53.33,0.7091,0,0,0,0,YES,1,3,100.0
37,540,SOCIAL_EXPLORER,1,2,0,0,0,1,1,0,1,0,1,1.0,0.0,1.0,0.0,1.0,52.5,0.6544,1,1,44118,0,YES,0,2,97.94
883,179,SOCIAL_EXPLORER,0,1,2,1,0,0,1,1,1,1,0,1.0,0.1667,1.0,1.0,0.0,60.83,0.7025,1,1,49169,1,YES,1,3,100.0
680,824,SELECTIVE_PLANNER,0,0,1,1,1,0,1,2,1,0,1,0.5,0.4,1.0,0.0,1.0,62.17,0.7865,1,1,47705,0,YES,1,3,100.0
498,839,SOCIAL_EXPLORER,0,1,2,1,0,0,1,0,0,0,0,1.0,0.0,0.0,0.0,0.0,37.5,0.4296,1,1,21886,1,SAVE_ONLY,0,1,65.16
509,433,SOCIAL_EXPLORER,1,2,1,0,0,0,1,1,0,0,1,1.0,0.25,0.0,0.0,1.0,41.67,0.7161,1,1,47412,0,YES,1,3,100.0
821,104,SPONTANEOUS_ADVENTURER,1,1,1,0,0,0,1,0,0,0,0,0.5,0.0,0.0,0.0,0.0,27.5,0.3356,1,0,0,0,NO,0,0,9.5
571,83,PASSIVE_BROWSER,1,0,0,0,1,1,1,1,2,1,1,1.0,0.25,1.0,1.0,1.0,79.17,0.6266,1,1,34113,0,YES,0,2,100.0
662,266,BUDGET_CONSCIOUS,1,1,1,0,0,0,1,3,1,1,1,0.5,0.75,1.0,1.0,1.0,67.5,0.5567,1,0,0,1,SAVE_ONLY,0,1,79.5
566,534,SOCIAL_EXPLORER,0,2,0,1,0,1,1,0,1,0,0,0.5,0.0,0.5,0.0,0.0,38.33,0.5905,1,1,43096,1,SAVE_ONLY,0,1,73.41
254,614,BUDGET_CONSCIOUS,1,2,1,0,0,0,1,0,0,0,0,1.0,0.0,0.0,0.0,0.0,31.67,0.1926,1,1,23009,0,NO,0,1,29.72
314,41,CAUTIOUS_INTROVERT,1,0,2,0,1,0,1,2,1,0,0,0.5,0.5,1.0,0.0,0.0,47.5,0.5496,1,1,43768,1,SAVE_ONLY,0,1,82.82
50,504,SOCIAL_EXPLORER,0,1,1,1,0,0,1,0,0,0,1,0.5,0.0,0.0,0.0,1.0,38.33,0.6655,1,0,0,0,YES,0,2,60.33
946,859,BUDGET_CONSCIOUS,0,2,0,1,0,1,1,1,1,1,1,1.0,0.3333,1.0,1.0,1.0,75.0,1.0,1,1,63264,0,SUPER_LIKE,1,3,100.0
691,902,BUDGET_CONSCIOUS,0,2,0,1,0,1,1,0,0,0,0,1.0,0.0,0.0,0.0,0.0,43.33,0.5592,1,0,0,1,SAVE_ONLY,0,1,55.33
729,371,SOCIAL_EXPLORER,0,1,1,1,0,0,1,0,0,0,0,1.0,0.0,0.0,0.0,0.0,43.33,0.6015,0,0,0,1,SAVE_ONLY,0,1,55.33
860,876,BUDGET_CONSCIOUS,0,0,0,1,1,1,1,1,1,1,0,1.0,0.1429,1.0,1.0,0.0,77.86,0.9834,1,1,62090,0,YES,1,3,100.0
357,255,SELECTIVE_PLANNER,0,1,1,1,0,0,1,4,1,0,0,1.0,0.8,1.0,0.0,0.0,69.33,0.5379,1,1,40375,0,NO,0,1,73.46
333,755,SOCIAL_EXPLORER,0,1,1,1,0,0,1,1,0,1,0,1.0,0.25,0.0,1.0,0.0,58.33,0.6619,1,1,42301,0,YES,0,2,100.0
993,161,SOCIAL_EXPLORER,1,0,1,0,1,0,1,1,0,1,0,0.5,0.1429,0.0,1.0,0.0,46.19,0.6562,1,0,0,0,YES,0,2,68.19
883,860,SOCIAL_EXPLORER,1,0,0,0,1,1,1,1,1,1,0,1.0,0.1429,1.0,1.0,0.0,72.02,0.8281,1,1,51350,0,SUPER_LIKE,1,3,100.0
307,689,CAUTIOUS_INTROVERT,0,2,1,1,0,0,2,0,1,0,0,0.6667,0.0,1.0,0.0,0.0,40.83,0.4324,1,0,0,0,NO,0,0,22.83
590,957,SOCIAL_EXPLORER,0,0,0,1,1,1,1,2,1,0,0,0.3333,0.5,1.0,0.0,0.0,61.67,0.7981,1,1,56041,1,YES,1,3,100.0
147,805,SOCIAL_EXPLORER,0,0,1,1,1,0,1,2,1,0,0,0.5,0.4,1.0,0.0,0.0,57.17,0.7609,0,0,0,0,YES,1,3,100.0
156,153,SOCIAL_EXPLORER,0,1,0,1,0,1,1,0,0,0,0,0.5,0.0,0.0,0.0,0.0,39.17,0.6772,1,0,0,1,YES,0,2,73.17
176,387,SELECTIVE_PLANNER,1,0,1,0,1,0,1,1,1,0,1,1.0,0.2,1.0,0.0,1.0,62.33,0.784,0,0,0,1,YES,1,3,100.0
658,490,SPONTANEOUS_ADVENTURER,1,2,1,0,0,0,1,0,0,1,1,0.3333,0.0,0.0,1.0,1.0,33.33,0.3484,0,0,0,0,NO,0,0,15.33
545,870,CAUTIOUS_INTROVERT,2,0,0,0,1,1,1,0,0,0,0,0.5,0.0,0.0,0.0,0.0,33.33,0.3197,1,0,0,0,NO,0,0,15.33
394,33,BUDGET_CONSCIOUS,1,0,0,0,1,1,1,1,1,0,0,1.0,0.2,1.0,0.0,0.0,63.17,0.7015,1,1,44994,0,YES,1,3,100.0
1010,709,SOCIAL_EXPLORER,2,1,1,0,0,0,1,0,0,0,0,1.0,0.0,0.0,0.0,0.0,31.67,0.5827,0,0,0,1,SAVE_ONLY,0,1,43.67
663,446,SOCIAL_EXPLORER,1,0,0,0,1,1,1,0,0,0,0,1.0,0.0,0.0,0.0,0.0,49.17,0.6926,1,0,0,1,YES,0,2,83.17
75,406,BUDGET_CONSCIOUS,2,2,1,0,0,0,1,0,0,0,0,1.0,0.0,0.0,0.0,0.0,25.83,0.0,1,0,0,0,NO,0,0,7.83
58,785,CAUTIOUS_INTROVERT,1,1,2,0,0,0,1,1,0,0,1,0.5,0.2,0.0,0.0,1.0,30.67,0.0873,0,0,0,0,NO,0,0,12.67
697,817,CAUTIOUS_INTROVERT,0,2,2,1,0,0,1,1,0,0,0,1.0,0.1667,0.0,0.0,0.0,35.0,0.2125,1,0,0,0,NO,0,0,17.0
452,821,SELECTIVE_PLANNER,0,1,0,1,0,1,1,2,1,1,0,0.5,0.4,0.5,1.0,0.0,62.17,0.4103,1,0,0,0,NO,0,0,44.17
32,271,SELECTIVE_PLANNER,1,0,0,0,1,1,2,0,0,0,0,1.0,0.0,0.0,0.0,0.0,49.17,0.7246,1,0,0,1,YES,1,3,100.0
137,575,BUDGET_CONSCIOUS,1,1,0,0,0,1,1,1,1,0,0,0.5,0.2,0.5,0.0,0.0,42.33,0.4827,1,0,0,0,NO,0,0,24.33
499,335,CAUTIOUS_INTROVERT,1,0,1,0,1,0,1,1,1,1,1,0.5,0.25,0.5,1.0,1.0,58.33,0.5154,0,0,0,0,NO,0,0,40.33
839,343,CAUTIOUS_INTROVERT,0,0,2,1,1,0,1,0,0,0,1,1.0,0.0,0.0,0.0,1.0,48.33,0.3726,1,1,20866,0,NO,0,1,45.63
319,562,SOCIAL_EXPLORER,0,2,0,1,0,1,1,0,0,0,1,1.0,0.0,0.0,0.0,1.0,48.33,0.7517,1,1,50942,1,YES,1,3,100.0
957,377,SOCIAL_EXPLORER,1,2,0,0,0,1,1,0,0,0,0,0.3333,0.0,0.0,0.0,0.0,24.17,0.4701,0,0,0,1,SAVE_ONLY,0,1,36.17
893,17,SOCIAL_EXPLORER,1,2,1,0,0,0,1,3,1,1,1,0.25,0.75,0.5,1.0,1.0,51.67,0.7103,1,1,47755,0,YES,1,3,100.0
729,621,SOCIAL_EXPLORER,0,1,1,1,0,0,1,2,1,0,0,0.5,0.3333,1.0,0.0,0.0,50.0,0.7127,1,1,49981,0,YES,1,3,100.0
49,715,CAUTIOUS_INTROVERT,0,1,2,1,0,0,1,1,1,0,0,0.5,0.125,1.0,0.0,0.0,40.0,0.1471,0,0,0,0,NO,0,0,22.0
282,793,BUDGET_CONSCIOUS,0,0,2,1,1,0,1,0,0,0,1,0.5,0.0,0.0,0.0,1.0,38.33,0.5393,0,0,0,0,NO,0,0,20.33
338,222,BUDGET_CONSCIOUS,1,1,1,0,0,0,1,2,1,1,1,0.5,0.4,1.0,1.0,1.0,60.5,0.7104,1,1,47265,1,YES,1,3,100.0
716,474,BUDGET_CONSCIOUS,0,0,1,1,1,0,1,2,2,1,0,0.3333,0.4,1.0,1.0,0.0,63.83,0.9246,1,1,63568,1,YES,1,3,100.0
956,937,BUDGET_CONSCIOUS,0,1,1,1,0,0,1,1,0,0,0,0.5,0.1667,0.0,0.0,0.0,36.67,0.6269,0,0,0,0,YES,0,2,58.67
65,749,SOCIAL_EXPLORER,0,1,0,1,0,1,1,1,0,0,0,0.5,0.2,0.0,0.0,0.0,43.17,0.6354,0,0,0,0,YES,0,2,65.17
332,945,SOCIAL_EXPLORER,0,0,1,1,1,0,1,1,0,0,0,0.5,0.1667,0.0,0.0,0.0,42.5,0.527,1,1,30150,1,SAVE_ONLY,0,1,73.05
703,848,SOCIAL_EXPLORER,1,2,0,0,0,1,1,1,0,0,0,0.2,0.1429,0.0,0.0,0.0,24.36,0.3918,1,1,33055,0,NO,0,1,25.93
273,328,SOCIAL_EXPLORER,1,2,1,0,0,0,1,0,0,0,0,1.0,0.0,0.0,0.0,0.0,31.67,0.4581,0,0,0,1,SAVE_ONLY,0,1,43.67
184,102,SELECTIVE_PLANNER,2,0,1,0,1,0,1,2,1,1,0,1.0,0.3333,0.5,1.0,0.0,59.17,0.646,1,0,0,1,YES,0,2,93.17
86,480,SOCIAL_EXPLORER,2,1,1,0,0,0,2,1,0,0,0,1.0,0.25,0.0,0.0,0.0,36.67,0.7126,1,1,42377,1,YES,1,3,100.0
970,997,SOCIAL_EXPLORER,1,1,0,0,0,1,1,0,0,0,0,0.5,0.0,0.0,0.0,0.0,33.33,0.4262,1,0,0,1,SAVE_ONLY,0,1,45.33
403,859,BUDGET_CONSCIOUS,0,2,0,1,0,1,1,0,0,0,0,1.0,0.0,0.0,0.0,0.0,43.33,0.6162,1,1,33497,0,NO,0,1,45.05
711,203,BUDGET_CONSCIOUS,2,1,0,0,0,1,1,2,0,0,0,0.5,0.2857,0.0,0.0,0.0,33.21,0.0,0,0,0,0,NO,0,0,15.21
587,320,SOCIAL_EXPLORER,1,0,1,0,1,0,1,2,1,0,1,0.3333,0.4,0.5,0.0,1.0,48.0,0.5971,0,0,0,0,NO,0,0,30.0
868,634,BUDGET_CONSCIOUS,1,2,0,0,0,1,2,4,2,1,1,1.0,0.8,1.0,1.0,1.0,78.5,0.855,1,1,48536,1,SUPER_LIKE,1,3,100.0
376,220,CAUTIOUS_INTROVERT,1,0,0,0,1,1,1,1,0,0,0,0.2,0.125,0.0,0.0,0.0,35.67,0.2829,0,0,0,0,NO,0,0,17.67
612,910,BUDGET_CONSCIOUS,0,0,1,1,1,0,1,1,0,0,0,0.5,0.2,0.0,0.0,0.0,43.17,0.4879,1,1,37424,0,NO,0,1,46.27
123,96,BUDGET_CONSCIOUS,0,0,1,1,1,0,1,3,1,1,0,1.0,0.6,0.5,1.0,0.0,76.17,0.987,1,1,55219,0,SUPER_LIKE,1,3,100.0
220,975,BUDGET_CONSCIOUS,2,1,1,0,0,0,1,0,0,0,0,0.3333,0.0,0.0,0.0,0.0,18.33,0.0,0,0,0,0,NO,0,0,0.33
135,812,SOCIAL_EXPLORER,1,1,1,0,0,0,1,1,0,0,0,1.0,0.1667,0.0,0.0,0.0,40.83,0.6842,1,1,40523,1,YES,0,2,97.01
605,727,SOCIAL_EXPLORER,1,1,0,0,0,1,1,2,1,0,1,0.3333,0.3333,0.3333,0.0,1.0,45.0,0.7044,1,1,42414,0,YES,1,3,100.0
478,227,SELECTIVE_PLANNER,1,0,1,0,1,0,1,0,1,0,0,0.3333,0.0,1.0,0.0,0.0,40.0,0.5028,1,1,30425,0,NO,0,1,40.65
403,468,BUDGET_CONSCIOUS,0,2,1,1,0,0,1,1,1,0,1,0.5,0.2,1.0,0.0,1.0,46.5,0.64,1,1,38454,0,YES,0,2,89.96
910,656,BUDGET_CONSCIOUS,0,1,1,1,0,0,1,1,1,0,1,0.5,0.1667,1.0,0.0,1.0,51.67,0.7982,1,1,52109,0,YES,1,3,100.0
335,507,SPONTANEOUS_ADVENTURER,0,0,1,1,1,0,1,0,0,0,1,0.5,0.0,0.0,0.0,1.0,44.17,0.5363,0,0,0,1,SAVE_ONLY,0,1,56.17
708,866,CAUTIOUS_INTROVERT,2,2,1,0,0,0,1,0,0,0,0,0.5,0.0,0.0,0.0,0.0,15.83,0.1356,0,0,0,0,NO,0,0,0.0
770,758,CAUTIOUS_INTROVERT,1,2,0,0,0,1,1,2,1,0,1,1.0,0.4,0.5,0.0,1.0,55.5,0.5579,1,0,0,1,SAVE_ONLY,0,1,67.5
402,56,CAUTIOUS_INTROVERT,1,0,2,0,1,0,1,0,0,0,0,0.5,0.0,0.0,0.0,0.0,27.5,0.0932,0,0,0,0,NO,0,0,9.5
653,445,BUDGET_CONSCIOUS,2,0,0,0,1,1,1,1,1,0,0,0.5,0.25,1.0,0.0,0.0,48.33,0.0821,1,0,0,0,NO,0,0,30.33
871,542,CAUTIOUS_INTROVERT,1,0,0,0,1,1,1,4,2,1,1,1.0,1.0,1.0,1.0,1.0,94.17,1.0,1,1,59016,0,YES,1,3,100.0
350,943,SPONTANEOUS_ADVENTURER,1,0,0,0,1,1,1,0,0,0,0,1.0,0.0,0.0,0.0,0.0,49.17,0.8179,1,1,49903,0,YES,1,3,100.0
528,478,BUDGET_CONSCIOUS,1,0,1,0,1,0,1,0,0,0,0,0.5,0.0,0.0,0.0,0.0,33.33,0.2712,0,0,0,0,NO,0,0,15.33
522,110,SOCIAL_EXPLORER,1,0,2,0,1,0,1,0,0,0,0,0.3333,0.0,0.0,0.0,0.0,24.17,0.2517,0,0,0,0,NO,0,0,6.17
485,753,BUDGET_CONSCIOUS,1,2,1,0,0,0,1,0,0,0,0,1.0,0.0,0.0,0.0,0.0,31.67,0.1851,0,0,0,0,NO,0,0,13.67
356,656,SPONTANEOUS_ADVENTURER,1,2,0,0,0,1,1,2,1,0,0,0.5,0.3333,1.0,0.0,0.0,44.17,0.6218,1,1,42134,0,YES,0,2,88.92
717,903,SOCIAL_EXPLORER,0,1,1,1,0,0,1,1,1,0,0,0.3333,0.1667,0.5,0.0,0.0,38.33,0.6429,1,0,0,0,YES,0,2,60.33
604,79,BUDGET_CONSCIOUS,2,0,1,0,1,0,1,3,1,1,1,1.0,0.75,0.5,1.0,1.0,72.5,0.3036,1,0,0,0,NO,0,0,54.5
531,596,CAUTIOUS_INTROVERT,1,1,1,0,0,0,1,2,1,1,0,0.5,0.4,1.0,1.0,0.0,55.5,0.6626,1,1,41739,0,YES,0,2,100.0
800,719,CAUTIOUS_INTROVERT,0,1,1,1,0,0,1,1,0,1,0,0.5,0.1667,0.0,1.0,0.0,46.67,0.3601,0,0,0,0,NO,0,0,28.67
711,876,BUDGET_CONSCIOUS,0,1,0,1,0,1,1,2,0,0,0,0.5,0.2857,0.0,0.0,0.0,44.88,0.644,1,1,47603,1,YES,0,2,100.0
519,829,SOCIAL_EXPLORER,0,1,0,1,0,1,1,0,1,0,1,1.0,0.0,0.5,0.0,1.0,59.17,0.9183,1,1,48542,0,SUPER_LIKE,1,3,100.0
938,345,BUDGET_CONSCIOUS,0,1,1,1,0,0,1,1,1,0,1,0.5,0.3333,0.5,0.0,1.0,50.0,0.5745,1,1,40903,0,NO,0,1,54.32
950,645,SELECTIVE_PLANNER,0,2,0,1,0,1,1,0,0,0,0,1.0,0.0,0.0,0.0,0.0,43.33,0.2915,0,0,0,0,NO,0,0,25.33
36,722,SOCIAL_EXPLORER,0,0,0,1,1,1,1,1,0,1,0,0.5,0.3333,0.0,1.0,0.0,61.67,0.9399,1,1,52202,1,SUPER_LIKE,1,3,100.0
503,386,SOCIAL_EXPLORER,1,0,0,0,1,1,1,1,1,1,0,0.3333,0.1667,1.0,1.0,0.0,59.17,0.9241,1,1,58431,0,YES,1,3,100.0
156,710,SOCIAL_EXPLORER,0,0,0,1,1,1,1,0,1,1,0,0.5,0.0,1.0,1.0,0.0,65.0,0.9948,1,1,61671,0,SUPER_LIKE,1,3,100.0
319,155,SOCIAL_EXPLORER,0,0,1,1,1,0,1,0,0,0,0,0.5,0.0,0.0,0.0,0.0,39.17,0.4802,1,1,27748,0,NO,0,1,38.88
314,901,CAUTIOUS_INTROVERT,1,1,0,0,0,1,1,2,1,1,1,0.5,1.0,1.0,1.0,1.0,78.33,0.8077,1,1,52068,1,YES,1,3,100.0
990,24,SELECTIVE_PLANNER,1,1,1,0,0,0,1,0,0,0,0,0.5,0.0,0.0,0.0,0.0,27.5,0.0121,0,0,0,0,NO,0,0,9.5
498,153,SOCIAL_EXPLORER,0,0,0,1,1,1,1,0,0,0,0,1.0,0.0,0.0,0.0,0.0,55.0,0.6464,1,1,38974,0,YES,0,2,98.64
839,739,CAUTIOUS_INTROVERT,1,0,0,0,1,1,1,2,1,1,1,0.5,0.5,0.5,1.0,1.0,69.17,0.7278,1,1,50205,0,YES,1,3,100.0
396,904,CAUTIOUS_INTROVERT,0,0,1,1,1,0,1,1,0,0,0,0.5,0.2,0.0,0.0,0.0,43.17,0.5134,1,1,27540,1,SAVE_ONLY,0,1,72.81
689,296,SELECTIVE_PLANNER,0,1,0,1,0,1,1,1,1,0,0,0.3333,0.2,1.0,0.0,0.0,49.83,0.3883,0,0,0,0,NO,0,0,31.83
503,943,SOCIAL_EXPLORER,0,1,1,1,0,0,1,2,0,0,0,0.5,0.4,0.0,0.0,0.0,41.33,0.7125,1,0,0,0,YES,1,3,93.33
413,806,SOCIAL_EXPLORER,0,2,2,1,0,0,1,0,0,0,0,0.3333,0.0,0.0,0.0,0.0,18.33,0.2583,0,0,0,0,NO,0,0,0.33
401,825,SELECTIVE_PLANNER,1,1,0,0,0,1,1,0,0,0,0,0.5,0.0,0.0,0.0,0.0,33.33,0.0,0,0,0,0,NO,0,0,15.33
747,198,BUDGET_CONSCIOUS,0,1,1,1,0,0,1,1,0,0,0,1.0,0.2,0.0,0.0,0.0,47.33,0.77,1,1,42205,0,YES,1,3,100.0
121,970,SELECTIVE_PLANNER,0,0,1,1,1,0,1,0,1,0,0,1.0,0.0,0.5,0.0,0.0,54.17,0.8243,1,1,48957,0,SUPER_LIKE,1,3,100.0
269,800,SOCIAL_EXPLORER,1,0,2,0,1,0,1,1,0,0,0,1.0,0.1667,0.0,0.0,0.0,40.83,0.3501,0,0,0,0,NO,0,0,22.83
214,562,BUDGET_CONSCIOUS,1,2,0,0,0,1,1,0,0,0,1,1.0,0.0,0.0,0.0,1.0,42.5,0.5194,1,0,0,0,NO,0,0,24.5
710,948,SOCIAL_EXPLORER,1,0,1,0,1,0,1,0,0,0,1,0.3333,0.0,0.0,0.0,1.0,35.0,0.4588,0,0,0,1,SAVE_ONLY,0,1,47.0
306,935,SOCIAL_EXPLORER,1,2,1,0,0,0,1,1,0,0,0,1.0,0.125,0.0,0.0,0.0,34.17,0.5329,1,1,32301,0,NO,0,1,35.48
299,592,CAUTIOUS_INTROVERT,0,0,1,1,1,0,1,0,0,0,0,1.0,0.0,0.0,0.0,0.0,49.17,0.4291,1,1,35280,1,SAVE_ONLY,0,1,81.52
256,437,CAUTIOUS_INTROVERT,0,0,0,1,1,1,1,2,1,1,0,0.5,0.5,1.0,1.0,0.0,75.0,0.9614,1,1,56374,0,YES,1,3,100.0
85,620,SPONTANEOUS_ADVENTURER,0,2,1,1,0,0,1,0,0,0,0,0.3333,0.0,0.0,0.0,0.0,24.17,0.1651,0,0,0,0,NO,0,0,6.17
632,1009,SPONTANEOUS_ADVENTURER,2,0,1,0,1,0,1,2,1,0,0,0.5,0.4,1.0,0.0,0.0,45.5,0.7827,1,1,41339,0,YES,1,3,100.0
720,195,PASSIVE_BROWSER,2,1,1,0,0,0,1,1,0,0,0,0.5,0.2,0.0,0.0,0.0,25.67,0.2191,0,0,0,0,NO,0,0,7.67
100,977,SOCIAL_EXPLORER,1,0,1,0,1,0,1,1,1,0,0,1.0,0.25,0.5,0.0,0.0,53.33,0.8436,0,0,0,0,SUPER_LIKE,1,3,100.0
957,583,SOCIAL_EXPLORER,1,1,0,0,0,1,2,0,0,0,0,0.6667,0.0,0.0,0.0,0.0,36.67,0.6821,1,1,42984,0,YES,0,2,81.71
825,692,SELECTIVE_PLANNER,1,1,0,0,0,1,1,0,0,0,0,1.0,0.0,0.0,0.0,0.0,43.33,0.1369,0,0,0,0,NO,0,0,25.33
283,351,SOCIAL_EXPLORER,1,0,0,0,1,1,1,0,1,1,0,0.5,0.0,0.5,1.0,0.0,54.17,0.7431,1,1,46482,0,YES,1,3,100.0
589,591,SOCIAL_EXPLORER,0,1,0,1,0,1,1,0,0,0,0,0.5,0.0,0.0,0.0,0.0,39.17,0.6312,1,1,36591,0,YES,0,2,81.98
432,731,BUDGET_CONSCIOUS,1,0,2,0,1,0,1,1,1,1,0,1.0,0.2,0.5,1.0,0.0,56.5,0.6408,1,1,48801,1,YES,0,2,100.0
968,620,SOCIAL_EXPLORER,0,1,2,1,0,0,2,2,1,1,1,1.0,0.5,0.5,1.0,1.0,67.5,0.5588,0,0,0,0,NO,0,0,49.5
768,830,CAUTIOUS_INTROVERT,1,0,1,0,1,0,1,0,0,0,0,0.5,0.0,0.0,0.0,0.0,33.33,0.3446,0,0,0,0,NO,0,0,15.33
211,397,SPONTANEOUS_ADVENTURER,2,1,0,0,0,1,1,1,1,1,1,0.5,0.25,1.0,1.0,1.0,57.5,0.7253,1,1,46194,1,YES,1,3,100.0
245,187,SOCIAL_EXPLORER,0,1,0,1,0,1,1,1,1,0,0,0.3333,0.2,0.5,0.0,0.0,44.83,0.6783,1,0,0,1,YES,0,2,78.83
65,833,SOCIAL_EXPLORER,1,0,0,0,1,1,1,2,1,1,0,0.5,0.4,1.0,1.0,0.0,67.17,0.7864,1,1,46786,1,YES,1,3,100.0
612,870,BUDGET_CONSCIOUS,0,0,1,1,1,0,1,0,0,0,0,0.5,0.0,0.0,0.0,0.0,39.17,0.5176,1,1,28349,1,SAVE_ONLY,0,1,69.09
645,668,SPONTANEOUS_ADVENTURER,0,0,1,1,1,0,1,0,0,0,0,1.0,0.0,0.0,0.0,0.0,49.17,0.7868,1,1,41530,1,YES,1,3,100.0
335,578,SPONTANEOUS_ADVENTURER,0,2,0,1,0,1,1,1,0,0,0,0.5,0.2,0.0,0.0,0.0,37.33,0.5319,1,0,0,1,SAVE_ONLY,0,1,49.33
424,930,SOCIAL_EXPLORER,0,2,1,1,0,0,1,3,1,1,1,1.0,0.75,0.3333,1.0,1.0,70.83,1.0,1,1,57921,0,YES,1,3,100.0
154,361,SELECTIVE_PLANNER,1,0,0,0,1,1,1,0,0,0,0,1.0,0.0,0.0,0.0,0.0,49.17,0.7052,0,0,0,0,YES,1,3,100.0
461,464,CAUTIOUS_INTROVERT,0,1,1,1,0,0,1,2,1,1,0,1.0,0.5,1.0,1.0,0.0,73.33,0.8734,1,1,54636,0,YES,1,3,100.0
425,69,SOCIAL_EXPLORER,0,1,0,1,0,1,1,1,1,0,1,0.5,0.25,0.5,0.0,1.0,54.17,0.7542,1,1,48499,0,YES,1,3,100.0
402,882,CAUTIOUS_INTROVERT,1,1,1,0,0,0,1,0,0,0,0,0.3333,0.0,0.0,0.0,0.0,24.17,0.3893,0,0,0,0,NO,0,0,6.17
858,721,SOCIAL_EXPLORER,0,0,1,1,1,0,1,2,0,1,1,0.3333,0.2857,0.0,1.0,1.0,56.55,0.6865,0,0,0,0,YES,0,2,78.55
959,815,CAUTIOUS_INTROVERT,1,1,1,0,0,0,1,1,0,0,0,0.5,0.1429,0.0,0.0,0.0,30.36,0.2225,0,0,0,0,NO,0,0,12.36
252,796,SOCIAL_EXPLORER,1,0,0,0,1,1,1,1,1,0,0,0.5,0.2,1.0,0.0,0.0,53.17,0.5868,0,0,0,1,SAVE_ONLY,0,1,65.17
445,545,CAUTIOUS_INTROVERT,0,0,0,1,1,1,1,0,0,0,0,1.0,0.0,0.0,0.0,0.0,55.0,0.6549,1,0,0,1,YES,0,2,89.0
934,135,BUDGET_CONSCIOUS,1,0,2,0,1,0,1,0,0,0,1,1.0,0.0,0.0,0.0,1.0,42.5,0.5499,1,1,29852,0,NO,0,1,42.95
362,943,SOCIAL_EXPLORER,1,1,1,0,0,0,1,0,0,0,1,0.5,0.0,0.0,0.0,1.0,32.5,0.4403,1,1,36874,0,NO,0,1,35.41
454,139,SELECTIVE_PLANNER,0,1,0,1,0,1,1,0,0,0,0,1.0,0.0,0.0,0.0,0.0,49.17,0.2976,0,0,0,0,NO,0,0,31.17
623,105,SOCIAL_EXPLORER,1,0,0,0,1,1,1,1,0,0,0,0.25,0.1429,0.0,0.0,0.0,37.02,0.6985,1,1,41954,0,YES,0,2,81.7
500,894,SPONTANEOUS_ADVENTURER,0,0,0,1,1,1,1,0,1,0,0,0.3333,0.0,1.0,0.0,0.0,51.67,0.7049,1,1,44120,1,YES,1,3,100.0
537,178,SPONTANEOUS_ADVENTURER,1,2,0,0,0,1,1,1,1,0,0,0.5,0.3333,0.5,0.0,0.0,39.17,0.4348,1,1,25865,1,SAVE_ONLY,0,1,68.22
73,843,BUDGET_CONSCIOUS,1,0,1,0,1,0,2,0,0,0,0,1.0,0.0,0.0,0.0,0.0,43.33,0.4045,1,1,28540,0,NO,0,1,43.32
691,826,BUDGET_CONSCIOUS,0,0,2,1,1,0,1,1,1,0,0,1.0,0.2,1.0,0.0,0.0,57.33,0.6922,1,1,41821,0,YES,0,2,100.0
222,622,CAUTIOUS_INTROVERT,0,0,1,1,1,0,1,2,1,0,0,1.0,0.4,1.0,0.0,0.0,67.17,0.8989,1,0,0,0,YES,1,3,100.0
550,349,CAUTIOUS_INTROVERT,1,1,2,0,0,0,1,2,1,1,1,0.5,0.3333,1.0,1.0,1.0,53.33,0.4095,1,0,0,0,NO,0,0,35.33
38,637,CAUTIOUS_INTROVERT,0,2,0,1,0,1,1,1,1,1,1,1.0,0.25,0.5,1.0,1.0,68.33,0.635,0,0,0,0,YES,0,2,90.33
662,860,BUDGET_CONSCIOUS,0,0,0,1,1,1,1,1,1,1,0,0.5,0.1667,1.0,1.0,0.0,68.33,0.7866,1,0,0,0,YES,1,3,100.0
454,867,SELECTIVE_PLANNER,1,0,0,0,1,1,1,0,0,0,0,1.0,0.0,0.0,0.0,0.0,49.17,0.6722,1,1,48342,1,YES,0,2,100.0
520,384,SOCIAL_EXPLORER,0,1,0,1,0,1,1,2,1,1,1,0.3333,1.0,1.0,1.0,1.0,80.83,0.9985,1,1,63622,1,SUPER_LIKE,1,3,100.0
632,376,SPONTANEOUS_ADVENTURER,1,0,1,0,1,0,1,1,0,0,0,0.3333,0.125,0.0,0.0,0.0,32.5,0.679,1,0,0,1,YES,0,2,66.5
541,648,CAUTIOUS_INTROVERT,1,1,1,0,0,0,1,2,1,1,1,0.5,0.3333,1.0,1.0,1.0,59.17,0.8367,1,1,57153,0,YES,1,3,100.0
635,244,BUDGET_CONSCIOUS,0,1,1,1,0,0,1,0,0,0,0,0.25,0.0,0.0,0.0,0.0,28.33,0.5135,0,0,0,1,SAVE_ONLY,0,1,40.33
756,118,SOCIAL_EXPLORER,1,1,0,0,0,1,1,0,0,0,0,0.3333,0.0,0.0,0.0,0.0,30.0,0.4324,0,0,0,0,NO,0,0,12.0
755,968,SOCIAL_EXPLORER,1,0,1,0,1,0,1,2,1,1,1,0.5,0.5,0.5,1.0,1.0,63.33,0.7777,1,1,52887,1,YES,1,3,100.0
843,811,SOCIAL_EXPLORER,0,1,1,1,0,0,1,3,1,0,0,0.3333,0.6,0.5,0.0,0.0,47.0,0.6855,1,0,0,0,YES,0,2,69.0
634,401,SELECTIVE_PLANNER,1,1,0,0,0,1,1,1,2,0,1,0.3333,0.2,1.0,0.0,1.0,49.0,0.3526,0,0,0,0,NO,0,0,31.0
977,816,SELECTIVE_PLANNER,1,0,0,0,1,1,1,1,0,0,0,1.0,0.2,0.0,0.0,0.0,53.17,0.7949,1,0,0,0,YES,1,3,100.0
471,456,SELECTIVE_PLANNER,1,0,1,0,1,0,1,0,0,0,0,1.0,0.0,0.0,0.0,0.0,43.33,0.7586,0,0,0,1,YES,1,3,100.0
559,200,SOCIAL_EXPLORER,1,0,1,0,1,0,1,2,1,1,0,0.5,0.5,1.0,1.0,0.0,63.33,0.9477,0,0,0,1,YES,1,3,100.0
179,621,CAUTIOUS_INTROVERT,0,0,1,1,1,0,1,1,1,0,0,0.5,0.1667,1.0,0.0,0.0,52.5,0.465,1,1,38401,1,SAVE_ONLY,0,1,85.94
740,215,SPONTANEOUS_ADVENTURER,0,1,1,1,0,0,1,1,0,0,0,0.5,0.2,0.0,0.0,0.0,37.33,0.654,1,1,48674,1,YES,0,2,96.37
17,275,SELECTIVE_PLANNER,2,1,1,0,0,0,1,0,0,1,0,0.3333,0.0,0.0,1.0,0.0,28.33,0.1191,0,0,0,0,NO,0,0,10.33
930,662,SPONTANEOUS_ADVENTURER,2,0,1,0,1,0,1,1,0,0,0,0.5,0.1667,0.0,0.0,0.0,30.83,0.6299,1,1,44234,0,YES,0,2,76.31
946,753,BUDGET_CONSCIOUS,1,0,0,0,1,1,1,0,0,0,0,1.0,0.0,0.0,0.0,0.0,49.17,0.6376,0,0,0,1,YES,0,2,83.17
426,724,BUDGET_CONSCIOUS,1,0,1,0,1,0,1,2,0,1,1,0.5,0.4,0.0,1.0,1.0,56.33,0.6808,1,1,37380,1,YES,0,2,100.0
75,90,BUDGET_CONSCIOUS,1,0,1,0,1,0,1,0,0,0,0,1.0,0.0,0.0,0.0,0.0,43.33,0.4964,1,1,39846,1,SAVE_ONLY,0,1,77.28
256,775,SPONTANEOUS_ADVENTURER,1,0,0,0,1,1,1,0,0,0,0,1.0,0.0,0.0,0.0,0.0,49.17,0.8028,0,0,0,1,YES,1,3,100.0
915,444,SOCIAL_EXPLORER,0,0,1,1,1,0,1,0,0,0,0,1.0,0.0,0.0,0.0,0.0,49.17,0.6243,1,0,0,0,YES,0,2,71.17
692,431,BUDGET_CONSCIOUS,0,1,0,1,0,1,1,0,0,0,0,1.0,0.0,0.0,0.0,0.0,49.17,0.7181,1,0,0,1,YES,1,3,100.0
219,377,SOCIAL_EXPLORER,1,2,0,0,0,1,1,1,0,1,1,1.0,0.3333,0.0,1.0,1.0,59.17,0.698,1,1,39845,0,YES,0,2,100.0
242,197,SPONTANEOUS_ADVENTURER,1,1,1,0,0,0,1,0,0,0,0,0.25,0.0,0.0,0.0,0.0,22.5,0.5128,0,0,0,1,SAVE_ONLY,0,1,34.5
64,1004,CAUTIOUS_INTROVERT,1,1,2,0,0,0,1,1,1,1,1,0.3333,0.1667,1.0,1.0,1.0,46.67,0.1403,0,0,0,0,NO,0,0,28.67
680,438,SELECTIVE_PLANNER,0,1,1,1,0,0,1,2,1,0,1,0.3333,0.2857,1.0,0.0,1.0,50.71,0.3457,0,0,0,0,NO,0,0,32.71
693,310,SOCIAL_EXPLORER,0,1,1,1,0,0,1,0,0,0,1,0.3333,0.0,0.0,0.0,1.0,35.0,0.5381,1,1,30278,1,SAVE_ONLY,0,1,65.6
938,983,BUDGET_CONSCIOUS,0,0,1,1,1,0,1,0,1,0,0,1.0,0.0,0.5,0.0,0.0,54.17,0.6591,0,0,0,1,YES,0,2,88.17
309,425,SOCIAL_EXPLORER,1,0,0,0,1,1,1,0,0,0,0,1.0,0.0,0.0,0.0,0.0,49.17,0.7826,1,1,51561,1,YES,1,3,100.0
625,639,CAUTIOUS_INTROVERT,0,0,0,1,1,1,1,0,0,0,0,0.3333,0.0,0.0,0.0,0.0,41.67,0.4884,1,1,25441,1,SAVE_ONLY,0,1,70.57
69,919,SOCIAL_EXPLORER,1,0,0,0,1,1,2,3,1,0,1,0.6667,0.75,0.5,0.0,1.0,67.5,0.9264,1,1,50094,1,YES,1,3,100.0
407,178,SELECTIVE_PLANNER,1,0,0,0,1,1,1,0,0,0,0,1.0,0.0,0.0,0.0,0.0,49.17,0.5949,1,1,38009,1,SAVE_ONLY,0,1,82.47
649,33,BUDGET_CONSCIOUS,0,0,1,1,1,0,1,1,1,0,1,0.5,0.2,1.0,0.0,1.0,58.17,0.6943,1,1,37143,0,YES,0,2,100.0
348,286,SOCIAL_EXPLORER,1,2,2,0,0,0,1,0,1,0,0,1.0,0.0,1.0,0.0,0.0,35.83,0.4069,1,1,28637,0,NO,0,1,35.85
584,299,SPONTANEOUS_ADVENTURER,1,1,1,0,0,0,1,0,1,0,0,1.0,0.0,1.0,0.0,0.0,47.5,0.599,0,0,0,1,SAVE_ONLY,0,1,59.5
122,928,BUDGET_CONSCIOUS,0,1,1,1,0,0,2,2,1,0,0,1.0,0.6667,0.5,0.0,0.0,61.67,0.6887,0,0,0,0,YES,0,2,83.67
159,576,CAUTIOUS_INTROVERT,2,0,0,0,1,1,1,2,1,1,0,0.5,0.3333,0.5,1.0,0.0,55.0,0.8315,1,1,57060,0,YES,1,3,100.0
838,312,SOCIAL_EXPLORER,1,2,0,0,0,1,1,0,1,0,1,0.3333,0.0,1.0,0.0,1.0,39.17,0.534,1,0,0,1,SAVE_ONLY,0,1,51.17
909,186,BUDGET_CONSCIOUS,1,0,1,0,1,0,1,0,0,0,0,1.0,0.0,0.0,0.0,0.0,43.33,0.4419,0,0,0,1,SAVE_ONLY,0,1,55.33
749,614,SOCIAL_EXPLORER,1,2,0,0,0,1,1,0,0,0,0,0.5,0.0,0.0,0.0,0.0,27.5,0.5426,1,1,38174,1,SAVE_ONLY,0,1,60.86
774,382,BUDGET_CONSCIOUS,2,2,2,0,0,0,1,0,0,0,0,0.5,0.0,0.0,0.0,0.0,10.0,0.0,0,0,0,0,NO,0,0,0.0
717,157,SOCIAL_EXPLORER,1,1,1,0,0,0,1,1,0,0,0,0.5,0.125,0.0,0.0,0.0,30.0,0.3512,0,0,0,0,NO,0,0,12.0
74,778,SOCIAL_EXPLORER,0,0,1,1,1,0,1,2,2,0,1,1.0,0.3333,1.0,0.0,1.0,70.83,0.8625,1,1,52926,0,YES,1,3,100.0
766,986,SPONTANEOUS_ADVENTURER,2,0,1,0,1,0,1,1,1,0,0,1.0,0.25,0.5,0.0,0.0,47.5,0.6448,1,1,49300,1,YES,0,2,100.0
506,654,SOCIAL_EXPLORER,1,0,1,0,1,0,1,1,0,0,0,0.5,0.1667,0.0,0.0,0.0,36.67,0.6593,1,1,46089,0,YES,0,2,82.8
330,393,SELECTIVE_PLANNER,1,0,1,0,1,0,1,1,1,0,0,0.5,0.1429,1.0,0.0,0.0,46.19,0.7464,1,1,48712,0,YES,1,3,100.0
865,1011,BUDGET_CONSCIOUS,0,0,0,1,1,1,2,1,0,0,0,1.0,0.2,0.0,0.0,0.0,59.0,0.6904,1,0,0,0,YES,0,2,81.0
823,512,SPONTANEOUS_ADVENTURER,0,1,0,1,0,1,1,2,1,1,1,0.5,0.5,0.5,1.0,1.0,69.17,1.0,1,1,53888,0,YES,1,3,100.0
750,382,CAUTIOUS_INTROVERT,1,0,0,0,1,1,1,2,0,0,0,1.0,0.5,0.0,0.0,0.0,59.17,0.6575,0,0,0,1,YES,0,2,93.17
253,676,SOCIAL_EXPLORER,1,0,1,0,1,0,1,2,1,1,1,0.3333,0.5,1.0,1.0,1.0,65.0,0.7322,1,1,46635,1,YES,1,3,100.0
713,948,SPONTANEOUS_ADVENTURER,1,0,0,0,1,1,1,0,0,0,0,0.3333,0.0,0.0,0.0,0.0,35.83,0.6391,1,1,44396,1,YES,0,2,93.37
868,790,BUDGET_CONSCIOUS,1,0,1,0,1,0,1,1,1,0,0,0.5,0.125,0.5,0.0,0.0,40.83,0.4918,1,0,0,1,SAVE_ONLY,0,1,52.83
384,721,SOCIAL_EXPLORER,0,0,1,1,1,0,1,1,1,0,0,0.3333,0.1667,0.5,0.0,0.0,44.17,0.7684,1,1,55028,1,YES,1,3,100.0
753,75,SELECTIVE_PLANNER,1,0,0,0,1,1,1,0,0,0,0,1.0,0.0,0.0,0.0,0.0,49.17,0.7094,1,1,43376,0,YES,1,3,100.0
238,206,SOCIAL_EXPLORER,1,1,0,0,0,1,1,0,1,0,0,0.5,0.0,1.0,0.0,0.0,43.33,0.7195,1,0,0,0,YES,1,3,95.33
791,320,BUDGET_CONSCIOUS,2,0,0,0,1,1,1,1,0,0,0,0.5,0.2,0.0,0.0,0.0,37.33,0.1443,0,0,0,0,NO,0,0,19.33
918,740,BUDGET_CONSCIOUS,2,0,1,0,1,0,1,2,1,1,0,0.5,0.5,1.0,1.0,0.0,57.5,0.2052,1,1,17921,0,NO,0,0,53.77
35,150,BUDGET_CONSCIOUS,0,1,1,1,0,0,1,0,0,0,0,0.25,0.0,0.0,0.0,0.0,28.33,0.3932,1,0,0,0,NO,0,0,10.33
877,135,CAUTIOUS_INTROVERT,1,1,2,0,0,0,1,4,1,1,0,0.5,1.0,1.0,1.0,0.0,61.67,0.4179,1,1,32215,0,NO,0,1,62.95
535,736,BUDGET_CONSCIOUS,1,2,1,0,0,0,2,1,1,1,1,1.0,0.125,0.5,1.0,1.0,54.17,0.5383,1,0,0,1,SAVE_ONLY,0,1,66.17
651,824,SELECTIVE_PLANNER,1,0,1,0,1,0,1,0,1,0,1,1.0,0.0,1.0,0.0,1.0,58.33,0.8855,1,1,60835,0,YES,1,3,100.0
76,885,SOCIAL_EXPLORER,1,0,1,0,1,0,1,1,1,0,0,0.3333,0.125,0.5,0.0,0.0,37.5,0.4659,1,1,34891,0,NO,0,1,39.71
893,64,SOCIAL_EXPLORER,0,0,2,1,1,0,1,3,1,0,0,0.5,0.6,0.5,0.0,0.0,50.33,0.4423,1,1,31535,1,SAVE_ONLY,0,1,81.37
912,631,SOCIAL_EXPLORER,1,1,1,0,0,0,1,0,0,0,0,0.5,0.0,0.0,0.0,0.0,27.5,0.618,1,1,39640,1,SAVE_ONLY,0,1,61.37
898,74,BUDGET_CONSCIOUS,1,1,2,0,0,0,1,1,1,0,1,0.5,0.2,0.5,0.0,1.0,35.67,0.5047,0,0,0,1,SAVE_ONLY,0,1,47.67
629,676,BUDGET_CONSCIOUS,0,0,1,1,1,0,1,1,1,1,0,0.3333,0.2,1.0,1.0,0.0,59.83,0.808,1,1,52016,0,YES,1,3,100.0
689,207,SELECTIVE_PLANNER,1,1,1,0,0,0,1,0,0,0,1,0.2,0.0,0.0,0.0,1.0,26.5,0.0725,1,1,5058,0,NO,0,0,18.27
83,973,BUDGET_CONSCIOUS,0,0,1,1,1,0,1,0,0,0,1,0.5,0.0,0.0,0.0,1.0,44.17,0.6955,1,1,39268,0,YES,0,2,87.91
399,28,SPONTANEOUS_ADVENTURER,1,2,0,0,0,1,1,1,2,0,1,0.3333,0.2,1.0,0.0,1.0,43.17,0.4101,1,1,26919,0,NO,0,1,42.59
705,26,SPONTANEOUS_ADVENTURER,1,1,0,0,0,1,1,1,0,0,0,0.3333,0.125,0.0,0.0,0.0,32.5,0.6755,1,0,0,0,YES,0,2,54.5
713,301,SPONTANEOUS_ADVENTURER,0,1,0,1,0,1,1,0,0,0,0,0.5,0.0,0.0,0.0,0.0,39.17,0.562,0,0,0,0,NO,0,0,21.17
627,830,SOCIAL_EXPLORER,0,1,1,1,0,0,1,1,2,1,1,1.0,0.25,1.0,1.0,1.0,73.33,0.958,1,1,63503,0,SUPER_LIKE,1,3,100.0
390,799,BUDGET_CONSCIOUS,2,0,0,0,1,1,1,0,0,0,1,0.5,0.0,0.0,0.0,1.0,38.33,0.0,0,0,0,0,NO,0,0,20.33
930,620,SPONTANEOUS_ADVENTURER,1,2,1,0,0,0,1,2,2,1,1,0.5,0.5,1.0,1.0,1.0,56.67,0.5646,1,1,38865,1,SAVE_ONLY,0,1,90.27
131,675,CAUTIOUS_INTROVERT,1,1,1,0,0,0,1,4,2,1,1,1.0,0.8,1.0,1.0,1.0,78.5,0.8688,1,1,51822,0,YES,1,3,100.0
97,542,BUDGET_CONSCIOUS,2,2,2,0,0,0,1,0,1,0,0,1.0,0.0,0.3333,0.0,0.0,23.33,0.0,0,0,0,0,NO,0,0,5.33
560,1004,BUDGET_CONSCIOUS,1,0,1,0,1,0,1,3,1,1,0,0.3333,0.6,1.0,1.0,0.0,62.0,0.7129,0,0,0,0,YES,1,3,100.0
577,402,SOCIAL_EXPLORER,0,2,2,1,0,0,1,3,1,1,0,1.0,0.75,0.5,1.0,0.0,61.67,0.4746,1,0,0,1,SAVE_ONLY,0,1,73.67
143,537,BUDGET_CONSCIOUS,1,2,1,0,0,0,1,1,1,0,0,0.5,0.3333,0.5,0.0,0.0,33.33,0.4315,1,0,0,0,NO,0,0,15.33
206,552,SOCIAL_EXPLORER,1,1,0,0,0,1,1,1,1,1,0,0.5,0.1429,1.0,1.0,0.0,56.19,0.6457,1,1,33659,1,YES,0,2,100.0
755,939,SPONTANEOUS_ADVENTURER,0,0,0,1,1,1,1,0,1,0,1,1.0,0.0,0.5,0.0,1.0,65.0,0.7358,0,0,0,0,YES,1,3,100.0
784,706,CAUTIOUS_INTROVERT,0,1,0,1,0,1,1,2,2,1,1,0.3333,0.4,1.0,1.0,1.0,68.83,0.9799,1,1,66697,0,SUPER_LIKE,1,3,100.0
740,313,SPONTANEOUS_ADVENTURER,1,1,0,0,0,1,1,1,0,0,1,1.0,0.1667,0.0,0.0,1.0,51.67,0.8803,1,1,55920,1,SUPER_LIKE,1,3,100.0
31,423,CAUTIOUS_INTROVERT,1,0,2,0,1,0,1,0,0,0,0,0.5,0.0,0.0,0.0,0.0,27.5,0.0569,0,0,0,0,NO,0,0,9.5
930,200,SPONTANEOUS_ADVENTURER,2,1,0,0,0,1,1,2,0,0,0,0.5,0.5,0.0,0.0,0.0,37.5,0.5962,1,1,35900,0,NO,0,1,40.06
985,843,SOCIAL_EXPLORER,0,1,1,1,0,0,1,2,1,0,0,0.5,0.4,0.5,0.0,0.0,46.33,0.5603,1,1,40319,0,NO,0,1,50.44
49,637,CAUTIOUS_INTROVERT,0,1,0,1,0,1,1,1,1,0,1,1.0,0.1667,1.0,0.0,1.0,67.5,0.6582,1,1,47237,0,YES,0,2,100.0
373,961,SOCIAL_EXPLORER,1,1,1,0,0,0,1,0,0,0,0,0.5,0.0,0.0,0.0,0.0,27.5,0.5003,1,1,36786,1,SAVE_ONLY,0,1,60.38
425,325,SOCIAL_EXPLORER,0,1,0,1,0,1,1,0,1,0,0,1.0,0.0,0.5,0.0,0.0,54.17,0.6343,0,0,0,1,YES,0,2,88.17
310,817,SELECTIVE_PLANNER,1,0,1,0,1,0,1,2,1,0,1,0.5,0.4,1.0,0.0,1.0,56.33,0.7824,1,1,47555,1,YES,1,3,100.0
412,836,CAUTIOUS_INTROVERT,0,0,2,1,1,0,1,2,1,0,0,1.0,0.3333,1.0,0.0,0.0,60.0,0.6454,1,1,47242,1,YES,0,2,100.0
85,96,SPONTANEOUS_ADVENTURER,1,0,1,0,1,0,1,1,1,1,0,0.5,0.1667,0.5,1.0,0.0,51.67,0.9081,1,1,50314,0,SUPER_LIKE,1,3,100.0
837,226,CAUTIOUS_INTROVERT,1,1,1,0,0,0,1,0,1,0,0,0.3333,0.0,0.5,0.0,0.0,29.17,0.2291,0,0,0,0,NO,0,0,11.17
346,401,SPONTANEOUS_ADVENTURER,0,1,0,1,0,1,1,0,0,0,0,0.5,0.0,0.0,0.0,0.0,39.17,0.6322,1,1,41224,0,YES,0,2,83.6
923,808,SOCIAL_EXPLORER,1,1,1,0,0,0,1,2,0,1,1,1.0,0.6667,0.0,1.0,1.0,65.83,0.8297,1,0,0,1,YES,1,3,100.0
920,492,CAUTIOUS_INTROVERT,2,2,0,0,0,1,1,1,1,0,0,0.5,0.1667,0.5,0.0,0.0,30.0,0.3514,1,1,29756,0,NO,0,1,30.41
519,292,SOCIAL_EXPLORER,0,1,1,1,0,0,1,1,1,0,1,1.0,0.2,0.3333,0.0,1.0,55.67,0.6252,0,0,0,1,YES,0,2,89.67
455,407,SELECTIVE_PLANNER,1,0,0,0,1,1,1,1,0,0,0,0.5,0.1667,0.0,0.0,0.0,42.5,0.573,1,1,33865,0,NO,0,1,44.35
331,30,CAUTIOUS_INTROVERT,0,0,0,1,1,1,1,2,2,0,1,0.5,0.3333,1.0,0.0,1.0,66.67,0.8366,1,0,0,0,YES,1,3,100.0
15,714,SOCIAL_EXPLORER,1,0,1,0,1,0,0,0,0,0,0,0.0,0.0,0.0,0.0,0.0,23.33,0.2855,0,0,0,0,NO,0,0,5.33
262,599,SELECTIVE_PLANNER,1,1,0,0,0,1,1,0,1,0,0,0.5,0.0,0.5,0.0,0.0,38.33,0.0417,0,0,0,0,NO,0,0,20.33
513,677,CAUTIOUS_INTROVERT,1,1,2,0,0,0,1,2,1,0,0,1.0,0.3333,0.3333,0.0,0.0,41.67,0.2298,0,0,0,0,NO,0,0,23.67
127,356,CAUTIOUS_INTROVERT,1,1,1,0,0,0,1,0,0,0,0,0.5,0.0,0.0,0.0,0.0,27.5,0.2006,1,0,0,0,NO,0,0,9.5
380,271,BUDGET_CONSCIOUS,0,0,0,1,1,1,1,0,0,0,0,0.5,0.0,0.0,0.0,0.0,45.0,0.68,1,1,38526,0,YES,0,2,88.48
1002,535,CAUTIOUS_INTROVERT,1,0,1,0,1,0,2,0,1,1,1,1.0,0.0,0.5,1.0,1.0,63.33,0.6943,1,1,38408,1,YES,0,2,100.0
834,335,SOCIAL_EXPLORER,1,1,1,0,0,0,1,0,0,0,0,0.5,0.0,0.0,0.0,0.0,27.5,0.4176,1,1,28224,0,NO,0,1,27.38
372,706,SOCIAL_EXPLORER,1,0,2,0,1,0,1,2,1,0,0,0.5,0.5,0.3333,0.0,0.0,40.83,0.4894,0,0,0,1,SAVE_ONLY,0,1,52.83
478,981,SOCIAL_EXPLORER,1,0,1,0,1,0,1,1,1,0,0,0.3333,0.3333,1.0,0.0,0.0,46.67,0.5669,1,0,0,1,SAVE_ONLY,0,1,58.67
545,753,CAUTIOUS_INTROVERT,1,1,1,0,0,0,1,0,0,0,0,1.0,0.0,0.0,0.0,0.0,37.5,0.3455,1,0,0,0,NO,0,0,19.5
318,941,BUDGET_CONSCIOUS,1,2,0,0,0,1,1,2,0,0,0,1.0,0.4,0.0,0.0,0.0,45.5,0.3597,0,0,0,0,NO,0,0,27.5
637,955,CAUTIOUS_INTROVERT,1,0,1,0,1,0,1,1,1,0,0,1.0,0.3333,1.0,0.0,0.0,60.0,0.5253,1,0,0,1,SAVE_ONLY,0,1,72.0
76,595,SOCIAL_EXPLORER,0,0,2,1,1,0,1,1,1,0,0,0.5,0.125,0.5,0.0,0.0,40.83,0.4378,1,1,24622,1,SAVE_ONLY,0,1,69.45
854,658,PASSIVE_BROWSER,0,1,0,1,0,1,1,1,1,0,0,0.5,0.2,0.5,0.0,0.0,48.17,0.3002,0,0,0,0,NO,0,0,30.17
891,473,SPONTANEOUS_ADVENTURER,1,1,1,0,0,0,1,1,0,0,0,1.0,0.2,0.0,0.0,0.0,41.5,0.6427,1,1,35824,0,YES,0,2,84.04
899,158,BUDGET_CONSCIOUS,2,0,0,0,1,1,1,0,0,0,0,0.5,0.0,0.0,0.0,0.0,33.33,0.0738,0,0,0,0,NO,0,0,15.33
498,440,SOCIAL_EXPLORER,1,0,0,0,1,1,1,0,1,0,0,0.5,0.0,1.0,0.0,0.0,49.17,0.6646,1,1,46297,1,YES,0,2,100.0
323,27,SOCIAL_EXPLORER,1,0,1,0,1,0,1,1,0,0,0,0.5,0.1667,0.0,0.0,0.0,36.67,0.6141,1,1,41881,1,SAVE_ONLY,0,1,71.33
184,476,SELECTIVE_PLANNER,0,1,0,1,0,1,1,2,1,1,0,1.0,0.2857,0.5,1.0,0.0,69.88,0.5039,0,0,0,1,SAVE_ONLY,0,1,81.88
842,643,SOCIAL_EXPLORER,1,2,2,0,0,0,1,0,0,0,0,0.3333,0.0,0.0,0.0,0.0,12.5,0.0905,0,0,0,0,NO,0,0,0.0
753,842,SELECTIVE_PLANNER,0,0,1,1,1,0,1,1,1,0,0,0.5,0.2,1.0,0.0,0.0,53.17,0.6357,1,0,0,0,YES,0,2,75.17
286,701,BUDGET_CONSCIOUS,1,1,1,0,0,0,1,1,1,1,1,1.0,0.3333,1.0,1.0,1.0,69.17,0.8327,0,0,0,0,SUPER_LIKE,1,3,100.0
706,723,CAUTIOUS_INTROVERT,2,0,1,0,1,0,1,0,1,1,1,0.5,0.0,0.3333,1.0,1.0,45.83,0.49,1,1,29837,1,SAVE_ONLY,0,1,76.27
611,468,SOCIAL_EXPLORER,1,0,0,0,1,1,1,1,0,0,1,0.5,0.3333,0.0,0.0,1.0,50.83,0.8572,1,1,55449,0,YES,1,3,100.0
242,209,SPONTANEOUS_ADVENTURER,0,2,1,1,0,0,1,2,1,1,1,0.3333,0.5,0.3333,1.0,1.0,52.5,0.6862,1,1,38719,1,YES,0,2,100.0
806,378,CAUTIOUS_INTROVERT,1,1,2,0,0,0,1,0,0,0,0,0.3333,0.0,0.0,0.0,0.0,18.33,0.0143,1,0,0,0,NO,0,0,0.33
935,848,SPONTANEOUS_ADVENTURER,1,2,1,0,0,0,1,0,0,0,0,0.3333,0.0,0.0,0.0,0.0,18.33,0.0932,0,0,0,0,NO,0,0,0.33
19,473,SPONTANEOUS_ADVENTURER,1,1,1,0,0,0,1,1,0,0,0,1.0,0.1429,0.0,0.0,0.0,40.36,0.744,1,1,46630,1,YES,1,3,100.0
227,310,SOCIAL_EXPLORER,1,1,1,0,0,0,2,1,1,0,1,1.0,0.2,1.0,0.0,1.0,56.5,0.8722,1,1,52642,1,YES,1,3,100.0
405,410,SOCIAL_EXPLORER,2,1,1,0,0,0,1,1,0,0,0,0.5,0.25,0.0,0.0,0.0,26.67,0.4257,1,0,0,0,NO,0,0,8.67
477,930,CAUTIOUS_INTROVERT,0,0,1,1,1,0,1,1,0,0,0,1.0,0.1667,0.0,0.0,0.0,52.5,0.5788,1,1,42825,0,NO,0,1,57.49
866,798,BUDGET_CONSCIOUS,1,1,0,0,0,1,1,0,0,0,0,1.0,0.0,0.0,0.0,0.0,43.33,0.3967,0,0,0,0,NO,0,0,25.33
74,209,SOCIAL_EXPLORER,0,2,0,1,0,1,1,2,1,0,1,1.0,0.5,0.3333,0.0,1.0,61.67,0.7937,0,0,0,1,YES,1,3,100.0
370,230,BUDGET_CONSCIOUS,2,1,2,0,0,0,1,0,0,0,0,1.0,0.0,0.0,0.0,0.0,25.83,0.0,0,0,0,0,NO,0,0,7.83
288,663,CAUTIOUS_INTROVERT,1,1,2,0,0,0,1,1,1,1,1,1.0,0.3333,1.0,1.0,1.0,63.33,0.3374,0,0,0,0,NO,0,0,45.33
326,396,PASSIVE_BROWSER,0,0,1,1,1,0,1,1,0,1,0,0.5,0.2,0.0,1.0,0.0,53.17,0.2985,1,0,0,0,NO,0,0,35.17
529,311,CAUTIOUS_INTROVERT,0,0,1,1,1,0,1,2,0,0,1,0.5,0.4,0.0,0.0,1.0,52.17,0.6336,1,1,40129,1,YES,0,2,100.0
237,786,BUDGET_CONSCIOUS,0,1,0,1,0,1,1,0,0,0,0,1.0,0.0,0.0,0.0,0.0,49.17,0.7888,1,1,51827,0,YES,1,3,100.0
687,607,BUDGET_CONSCIOUS,1,0,0,0,1,1,1,2,1,0,0,0.25,0.4,1.0,0.0,0.0,52.17,0.4695,1,1,31540,1,SAVE_ONLY,0,1,83.21
761,506,SOCIAL_EXPLORER,0,2,0,1,0,1,1,0,0,0,0,0.5,0.0,0.0,0.0,0.0,33.33,0.6663,0,0,0,1,YES,0,2,67.33
763,108,SELECTIVE_PLANNER,0,2,0,1,0,1,1,0,1,0,0,0.5,0.0,0.5,0.0,0.0,38.33,0.237,1,0,0,0,NO,0,0,20.33
93,34,CAUTIOUS_INTROVERT,2,1,1,0,0,0,1,2,2,1,1,1.0,0.4,1.0,1.0,1.0,64.67,0.9455,1,1,52916,0,YES,1,3,100.0
727,963,BUDGET_CONSCIOUS,1,1,0,0,0,1,1,1,0,1,1,0.25,0.1667,0.0,1.0,1.0,46.67,0.5682,1,1,31785,1,SAVE_ONLY,0,1,77.79
660,520,SOCIAL_EXPLORER,1,1,1,0,0,0,1,0,0,0,0,0.5,0.0,0.0,0.0,0.0,27.5,0.3451,0,0,0,0,NO,0,0,9.5
627,210,SOCIAL_EXPLORER,1,0,0,0,1,1,1,0,0,0,0,1.0,0.0,0.0,0.0,0.0,49.17,0.6914,0,0,0,1,YES,0,2,83.17
939,784,BUDGET_CONSCIOUS,0,1,1,1,0,0,1,1,0,0,1,0.5,0.2,0.0,0.0,1.0,42.33,0.4439,0,0,0,1,SAVE_ONLY,0,1,54.33
286,203,BUDGET_CONSCIOUS,2,0,2,0,1,0,1,0,0,0,0,1.0,0.0,0.0,0.0,0.0,31.67,0.0,0,0,0,0,NO,0,0,13.67
557,618,SELECTIVE_PLANNER,1,0,1,0,1,0,1,1,0,0,1,1.0,0.3333,0.0,0.0,1.0,55.0,0.6684,1,0,0,0,YES,0,2,77.0
829,593,SOCIAL_EXPLORER,1,0,1,0,1,0,1,1,1,0,0,1.0,0.2,1.0,0.0,0.0,57.33,0.8657,1,1,50091,1,YES,1,3,100.0
954,559,CAUTIOUS_INTROVERT,0,1,2,1,0,0,1,0,0,0,0,1.0,0.0,0.0,0.0,0.0,37.5,0.2929,1,0,0,0,NO,0,0,19.5
773,980,SOCIAL_EXPLORER,1,1,1,0,0,0,1,2,2,1,0,0.3333,0.5,1.0,1.0,0.0,54.17,0.5926,1,0,0,1,SAVE_ONLY,0,1,66.17
601,136,SELECTIVE_PLANNER,0,0,0,1,1,1,1,1,1,1,0,1.0,0.3333,0.3333,1.0,0.0,75.0,0.9211,1,1,59720,0,YES,1,3,100.0
190,224,SOCIAL_EXPLORER,1,1,0,0,0,1,1,0,0,1,0,0.5,0.0,0.0,1.0,0.0,43.33,0.6332,1,1,36539,1,YES,0,2,98.12
526,447,BUDGET_CONSCIOUS,2,1,1,0,0,0,1,3,1,1,1,1.0,0.6,0.5,1.0,1.0,63.67,0.1622,0,0,0,0,NO,0,0,45.67
1002,526,CAUTIOUS_INTROVERT,1,1,1,0,0,0,1,1,1,1,1,0.5,0.1667,0.3333,1.0,1.0,49.17,0.6296,0,0,0,0,YES,0,2,71.17
65,753,SOCIAL_EXPLORER,1,1,1,0,0,0,1,1,0,0,0,1.0,0.2,0.0,0.0,0.0,41.5,0.6523,1,1,44889,1,YES,0,2,99.21
97,285,BUDGET_CONSCIOUS,2,0,0,0,1,1,1,1,0,0,0,1.0,0.1667,0.0,0.0,0.0,46.67,0.1746,0,0,0,0,NO,0,0,28.67
514,239,SOCIAL_EXPLORER,0,1,0,1,0,1,2,3,1,1,1,1.0,0.75,0.5,1.0,1.0,84.17,1.0,1,1,67601,0,YES,1,3,100.0
85,28,SPONTANEOUS_ADVENTURER,0,2,0,1,0,1,1,0,0,0,0,0.3333,0.0,0.0,0.0,0.0,30.0,0.3379,1,1,19909,0,NO,0,1,26.97
136,992,SELECTIVE_PLANNER,1,0,0,0,1,1,1,0,0,0,0,1.0,0.0,0.0,0.0,0.0,49.17,0.7239,0,0,0,1,YES,1,3,100.0
59,540,BUDGET_CONSCIOUS,0,1,2,1,0,0,1,0,0,0,0,1.0,0.0,0.0,0.0,0.0,37.5,0.6501,1,1,43384,0,YES,0,2,82.68
116,856,CAUTIOUS_INTROVERT,2,1,0,0,0,1,1,1,0,0,0,1.0,0.1667,0.0,0.0,0.0,40.83,0.3493,1,0,0,0,NO,0,0,22.83
804,842,BUDGET_CONSCIOUS,1,1,0,0,0,1,1,3,1,1,1,0.5,0.75,1.0,1.0,1.0,73.33,0.8102,1,0,0,0,YES,1,3,100.0
319,643,SOCIAL_EXPLORER,1,0,2,0,1,0,1,0,0,0,0,0.5,0.0,0.0,0.0,0.0,27.5,0.3628,1,1,31592,0,NO,0,1,28.56
851,285,SELECTIVE_PLANNER,1,0,1,0,1,0,1,3,1,1,1,0.5,0.75,0.5,1.0,1.0,68.33,0.9542,1,1,59131,0,YES,1,3,100.0
172,224,SOCIAL_EXPLORER,2,1,0,0,0,1,1,1,0,1,1,0.3333,0.1667,0.0,1.0,1.0,42.5,0.5952,1,1,45848,1,SAVE_ONLY,0,1,78.55
305,746,SOCIAL_EXPLORER,0,0,0,1,1,1,1,0,0,0,1,0.5,0.0,0.0,0.0,1.0,50.0,0.6626,1,1,45119,0,YES,0,2,95.79
864,229,SOCIAL_EXPLORER,0,2,0,1,0,1,1,1,0,0,0,0.5,0.1429,0.0,0.0,0.0,36.19,0.663,0,0,0,0,YES,0,2,58.19
730,617,SOCIAL_EXPLORER,0,0,1,1,1,0,1,0,0,0,0,1.0,0.0,0.0,0.0,0.0,49.17,0.6402,0,0,0,1,YES,0,2,83.17
870,608,BUDGET_CONSCIOUS,0,0,2,1,1,0,1,2,1,0,0,0.5,0.5,1.0,0.0,0.0,53.33,0.6856,1,1,47926,1,YES,0,2,100.0
130,151,BUDGET_CONSCIOUS,0,1,1,1,0,0,1,1,0,1,0,1.0,0.1667,0.0,1.0,0.0,56.67,0.5689,1,0,0,0,NO,0,0,38.67
521,433,SPONTANEOUS_ADVENTURER,0,2,0,1,0,1,1,0,0,1,0,1.0,0.0,0.0,1.0,0.0,53.33,0.6428,1,0,0,1,YES,0,2,87.33
429,696,SELECTIVE_PLANNER,0,0,1,1,1,0,1,0,1,0,0,1.0,0.0,1.0,0.0,0.0,59.17,0.8924,1,0,0,0,YES,1,3,100.0
669,560,SOCIAL_EXPLORER,0,1,1,1,0,0,1,2,0,0,0,1.0,0.3333,0.0,0.0,0.0,50.0,0.8324,1,1,58084,1,SUPER_LIKE,1,3,100.0
762,74,SOCIAL_EXPLORER,1,0,0,0,1,1,1,1,0,0,0,0.5,0.2,0.0,0.0,0.0,43.17,0.5343,1,1,37883,0,NO,0,1,46.43
515,197,SOCIAL_EXPLORER,2,1,0,0,0,1,1,2,1,1,0,0.3333,0.3333,0.5,1.0,0.0,45.83,0.6317,1,1,43375,1,YES,0,2,100.0
230,135,SOCIAL_EXPLORER,1,1,0,0,0,1,1,0,0,0,0,1.0,0.0,0.0,0.0,0.0,43.33,0.7247,1,1,50359,1,YES,1,3,100.0
724,20,CAUTIOUS_INTROVERT,1,2,2,0,0,0,1,0,0,0,0,0.3333,0.0,0.0,0.0,0.0,12.5,0.0,0,0,0,0,NO,0,0,0.0
70,71,SELECTIVE_PLANNER,1,0,0,0,1,1,1,0,0,0,0,0.5,0.0,0.0,0.0,0.0,39.17,0.6223,0,0,0,0,YES,0,2,61.17
225,595,BUDGET_CONSCIOUS,1,1,2,0,0,0,1,2,1,0,0,0.5,0.4,1.0,0.0,0.0,39.67,0.4656,1,1,31302,1,SAVE_ONLY,0,1,70.63
960,24,SELECTIVE_PLANNER,1,1,1,0,0,0,1,0,0,0,0,0.5,0.0,0.0,0.0,0.0,27.5,0.0,0,0,0,0,NO,0,0,9.5
789,299,SPONTANEOUS_ADVENTURER,0,1,1,1,0,0,1,0,0,0,0,1.0,0.0,0.0,0.0,0.0,43.33,0.531,1,1,34494,0,NO,0,1,45.4
604,739,BUDGET_CONSCIOUS,0,2,2,1,0,0,1,0,0,0,0,0.5,0.0,0.0,0.0,0.0,21.67,0.2395,0,0,0,0,NO,0,0,3.67
150,551,BUDGET_CONSCIOUS,2,2,0,0,0,1,2,0,0,0,0,0.6667,0.0,0.0,0.0,0.0,25.0,0.0464,0,0,0,0,NO,0,0,7.0
106,270,SOCIAL_EXPLORER,0,2,0,1,0,1,1,1,0,0,0,0.3333,0.1429,0.0,0.0,0.0,32.86,0.6476,1,1,34656,0,YES,0,2,74.99
992,57,SELECTIVE_PLANNER,0,0,1,1,1,0,1,1,0,0,0,1.0,0.1667,0.0,0.0,0.0,52.5,0.6896,1,0,0,0,YES,0,2,74.5
353,431,SOCIAL_EXPLORER,2,1,0,0,0,1,1,0,0,0,0,1.0,0.0,0.0,0.0,0.0,37.5,0.6249,0,0,0,0,YES,0,2,59.5
303,461,SELECTIVE_PLANNER,1,1,1,0,0,0,1,1,1,1,1,0.5,0.25,1.0,1.0,1.0,57.5,0.5177,0,0,0,1,SAVE_ONLY,0,1,69.5
668,406,SOCIAL_EXPLORER,0,0,2,1,1,0,1,2,0,1,1,1.0,0.4,0.0,1.0,1.0,66.33,0.645,1,1,47925,0,YES,0,2,100.0
305,514,SOCIAL_EXPLORER,1,1,0,0,0,1,1,1,0,0,0,0.3333,0.1667,0.0,0.0,0.0,33.33,0.5169,1,1,39020,1,SAVE_ONLY,0,1,66.99
227,736,SOCIAL_EXPLORER,1,1,0,0,0,1,1,1,0,0,0,0.3333,0.1667,0.0,0.0,0.0,33.33,0.677,1,1,42042,0,YES,0,2,78.04
91,992,SOCIAL_EXPLORER,0,0,1,1,1,0,1,1,0,0,0,1.0,0.1429,0.0,0.0,0.0,52.02,0.5886,1,1,31219,0,NO,0,1,52.95
326,722,SPONTANEOUS_ADVENTURER,1,0,1,0,1,0,1,0,0,0,0,1.0,0.0,0.0,0.0,0.0,43.33,0.6621,0,0,0,0,YES,0,2,65.33
39,746,SOCIAL_EXPLORER,1,0,0,0,1,1,1,1,1,1,0,1.0,0.1667,0.5,1.0,0.0,67.5,1.0,1,1,56505,0,SUPER_LIKE,1,3,100.0
375,90,CAUTIOUS_INTROVERT,1,0,2,0,1,0,1,2,0,1,1,1.0,0.2857,0.0,1.0,1.0,58.21,0.4888,1,0,0,0,NO,0,0,40.21
446,117,BUDGET_CONSCIOUS,2,1,2,0,0,0,1,0,0,0,0,0.5,0.0,0.0,0.0,0.0,15.83,0.0,0,0,0,0,NO,0,0,0.0
281,406,SPONTANEOUS_ADVENTURER,0,1,1,1,0,0,1,0,0,1,0,1.0,0.0,0.0,1.0,0.0,53.33,0.7358,1,1,40307,1,YES,1,3,100.0
935,72,SPONTANEOUS_ADVENTURER,1,1,1,0,0,0,1,0,0,0,0,0.5,0.0,0.0,0.0,0.0,27.5,0.4068,1,1,21924,0,NO,0,1,25.17
233,659,SOCIAL_EXPLORER,1,1,1,0,0,0,1,0,1,0,1,1.0,0.0,0.5,0.0,1.0,47.5,0.7138,1,1,43700,0,YES,1,3,100.0
198,316,BUDGET_CONSCIOUS,0,2,0,1,0,1,1,3,0,1,1,1.0,0.75,0.0,1.0,1.0,73.33,1.0,1,1,60608,1,YES,1,3,100.0
976,925,CAUTIOUS_INTROVERT,0,1,1,1,0,0,1,0,0,0,1,1.0,0.0,0.0,0.0,1.0,48.33,0.5813,1,0,0,1,SAVE_ONLY,0,1,60.33
75,383,BUDGET_CONSCIOUS,0,1,1,1,0,0,1,1,1,1,1,0.5,0.25,0.5,1.0,1.0,58.33,0.6914,1,0,0,1,YES,0,2,92.33
928,134,BUDGET_CONSCIOUS,1,0,1,0,1,0,1,0,0,0,0,0.5,0.0,0.0,0.0,0.0,33.33,0.4513,1,1,37648,1,SAVE_ONLY,0,1,66.51
704,195,CAUTIOUS_INTROVERT,2,0,0,0,1,1,1,0,0,0,1,1.0,0.0,0.0,0.0,1.0,48.33,0.6319,1,1,40787,1,YES,0,2,100.0
106,442,SOCIAL_EXPLORER,1,1,1,0,0,0,1,2,1,0,0,0.3333,0.5,0.3333,0.0,0.0,37.5,0.6778,1,1,43476,0,YES,0,2,82.72
556,368,BUDGET_CONSCIOUS,0,1,0,1,0,1,1,1,2,0,0,1.0,0.1429,1.0,0.0,0.0,62.02,0.6384,0,0,0,0,YES,0,2,84.02
102,137,BUDGET_CONSCIOUS,0,0,1,1,1,0,1,2,0,0,0,1.0,0.3333,0.0,0.0,0.0,55.83,0.6429,0,0,0,0,YES,0,2,77.83
476,63,CAUTIOUS_INTROVERT,0,0,0,1,1,1,1,3,1,1,0,1.0,0.4286,1.0,1.0,0.0,83.57,1.0,1,1,66081,0,SUPER_LIKE,1,3,100.0
132,278,BUDGET_CONSCIOUS,0,2,0,1,0,1,1,1,0,0,0,1.0,0.1429,0.0,0.0,0.0,46.19,0.4939,1,0,0,1,SAVE_ONLY,0,1,58.19
728,751,CAUTIOUS_INTROVERT,1,0,0,0,1,1,1,1,1,0,0,0.5,0.1429,1.0,0.0,0.0,52.02,0.4779,1,1,33159,0,NO,0,1,53.63
713,214,SPONTANEOUS_ADVENTURER,1,0,1,0,1,0,1,0,1,0,0,1.0,0.0,0.5,0.0,0.0,48.33,0.6993,1,1,51524,0,YES,0,2,96.36
245,57,CAUTIOUS_INTROVERT,0,1,1,1,0,0,1,1,0,0,0,0.5,0.2,0.0,0.0,0.0,37.33,0.3973,1,0,0,0,NO,0,0,19.33
263,288,BUDGET_CONSCIOUS,2,1,1,0,0,0,1,1,1,0,0,0.5,0.25,1.0,0.0,0.0,36.67,0.0,1,0,0,0,NO,0,0,18.67
367,919,SOCIAL_EXPLORER,1,2,0,0,0,1,2,2,2,1,1,0.6667,0.5,1.0,1.0,1.0,65.83,0.9811,1,1,65294,0,YES,1,3,100.0
725,431,SPONTANEOUS_ADVENTURER,2,2,0,0,0,1,1,0,1,1,1,1.0,0.0,0.3333,1.0,1.0,50.0,0.4397,0,0,0,1,SAVE_ONLY,0,1,62.0
810,666,BUDGET_CONSCIOUS,2,2,1,0,0,0,1,1,0,0,0,0.3333,0.1429,0.0,0.0,0.0,15.36,0.0,0,0,0,0,NO,0,0,0.0
584,962,SPONTANEOUS_ADVENTURER,0,1,1,1,0,0,1,0,1,0,1,1.0,0.0,1.0,0.0,1.0,58.33,0.7861,1,0,0,1,YES,1,3,100.0
565,162,SELECTIVE_PLANNER,1,2,0,0,0,1,1,3,0,1,0,0.5,1.0,0.0,1.0,0.0,57.5,0.4988,1,1,30084,0,NO,0,1,58.03
440,903,SOCIAL_EXPLORER,1,1,1,0,0,0,2,1,1,0,0,1.0,0.25,1.0,0.0,0.0,52.5,0.6741,0,0,0,1,YES,0,2,86.5
483,476,BUDGET_CONSCIOUS,2,0,1,0,1,0,1,0,0,0,0,1.0,0.0,0.0,0.0,0.0,37.5,0.0,0,0,0,0,NO,0,0,19.5
381,371,BUDGET_CONSCIOUS,1,0,0,0,1,1,1,0,1,0,0,1.0,0.0,0.5,0.0,0.0,54.17,0.5934,1,1,43283,0,NO,0,1,59.32
687,957,BUDGET_CONSCIOUS,1,1,0,0,0,1,2,1,1,1,1,0.5,0.2,1.0,1.0,1.0,62.33,0.7715,1,0,0,0,YES,1,3,100.0
202,260,BUDGET_CONSCIOUS,0,1,1,1,0,0,1,2,1,1,0,1.0,0.5,0.5,1.0,0.0,68.33,0.6958,0,0,0,0,YES,0,2,90.33
709,932,BUDGET_CONSCIOUS,1,0,0,0,1,1,1,2,1,1,1,0.5,0.5,0.5,1.0,1.0,69.17,0.5722,0,0,0,1,SAVE_ONLY,0,1,81.17
511,1014,SOCIAL_EXPLORER,1,0,0,0,1,1,1,3,1,1,1,0.5,0.75,1.0,1.0,1.0,79.17,0.99,1,1,63281,0,YES,1,3,100.0
449,663,PASSIVE_BROWSER,1,1,1,0,0,0,1,1,1,1,0,1.0,0.2,1.0,1.0,0.0,61.5,0.4708,0,0,0,1,SAVE_ONLY,0,1,73.5
287,469,BUDGET_CONSCIOUS,0,1,0,1,0,1,1,0,0,0,1,0.5,0.0,0.0,0.0,1.0,44.17,0.4927,0,0,0,1,SAVE_ONLY,0,1,56.17
162,873,SPONTANEOUS_ADVENTURER,1,0,1,0,1,0,1,0,0,0,0,0.5,0.0,0.0,0.0,0.0,33.33,0.5085,1,0,0,1,SAVE_ONLY,0,1,45.33
559,438,SOCIAL_EXPLORER,1,0,0,0,1,1,1,2,1,0,1,0.5,0.3333,1.0,0.0,1.0,60.83,0.6749,0,0,0,0,YES,0,2,82.83
371,305,SOCIAL_EXPLORER,1,0,1,0,1,0,1,0,0,0,0,0.5,0.0,0.0,0.0,0.0,33.33,0.6715,1,1,41240,1,YES,0,2,89.76
788,104,SPONTANEOUS_ADVENTURER,1,0,1,0,1,0,1,0,0,0,0,1.0,0.0,0.0,0.0,0.0,43.33,0.7151,1,1,46911,0,YES,1,3,100.0
838,197,SOCIAL_EXPLORER,1,1,0,0,0,1,1,0,0,0,0,0.3333,0.0,0.0,0.0,0.0,30.0,0.4279,0,0,0,0,NO,0,0,12.0
987,176,SOCIAL_EXPLORER,0,0,1,1,1,0,1,0,0,0,0,1.0,0.0,0.0,0.0,0.0,49.17,0.6953,1,1,37901,0,YES,0,2,92.44
800,582,CAUTIOUS_INTROVERT,1,1,0,0,0,1,1,1,1,0,1,1.0,0.1429,0.5,0.0,1.0,56.19,0.6487,1,1,42714,0,YES,0,2,100.0
77,954,CAUTIOUS_INTROVERT,0,1,0,1,0,1,1,2,0,0,0,0.5,0.5,0.0,0.0,0.0,49.17,0.5786,1,1,34279,0,NO,0,1,51.17
511,887,SOCIAL_EXPLORER,0,1,2,1,0,0,2,2,1,1,0,1.0,0.3333,1.0,1.0,0.0,64.17,0.6659,1,1,49857,0,YES,0,2,100.0
768,856,CAUTIOUS_INTROVERT,1,0,1,0,1,0,1,1,0,1,0,0.5,0.2,0.0,1.0,0.0,47.33,0.4591,1,1,28459,1,SAVE_ONLY,0,1,77.29
907,353,SOCIAL_EXPLORER,0,1,1,1,0,0,1,0,1,0,1,0.3333,0.0,0.5,0.0,1.0,40.0,0.7098,0,0,0,0,YES,1,3,92.0
59,792,BUDGET_CONSCIOUS,2,0,0,0,1,1,1,1,0,1,0,1.0,0.1667,0.0,1.0,0.0,56.67,0.1926,0,0,0,0,NO,0,0,38.67
449,459,SELECTIVE_PLANNER,1,0,0,0,1,1,1,2,1,1,0,0.5,0.2857,1.0,1.0,0.0,64.88,0.865,1,1,56442,0,YES,1,3,100.0
615,239,BUDGET_CONSCIOUS,1,1,2,0,0,0,2,1,1,0,0,1.0,0.1429,0.5,0.0,0.0,39.52,0.4521,1,0,0,0,NO,0,0,21.52
739,556,BUDGET_CONSCIOUS,0,1,1,1,0,0,1,0,1,0,0,0.5,0.0,0.5,0.0,0.0,38.33,0.6707,1,0,0,1,YES,0,2,72.33
758,170,CAUTIOUS_INTROVERT,0,0,2,1,1,0,1,1,0,0,1,1.0,0.125,0.0,0.0,1.0,50.83,0.1977,0,0,0,0,NO,0,0,32.83
524,177,CAUTIOUS_INTROVERT,1,2,2,0,0,0,1,1,0,0,0,1.0,0.3333,0.0,0.0,0.0,32.5,0.2365,0,0,0,0,NO,0,0,14.5
20,800,BUDGET_CONSCIOUS,2,1,2,0,0,0,1,1,0,0,0,0.5,0.2,0.0,0.0,0.0,19.83,0.0,0,0,0,0,NO,0,0,1.83
386,151,BUDGET_CONSCIOUS,0,2,0,1,0,1,1,2,0,0,0,0.5,0.6667,0.0,0.0,0.0,46.67,0.7091,0,0,0,1,YES,1,3,100.0
812,13,BUDGET_CONSCIOUS,2,1,1,0,0,0,0,0,0,0,0,0.0,0.0,0.0,0.0,0.0,11.67,0.0,0,0,0,0,NO,0,0,0.0
598,296,CAUTIOUS_INTROVERT,1,0,1,0,1,0,1,2,1,0,0,0.5,0.6667,1.0,0.0,0.0,56.67,0.6787,1,1,40266,0,YES,0,2,100.0
315,205,BUDGET_CONSCIOUS,0,1,0,1,0,1,1,0,0,0,0,0.5,0.0,0.0,0.0,0.0,39.17,0.6508,1,1,36045,0,YES,0,2,81.79
119,930,SOCIAL_EXPLORER,0,1,1,1,0,0,1,1,0,1,0,1.0,0.1667,0.0,1.0,0.0,56.67,0.7781,1,1,42067,0,YES,1,3,100.0
120,875,SOCIAL_EXPLORER,0,2,0,1,0,1,1,0,0,0,1,0.5,0.0,0.0,0.0,1.0,38.33,0.6757,1,1,40641,0,YES,0,2,82.55
788,989,SPONTANEOUS_ADVENTURER,1,2,0,0,0,1,1,0,0,0,0,1.0,0.0,0.0,0.0,0.0,37.5,0.3373,0,0,0,0,NO,0,0,19.5
365,481,BUDGET_CONSCIOUS,1,0,0,0,1,1,1,1,0,0,0,1.0,0.2,0.0,0.0,0.0,53.17,0.4892,1,1,35600,1,SAVE_ONLY,0,1,85.63
816,760,SELECTIVE_PLANNER,2,0,1,0,1,0,1,2,1,1,1,0.5,0.5,0.5,1.0,1.0,57.5,0.656,1,1,42654,0,YES,0,2,100.0
326,322,CAUTIOUS_INTROVERT,1,0,1,0,1,0,1,0,0,1,1,1.0,0.0,0.0,1.0,1.0,58.33,0.3123,0,0,0,0,NO,0,0,40.33
370,116,BUDGET_CONSCIOUS,2,1,1,0,0,0,1,0,0,0,0,1.0,0.0,0.0,0.0,0.0,31.67,0.0,0,0,0,0,NO,0,0,13.67
623,213,SOCIAL_EXPLORER,2,1,1,0,0,0,2,3,0,0,0,0.6667,0.6,0.0,0.0,0.0,37.0,0.6316,0,0,0,0,YES,0,2,59.0
298,975,SPONTANEOUS_ADVENTURER,0,0,0,1,1,1,1,2,0,1,0,1.0,0.5,0.0,1.0,0.0,75.0,0.9498,1,1,63928,0,YES,1,3,100.0
158,780,SELECTIVE_PLANNER,0,1,0,1,0,1,1,2,1,1,1,0.5,1.0,1.0,1.0,1.0,84.17,0.5519,0,0,0,1,SAVE_ONLY,0,1,96.17
250,632,CAUTIOUS_INTROVERT,0,0,1,1,1,0,1,4,1,1,1,0.5,1.0,1.0,1.0,1.0,84.17,0.8618,1,0,0,1,SUPER_LIKE,1,3,100.0
73,959,BUDGET_CONSCIOUS,2,0,1,0,1,0,1,2,1,1,0,0.3333,0.5,0.5,1.0,0.0,49.17,0.2709,0,0,0,0,NO,0,0,31.17
872,590,CAUTIOUS_INTROVERT,0,0,2,1,1,0,1,0,0,0,1,0.5,0.0,0.0,0.0,1.0,38.33,0.1495,0,0,0,0,NO,0,0,20.33
373,210,SOCIAL_EXPLORER,1,1,0,0,0,1,1,0,0,0,0,1.0,0.0,0.0,0.0,0.0,43.33,0.649,1,0,0,1,YES,0,2,77.33
624,204,BUDGET_CONSCIOUS,1,0,2,0,1,0,1,2,2,1,1,0.5,0.2857,1.0,1.0,1.0,58.21,0.6211,1,0,0,1,YES,0,2,92.21
949,529,BUDGET_CONSCIOUS,1,1,1,0,0,0,1,1,1,0,0,0.5,0.2,1.0,0.0,0.0,41.5,0.3838,1,1,33545,0,NO,0,1,43.24
651,142,SELECTIVE_PLANNER,0,2,1,1,0,0,1,0,1,0,1,0.5,0.0,1.0,0.0,1.0,42.5,0.1399,0,0,0,0,NO,0,0,24.5
1007,24,BUDGET_CONSCIOUS,0,0,1,1,1,0,1,0,0,0,0,1.0,0.0,0.0,0.0,0.0,49.17,0.7074,1,1,38695,1,YES,1,3,100.0
835,84,SPONTANEOUS_ADVENTURER,0,2,0,1,0,1,1,1,2,0,1,1.0,0.1667,1.0,0.0,1.0,61.67,0.6937,1,0,0,1,YES,0,2,95.67
852,785,SOCIAL_EXPLORER,1,0,0,0,1,1,1,0,0,0,0,0.5,0.0,0.0,0.0,0.0,39.17,0.7203,0,0,0,0,YES,1,3,91.17
874,452,PASSIVE_BROWSER,0,1,0,1,0,1,1,2,0,0,0,1.0,0.4,0.0,0.0,0.0,57.17,0.456,0,0,0,0,NO,0,0,39.17
520,129,SOCIAL_EXPLORER,0,0,0,1,1,1,1,0,1,0,0,0.5,0.0,1.0,0.0,0.0,55.0,0.8283,1,1,46133,0,YES,1,3,100.0
904,23,SPONTANEOUS_ADVENTURER,1,1,0,0,0,1,1,0,1,1,1,0.3333,0.0,0.5,1.0,1.0,50.0,0.5927,1,1,38961,1,SAVE_ONLY,0,1,83.64
827,330,SOCIAL_EXPLORER,1,0,1,0,1,0,1,0,1,1,0,0.3333,0.0,1.0,1.0,0.0,50.0,0.6419,1,0,0,1,YES,0,2,84.0
504,68,SELECTIVE_PLANNER,0,2,1,1,0,0,1,1,0,0,0,0.3333,0.2,0.0,0.0,0.0,28.17,0.0,0,0,0,0,NO,0,0,10.17
62,354,CAUTIOUS_INTROVERT,0,0,2,1,1,0,1,0,0,0,0,1.0,0.0,0.0,0.0,0.0,43.33,0.3147,0,0,0,0,NO,0,0,25.33
120,1008,SOCIAL_EXPLORER,1,0,1,0,1,0,1,0,0,0,1,0.5,0.0,0.0,0.0,1.0,38.33,0.7267,1,1,42065,1,YES,1,3,100.0
968,658,SOCIAL_EXPLORER,0,1,1,1,0,0,1,0,0,1,1,0.3333,0.0,0.0,1.0,1.0,45.0,0.7461,0,0,0,1,YES,1,3,100.0
790,21,CAUTIOUS_INTROVERT,0,2,1,1,0,0,1,0,0,0,1,1.0,0.0,0.0,0.0,1.0,42.5,0.3856,1,0,0,0,NO,0,0,24.5
330,633,SELECTIVE_PLANNER,1,1,1,0,0,0,1,0,0,0,0,0.5,0.0,0.0,0.0,0.0,27.5,0.0835,0,0,0,0,NO,0,0,9.5
614,968,SOCIAL_EXPLORER,0,1,0,1,0,1,1,0,0,0,0,0.5,0.0,0.0,0.0,0.0,39.17,0.6095,0,0,0,0,NO,0,0,21.17
924,565,SELECTIVE_PLANNER,1,0,0,0,1,1,1,0,0,0,1,0.5,0.0,0.0,0.0,1.0,44.17,0.613,1,1,34800,0,NO,0,1,46.35
543,146,CAUTIOUS_INTROVERT,2,1,2,0,0,0,1,0,0,0,0,0.3333,0.0,0.0,0.0,0.0,12.5,0.0,1,0,0,0,NO,0,0,0.0
562,262,SOCIAL_EXPLORER,1,1,1,0,0,0,1,1,1,0,0,1.0,0.25,1.0,0.0,0.0,52.5,0.7735,1,1,45839,0,YES,1,3,100.0
496,132,CAUTIOUS_INTROVERT,1,0,1,0,1,0,1,1,0,0,0,1.0,0.1429,0.0,0.0,0.0,46.19,0.3302,1,1,22201,0,NO,0,1,43.96
802,536,BUDGET_CONSCIOUS,2,1,1,0,0,0,1,0,1,0,0,0.5,0.0,0.5,0.0,0.0,26.67,0.0,1,0,0,0,NO,0,0,8.67
297,483,BUDGET_CONSCIOUS,0,0,0,1,1,1,1,0,1,0,0,1.0,0.0,1.0,0.0,0.0,65.0,0.6986,1,1,48738,1,YES,0,2,100.0
495,97,SELECTIVE_PLANNER,1,0,1,0,1,0,1,0,0,0,0,1.0,0.0,0.0,0.0,0.0,43.33,0.6709,1,1,36697,0,YES,0,2,86.17
847,673,SOCIAL_EXPLORER,2,1,1,0,0,0,1,0,0,0,0,0.3333,0.0,0.0,0.0,0.0,18.33,0.3003,1,0,0,0,NO,0,0,0.33
58,496,CAUTIOUS_INTROVERT,0,0,0,1,1,1,1,4,1,1,1,1.0,1.0,0.5,1.0,1.0,95.0,1.0,1,1,55832,1,YES,1,3,100.0
493,960,SPONTANEOUS_ADVENTURER,1,2,0,0,0,1,1,2,0,1,1,0.5,0.5,0.0,1.0,1.0,52.5,0.5286,1,1,28157,0,NO,0,1,52.35
496,477,CAUTIOUS_INTROVERT,1,2,0,0,0,1,1,1,0,0,0,1.0,0.1667,0.0,0.0,0.0,40.83,0.3906,1,1,34348,0,NO,0,1,42.85
609,366,BUDGET_CONSCIOUS,1,2,1,0,0,0,1,1,0,0,0,0.3333,0.125,0.0,0.0,0.0,20.83,0.3044,0,0,0,0,NO,0,0,2.83
744,936,SOCIAL_EXPLORER,1,0,1,0,1,0,1,1,0,0,0,1.0,0.2,0.0,0.0,0.0,47.33,0.7116,0,0,0,0,YES,1,3,99.33
606,723,BUDGET_CONSCIOUS,1,0,0,0,1,1,1,1,1,0,0,1.0,0.2,0.5,0.0,0.0,58.17,0.723,1,1,45055,0,YES,1,3,100.0
778,432,SPONTANEOUS_ADVENTURER,1,0,1,0,1,0,1,0,0,0,0,1.0,0.0,0.0,0.0,0.0,43.33,0.6698,1,1,39942,0,YES,0,2,87.31
217,763,SELECTIVE_PLANNER,1,0,0,0,1,1,1,0,0,0,0,1.0,0.0,0.0,0.0,0.0,49.17,0.7745,1,1,50770,0,YES,1,3,100.0
232,661,SOCIAL_EXPLORER,0,0,0,1,1,1,1,2,1,0,1,1.0,0.4,1.0,0.0,1.0,78.0,0.8815,1,1,54530,0,YES,1,3,100.0
471,428,PASSIVE_BROWSER,0,0,1,1,1,0,1,0,0,0,0,0.5,0.0,0.0,0.0,0.0,39.17,0.231,0,0,0,0,NO,0,0,21.17
360,665,SOCIAL_EXPLORER,0,1,0,1,0,1,1,1,0,0,1,1.0,0.2,0.0,0.0,1.0,58.17,0.6583,0,0,0,1,YES,0,2,92.17
90,955,SOCIAL_EXPLORER,1,2,1,0,0,0,1,1,0,0,0,1.0,0.1667,0.0,0.0,0.0,35.0,0.5363,1,0,0,1,SAVE_ONLY,0,1,47.0
247,506,SOCIAL_EXPLORER,0,0,0,1,1,1,1,1,0,0,0,1.0,0.1429,0.0,0.0,0.0,57.86,0.86,1,1,50449,0,SUPER_LIKE,1,3,100.0
570,219,BUDGET_CONSCIOUS,1,0,1,0,1,0,1,0,0,0,0,0.5,0.0,0.0,0.0,0.0,33.33,0.3346,0,0,0,0,NO,0,0,15.33
606,769,BUDGET_CONSCIOUS,1,0,1,0,1,0,1,1,1,0,0,1.0,0.2,1.0,0.0,0.0,57.33,0.6617,1,1,36558,1,YES,0,2,100.0
865,889,BUDGET_CONSCIOUS,1,0,0,0,1,1,2,1,1,0,0,1.0,0.25,0.5,0.0,0.0,59.17,0.7239,1,0,0,0,YES,1,3,100.0
58,721,CAUTIOUS_INTROVERT,0,1,1,1,0,0,1,4,1,1,1,0.5,0.8,0.3333,1.0,1.0,67.67,0.8568,1,1,47920,0,YES,1,3,100.0
611,958,SOCIAL_EXPLORER,0,0,2,1,1,0,1,1,0,0,0,1.0,0.2,0.0,0.0,0.0,47.33,0.4648,1,1,30455,0,NO,0,1,47.99
559,517,SOCIAL_EXPLORER,1,1,1,0,0,0,1,3,1,0,0,1.0,0.5,1.0,0.0,0.0,57.5,0.8213,1,1,55508,1,YES,1,3,100.0
849,790,SELECTIVE_PLANNER,1,2,1,0,0,0,1,2,1,0,0,1.0,0.5,1.0,0.0,0.0,51.67,0.1935,1,1,17312,0,NO,0,0,47.73
842,936,SOCIAL_EXPLORER,0,1,1,1,0,0,1,1,1,0,0,0.5,0.2,1.0,0.0,0.0,47.33,0.6554,1,0,0,1,YES,0,2,81.33
803,500,BUDGET_CONSCIOUS,1,1,1,0,0,0,1,2,1,1,1,0.3333,0.5,1.0,1.0,1.0,59.17,0.5886,1,1,40706,1,SAVE_ONLY,0,1,93.42
720,738,SELECTIVE_PLANNER,1,0,0,0,1,1,1,0,0,0,0,0.3333,0.0,0.0,0.0,0.0,35.83,0.6835,1,1,42323,0,YES,0,2,80.64
999,366,SOCIAL_EXPLORER,0,2,1,1,0,0,1,1,1,1,0,0.5,0.1667,1.0,1.0,0.0,50.83,0.8542,1,1,58184,1,SUPER_LIKE,1,3,100.0
844,482,SOCIAL_EXPLORER,1,2,2,0,0,0,1,2,1,0,1,0.5,0.4,1.0,0.0,1.0,38.83,0.3037,0,0,0,0,NO,0,0,20.83
902,746,BUDGET_CONSCIOUS,2,1,2,0,0,0,1,0,0,0,0,1.0,0.0,0.0,0.0,0.0,25.83,0.0,0,0,0,0,NO,0,0,7.83
762,456,SOCIAL_EXPLORER,0,1,0,1,0,1,1,0,1,0,0,0.5,0.0,0.5,0.0,0.0,44.17,0.6991,0,0,0,1,YES,0,2,78.17
923,521,SOCIAL_EXPLORER,1,1,1,0,0,0,1,1,0,1,0,1.0,0.25,0.0,1.0,0.0,52.5,0.8387,1,0,0,1,YES,1,3,100.0
415,651,CAUTIOUS_INTROVERT,0,0,1,1,1,0,1,0,0,0,1,0.5,0.0,0.0,0.0,1.0,44.17,0.3035,0,0,0,0,NO,0,0,26.17
340,109,CAUTIOUS_INTROVERT,1,0,1,0,1,0,1,0,0,0,0,1.0,0.0,0.0,0.0,0.0,43.33,0.3463,0,0,0,0,NO,0,0,25.33
324,669,SELECTIVE_PLANNER,1,0,1,0,1,0,1,0,0,0,0,1.0,0.0,0.0,0.0,0.0,43.33,0.6214,1,1,34124,0,YES,0,2,85.27
605,833,SOCIAL_EXPLORER,0,0,0,1,1,1,1,0,0,0,0,0.3333,0.0,0.0,0.0,0.0,41.67,0.6763,1,0,0,0,YES,0,2,63.67
487,47,SPONTANEOUS_ADVENTURER,0,0,1,1,1,0,1,0,0,0,0,0.3333,0.0,0.0,0.0,0.0,35.83,0.625,0,0,0,1,YES,0,2,69.83
892,390,BUDGET_CONSCIOUS,0,1,0,1,0,1,1,0,0,0,0,1.0,0.0,0.0,0.0,0.0,49.17,0.7791,1,1,41593,1,YES,1,3,100.0
839,170,CAUTIOUS_INTROVERT,1,2,2,0,0,0,1,1,1,0,0,1.0,0.125,0.5,0.0,0.0,33.33,0.0685,1,0,0,0,NO,0,0,15.33
585,338,BUDGET_CONSCIOUS,2,0,1,0,1,0,1,2,1,0,0,0.5,0.5,1.0,0.0,0.0,47.5,0.1373,0,0,0,0,NO,0,0,29.5
943,214,PASSIVE_BROWSER,1,1,1,0,0,0,1,0,0,1,1,1.0,0.0,0.0,1.0,1.0,52.5,0.4533,0,0,0,1,SAVE_ONLY,0,1,64.5
984,277,SOCIAL_EXPLORER,1,0,1,0,1,0,1,0,1,0,1,1.0,0.0,1.0,0.0,1.0,58.33,0.8486,1,0,0,0,YES,1,3,100.0
410,414,BUDGET_CONSCIOUS,1,0,1,0,1,0,1,0,1,0,0,1.0,0.0,1.0,0.0,0.0,53.33,0.5883,1,1,37870,1,SAVE_ONLY,0,1,86.58
603,842,SOCIAL_EXPLORER,0,1,1,1,0,0,1,0,0,0,1,0.3333,0.0,0.0,0.0,1.0,35.0,0.406,1,1,25578,0,NO,0,1,33.95
589,968,SOCIAL_EXPLORER,0,1,0,1,0,1,1,1,1,1,1,0.3333,0.1429,1.0,1.0,1.0,63.69,0.8957,1,1,54374,0,YES,1,3,100.0
390,460,BUDGET_CONSCIOUS,0,1,0,1,0,1,1,1,0,0,0,1.0,0.1667,0.0,0.0,0.0,52.5,0.6336,1,0,0,0,YES,0,2,74.5
222,209,CAUTIOUS_INTROVERT,0,2,2,1,0,0,1,1,0,0,0,1.0,0.2,0.0,0.0,0.0,35.67,0.1833,0,0,0,0,NO,0,0,17.67
915,311,SOCIAL_EXPLORER,0,1,1,1,0,0,1,2,1,1,0,0.5,0.5,0.3333,1.0,0.0,56.67,0.6849,1,1,44515,1,YES,0,2,100.0
587,479,SOCIAL_EXPLORER,1,1,1,0,0,0,1,3,1,1,0,0.3333,1.0,1.0,1.0,0.0,64.17,0.7215,1,1,53393,1,YES,1,3,100.0
473,893,SOCIAL_EXPLORER,0,1,0,1,0,1,1,1,1,0,0,0.5,0.1429,0.5,0.0,0.0,47.02,0.6593,1,0,0,0,YES,0,2,69.02
498,523,SOCIAL_EXPLORER,1,1,1,0,0,0,1,0,0,0,0,1.0,0.0,0.0,0.0,0.0,37.5,0.4516,1,1,33703,1,SAVE_ONLY,0,1,69.3
474,754,BUDGET_CONSCIOUS,0,0,0,1,1,1,1,2,1,0,1,0.3333,0.3333,0.5,0.0,1.0,58.33,0.7795,0,0,0,0,YES,1,3,100.0
680,424,SELECTIVE_PLANNER,0,0,1,1,1,0,1,2,1,0,1,0.5,0.3333,0.5,0.0,1.0,55.83,0.844,1,0,0,1,YES,1,3,100.0
50,227,SOCIAL_EXPLORER,1,0,0,0,1,1,1,0,0,0,1,0.5,0.0,0.0,0.0,1.0,44.17,0.7547,1,1,40857,1,YES,1,3,100.0
47,539,SOCIAL_EXPLORER,1,2,2,0,0,0,1,0,0,0,1,0.3333,0.0,0.0,0.0,1.0,17.5,0.0,0,0,0,0,NO,0,0,0.0
74,242,SOCIAL_EXPLORER,0,0,1,1,1,0,1,2,2,0,1,0.3333,0.3333,1.0,0.0,1.0,57.5,0.7974,1,1,54375,0,YES,1,3,100.0
228,1007,BUDGET_CONSCIOUS,0,0,1,1,1,0,1,2,0,0,1,1.0,0.3333,0.0,0.0,1.0,60.83,0.8904,1,0,0,1,YES,1,3,100.0
653,37,BUDGET_CONSCIOUS,1,1,2,0,0,0,1,0,1,0,0,0.5,0.0,1.0,0.0,0.0,31.67,0.1957,0,0,0,0,NO,0,0,13.67
443,611,SPONTANEOUS_ADVENTURER,1,1,1,0,0,0,1,1,0,0,0,1.0,0.25,0.0,0.0,0.0,42.5,0.6514,1,0,0,1,YES,0,2,76.5
282,764,BUDGET_CONSCIOUS,0,0,2,1,1,0,1,3,0,1,1,1.0,1.0,0.0,1.0,1.0,78.33,0.8946,1,1,57606,1,YES,1,3,100.0
746,96,SOCIAL_EXPLORER,2,1,2,0,0,0,1,3,1,1,0,1.0,0.75,1.0,1.0,0.0,60.83,0.6354,0,0,0,1,YES,0,2,94.83
376,587,CAUTIOUS_INTROVERT,0,0,2,1,1,0,2,2,0,0,0,0.6667,0.3333,0.0,0.0,0.0,43.33,0.4251,1,1,23447,1,SAVE_ONLY,0,1,71.54
809,188,SELECTIVE_PLANNER,0,1,1,1,0,0,2,2,1,1,1,1.0,0.5,0.5,1.0,1.0,73.33,0.5763,1,1,36646,1,SAVE_ONLY,0,1,100.0
632,995,SPONTANEOUS_ADVENTURER,0,2,0,1,0,1,1,2,1,1,0,1.0,0.4,1.0,1.0,0.0,71.33,0.7948,1,1,51591,1,YES,1,3,100.0
308,128,CAUTIOUS_INTROVERT,0,0,0,1,1,1,1,2,1,0,1,1.0,0.5,0.5,0.0,1.0,75.0,0.8486,1,1,45430,1,SUPER_LIKE,1,3,100.0
509,590,SOCIAL_EXPLORER,1,0,0,0,1,1,1,0,0,0,0,1.0,0.0,0.0,0.0,0.0,49.17,0.7143,1,1,39634,1,YES,1,3,100.0
800,780,CAUTIOUS_INTROVERT,0,0,1,1,1,0,1,0,0,0,0,1.0,0.0,0.0,0.0,0.0,49.17,0.6389,1,1,38504,0,YES,0,2,92.65
48,223,BUDGET_CONSCIOUS,0,0,0,1,1,1,1,0,0,0,0,1.0,0.0,0.0,0.0,0.0,55.0,0.6755,1,1,38193,0,YES,0,2,98.37
806,363,CAUTIOUS_INTROVERT,1,0,2,0,1,0,1,2,1,0,0,0.5,0.2857,0.3333,0.0,0.0,36.55,0.3966,0,0,0,0,NO,0,0,18.55
683,592,BUDGET_CONSCIOUS,1,1,1,0,0,0,1,1,0,1,0,0.5,0.1667,0.0,1.0,0.0,40.83,0.4748,1,0,0,0,NO,0,0,22.83
194,254,SOCIAL_EXPLORER,2,1,1,0,0,0,1,2,0,0,0,1.0,0.6667,0.0,0.0,0.0,45.0,0.7731,1,1,44614,1,YES,1,3,100.0
593,108,SPONTANEOUS_ADVENTURER,1,0,0,0,1,1,1,1,1,0,0,0.5,0.1667,0.5,0.0,0.0,47.5,0.7436,1,1,50967,1,YES,1,3,100.0
951,772,SELECTIVE_PLANNER,1,0,1,0,1,0,1,0,0,0,0,1.0,0.0,0.0,0.0,0.0,43.33,0.7607,0,0,0,1,YES,1,3,100.0
998,30,BUDGET_CONSCIOUS,1,1,0,0,0,1,1,1,0,1,0,1.0,0.1429,0.0,1.0,0.0,56.19,0.6328,1,1,48008,0,YES,0,2,100.0
875,29,SOCIAL_EXPLORER,1,2,0,0,0,1,1,0,1,1,1,0.3333,0.0,1.0,1.0,1.0,49.17,0.6356,1,1,33408,1,YES,0,2,100.0
434,253,SELECTIVE_PLANNER,1,0,0,0,1,1,1,1,0,0,0,1.0,0.1667,0.0,0.0,0.0,52.5,0.8071,1,1,53706,1,YES,1,3,100.0
33,316,BUDGET_CONSCIOUS,0,1,1,1,0,0,1,1,1,0,1,1.0,0.2,1.0,0.0,1.0,62.33,0.6776,1,1,50054,1,YES,0,2,100.0
880,928,CAUTIOUS_INTROVERT,1,1,1,0,0,0,1,0,0,0,1,0.5,0.0,0.0,0.0,1.0,32.5,0.3994,1,1,23962,0,NO,0,1,30.89
609,432,BUDGET_CONSCIOUS,0,0,2,1,1,0,1,1,0,1,0,0.5,0.1667,0.0,1.0,0.0,46.67,0.6722,0,0,0,0,YES,0,2,68.67
835,951,SPONTANEOUS_ADVENTURER,0,2,0,1,0,1,1,1,1,0,1,1.0,0.1667,0.5,0.0,1.0,56.67,0.6357,1,1,42386,0,YES,0,2,100.0
267,401,SOCIAL_EXPLORER,0,1,1,1,0,0,1,1,1,1,1,0.5,0.3333,0.3333,1.0,1.0,58.33,0.6553,1,1,45778,1,YES,0,2,100.0
437,141,CAUTIOUS_INTROVERT,0,1,1,1,0,0,1,1,1,1,1,0.5,0.1429,1.0,1.0,1.0,61.19,0.4185,1,1,28374,0,NO,0,1,61.12
265,225,SOCIAL_EXPLORER,1,2,0,0,0,1,1,1,1,1,1,0.5,0.1667,1.0,1.0,1.0,55.83,0.6551,1,1,49630,0,YES,0,2,100.0
157,778,SELECTIVE_PLANNER,1,2,0,0,0,1,1,0,0,0,0,1.0,0.0,0.0,0.0,0.0,37.5,0.1971,1,1,16010,0,NO,0,0,33.1
453,85,SPONTANEOUS_ADVENTURER,0,0,0,1,1,1,1,0,0,0,0,0.5,0.0,0.0,0.0,0.0,45.0,0.6898,0,0,0,1,YES,0,2,79.0
237,441,BUDGET_CONSCIOUS,1,0,1,0,1,0,1,2,2,1,0,1.0,0.5,1.0,1.0,0.0,73.33,0.6379,1,1,47030,0,YES,0,2,100.0
19,365,SPONTANEOUS_ADVENTURER,2,1,0,0,0,1,1,2,2,1,1,1.0,0.5,1.0,1.0,1.0,72.5,1.0,1,1,60149,0,YES,1,3,100.0
839,287,CAUTIOUS_INTROVERT,1,1,1,0,0,0,1,4,1,1,1,0.5,1.0,0.5,1.0,1.0,67.5,0.8318,0,0,0,0,YES,1,3,100.0
659,937,SPONTANEOUS_ADVENTURER,1,1,1,0,0,0,1,0,1,0,0,0.5,0.0,0.5,0.0,0.0,32.5,0.4425,0,0,0,0,NO,0,0,14.5
738,239,BUDGET_CONSCIOUS,0,0,1,1,1,0,1,0,0,0,0,0.3333,0.0,0.0,0.0,0.0,35.83,0.5851,1,1,41095,0,NO,0,1,40.21
750,934,CAUTIOUS_INTROVERT,1,0,0,0,1,1,1,0,0,0,0,1.0,0.0,0.0,0.0,0.0,49.17,0.3658,1,1,24147,0,NO,0,1,47.62
964,702,CAUTIOUS_INTROVERT,1,1,2,0,0,0,2,1,0,0,0,1.0,0.1667,0.0,0.0,0.0,35.0,0.0022,0,0,0,0,NO,0,0,17.0
766,622,SPONTANEOUS_ADVENTURER,1,0,0,0,1,1,1,1,1,1,0,1.0,0.2,0.5,1.0,0.0,68.17,0.8626,0,0,0,0,SUPER_LIKE,1,3,100.0
867,789,BUDGET_CONSCIOUS,1,2,0,0,0,1,1,0,0,0,0,1.0,0.0,0.0,0.0,0.0,37.5,0.2889,0,0,0,0,NO,0,0,19.5
345,119,BUDGET_CONSCIOUS,2,0,1,0,1,0,1,1,1,0,0,0.5,0.25,1.0,0.0,0.0,42.5,0.1541,1,0,0,0,NO,0,0,24.5
686,302,PASSIVE_BROWSER,0,0,0,1,1,1,1,0,0,0,0,1.0,0.0,0.0,0.0,0.0,55.0,0.392,0,0,0,0,NO,0,0,37.0
668,914,SOCIAL_EXPLORER,0,1,2,1,0,0,1,1,0,0,0,0.5,0.125,0.0,0.0,0.0,30.0,0.2707,0,0,0,0,NO,0,0,12.0
697,728,CAUTIOUS_INTROVERT,1,1,0,0,0,1,1,1,0,0,0,0.5,0.1429,0.0,0.0,0.0,36.19,0.5117,1,0,0,0,NO,0,0,18.19
580,275,CAUTIOUS_INTROVERT,1,1,2,0,0,0,1,0,0,0,0,1.0,0.0,0.0,0.0,0.0,31.67,0.0,0,0,0,0,NO,0,0,13.67
343,338,SOCIAL_EXPLORER,1,1,1,0,0,0,1,1,1,0,0,0.5,0.1667,1.0,0.0,0.0,40.83,0.7459,1,0,0,1,YES,1,3,100.0
647,1010,SOCIAL_EXPLORER,1,1,0,0,0,1,1,2,1,0,1,1.0,0.5,0.5,0.0,1.0,63.33,0.9368,1,1,54096,1,SUPER_LIKE,1,3,100.0
914,685,CAUTIOUS_INTROVERT,1,0,0,0,1,1,1,1,0,0,0,0.3333,0.1667,0.0,0.0,0.0,39.17,0.3251,0,0,0,0,NO,0,0,21.17
761,58,SOCIAL_EXPLORER,0,0,2,1,1,0,1,2,2,1,1,0.5,0.4,1.0,1.0,1.0,66.33,0.6938,1,0,0,0,YES,0,2,88.33
686,100,SOCIAL_EXPLORER,1,1,1,0,0,0,1,0,0,0,0,1.0,0.0,0.0,0.0,0.0,37.5,0.6308,1,1,34454,0,YES,0,2,79.56
923,856,SOCIAL_EXPLORER,2,1,1,0,0,0,1,0,0,1,1,1.0,0.0,0.0,1.0,1.0,46.67,0.6816,1,1,50360,0,YES,0,2,94.3
93,427,CAUTIOUS_INTROVERT,1,0,0,0,1,1,1,2,2,1,1,1.0,0.6667,1.0,1.0,1.0,87.5,0.9022,1,0,0,0,SUPER_LIKE,1,3,100.0
668,487,SOCIAL_EXPLORER,1,0,1,0,1,0,1,3,1,1,1,0.5,0.6,1.0,1.0,1.0,70.33,0.969,1,1,54786,0,YES,1,3,100.0
323,783,SOCIAL_EXPLORER,1,1,1,0,0,0,1,1,0,0,0,0.5,0.25,0.0,0.0,0.0,32.5,0.661,1,1,48908,1,YES,0,2,91.62
788,953,SPONTANEOUS_ADVENTURER,1,0,0,0,1,1,1,1,1,0,0,1.0,0.25,0.3333,0.0,0.0,57.5,0.7228,1,1,48213,0,YES,1,3,100.0
766,297,SPONTANEOUS_ADVENTURER,2,1,1,0,0,0,1,0,1,1,0,1.0,0.0,0.5,1.0,0.0,46.67,0.6018,0,0,0,1,SAVE_ONLY,0,1,58.67
172,532,SOCIAL_EXPLORER,1,1,1,0,0,0,1,0,0,0,0,0.5,0.0,0.0,0.0,0.0,27.5,0.4288,1,1,32375,1,SAVE_ONLY,0,1,58.83
568,664,CAUTIOUS_INTROVERT,0,0,1,1,1,0,1,2,1,1,1,0.5,0.3333,0.5,1.0,1.0,65.83,0.8412,1,1,54837,0,SUPER_LIKE,1,3,100.0
115,186,SELECTIVE_PLANNER,1,0,1,0,1,0,1,0,0,0,0,1.0,0.0,0.0,0.0,0.0,43.33,0.5609,0,0,0,1,SAVE_ONLY,0,1,55.33
112,916,CAUTIOUS_INTROVERT,1,2,1,0,0,0,2,2,1,0,1,1.0,0.4,0.5,0.0,1.0,49.67,0.757,1,1,39945,1,YES,1,3,100.0
718,912,BUDGET_CONSCIOUS,1,0,0,0,1,1,1,0,0,0,0,0.5,0.0,0.0,0.0,0.0,39.17,0.4383,0,0,0,1,SAVE_ONLY,0,1,51.17
273,238,SOCIAL_EXPLORER,1,0,0,0,1,1,1,1,1,0,0,1.0,0.2,1.0,0.0,0.0,63.17,0.7687,1,0,0,0,YES,1,3,100.0
715,217,SOCIAL_EXPLORER,1,2,1,0,0,0,1,0,0,0,0,0.5,0.0,0.0,0.0,0.0,21.67,0.4244,0,0,0,0,NO,0,0,3.67
737,206,SOCIAL_EXPLORER,0,0,0,1,1,1,1,0,0,0,0,0.5,0.0,0.0,0.0,0.0,45.0,0.6562,1,0,0,0,YES,0,2,67.0
811,467,SOCIAL_EXPLORER,1,0,0,0,1,1,1,0,0,0,0,0.5,0.0,0.0,0.0,0.0,39.17,0.7254,1,0,0,1,YES,1,3,100.0
405,138,SOCIAL_EXPLORER,2,1,1,0,0,0,1,1,0,1,0,0.5,0.25,0.0,1.0,0.0,36.67,0.6588,1,0,0,0,YES,0,2,58.67
645,284,SPONTANEOUS_ADVENTURER,1,1,1,0,0,0,1,0,0,0,0,1.0,0.0,0.0,0.0,0.0,37.5,0.4209,1,1,31356,0,NO,0,1,38.47
818,865,BUDGET_CONSCIOUS,0,1,0,1,0,1,1,2,1,1,1,0.3333,0.5,1.0,1.0,1.0,70.83,0.8336,1,1,55771,1,SUPER_LIKE,1,3,100.0
636,449,SPONTANEOUS_ADVENTURER,0,1,0,1,0,1,1,0,0,0,0,0.3333,0.0,0.0,0.0,0.0,35.83,0.6869,1,0,0,0,YES,0,2,57.83
531,104,CAUTIOUS_INTROVERT,0,1,2,1,0,0,1,1,1,1,1,0.5,0.1667,1.0,1.0,1.0,55.83,0.5025,1,1,33352,0,NO,0,1,57.5
651,624,SELECTIVE_PLANNER,1,1,1,0,0,0,1,1,0,0,0,0.5,0.1667,0.0,0.0,0.0,30.83,0.0,0,0,0,0,NO,0,0,12.83
548,678,CAUTIOUS_INTROVERT,1,1,0,0,0,1,1,0,0,0,0,0.5,0.0,0.0,0.0,0.0,33.33,0.3312,0,0,0,0,NO,0,0,15.33
300,722,SOCIAL_EXPLORER,0,1,0,1,0,1,1,1,0,0,1,1.0,0.25,0.0,0.0,1.0,59.17,0.7093,0,0,0,1,YES,1,3,100.0
963,580,SOCIAL_EXPLORER,0,1,2,1,0,0,1,0,0,0,1,0.3333,0.0,0.0,0.0,1.0,29.17,0.096,0,0,0,0,NO,0,0,11.17
549,640,BUDGET_CONSCIOUS,0,2,0,1,0,1,1,0,1,1,0,0.5,0.0,1.0,1.0,0.0,53.33,0.6607,1,0,0,1,YES,0,2,87.33
759,61,CAUTIOUS_INTROVERT,0,1,1,1,0,0,1,0,0,0,0,0.3333,0.0,0.0,0.0,0.0,30.0,0.2825,0,0,0,0,NO,0,0,12.0
959,85,SOCIAL_EXPLORER,1,1,0,0,0,1,1,2,2,1,1,0.3333,0.5,1.0,1.0,1.0,65.0,0.9782,1,1,61405,1,SUPER_LIKE,1,3,100.0
156,545,SOCIAL_EXPLORER,1,1,2,0,0,0,1,0,0,0,0,0.5,0.0,0.0,0.0,0.0,21.67,0.0708,0,0,0,0,NO,0,0,3.67
194,444,SOCIAL_EXPLORER,1,0,1,0,1,0,1,0,0,0,1,1.0,0.0,0.0,0.0,1.0,48.33,0.7685,1,1,54399,0,YES,1,3,100.0
969,411,CAUTIOUS_INTROVERT,1,1,2,0,0,0,1,1,1,0,1,0.25,0.1667,0.5,0.0,1.0,30.0,0.0,0,0,0,0,NO,0,0,12.0
343,320,SOCIAL_EXPLORER,1,2,1,0,0,0,1,1,0,0,0,0.5,0.1429,0.0,0.0,0.0,24.52,0.5001,1,1,39961,0,NO,0,1,28.51
65,534,SOCIAL_EXPLORER,1,1,0,0,0,1,1,0,0,0,0,0.5,0.0,0.0,0.0,0.0,33.33,0.4709,1,0,0,1,SAVE_ONLY,0,1,45.33
829,770,SOCIAL_EXPLORER,0,2,2,1,0,0,1,1,0,0,1,1.0,0.25,0.0,0.0,1.0,41.67,0.5116,1,0,0,0,NO,0,0,23.67
546,939,CAUTIOUS_INTROVERT,1,1,1,0,0,0,1,0,0,0,0,1.0,0.0,0.0,0.0,0.0,37.5,0.5217,0,0,0,1,SAVE_ONLY,0,1,49.5
847,710,SOCIAL_EXPLORER,1,1,0,0,0,1,1,0,0,0,0,0.5,0.0,0.0,0.0,0.0,33.33,0.4044,1,0,0,0,NO,0,0,15.33
487,327,SPONTANEOUS_ADVENTURER,1,0,0,0,1,1,1,1,0,1,0,0.3333,0.2,0.0,1.0,0.0,49.83,0.9031,1,1,51242,1,SUPER_LIKE,1,3,100.0
48,540,BUDGET_CONSCIOUS,0,1,1,1,0,0,1,0,0,0,0,1.0,0.0,0.0,0.0,0.0,43.33,0.6735,0,0,0,0,YES,0,2,65.33
19,556,SPONTANEOUS_ADVENTURER,2,1,0,0,0,1,1,0,0,1,1,1.0,0.0,0.0,1.0,1.0,52.5,0.6541,1,0,0,0,YES,0,2,74.5
247,330,SOCIAL_EXPLORER,0,2,1,1,0,0,1,0,1,0,0,0.5,0.0,1.0,0.0,0.0,37.5,0.6917,1,1,43819,1,YES,0,2,94.84
113,271,CAUTIOUS_INTROVERT,1,0,1,0,1,0,2,1,1,1,0,1.0,0.1667,0.5,1.0,0.0,61.67,0.735,1,1,45482,1,YES,1,3,100.0
671,20,BUDGET_CONSCIOUS,0,1,0,1,0,1,1,0,1,0,0,0.3333,0.0,1.0,0.0,0.0,45.83,0.6204,1,0,0,0,YES,0,2,67.83
352,913,SOCIAL_EXPLORER,1,1,0,0,0,1,1,1,1,0,0,0.3333,0.1667,1.0,0.0,0.0,43.33,0.4959,0,0,0,1,SAVE_ONLY,0,1,55.33
75,322,BUDGET_CONSCIOUS,0,1,1,1,0,0,1,1,1,1,0,1.0,0.25,0.5,1.0,0.0,63.33,0.759,1,1,46309,1,YES,1,3,100.0
278,573,BUDGET_CONSCIOUS,1,2,1,0,0,0,1,1,0,0,0,0.5,0.1667,0.0,0.0,0.0,25.0,0.388,0,0,0,0,NO,0,0,7.0
601,67,SELECTIVE_PLANNER,1,0,1,0,1,0,1,0,0,0,0,0.5,0.0,0.0,0.0,0.0,33.33,0.5202,0,0,0,0,NO,0,0,15.33
924,288,SELECTIVE_PLANNER,1,1,1,0,0,0,1,1,1,0,1,1.0,0.2,1.0,0.0,1.0,56.5,0.2587,1,0,0,0,NO,0,0,38.5
486,375,SPONTANEOUS_ADVENTURER,0,2,1,1,0,0,1,1,0,1,1,0.5,0.1429,0.0,1.0,1.0,45.36,0.4835,1,1,26865,0,NO,0,1,44.76
623,750,SOCIAL_EXPLORER,1,1,2,0,0,0,1,3,1,1,1,0.3333,0.75,1.0,1.0,1.0,58.33,0.6563,1,1,41792,0,YES,0,2,100.0
912,770,SOCIAL_EXPLORER,0,0,2,1,1,0,1,0,0,1,0,1.0,0.0,0.0,1.0,0.0,53.33,0.5154,0,0,0,0,NO,0,0,35.33
679,919,CAUTIOUS_INTROVERT,0,2,2,1,0,0,1,0,0,0,0,0.3333,0.0,0.0,0.0,0.0,18.33,0.0,1,0,0,0,NO,0,0,0.33
657,44,BUDGET_CONSCIOUS,0,2,2,1,0,0,1,1,1,0,1,1.0,0.2,0.5,0.0,1.0,45.67,0.4752,1,1,35233,0,NO,0,1,48.0
890,123,SPONTANEOUS_ADVENTURER,1,1,0,0,0,1,1,2,2,1,0,0.5,0.5,1.0,1.0,0.0,63.33,0.9055,1,1,63656,1,SUPER_LIKE,1,3,100.0
96,133,BUDGET_CONSCIOUS,0,0,0,1,1,1,1,1,1,1,0,1.0,0.1429,0.5,1.0,0.0,72.86,0.7796,0,0,0,0,YES,1,3,100.0
1000,719,SOCIAL_EXPLORER,0,0,1,1,1,0,1,0,0,0,0,0.3333,0.0,0.0,0.0,0.0,35.83,0.4183,0,0,0,0,NO,0,0,17.83
112,319,CAUTIOUS_INTROVERT,0,0,2,1,1,0,1,2,0,0,1,0.5,0.3333,0.0,0.0,1.0,45.0,0.3931,0,0,0,0,NO,0,0,27.0
858,886,SOCIAL_EXPLORER,0,0,2,1,1,0,1,0,0,0,0,0.3333,0.0,0.0,0.0,0.0,30.0,0.2562,0,0,0,0,NO,0,0,12.0
348,400,SOCIAL_EXPLORER,0,1,2,1,0,0,1,1,0,0,0,1.0,0.3333,0.0,0.0,0.0,44.17,0.2759,0,0,0,0,NO,0,0,26.17
53,754,CAUTIOUS_INTROVERT,1,0,0,0,1,1,1,1,1,0,1,0.3333,0.25,0.5,0.0,1.0,50.83,0.5718,1,0,0,0,NO,0,0,32.83
174,622,SELECTIVE_PLANNER,0,2,0,1,0,1,1,1,1,0,0,0.5,0.25,1.0,0.0,0.0,48.33,0.2522,1,0,0,0,NO,0,0,30.33
42,782,CAUTIOUS_INTROVERT,1,0,0,0,1,1,1,0,1,0,1,0.5,0.0,0.5,0.0,1.0,49.17,0.4689,1,1,31337,1,SAVE_ONLY,0,1,80.14
395,560,SPONTANEOUS_ADVENTURER,0,0,0,1,1,1,1,2,1,0,1,0.5,0.2857,1.0,0.0,1.0,65.71,0.9201,1,1,58175,0,YES,1,3,100.0
747,551,BUDGET_CONSCIOUS,2,1,0,0,0,1,1,0,0,0,0,0.5,0.0,0.0,0.0,0.0,27.5,0.0,1,0,0,0,NO,0,0,9.5
537,545,SPONTANEOUS_ADVENTURER,1,1,1,0,0,0,1,0,0,0,0,0.5,0.0,0.0,0.0,0.0,27.5,0.4276,1,1,34290,1,SAVE_ONLY,0,1,59.5
937,335,SOCIAL_EXPLORER,1,2,1,0,0,0,1,1,1,0,0,0.5,0.2,0.5,0.0,0.0,30.67,0.4849,1,1,34648,0,NO,0,1,32.8
63,271,CAUTIOUS_INTROVERT,2,1,0,0,0,1,1,3,1,1,1,0.5,0.5,0.5,1.0,1.0,57.5,0.8244,0,0,0,0,YES,1,3,100.0
511,991,SOCIAL_EXPLORER,1,0,1,0,1,0,1,3,0,0,1,0.3333,0.6,0.0,0.0,1.0,47.0,0.6934,1,1,50649,1,YES,0,2,100.0
753,232,SELECTIVE_PLANNER,0,2,1,1,0,0,1,1,1,0,0,1.0,0.1667,1.0,0.0,0.0,50.83,0.4525,1,1,38764,0,NO,0,1,54.4
149,779,CAUTIOUS_INTROVERT,0,0,0,1,1,1,1,1,0,0,1,1.0,0.1667,0.0,0.0,1.0,63.33,0.7116,1,1,51859,1,YES,1,3,100.0
467,947,BUDGET_CONSCIOUS,2,2,1,0,0,0,1,0,0,0,0,1.0,0.0,0.0,0.0,0.0,25.83,0.0,0,0,0,0,NO,0,0,7.83
651,305,SELECTIVE_PLANNER,1,1,1,0,0,0,1,0,1,0,0,0.5,0.0,1.0,0.0,0.0,37.5,0.2289,1,0,0,0,NO,0,0,19.5
710,429,SOCIAL_EXPLORER,0,2,1,1,0,0,1,2,1,0,1,1.0,1.0,1.0,0.0,1.0,72.5,0.8337,1,0,0,1,SUPER_LIKE,1,3,100.0
829,1013,SOCIAL_EXPLORER,0,0,2,1,1,0,1,1,1,0,0,0.5,0.2,1.0,0.0,0.0,47.33,0.2817,1,1,25544,0,NO,0,1,46.27
793,145,BUDGET_CONSCIOUS,0,1,1,1,0,0,1,1,0,0,1,0.3333,0.1429,0.0,0.0,1.0,37.86,0.649,1,0,0,1,YES,0,2,71.86
470,917,SELECTIVE_PLANNER,1,0,1,0,1,0,1,1,1,0,1,1.0,0.25,0.5,0.0,1.0,58.33,0.8479,1,0,0,0,SUPER_LIKE,1,3,100.0
983,883,BUDGET_CONSCIOUS,1,0,1,0,1,0,1,1,1,1,0,1.0,0.1429,1.0,1.0,0.0,66.19,0.6946,1,1,44422,0,YES,0,2,100.0
393,157,CAUTIOUS_INTROVERT,0,0,1,1,1,0,1,0,0,0,0,1.0,0.0,0.0,0.0,0.0,49.17,0.4217,0,0,0,1,SAVE_ONLY,0,1,61.17
332,1015,SOCIAL_EXPLORER,1,0,2,0,1,0,1,1,1,0,1,0.5,0.3333,0.5,0.0,1.0,44.17,0.3179,0,0,0,0,NO,0,0,26.17
464,292,CAUTIOUS_INTROVERT,1,1,0,0,0,1,1,0,0,0,0,1.0,0.0,0.0,0.0,0.0,43.33,0.425,1,0,0,1,SAVE_ONLY,0,1,55.33
195,747,BUDGET_CONSCIOUS,0,1,1,1,0,0,1,0,1,0,0,1.0,0.0,1.0,0.0,0.0,53.33,0.559,1,0,0,1,SAVE_ONLY,0,1,65.33
937,722,SOCIAL_EXPLORER,1,1,0,0,0,1,1,0,0,0,0,0.5,0.0,0.0,0.0,0.0,33.33,0.6647,1,1,35500,0,YES,0,2,75.75
128,570,CAUTIOUS_INTROVERT,1,2,1,0,0,0,1,3,1,1,1,0.5,1.0,0.5,1.0,1.0,61.67,0.8332,1,1,47905,0,SUPER_LIKE,1,3,100.0
319,891,SOCIAL_EXPLORER,1,0,1,0,1,0,1,0,0,0,0,1.0,0.0,0.0,0.0,0.0,43.33,0.6684,1,0,0,0,YES,0,2,65.33
40,139,BUDGET_CONSCIOUS,1,1,0,0,0,1,1,1,1,0,0,0.5,0.3333,1.0,0.0,0.0,50.0,0.484,1,1,34164,0,NO,0,1,51.96
843,606,SOCIAL_EXPLORER,0,0,0,1,1,1,1,1,1,0,0,0.5,0.1667,0.5,0.0,0.0,53.33,0.7298,0,0,0,1,YES,1,3,100.0
170,941,SOCIAL_EXPLORER,1,2,0,0,0,1,1,2,0,1,1,1.0,0.2857,0.0,1.0,1.0,58.21,0.8218,1,1,57531,0,YES,1,3,100.0
193,838,SOCIAL_EXPLORER,1,0,0,0,1,1,1,0,0,0,0,0.5,0.0,0.0,0.0,0.0,39.17,0.4524,1,1,23505,0,NO,0,1,37.4
687,278,BUDGET_CONSCIOUS,0,1,1,1,0,0,1,2,0,0,0,0.3333,0.4,0.0,0.0,0.0,38.0,0.4599,1,1,27040,1,SAVE_ONLY,0,1,67.46
635,634,BUDGET_CONSCIOUS,1,2,0,0,0,1,2,1,1,0,0,0.6667,0.2,0.5,0.0,0.0,39.83,0.53,1,1,36627,1,SAVE_ONLY,0,1,72.65
868,247,BUDGET_CONSCIOUS,1,0,1,0,1,0,1,1,1,0,0,0.5,0.1429,0.5,0.0,0.0,41.19,0.442,1,1,26853,0,NO,0,1,40.59
757,373,SOCIAL_EXPLORER,1,1,0,0,0,1,1,0,0,0,0,0.5,0.0,0.0,0.0,0.0,33.33,0.6154,0,0,0,0,NO,0,0,15.33
621,544,PASSIVE_BROWSER,1,1,0,0,0,1,1,1,0,0,0,0.5,0.1667,0.0,0.0,0.0,36.67,0.1066,1,0,0,0,NO,0,0,18.67
191,971,BUDGET_CONSCIOUS,0,0,0,1,1,1,1,0,0,0,0,1.0,0.0,0.0,0.0,0.0,55.0,0.8313,0,0,0,0,YES,1,3,100.0
517,486,SPONTANEOUS_ADVENTURER,0,0,0,1,1,1,1,2,1,1,0,0.5,0.2857,1.0,1.0,0.0,70.71,0.9781,1,1,56079,0,YES,1,3,100.0
570,220,BUDGET_CONSCIOUS,0,0,1,1,1,0,1,1,0,0,0,0.25,0.1667,0.0,0.0,0.0,37.5,0.6554,1,1,44696,1,YES,0,2,95.14
51,494,BUDGET_CONSCIOUS,1,0,1,0,1,0,1,0,0,0,0,1.0,0.0,0.0,0.0,0.0,43.33,0.3888,1,0,0,0,NO,0,0,25.33
884,241,CAUTIOUS_INTROVERT,1,2,0,0,0,1,1,1,0,0,0,1.0,0.25,0.0,0.0,0.0,42.5,0.3592,0,0,0,0,NO,0,0,24.5
99,556,BUDGET_CONSCIOUS,0,1,1,1,0,0,1,0,0,0,1,1.0,0.0,0.0,0.0,1.0,48.33,0.7095,0,0,0,0,YES,1,3,100.0
685,58,CAUTIOUS_INTROVERT,0,1,0,1,0,1,1,1,1,0,0,0.5,0.1667,0.5,0.0,0.0,47.5,0.4977,1,0,0,1,SAVE_ONLY,0,1,59.5
498,525,SOCIAL_EXPLORER,0,0,2,1,1,0,1,1,0,0,0,0.5,0.2,0.0,0.0,0.0,37.33,0.4453,1,1,25300,1,SAVE_ONLY,0,1,66.19
519,460,SOCIAL_EXPLORER,1,0,1,0,1,0,1,0,1,1,0,1.0,0.0,0.3333,1.0,0.0,56.67,0.7894,1,1,55569,1,YES,1,3,100.0
944,751,CAUTIOUS_INTROVERT,0,1,0,1,0,1,1,1,1,0,1,1.0,0.1667,1.0,0.0,1.0,67.5,0.6867,0,0,0,1,YES,0,2,100.0
687,64,BUDGET_CONSCIOUS,1,1,2,0,0,0,1,3,1,1,1,0.3333,0.75,1.0,1.0,1.0,58.33,0.5889,0,0,0,0,NO,0,0,40.33
425,135,SOCIAL_EXPLORER,0,1,0,1,0,1,1,0,1,0,0,1.0,0.0,0.5,0.0,0.0,54.17,0.7495,1,0,0,1,YES,1,3,100.0
335,393,SPONTANEOUS_ADVENTURER,0,2,1,1,0,0,1,2,1,0,1,1.0,0.4,0.5,0.0,1.0,55.5,0.6785,1,1,36677,0,YES,0,2,98.34
580,251,CAUTIOUS_INTROVERT,1,0,2,0,1,0,1,2,1,0,0,1.0,0.6667,1.0,0.0,0.0,60.83,0.646,0,0,0,1,YES,0,2,94.83
123,692,BUDGET_CONSCIOUS,0,1,0,1,0,1,1,1,0,0,0,1.0,0.2,0.0,0.0,0.0,53.17,0.7266,1,0,0,0,YES,1,3,100.0
904,295,BUDGET_CONSCIOUS,0,0,1,1,1,0,1,2,0,1,1,1.0,0.5,0.0,1.0,1.0,74.17,0.9746,1,1,66041,0,YES,1,3,100.0
965,565,CAUTIOUS_INTROVERT,0,0,1,1,1,0,1,0,0,0,0,0.5,0.0,0.0,0.0,0.0,39.17,0.3768,0,0,0,0,NO,0,0,21.17
400,940,CAUTIOUS_INTROVERT,0,1,1,1,0,0,1,2,1,1,1,0.5,0.5,1.0,1.0,1.0,68.33,0.8986,1,0,0,0,YES,1,3,100.0
410,989,BUDGET_CONSCIOUS,0,1,0,1,0,1,1,1,1,0,0,1.0,0.1667,0.5,0.0,0.0,57.5,0.6885,1,0,0,1,YES,0,2,91.5
164,437,BUDGET_CONSCIOUS,1,1,1,0,0,0,1,1,0,0,0,0.3333,0.1429,0.0,0.0,0.0,27.02,0.3201,1,1,29349,0,NO,0,1,27.29
151,311,BUDGET_CONSCIOUS,1,2,1,0,0,0,1,1,1,1,1,0.5,0.1667,0.3333,1.0,1.0,43.33,0.4838,1,1,32437,0,NO,0,1,44.68
1008,162,BUDGET_CONSCIOUS,1,0,0,0,1,1,1,0,0,0,0,0.5,0.0,0.0,0.0,0.0,39.17,0.5071,0,0,0,1,SAVE_ONLY,0,1,51.17
791,546,BUDGET_CONSCIOUS,1,0,1,0,1,0,1,0,0,0,0,1.0,0.0,0.0,0.0,0.0,43.33,0.551,1,1,42977,1,SAVE_ONLY,0,1,78.37
897,275,CAUTIOUS_INTROVERT,1,0,2,0,1,0,1,1,0,0,0,1.0,0.2,0.0,0.0,0.0,41.5,0.2314,1,0,0,0,NO,0,0,23.5
513,224,CAUTIOUS_INTROVERT,2,1,2,0,0,0,1,3,0,1,0,0.5,0.6,0.0,1.0,0.0,37.83,0.3144,0,0,0,0,NO,0,0,19.83
736,348,SOCIAL_EXPLORER,0,0,0,1,1,1,1,1,0,0,0,0.5,0.1667,0.0,0.0,0.0,48.33,0.5636,0,0,0,1,SAVE_ONLY,0,1,60.33
537,526,SPONTANEOUS_ADVENTURER,1,1,0,0,0,1,1,2,1,0,1,0.5,0.5,0.3333,0.0,1.0,51.67,0.6787,1,1,42700,0,YES,0,2,96.62
562,326,SOCIAL_EXPLORER,0,1,1,1,0,0,1,0,0,0,0,1.0,0.0,0.0,0.0,0.0,43.33,0.7686,1,0,0,0,YES,1,3,95.33
828,545,BUDGET_CONSCIOUS,2,1,1,0,0,0,1,0,1,0,0,0.5,0.0,1.0,0.0,0.0,31.67,0.0443,0,0,0,0,NO,0,0,13.67
945,785,SELECTIVE_PLANNER,1,0,1,0,1,0,1,1,0,0,0,0.3333,0.1667,0.0,0.0,0.0,33.33,0.6602,1,1,36709,0,YES,0,2,76.18
434,381,CAUTIOUS_INTROVERT,1,0,0,0,1,1,1,0,1,0,0,1.0,0.0,0.5,0.0,0.0,54.17,0.5223,0,0,0,1,SAVE_ONLY,0,1,66.17
306,884,SOCIAL_EXPLORER,1,0,2,0,1,0,1,2,0,0,0,1.0,0.3333,0.0,0.0,0.0,44.17,0.397,0,0,0,0,NO,0,0,26.17
778,148,SPONTANEOUS_ADVENTURER,1,1,0,0,0,1,1,0,0,0,0,1.0,0.0,0.0,0.0,0.0,43.33,0.6879,0,0,0,1,YES,0,2,77.33
547,183,SOCIAL_EXPLORER,0,2,2,1,0,0,1,1,1,0,1,0.5,0.2,1.0,0.0,1.0,40.67,0.4938,1,1,37010,1,SAVE_ONLY,0,1,73.62
752,590,BUDGET_CONSCIOUS,1,1,1,0,0,0,1,1,1,1,0,0.5,0.1667,0.5,1.0,0.0,45.83,0.5962,0,0,0,1,SAVE_ONLY,0,1,57.83
715,878,SOCIAL_EXPLORER,1,0,1,0,1,0,1,1,0,0,0,0.5,0.125,0.0,0.0,0.0,35.83,0.6381,1,0,0,0,YES,0,2,57.83
289,44,BUDGET_CONSCIOUS,0,1,1,1,0,0,1,2,2,1,1,1.0,0.4,1.0,1.0,1.0,76.33,0.8948,1,0,0,1,YES,1,3,100.0
65,612,SOCIAL_EXPLORER,2,0,1,0,1,0,1,1,1,0,0,1.0,0.2,1.0,0.0,0.0,51.5,0.7468,1,0,0,1,YES,1,3,100.0
267,696,SOCIAL_EXPLORER,1,2,0,0,0,1,1,1,0,1,0,1.0,0.2,0.0,1.0,0.0,51.5,0.7783,1,1,50000,0,YES,1,3,100.0
641,774,SPONTANEOUS_ADVENTURER,1,1,1,0,0,0,1,0,0,0,0,0.5,0.0,0.0,0.0,0.0,27.5,0.39,1,1,21045,0,NO,0,1,24.87
664,692,SOCIAL_EXPLORER,1,0,0,0,1,1,1,0,0,0,0,0.5,0.0,0.0,0.0,0.0,39.17,0.6715,1,1,44882,1,YES,0,2,96.88
995,65,SELECTIVE_PLANNER,0,1,1,1,0,0,1,1,0,0,0,1.0,0.2,0.0,0.0,0.0,47.33,0.2478,0,0,0,0,NO,0,0,29.33
227,433,SOCIAL_EXPLORER,1,1,1,0,0,0,1,0,0,0,0,0.5,0.0,0.0,0.0,0.0,27.5,0.6224,1,0,0,0,YES,0,2,49.5
226,1010,SPONTANEOUS_ADVENTURER,1,0,1,0,1,0,1,0,0,1,0,1.0,0.0,0.0,1.0,0.0,53.33,0.7569,1,1,44502,1,YES,1,3,100.0
69,199,SOCIAL_EXPLORER,1,2,1,0,0,0,1,0,0,0,0,0.5,0.0,0.0,0.0,0.0,21.67,0.4866,0,0,0,1,SAVE_ONLY,0,1,33.67
822,655,SOCIAL_EXPLORER,1,0,0,0,1,1,1,0,1,0,0,1.0,0.0,1.0,0.0,0.0,59.17,0.8107,1,1,56652,1,YES,1,3,100.0
873,977,SOCIAL_EXPLORER,1,2,1,0,0,0,1,1,1,0,0,0.5,0.2,0.5,0.0,0.0,30.67,0.3663,0,0,0,0,NO,0,0,12.67
819,687,BUDGET_CONSCIOUS,0,0,0,1,1,1,2,2,1,1,0,0.6667,0.6667,1.0,1.0,0.0,81.67,0.9461,1,1,56801,0,YES,1,3,100.0
982,499,BUDGET_CONSCIOUS,1,0,1,0,1,0,1,0,1,0,1,0.25,0.0,1.0,0.0,1.0,43.33,0.5101,1,1,28879,0,NO,0,1,43.44
343,826,SOCIAL_EXPLORER,1,0,0,0,1,1,1,1,1,0,0,1.0,0.2,1.0,0.0,0.0,63.17,0.9504,1,1,51813,1,SUPER_LIKE,1,3,100.0
457,892,SOCIAL_EXPLORER,1,1,1,0,0,0,1,0,0,0,0,1.0,0.0,0.0,0.0,0.0,37.5,0.563,1,1,44796,0,NO,0,1,43.18
494,943,SOCIAL_EXPLORER,0,1,1,1,0,0,1,0,0,0,1,1.0,0.0,0.0,0.0,1.0,48.33,0.6301,1,1,42767,0,YES,0,2,93.3
187,433,SELECTIVE_PLANNER,1,0,0,0,1,1,1,0,0,0,0,0.5,0.0,0.0,0.0,0.0,39.17,0.6856,1,0,0,0,YES,0,2,61.17
428,75,CAUTIOUS_INTROVERT,1,1,1,0,0,0,1,2,1,1,0,0.5,0.6667,0.5,1.0,0.0,55.83,0.7551,1,0,0,0,YES,1,3,100.0
922,167,SOCIAL_EXPLORER,1,2,2,0,0,0,1,0,1,0,0,0.5,0.0,0.3333,0.0,0.0,19.17,0.0966,0,0,0,0,NO,0,0,1.17
202,739,SOCIAL_EXPLORER,2,1,1,0,0,0,1,1,1,1,0,0.5,0.25,0.5,1.0,0.0,41.67,0.4929,1,0,0,0,NO,0,0,23.67
893,326,SOCIAL_EXPLORER,0,1,1,1,0,0,1,0,0,0,0,0.5,0.0,0.0,0.0,0.0,33.33,0.466,1,1,35674,0,NO,0,1,35.82
985,330,SOCIAL_EXPLORER,0,2,1,1,0,0,1,2,1,1,1,0.5,0.4,1.0,1.0,1.0,60.5,0.8732,1,1,52211,1,YES,1,3,100.0
948,612,SPONTANEOUS_ADVENTURER,2,1,0,0,0,1,1,0,0,1,0,0.3333,0.0,0.0,1.0,0.0,34.17,0.6473,1,1,46294,0,YES,0,2,80.37
129,221,SOCIAL_EXPLORER,1,1,0,0,0,1,1,1,1,0,0,1.0,0.3333,1.0,0.0,0.0,60.0,0.6987,1,0,0,0,YES,0,2,82.0
256,44,BUDGET_CONSCIOUS,1,1,1,0,0,0,1,0,1,0,0,1.0,0.0,0.5,0.0,0.0,42.5,0.4798,0,0,0,0,NO,0,0,24.5
741,160,SOCIAL_EXPLORER,1,2,0,0,0,1,1,0,0,0,1,0.25,0.0,0.0,0.0,1.0,27.5,0.3659,1,0,0,0,NO,0,0,9.5
939,112,SELECTIVE_PLANNER,1,1,1,0,0,0,1,1,0,0,1,0.5,0.2,0.0,0.0,1.0,36.5,0.1162,0,0,0,0,NO,0,0,18.5
572,203,CAUTIOUS_INTROVERT,1,2,2,0,0,0,1,0,0,0,0,1.0,0.0,0.0,0.0,0.0,25.83,0.0,0,0,0,0,NO,0,0,7.83
470,974,SELECTIVE_PLANNER,0,1,1,1,0,0,1,0,0,1,0,0.5,0.0,0.0,1.0,0.0,43.33,0.0865,0,0,0,0,NO,0,0,25.33
413,182,SOCIAL_EXPLORER,0,0,1,1,1,0,1,1,0,1,1,0.5,0.1429,0.0,1.0,1.0,57.02,0.626,1,0,0,1,YES,0,2,91.02
284,993,SOCIAL_EXPLORER,0,1,0,1,0,1,1,4,1,1,1,1.0,0.8,0.3333,1.0,1.0,83.5,1.0,1,1,56354,0,SUPER_LIKE,1,3,100.0
385,709,BUDGET_CONSCIOUS,0,1,0,1,0,1,1,0,0,0,0,0.5,0.0,0.0,0.0,0.0,39.17,0.6514,1,1,40180,1,YES,0,2,95.23
535,989,BUDGET_CONSCIOUS,0,0,0,1,1,1,1,2,0,0,1,0.5,0.3333,0.0,0.0,1.0,56.67,0.866,1,1,57160,0,SUPER_LIKE,1,3,100.0
341,313,CAUTIOUS_INTROVERT,1,1,1,0,0,0,1,0,0,0,0,0.5,0.0,0.0,0.0,0.0,27.5,0.3431,0,0,0,0,NO,0,0,9.5
557,35,SELECTIVE_PLANNER,1,1,1,0,0,0,1,1,0,1,0,0.5,0.3333,0.0,1.0,0.0,44.17,0.3019,1,0,0,0,NO,0,0,26.17
385,479,BUDGET_CONSCIOUS,2,1,0,0,0,1,1,0,0,0,0,0.3333,0.0,0.0,0.0,0.0,24.17,0.0,0,0,0,0,NO,0,0,6.17
830,212,SPONTANEOUS_ADVENTURER,2,1,1,0,0,0,1,1,0,0,0,1.0,0.2,0.0,0.0,0.0,35.67,0.6744,1,1,45415,0,YES,0,2,81.57
634,75,SELECTIVE_PLANNER,1,0,0,0,1,1,1,0,0,0,0,0.5,0.0,0.0,0.0,0.0,39.17,0.6715,1,1,49645,0,YES,0,2,86.55
178,639,BUDGET_CONSCIOUS,1,1,1,0,0,0,1,0,0,0,0,0.5,0.0,0.0,0.0,0.0,27.5,0.3481,0,0,0,0,NO,0,0,9.5
755,289,SELECTIVE_PLANNER,2,0,0,0,1,1,1,1,1,0,1,1.0,0.2,0.3333,0.0,1.0,55.67,0.7075,1,1,43600,0,YES,1,3,100.0
68,826,CAUTIOUS_INTROVERT,1,2,2,0,0,0,1,1,0,0,1,0.5,0.25,0.0,0.0,1.0,25.83,0.1816,0,0,0,0,NO,0,0,7.83
1005,617,SOCIAL_EXPLORER,0,1,0,1,0,1,1,1,0,0,0,1.0,0.25,0.0,0.0,0.0,54.17,0.6741,1,0,0,0,YES,0,2,76.17
258,516,CAUTIOUS_INTROVERT,1,0,0,0,1,1,1,1,0,0,0,0.5,0.25,0.0,0.0,0.0,44.17,0.3136,1,1,19424,0,NO,0,1,40.97
348,710,SOCIAL_EXPLORER,0,0,0,1,1,1,1,0,1,1,0,1.0,0.0,1.0,1.0,0.0,75.0,0.8122,1,1,51256,0,YES,1,3,100.0
780,1005,CAUTIOUS_INTROVERT,1,0,0,0,1,1,1,0,0,0,0,1.0,0.0,0.0,0.0,0.0,49.17,0.5427,1,1,37097,0,NO,0,1,52.15
332,471,SOCIAL_EXPLORER,0,0,1,1,1,0,1,0,1,0,0,1.0,0.0,0.5,0.0,0.0,54.17,0.6665,0,0,0,0,YES,0,2,76.17
885,489,BUDGET_CONSCIOUS,2,1,1,0,0,0,1,0,0,0,0,0.5,0.0,0.0,0.0,0.0,21.67,0.0,0,0,0,0,NO,0,0,3.67
383,527,BUDGET_CONSCIOUS,0,1,0,1,0,1,1,0,1,0,0,0.5,0.0,0.5,0.0,0.0,44.17,0.6575,0,0,0,0,YES,0,2,66.17
569,464,CAUTIOUS_INTROVERT,0,0,1,1,1,0,1,4,1,1,1,0.5,1.0,1.0,1.0,1.0,84.17,0.9115,1,0,0,0,YES,1,3,100.0
374,550,SELECTIVE_PLANNER,1,1,1,0,0,0,1,1,0,0,0,0.5,0.1667,0.0,0.0,0.0,30.83,0.006,0,0,0,0,NO,0,0,12.83
390,603,BUDGET_CONSCIOUS,1,1,0,0,0,1,1,2,1,1,1,0.5,0.5,0.5,1.0,1.0,63.33,0.6581,1,1,44049,1,YES,0,2,100.0
769,225,CAUTIOUS_INTROVERT,2,1,2,0,0,0,1,2,1,0,0,0.5,0.5,1.0,0.0,0.0,35.83,0.1583,1,0,0,0,NO,0,0,17.83
895,678,PASSIVE_BROWSER,1,1,1,0,0,0,1,0,1,0,0,1.0,0.0,1.0,0.0,0.0,47.5,0.4594,0,0,0,1,SAVE_ONLY,0,1,59.5
350,62,SELECTIVE_PLANNER,0,0,1,1,1,0,1,1,2,1,1,1.0,0.3333,1.0,1.0,1.0,80.83,1.0,1,1,61696,0,YES,1,3,100.0
405,873,SOCIAL_EXPLORER,0,0,0,1,1,1,1,1,0,0,0,0.3333,0.25,0.0,0.0,0.0,46.67,0.5592,0,0,0,1,SAVE_ONLY,0,1,58.67
627,335,SOCIAL_EXPLORER,0,1,1,1,0,0,1,0,0,0,0,1.0,0.0,0.0,0.0,0.0,43.33,0.7008,0,0,0,1,YES,1,3,100.0
354,620,SOCIAL_EXPLORER,1,1,2,0,0,0,1,1,1,1,0,0.5,0.3333,0.5,1.0,0.0,43.33,0.4241,1,1,32104,1,SAVE_ONLY,0,1,74.57
468,645,BUDGET_CONSCIOUS,2,0,1,0,1,0,1,0,0,0,0,0.5,0.0,0.0,0.0,0.0,27.5,0.0,1,0,0,0,NO,0,0,9.5
498,978,SOCIAL_EXPLORER,1,0,2,0,1,0,1,1,1,0,0,0.5,0.1429,0.5,0.0,0.0,35.36,0.2529,0,0,0,0,NO,0,0,17.36
931,739,SPONTANEOUS_ADVENTURER,2,2,1,0,0,0,1,0,0,0,0,0.5,0.0,0.0,0.0,0.0,15.83,0.2137,0,0,0,0,NO,0,0,0.0
456,116,SOCIAL_EXPLORER,0,0,1,1,1,0,1,2,0,0,0,1.0,0.3333,0.0,0.0,0.0,55.83,0.8987,1,1,48026,1,YES,1,3,100.0
655,750,SOCIAL_EXPLORER,0,0,2,1,1,0,1,2,0,0,0,1.0,0.5,0.0,0.0,0.0,53.33,0.5106,1,1,35248,1,SAVE_ONLY,0,1,85.67
360,530,SOCIAL_EXPLORER,0,1,1,1,0,0,1,2,1,0,1,1.0,0.4,0.5,0.0,1.0,61.33,0.6661,1,1,47756,0,YES,0,2,100.0
906,864,SOCIAL_EXPLORER,0,2,0,1,0,1,1,0,0,0,0,0.5,0.0,0.0,0.0,0.0,33.33,0.666,1,1,36612,1,YES,0,2,88.14
936,490,SPONTANEOUS_ADVENTURER,1,1,1,0,0,0,1,3,0,0,0,0.5,1.0,0.0,0.0,0.0,47.5,0.5718,1,0,0,1,SAVE_ONLY,0,1,59.5
120,511,SOCIAL_EXPLORER,0,0,0,1,1,1,1,0,0,0,0,0.5,0.0,0.0,0.0,0.0,45.0,0.6843,1,0,0,1,YES,0,2,79.0
534,866,SOCIAL_EXPLORER,1,2,1,0,0,0,1,0,0,0,0,0.5,0.0,0.0,0.0,0.0,21.67,0.447,1,0,0,1,SAVE_ONLY,0,1,33.67
592,349,BUDGET_CONSCIOUS,0,1,1,1,0,0,1,1,0,0,0,1.0,0.1429,0.0,0.0,0.0,46.19,0.6355,1,1,40898,1,YES,0,2,100.0
891,856,SPONTANEOUS_ADVENTURER,2,0,0,0,1,1,1,1,1,1,0,1.0,0.25,0.5,1.0,0.0,63.33,1.0,1,1,53402,0,SUPER_LIKE,1,3,100.0
746,353,SOCIAL_EXPLORER,0,0,1,1,1,0,1,1,0,0,0,1.0,0.25,0.0,0.0,0.0,54.17,0.8402,1,1,59008,0,YES,1,3,100.0
360,699,SOCIAL_EXPLORER,0,0,1,1,1,0,1,0,1,0,1,1.0,0.0,1.0,0.0,1.0,64.17,0.83,0,0,0,0,YES,1,3,100.0
953,354,SPONTANEOUS_ADVENTURER,0,1,1,1,0,0,1,2,1,1,0,1.0,0.6667,0.5,1.0,0.0,71.67,1.0,1,1,54103,1,SUPER_LIKE,1,3,100.0
800,556,CAUTIOUS_INTROVERT,2,0,1,0,1,0,1,2,1,1,0,1.0,0.5,0.5,1.0,0.0,62.5,0.7812,1,0,0,1,YES,1,3,100.0
812,785,BUDGET_CONSCIOUS,0,0,1,1,1,0,1,0,0,0,0,0.5,0.0,0.0,0.0,0.0,39.17,0.398,0,0,0,0,NO,0,0,21.17
21,826,SELECTIVE_PLANNER,1,0,1,0,1,0,1,0,0,0,0,1.0,0.0,0.0,0.0,0.0,43.33,0.5216,1,1,33142,0,NO,0,1,44.93
165,136,CAUTIOUS_INTROVERT,1,2,1,0,0,0,1,1,0,0,1,1.0,0.25,0.0,0.0,1.0,41.67,0.4868,1,1,39122,1,SAVE_ONLY,0,1,75.36
312,290,BUDGET_CONSCIOUS,2,2,1,0,0,0,1,0,1,0,1,0.5,0.0,1.0,0.0,1.0,30.83,0.0,1,0,0,0,NO,0,0,12.83
50,898,SOCIAL_EXPLORER,1,0,2,0,1,0,1,0,0,0,0,0.5,0.0,0.0,0.0,0.0,27.5,0.1876,1,0,0,0,NO,0,0,9.5
671,72,BUDGET_CONSCIOUS,2,0,2,0,1,0,2,0,1,0,0,1.0,0.0,1.0,0.0,0.0,41.67,0.1556,0,0,0,0,NO,0,0,23.67
989,815,BUDGET_CONSCIOUS,1,0,1,0,1,0,1,3,1,0,1,1.0,0.5,0.5,0.0,1.0,63.33,0.7228,1,0,0,0,YES,1,3,100.0
315,466,BUDGET_CONSCIOUS,1,0,0,0,1,1,1,0,0,0,0,1.0,0.0,0.0,0.0,0.0,49.17,0.4065,1,1,25775,0,NO,0,1,48.19
198,766,BUDGET_CONSCIOUS,2,0,1,0,1,0,1,2,1,1,1,1.0,0.4,0.5,1.0,1.0,65.5,0.4482,0,0,0,1,SAVE_ONLY,0,1,77.5
439,83,BUDGET_CONSCIOUS,0,0,1,1,1,0,1,1,0,0,0,1.0,0.1429,0.0,0.0,0.0,52.02,0.5316,0,0,0,0,NO,0,0,34.02
989,77,BUDGET_CONSCIOUS,1,1,1,0,0,0,1,3,1,1,1,0.5,0.6,0.5,1.0,1.0,59.5,0.4479,0,0,0,1,SAVE_ONLY,0,1,71.5
175,193,SPONTANEOUS_ADVENTURER,1,2,1,0,0,0,1,1,0,0,0,0.5,0.1429,0.0,0.0,0.0,24.52,0.4749,0,0,0,0,NO,0,0,6.52
151,87,BUDGET_CONSCIOUS,2,1,2,0,0,0,1,1,0,1,0,0.5,0.1667,0.0,1.0,0.0,29.17,0.0,0,0,0,0,NO,0,0,11.17
942,973,BUDGET_CONSCIOUS,0,0,1,1,1,0,1,0,0,0,0,0.3333,0.0,0.0,0.0,0.0,35.83,0.6355,1,1,34346,0,YES,0,2,77.85
782,519,CAUTIOUS_INTROVERT,1,1,2,0,0,0,1,0,0,1,0,1.0,0.0,0.0,1.0,0.0,41.67,0.0691,0,0,0,0,NO,0,0,23.67
47,822,SOCIAL_EXPLORER,1,0,0,0,1,1,1,0,0,0,1,0.5,0.0,0.0,0.0,1.0,44.17,0.7284,1,0,0,0,YES,1,3,96.17
185,770,BUDGET_CONSCIOUS,1,0,0,0,1,1,1,0,1,0,1,0.5,0.0,0.5,0.0,1.0,49.17,0.4479,0,0,0,1,SAVE_ONLY,0,1,61.17
754,319,BUDGET_CONSCIOUS,1,0,2,0,1,0,1,0,0,0,0,0.5,0.0,0.0,0.0,0.0,27.5,0.3791,1,0,0,0,NO,0,0,9.5
710,1002,SOCIAL_EXPLORER,0,2,2,1,0,0,1,0,0,0,1,0.5,0.0,0.0,0.0,1.0,26.67,0.313,0,0,0,0,NO,0,0,8.67
141,695,SOCIAL_EXPLORER,1,2,1,0,0,0,1,1,1,1,0,1.0,0.2,1.0,1.0,0.0,55.67,0.7139,1,1,52391,0,YES,1,3,100.0
906,277,SOCIAL_EXPLORER,1,1,1,0,0,0,1,1,1,0,0,0.5,0.2,0.5,0.0,0.0,36.5,0.6202,1,1,37458,0,YES,0,2,79.61
566,996,SOCIAL_EXPLORER,1,0,1,0,1,0,1,1,0,0,0,1.0,0.1429,0.0,0.0,0.0,46.19,0.7358,1,0,0,1,YES,1,3,100.0
410,123,BUDGET_CONSCIOUS,0,1,0,1,0,1,1,0,0,0,0,1.0,0.0,0.0,0.0,0.0,49.17,0.6827,1,1,46068,0,YES,0,2,95.29
79,134,SPONTANEOUS_ADVENTURER,1,0,1,0,1,0,1,1,1,0,0,1.0,0.1667,0.5,0.0,0.0,51.67,0.8084,1,1,50612,0,YES,1,3,100.0
724,344,CAUTIOUS_INTROVERT,1,1,1,0,0,0,1,0,0,0,0,0.5,0.0,0.0,0.0,0.0,27.5,0.3464,1,1,31805,0,NO,0,1,28.63
404,28,SELECTIVE_PLANNER,1,0,0,0,1,1,1,1,2,0,1,0.3333,0.1667,1.0,0.0,1.0,54.17,0.8802,1,1,53807,1,SUPER_LIKE,1,3,100.0
895,155,SOCIAL_EXPLORER,0,1,0,1,0,1,1,0,1,0,1,0.5,0.0,1.0,0.0,1.0,54.17,0.7604,1,1,43450,1,YES,1,3,100.0
802,812,PASSIVE_BROWSER,2,0,0,0,1,1,1,2,0,0,0,0.5,0.4,0.0,0.0,0.0,41.33,0.2107,1,0,0,0,NO,0,0,23.33
314,769,CAUTIOUS_INTROVERT,0,0,0,1,1,1,1,2,1,0,0,0.5,0.6667,1.0,0.0,0.0,68.33,0.8648,1,1,45900,0,YES,1,3,100.0
295,907,CAUTIOUS_INTROVERT,1,1,2,0,0,0,1,1,0,0,1,0.3333,0.1429,0.0,0.0,1.0,26.19,0.1268,0,0,0,0,NO,0,0,8.19
439,1021,BUDGET_CONSCIOUS,1,1,0,0,0,1,0,0,0,0,0,0.0,0.0,0.0,0.0,0.0,23.33,0.1653,0,0,0,0,NO,0,0,5.33
797,605,SPONTANEOUS_ADVENTURER,0,1,1,1,0,0,1,1,0,0,0,0.5,0.2,0.0,0.0,0.0,37.33,0.6182,1,1,34625,1,SAVE_ONLY,0,1,69.45
894,528,SPONTANEOUS_ADVENTURER,1,1,1,0,0,0,1,0,0,0,0,0.5,0.0,0.0,0.0,0.0,27.5,0.5507,0,0,0,0,NO,0,0,9.5
34,647,BUDGET_CONSCIOUS,1,1,1,0,0,0,1,3,2,1,1,1.0,0.6,1.0,1.0,1.0,74.5,0.8324,1,1,57376,0,YES,1,3,100.0
811,861,SOCIAL_EXPLORER,1,1,0,0,0,1,1,0,0,0,0,0.3333,0.0,0.0,0.0,0.0,30.0,0.6474,0,0,0,0,YES,0,2,52.0
73,754,BUDGET_CONSCIOUS,0,1,2,1,0,0,1,3,0,0,0,0.3333,1.0,0.0,0.0,0.0,44.17,0.6756,1,1,44760,1,YES,0,2,100.0
32,107,SELECTIVE_PLANNER,0,0,1,1,1,0,1,0,0,0,1,0.5,0.0,0.0,0.0,1.0,44.17,0.6442,1,1,49016,1,YES,0,2,100.0
972,969,CAUTIOUS_INTROVERT,1,1,0,0,0,1,1,1,1,0,0,0.3333,0.1667,1.0,0.0,0.0,43.33,0.4204,0,0,0,0,NO,0,0,25.33
891,674,SPONTANEOUS_ADVENTURER,1,1,0,0,0,1,1,0,0,0,0,1.0,0.0,0.0,0.0,0.0,43.33,0.5352,0,0,0,1,SAVE_ONLY,0,1,55.33
210,839,SOCIAL_EXPLORER,0,1,2,1,0,0,1,0,0,0,0,1.0,0.0,0.0,0.0,0.0,37.5,0.2612,0,0,0,0,NO,0,0,19.5
593,289,SPONTANEOUS_ADVENTURER,2,1,0,0,0,1,1,1,1,0,0,1.0,0.1429,0.5,0.0,0.0,45.36,0.774,1,1,41230,1,YES,1,3,100.0
19,363,SPONTANEOUS_ADVENTURER,2,0,1,0,1,0,1,1,1,1,1,1.0,0.1429,0.3333,1.0,1.0,58.69,0.8832,1,1,52788,0,YES,1,3,100.0
211,595,SPONTANEOUS_ADVENTURER,1,1,1,0,0,0,1,3,1,1,1,0.5,0.75,1.0,1.0,1.0,67.5,0.9165,1,1,64127,0,SUPER_LIKE,1,3,100.0
11,171,BUDGET_CONSCIOUS,1,0,1,0,1,0,0,0,0,0,0,0.0,0.0,0.0,0.0,0.0,23.33,0.3022,0,0,0,0,NO,0,0,5.33
648,942,BUDGET_CONSCIOUS,0,1,0,1,0,1,1,2,0,0,0,0.3333,0.3333,0.0,0.0,0.0,42.5,0.4717,0,0,0,1,SAVE_ONLY,0,1,54.5
774,195,BUDGET_CONSCIOUS,0,0,2,1,1,0,1,1,0,0,0,0.5,0.2,0.0,0.0,0.0,37.33,0.6418,1,1,44170,0,YES,0,2,82.79
44,987,BUDGET_CONSCIOUS,1,1,0,0,0,1,1,1,0,0,0,1.0,0.25,0.0,0.0,0.0,48.33,0.493,1,1,36945,1,SAVE_ONLY,0,1,81.26
988,59,SOCIAL_EXPLORER,1,0,2,0,1,0,1,0,0,1,0,0.5,0.0,0.0,1.0,0.0,37.5,0.4242,1,1,27811,0,NO,0,1,37.23
893,490,SOCIAL_EXPLORER,1,2,2,0,0,0,1,3,1,1,1,0.3333,0.75,0.5,1.0,1.0,47.5,0.534,1,1,41289,1,SAVE_ONLY,0,1,81.95
894,459,SPONTANEOUS_ADVENTURER,0,1,0,1,0,1,1,3,1,0,0,0.3333,0.6,1.0,0.0,0.0,57.83,0.7379,1,1,44022,0,YES,1,3,100.0
718,663,BUDGET_CONSCIOUS,1,2,0,0,0,1,1,1,1,0,0,0.5,0.25,1.0,0.0,0.0,42.5,0.3171,0,0,0,0,NO,0,0,24.5
881,638,CAUTIOUS_INTROVERT,1,2,0,0,0,1,1,0,0,0,0,1.0,0.0,0.0,0.0,0.0,37.5,0.411,0,0,0,0,NO,0,0,19.5
708,896,CAUTIOUS_INTROVERT,0,1,2,1,0,0,1,0,1,0,0,0.5,0.0,0.5,0.0,0.0,32.5,0.2034,0,0,0,0,NO,0,0,14.5
81,182,SOCIAL_EXPLORER,1,2,1,0,0,0,1,1,0,0,0,0.5,0.2,0.0,0.0,0.0,25.67,0.4751,0,0,0,1,SAVE_ONLY,0,1,37.67
796,930,SOCIAL_EXPLORER,1,1,1,0,0,0,1,2,0,0,1,1.0,0.4,0.0,0.0,1.0,50.5,0.6885,0,0,0,1,YES,0,2,84.5
413,94,SOCIAL_EXPLORER,1,0,1,0,1,0,1,4,1,1,1,0.5,1.0,0.3333,1.0,1.0,71.67,1.0,1,1,61420,0,YES,1,3,100.0
87,595,CAUTIOUS_INTROVERT,1,0,0,0,1,1,1,2,1,0,0,0.5,0.3333,1.0,0.0,0.0,55.83,0.8177,1,1,48124,0,YES,1,3,100.0
917,136,CAUTIOUS_INTROVERT,0,0,1,1,1,0,1,0,0,0,1,1.0,0.0,0.0,0.0,1.0,54.17,0.6089,0,0,0,0,NO,0,0,36.17
860,956,BUDGET_CONSCIOUS,1,1,1,0,0,0,1,3,0,0,1,1.0,0.6,0.0,0.0,1.0,54.5,0.6472,1,1,38586,0,YES,0,2,98.01
797,42,SPONTANEOUS_ADVENTURER,0,2,1,1,0,0,1,0,1,1,0,0.5,0.0,1.0,1.0,0.0,47.5,0.5386,1,1,37430,1,SAVE_ONLY,0,1,80.6
294,524,CAUTIOUS_INTROVERT,0,0,0,1,1,1,1,1,1,1,0,1.0,0.3333,1.0,1.0,0.0,81.67,0.8518,1,1,53158,0,SUPER_LIKE,1,3,100.0
476,216,CAUTIOUS_INTROVERT,2,0,0,0,1,1,1,2,1,0,1,0.5,0.2857,0.5,0.0,1.0,49.05,0.6948,0,0,0,0,YES,0,2,71.05
870,201,BUDGET_CONSCIOUS,0,1,2,1,0,0,1,0,0,0,1,0.3333,0.0,0.0,0.0,1.0,29.17,0.3456,1,0,0,0,NO,0,0,11.17
730,755,SOCIAL_EXPLORER,1,1,1,0,0,0,1,0,0,0,0,1.0,0.0,0.0,0.0,0.0,37.5,0.647,0,0,0,0,YES,0,2,59.5
887,59,CAUTIOUS_INTROVERT,1,0,0,0,1,1,1,1,0,0,0,0.5,0.1667,0.0,0.0,0.0,42.5,0.405,0,0,0,0,NO,0,0,24.5
465,349,SELECTIVE_PLANNER,0,2,1,1,0,0,1,2,1,1,0,0.5,0.3333,1.0,1.0,0.0,54.17,0.4648,1,1,25370,1,SAVE_ONLY,0,1,83.05
544,171,BUDGET_CONSCIOUS,0,1,1,1,0,0,1,0,0,0,1,0.5,0.0,0.0,0.0,1.0,38.33,0.4022,1,1,22042,0,NO,0,1,36.04
402,145,CAUTIOUS_INTROVERT,1,1,1,0,0,0,1,2,1,0,0,0.5,0.2857,0.5,0.0,0.0,38.21,0.6758,0,0,0,1,YES,0,2,72.21
355,375,CAUTIOUS_INTROVERT,0,0,0,1,1,1,1,0,0,0,0,1.0,0.0,0.0,0.0,0.0,55.0,0.4261,1,1,37216,1,SAVE_ONLY,0,1,88.03
387,458,BUDGET_CONSCIOUS,0,1,0,1,0,1,1,1,1,1,0,1.0,0.3333,1.0,1.0,0.0,75.83,0.7854,1,1,52918,0,YES,1,3,100.0
334,313,BUDGET_CONSCIOUS,1,1,1,0,0,0,1,1,0,0,0,0.5,0.25,0.0,0.0,0.0,32.5,0.2396,0,0,0,0,NO,0,0,14.5
208,905,SPONTANEOUS_ADVENTURER,1,1,0,0,0,1,1,2,1,0,0,0.5,0.3333,0.3333,0.0,0.0,43.33,0.6355,1,1,45268,1,YES,0,2,100.0
437,216,BUDGET_CONSCIOUS,1,0,0,0,1,1,1,1,0,0,0,0.3333,0.1429,0.0,0.0,0.0,38.69,0.3523,0,0,0,0,NO,0,0,20.69
615,735,BUDGET_CONSCIOUS,1,1,2,0,0,0,1,4,1,1,1,0.3333,1.0,0.5,1.0,1.0,58.33,0.7208,1,1,42225,1,YES,1,3,100.0
427,978,CAUTIOUS_INTROVERT,1,0,0,0,1,1,1,3,2,1,1,0.5,0.6,1.0,1.0,1.0,76.17,0.9975,1,1,66589,0,YES,1,3,100.0
575,95,SELECTIVE_PLANNER,0,1,1,1,0,0,1,2,2,1,0,0.3333,0.5,1.0,1.0,0.0,60.0,0.5271,1,1,41903,0,NO,0,1,64.67
823,501,SPONTANEOUS_ADVENTURER,0,1,1,1,0,0,1,1,1,0,0,0.5,0.25,0.5,0.0,0.0,43.33,0.6846,1,0,0,0,YES,0,2,65.33
260,82,SOCIAL_EXPLORER,2,2,2,0,0,0,1,0,0,0,0,1.0,0.0,0.0,0.0,0.0,20.0,0.1654,0,0,0,0,NO,0,0,2.0
421,431,CAUTIOUS_INTROVERT,1,1,1,0,0,0,1,0,1,1,0,1.0,0.0,0.3333,1.0,0.0,50.83,0.5216,1,1,36919,1,SAVE_ONLY,0,1,83.75
960,356,SELECTIVE_PLANNER,0,2,0,1,0,1,1,2,0,0,1,0.3333,0.4,0.0,0.0,1.0,43.0,0.2187,0,0,0,0,NO,0,0,25.0
757,23,SOCIAL_EXPLORER,1,1,1,0,0,0,1,0,1,0,0,0.25,0.0,0.5,0.0,0.0,27.5,0.3953,1,0,0,0,NO,0,0,9.5
288,839,CAUTIOUS_INTROVERT,1,1,0,0,0,1,1,0,0,0,1,1.0,0.0,0.0,0.0,1.0,48.33,0.571,0,0,0,1,SAVE_ONLY,0,1,60.33
921,984,SPONTANEOUS_ADVENTURER,0,1,1,1,0,0,1,0,1,0,0,0.5,0.0,0.5,0.0,0.0,38.33,0.6835,1,1,43298,1,YES,0,2,95.48
787,34,SOCIAL_EXPLORER,2,1,1,0,0,0,1,3,2,1,1,0.5,0.6,1.0,1.0,1.0,58.67,0.8297,1,1,45058,0,YES,1,3,100.0
80,528,CAUTIOUS_INTROVERT,2,1,0,0,0,1,1,1,1,0,0,0.5,0.1667,0.3333,0.0,0.0,34.17,0.4151,1,1,36554,0,NO,0,1,36.96
945,892,SPONTANEOUS_ADVENTURER,1,0,0,0,1,1,1,2,0,1,0,0.5,0.2857,0.0,1.0,0.0,54.88,0.7993,1,1,57080,1,YES,1,3,100.0
91,638,SOCIAL_EXPLORER,0,0,2,1,1,0,1,0,0,0,0,1.0,0.0,0.0,0.0,0.0,43.33,0.412,0,0,0,0,NO,0,0,25.33
814,558,BUDGET_CONSCIOUS,1,2,0,0,0,1,1,1,0,0,0,1.0,0.25,0.0,0.0,0.0,42.5,0.5463,1,1,38361,1,SAVE_ONLY,0,1,75.93
73,603,BUDGET_CONSCIOUS,1,0,1,0,1,0,1,0,1,1,0,0.3333,0.0,0.5,1.0,0.0,45.0,0.5884,1,1,39974,0,NO,0,1,48.99
588,392,SPONTANEOUS_ADVENTURER,0,0,1,1,1,0,1,1,0,0,0,1.0,0.2,0.0,0.0,0.0,53.17,0.7449,1,1,50510,1,YES,1,3,100.0
474,612,BUDGET_CONSCIOUS,0,1,1,1,0,0,1,2,1,0,1,0.5,0.3333,0.5,0.0,1.0,50.0,0.6602,0,0,0,1,YES,0,2,84.0
723,34,BUDGET_CONSCIOUS,0,1,0,1,0,1,1,2,1,0,1,1.0,0.3333,0.3333,0.0,1.0,64.17,0.6997,1,1,49196,0,YES,0,2,100.0
870,431,BUDGET_CONSCIOUS,0,1,1,1,0,0,1,0,0,0,0,0.5,0.0,0.0,0.0,0.0,33.33,0.4501,1,0,0,1,SAVE_ONLY,0,1,45.33
945,530,SELECTIVE_PLANNER,0,1,0,1,0,1,1,2,0,1,0,0.5,0.2857,0.0,1.0,0.0,54.88,0.2721,0,0,0,0,NO,0,0,36.88
780,776,CAUTIOUS_INTROVERT,0,1,0,1,0,1,1,0,1,0,1,1.0,0.0,0.5,0.0,1.0,59.17,0.6753,1,0,0,0,YES,0,2,81.17
876,422,BUDGET_CONSCIOUS,1,0,2,0,1,0,1,0,1,1,1,1.0,0.0,1.0,1.0,1.0,62.5,0.5995,1,1,33528,0,NO,0,1,64.23
956,603,SELECTIVE_PLANNER,0,0,0,1,1,1,1,0,0,0,0,0.5,0.0,0.0,0.0,0.0,45.0,0.6372,0,0,0,0,YES,0,2,67.0
929,720,CAUTIOUS_INTROVERT,0,1,1,1,0,0,1,0,0,0,0,0.3333,0.0,0.0,0.0,0.0,30.0,0.2562,0,0,0,0,NO,0,0,12.0
482,600,CAUTIOUS_INTROVERT,1,0,1,0,1,0,1,0,1,0,1,0.5,0.0,1.0,0.0,1.0,48.33,0.6113,1,1,36329,0,NO,0,1,51.05
379,616,CAUTIOUS_INTROVERT,1,1,1,0,0,0,1,2,1,1,0,0.5,0.5,1.0,1.0,0.0,57.5,0.6798,1,1,36071,0,YES,0,2,100.0
993,206,SOCIAL_EXPLORER,0,1,0,1,0,1,1,1,1,0,0,0.5,0.125,0.5,0.0,0.0,46.67,0.6497,1,1,34860,0,YES,0,2,88.87
602,476,CAUTIOUS_INTROVERT,1,1,1,0,0,0,1,0,0,0,0,1.0,0.0,0.0,0.0,0.0,37.5,0.277,1,0,0,0,NO,0,0,19.5
853,533,SOCIAL_EXPLORER,1,0,0,0,1,1,1,1,0,0,0,1.0,0.1429,0.0,0.0,0.0,52.02,0.6828,1,1,37298,1,YES,0,2,100.0
486,808,SPONTANEOUS_ADVENTURER,1,0,0,0,1,1,1,3,1,1,1,0.5,0.75,0.5,1.0,1.0,74.17,0.9805,1,1,67473,1,SUPER_LIKE,1,3,100.0
797,856,SPONTANEOUS_ADVENTURER,1,0,0,0,1,1,1,0,0,0,0,1.0,0.0,0.0,0.0,0.0,49.17,0.5303,1,1,34884,1,SAVE_ONLY,0,1,81.38
177,236,BUDGET_CONSCIOUS,1,2,2,0,0,0,1,1,0,1,0,1.0,0.25,0.0,1.0,0.0,40.83,0.3802,1,1,25224,0,NO,0,1,39.66
15,374,SPONTANEOUS_ADVENTURER,0,1,0,1,0,1,0,0,0,0,0,0.0,0.0,0.0,0.0,0.0,29.17,0.3715,1,0,0,0,NO,0,0,11.17
711,1021,BUDGET_CONSCIOUS,1,1,2,0,0,0,0,0,0,0,0,0.0,0.0,0.0,0.0,0.0,11.67,0.0532,1,0,0,0,NO,0,0,0.0
214,940,BUDGET_CONSCIOUS,1,2,1,0,0,0,1,3,1,1,1,0.5,0.75,1.0,1.0,1.0,61.67,0.5447,1,0,0,1,SAVE_ONLY,0,1,73.67
255,795,CAUTIOUS_INTROVERT,1,1,0,0,0,1,1,3,0,0,1,1.0,0.4286,0.0,0.0,1.0,56.9,0.6702,0,0,0,1,YES,0,2,90.9
233,120,SOCIAL_EXPLORER,0,2,0,1,0,1,1,0,0,0,0,1.0,0.0,0.0,0.0,0.0,43.33,0.7644,1,1,42505,0,YES,1,3,100.0
906,356,SOCIAL_EXPLORER,1,0,1,0,1,0,1,1,1,0,1,0.3333,0.1667,0.5,0.0,1.0,43.33,0.689,1,0,0,0,YES,0,2,65.33
858,981,SOCIAL_EXPLORER,1,0,0,0,1,1,1,0,0,0,0,0.3333,0.0,0.0,0.0,0.0,35.83,0.6112,1,1,33624,1,SAVE_ONLY,0,1,67.6
665,458,SOCIAL_EXPLORER,1,0,0,0,1,1,1,1,0,0,0,1.0,0.25,0.0,0.0,0.0,54.17,0.7711,1,1,48991,0,YES,1,3,100.0
341,76,CAUTIOUS_INTROVERT,1,1,2,0,0,0,1,1,1,0,1,0.3333,0.1429,0.5,0.0,1.0,31.19,0.0354,1,0,0,0,NO,0,0,13.19
623,338,SOCIAL_EXPLORER,0,0,1,1,1,0,2,2,0,0,0,0.6667,0.4,0.0,0.0,0.0,50.5,0.6212,1,0,0,0,YES,0,2,72.5
250,990,CAUTIOUS_INTROVERT,1,2,1,0,0,0,1,4,1,1,1,0.3333,1.0,1.0,1.0,1.0,63.33,0.8286,0,0,0,1,YES,1,3,100.0
250,685,CAUTIOUS_INTROVERT,1,1,0,0,0,1,1,2,1,1,1,0.3333,0.4,1.0,1.0,1.0,63.0,0.7218,0,0,0,0,YES,1,3,100.0
694,144,CAUTIOUS_INTROVERT,1,0,1,0,1,0,1,0,0,0,0,0.5,0.0,0.0,0.0,0.0,33.33,0.4712,1,0,0,1,SAVE_ONLY,0,1,45.33
674,691,PASSIVE_BROWSER,1,1,1,0,0,0,1,2,1,1,1,1.0,0.4,1.0,1.0,1.0,70.5,0.5793,0,0,0,0,NO,0,0,52.5
216,683,BUDGET_CONSCIOUS,0,1,1,1,0,0,1,1,0,1,0,0.3333,0.1667,0.0,1.0,0.0,43.33,0.4376,1,1,26088,0,NO,0,1,42.46
263,597,BUDGET_CONSCIOUS,0,0,1,1,1,0,2,1,0,0,0,1.0,0.1667,0.0,0.0,0.0,52.5,0.62,1,0,0,1,YES,0,2,86.5
924,700,SELECTIVE_PLANNER,1,1,1,0,0,0,1,2,1,0,0,0.5,0.3333,0.5,0.0,0.0,39.17,0.3148,0,0,0,0,NO,0,0,21.17
835,180,SPONTANEOUS_ADVENTURER,1,1,1,0,0,0,1,0,1,0,0,1.0,0.0,0.5,0.0,0.0,42.5,0.6631,1,1,40932,1,YES,0,2,98.83
917,925,CAUTIOUS_INTROVERT,0,2,1,1,0,0,1,1,0,0,1,1.0,0.2,0.0,0.0,1.0,46.5,0.4936,1,0,0,1,SAVE_ONLY,0,1,58.5
468,572,BUDGET_CONSCIOUS,1,0,2,0,1,0,1,2,1,1,1,0.5,0.6667,1.0,1.0,1.0,65.83,0.7855,1,1,49356,1,YES,1,3,100.0
882,311,SPONTANEOUS_ADVENTURER,1,1,0,0,0,1,1,0,0,0,0,0.25,0.0,0.0,0.0,0.0,28.33,0.3297,1,1,30714,0,NO,0,1,29.08
821,350,SELECTIVE_PLANNER,1,0,0,0,1,1,1,1,2,1,1,0.5,0.25,1.0,1.0,1.0,69.17,0.942,1,1,54469,1,YES,1,3,100.0
514,697,SOCIAL_EXPLORER,1,0,2,0,1,0,1,1,1,0,0,0.5,0.1667,0.5,0.0,0.0,35.83,0.3563,1,0,0,0,NO,0,0,17.83
462,487,BUDGET_CONSCIOUS,1,2,0,0,0,1,1,1,1,0,1,0.3333,0.25,1.0,0.0,1.0,44.17,0.5088,1,1,31381,0,NO,0,1,45.15
912,153,SOCIAL_EXPLORER,0,1,0,1,0,1,1,0,0,0,0,1.0,0.0,0.0,0.0,0.0,49.17,0.6982,1,1,40513,0,YES,0,2,93.35
582,42,CAUTIOUS_INTROVERT,0,0,0,1,1,1,1,2,1,1,1,0.5,0.4,0.5,1.0,1.0,73.0,0.7518,0,0,0,1,YES,1,3,100.0
145,857,BUDGET_CONSCIOUS,1,1,0,0,0,1,1,1,0,0,0,0.5,0.1429,0.0,0.0,0.0,36.19,0.4424,1,1,27528,1,SAVE_ONLY,0,1,65.82
788,763,SPONTANEOUS_ADVENTURER,0,2,0,1,0,1,1,0,0,0,0,1.0,0.0,0.0,0.0,0.0,43.33,0.3692,1,1,22117,0,NO,0,1,41.07
411,150,BUDGET_CONSCIOUS,0,2,1,1,0,0,2,2,0,0,0,0.6667,0.4,0.0,0.0,0.0,38.83,0.6665,1,0,0,1,YES,0,2,72.83
952,833,SOCIAL_EXPLORER,1,0,0,0,1,1,1,0,0,0,0,0.5,0.0,0.0,0.0,0.0,39.17,0.529,0,0,0,0,NO,0,0,21.17
123,938,BUDGET_CONSCIOUS,0,0,1,1,1,0,1,0,0,0,0,1.0,0.0,0.0,0.0,0.0,49.17,0.562,1,1,35088,0,NO,0,1,51.45
998,215,BUDGET_CONSCIOUS,2,1,0,0,0,1,1,0,0,0,0,0.5,0.0,0.0,0.0,0.0,27.5,0.0,0,0,0,0,NO,0,0,9.5
595,732,CAUTIOUS_INTROVERT,1,1,0,0,0,1,1,2,1,0,0,1.0,0.5,1.0,0.0,0.0,63.33,0.6436,1,1,41368,1,YES,0,2,100.0
105,727,SOCIAL_EXPLORER,1,1,0,0,0,1,1,1,0,0,0,0.3333,0.1429,0.0,0.0,0.0,32.86,0.5053,1,1,26127,0,NO,0,1,32.0
1007,460,BUDGET_CONSCIOUS,0,0,0,1,1,1,1,1,0,0,0,1.0,0.2,0.0,0.0,0.0,59.0,0.6376,1,1,44376,0,YES,0,2,100.0
272,674,BUDGET_CONSCIOUS,1,0,0,0,1,1,1,1,1,1,0,1.0,0.25,1.0,1.0,0.0,74.17,0.6624,1,1,41246,0,YES,0,2,100.0
318,467,BUDGET_CONSCIOUS,0,0,0,1,1,1,1,0,0,0,0,1.0,0.0,0.0,0.0,0.0,55.0,0.7197,0,0,0,1,YES,1,3,100.0
750,697,CAUTIOUS_INTROVERT,1,0,0,0,1,1,1,0,0,0,0,1.0,0.0,0.0,0.0,0.0,49.17,0.6242,1,0,0,1,YES,0,2,83.17
587,829,SOCIAL_EXPLORER,0,0,0,1,1,1,1,0,0,0,0,0.5,0.0,0.0,0.0,0.0,45.0,0.6534,1,1,43085,0,YES,0,2,90.08
371,260,BUDGET_CONSCIOUS,1,1,1,0,0,0,1,0,1,1,0,1.0,0.0,0.5,1.0,0.0,52.5,0.56,0,0,0,1,SAVE_ONLY,0,1,64.5
302,111,BUDGET_CONSCIOUS,0,1,1,1,0,0,1,1,1,0,0,0.5,0.2,1.0,0.0,0.0,47.33,0.6238,1,0,0,0,YES,0,2,69.33
217,451,SELECTIVE_PLANNER,1,1,0,0,0,1,1,0,1,1,0,1.0,0.0,0.5,1.0,0.0,58.33,0.363,0,0,0,0,NO,0,0,40.33
326,365,CAUTIOUS_INTROVERT,1,0,0,0,1,1,1,0,0,0,0,1.0,0.0,0.0,0.0,0.0,49.17,0.355,1,0,0,0,NO,0,0,31.17
445,785,CAUTIOUS_INTROVERT,2,0,2,0,1,0,1,0,0,1,1,0.5,0.0,0.0,1.0,1.0,36.67,0.0712,1,0,0,0,NO,0,0,18.67
798,806,CAUTIOUS_INTROVERT,0,1,1,1,0,0,1,1,0,0,0,0.5,0.125,0.0,0.0,0.0,35.83,0.4906,1,1,25625,0,NO,0,1,34.8
468,705,BUDGET_CONSCIOUS,1,0,1,0,1,0,1,0,0,0,0,0.25,0.0,0.0,0.0,0.0,28.33,0.3032,0,0,0,0,NO,0,0,10.33
94,203,BUDGET_CONSCIOUS,2,0,1,0,1,0,1,1,1,1,0,1.0,0.1429,0.5,1.0,0.0,55.36,0.2836,0,0,0,0,NO,0,0,37.36
353,370,SPONTANEOUS_ADVENTURER,2,1,1,0,0,0,1,0,1,0,0,1.0,0.0,0.5,0.0,0.0,36.67,0.565,1,0,0,1,SAVE_ONLY,0,1,48.67
304,534,SELECTIVE_PLANNER,1,0,1,0,1,0,1,0,1,0,0,0.5,0.0,0.5,0.0,0.0,38.33,0.4392,1,0,0,0,NO,0,0,20.33
398,46,BUDGET_CONSCIOUS,1,0,1,0,1,0,1,1,0,0,1,0.5,0.25,0.0,0.0,1.0,43.33,0.4925,1,1,26985,1,SAVE_ONLY,0,1,72.77
882,887,BUDGET_CONSCIOUS,1,0,1,0,1,0,2,0,1,1,0,0.6667,0.0,1.0,1.0,0.0,56.67,0.6056,1,1,41555,1,SAVE_ONLY,0,1,91.21
1003,152,BUDGET_CONSCIOUS,2,0,0,0,1,1,1,1,0,0,0,1.0,0.25,0.0,0.0,0.0,48.33,0.242,0,0,0,0,NO,0,0,30.33
327,730,SPONTANEOUS_ADVENTURER,1,0,1,0,1,0,1,0,1,0,0,0.5,0.0,0.5,0.0,0.0,38.33,0.6898,1,0,0,0,YES,0,2,60.33
936,530,SELECTIVE_PLANNER,0,1,0,1,0,1,1,3,1,0,0,1.0,0.75,0.5,0.0,0.0,69.17,0.383,1,0,0,0,NO,0,0,51.17
202,243,SELECTIVE_PLANNER,1,0,0,0,1,1,1,2,1,1,1,1.0,0.4,0.5,1.0,1.0,77.17,0.8303,1,1,52053,1,YES,1,3,100.0
114,152,CAUTIOUS_INTROVERT,1,0,1,0,1,0,1,0,0,0,0,1.0,0.0,0.0,0.0,0.0,43.33,0.5522,0,0,0,0,NO,0,0,25.33
544,855,BUDGET_CONSCIOUS,1,2,0,0,0,1,1,0,0,0,0,1.0,0.0,0.0,0.0,0.0,37.5,0.5049,1,1,41394,1,SAVE_ONLY,0,1,71.99
528,38,BUDGET_CONSCIOUS,1,1,0,0,0,1,1,0,0,0,0,1.0,0.0,0.0,0.0,0.0,43.33,0.4714,1,0,0,1,SAVE_ONLY,0,1,55.33
912,234,SOCIAL_EXPLORER,1,2,1,0,0,0,1,1,0,0,0,0.3333,0.1667,0.0,0.0,0.0,21.67,0.2866,1,0,0,0,NO,0,0,3.67
37,604,SOCIAL_EXPLORER,1,2,0,0,0,1,1,0,0,0,0,1.0,0.0,0.0,0.0,0.0,37.5,0.669,0,0,0,0,YES,0,2,59.5
768,114,CAUTIOUS_INTROVERT,0,1,0,1,0,1,1,1,0,0,0,0.5,0.2,0.0,0.0,0.0,43.17,0.5506,1,1,33243,0,NO,0,1,44.81
757,394,SOCIAL_EXPLORER,0,0,1,1,1,0,1,2,1,0,1,0.5,0.6667,1.0,0.0,1.0,67.5,0.7313,1,1,47009,0,YES,1,3,100.0
896,203,SOCIAL_EXPLORER,0,1,0,1,0,1,1,1,0,0,0,1.0,0.1429,0.0,0.0,0.0,52.02,0.5719,1,1,41670,0,NO,0,1,56.6
884,475,CAUTIOUS_INTROVERT,0,1,0,1,0,1,1,0,1,0,0,0.5,0.0,1.0,0.0,0.0,49.17,0.5026,1,1,39780,0,NO,0,1,53.09
100,817,SOCIAL_EXPLORER,0,0,0,1,1,1,1,1,1,1,1,1.0,0.25,1.0,1.0,1.0,85.0,0.9906,1,1,64603,1,YES,1,3,100.0
204,939,SOCIAL_EXPLORER,1,0,1,0,1,0,1,0,0,0,0,1.0,0.0,0.0,0.0,0.0,43.33,0.6748,0,0,0,1,YES,0,2,77.33
149,845,CAUTIOUS_INTROVERT,1,0,0,0,1,1,1,1,0,0,0,1.0,0.1429,0.0,0.0,0.0,52.02,0.5502,1,1,32429,0,NO,0,1,53.37
492,612,BUDGET_CONSCIOUS,0,1,1,1,0,0,1,1,0,0,0,1.0,0.2,0.0,0.0,0.0,47.33,0.5149,0,0,0,1,SAVE_ONLY,0,1,59.33
749,79,SOCIAL_EXPLORER,0,2,1,1,0,0,1,3,0,1,1,0.5,0.75,0.0,1.0,1.0,57.5,0.9021,1,1,53954,0,YES,1,3,100.0
906,819,SOCIAL_EXPLORER,2,1,0,0,0,1,1,1,1,0,0,0.3333,0.25,0.5,0.0,0.0,34.17,0.509,0,0,0,0,NO,0,0,16.17
876,544,BUDGET_CONSCIOUS,0,0,1,1,1,0,1,1,0,0,0,1.0,0.1667,0.0,0.0,0.0,52.5,0.7891,0,0,0,1,YES,1,3,100.0
247,450,SOCIAL_EXPLORER,1,0,1,0,1,0,1,1,1,0,0,1.0,0.25,1.0,0.0,0.0,58.33,0.779,1,1,51513,0,YES,1,3,100.0
321,402,SOCIAL_EXPLORER,1,0,2,0,1,0,1,0,0,0,0,0.5,0.0,0.0,0.0,0.0,27.5,0.2133,0,0,0,0,NO,0,0,9.5
291,550,SPONTANEOUS_ADVENTURER,0,0,1,1,1,0,1,1,0,0,0,0.5,0.2,0.0,0.0,0.0,43.17,0.6031,0,0,0,0,NO,0,0,25.17
246,455,CAUTIOUS_INTROVERT,1,1,1,0,0,0,1,2,1,1,0,0.3333,0.5,1.0,1.0,0.0,54.17,0.664,1,1,38592,1,YES,0,2,100.0
425,489,SOCIAL_EXPLORER,1,1,0,0,0,1,1,0,0,0,0,1.0,0.0,0.0,0.0,0.0,43.33,0.6647,0,0,0,1,YES,0,2,77.33
149,570,CAUTIOUS_INTROVERT,2,1,1,0,0,0,1,2,1,0,1,0.5,0.4,0.5,0.0,1.0,39.67,0.5861,0,0,0,1,SAVE_ONLY,0,1,51.67
180,975,SOCIAL_EXPLORER,0,0,1,1,1,0,1,0,0,0,0,1.0,0.0,0.0,0.0,0.0,49.17,0.6363,1,1,45491,1,YES,0,2,100.0
123,890,BUDGET_CONSCIOUS,1,1,0,0,0,1,1,2,2,1,0,0.5,0.5,1.0,1.0,0.0,63.33,0.5717,1,1,30721,0,NO,0,1,64.08
812,70,BUDGET_CONSCIOUS,1,1,0,0,0,1,1,1,2,1,0,0.5,0.25,1.0,1.0,0.0,58.33,0.623,1,1,38127,0,YES,0,2,100.0
644,599,CAUTIOUS_INTROVERT,0,0,1,1,1,0,1,1,1,0,0,0.5,0.2,0.5,0.0,0.0,48.17,0.4419,0,0,0,0,NO,0,0,30.17
568,816,CAUTIOUS_INTROVERT,1,1,1,0,0,0,1,3,2,1,0,1.0,0.75,1.0,1.0,0.0,72.5,0.935,1,1,58630,0,YES,1,3,100.0
966,909,SELECTIVE_PLANNER,1,0,0,0,1,1,1,0,0,0,0,0.3333,0.0,0.0,0.0,0.0,35.83,0.5978,1,0,0,0,NO,0,0,17.83
705,886,SPONTANEOUS_ADVENTURER,0,1,1,1,0,0,1,0,0,0,1,0.25,0.0,0.0,0.0,1.0,33.33,0.4172,1,1,30480,0,NO,0,1,34.0
21,241,SELECTIVE_PLANNER,1,2,1,0,0,0,1,0,0,0,0,1.0,0.0,0.0,0.0,0.0,31.67,0.0302,0,0,0,0,NO,0,0,13.67
953,23,SPONTANEOUS_ADVENTURER,2,0,0,0,1,1,1,1,0,0,1,0.3333,0.25,0.0,0.0,1.0,40.0,0.6289,1,1,46387,0,YES,0,2,86.24
104,975,SOCIAL_EXPLORER,0,1,1,1,0,0,1,0,0,0,0,1.0,0.0,0.0,0.0,0.0,43.33,0.7414,1,1,46829,1,YES,1,3,100.0
608,273,BUDGET_CONSCIOUS,1,1,0,0,0,1,1,3,1,0,0,1.0,0.75,1.0,0.0,0.0,68.33,0.62,0,0,0,1,YES,0,2,100.0
352,988,SOCIAL_EXPLORER,0,1,0,1,0,1,1,1,0,0,0,0.3333,0.1667,0.0,0.0,0.0,39.17,0.4867,0,0,0,1,SAVE_ONLY,0,1,51.17
328,164,BUDGET_CONSCIOUS,0,2,1,1,0,0,1,0,1,0,0,0.5,0.0,0.3333,0.0,0.0,30.83,0.5199,1,1,37962,1,SAVE_ONLY,0,1,64.12
145,530,BUDGET_CONSCIOUS,1,1,0,0,0,1,1,2,0,1,1,0.5,0.2857,0.0,1.0,1.0,54.05,0.4124,1,1,22212,0,NO,0,1,51.82
929,745,CAUTIOUS_INTROVERT,1,2,0,0,0,1,2,1,1,1,0,1.0,0.1667,1.0,1.0,0.0,60.83,0.6457,1,1,41228,0,YES,0,2,100.0
853,563,SOCIAL_EXPLORER,0,1,0,1,0,1,1,3,1,1,0,0.5,1.0,0.3333,1.0,0.0,72.5,0.7925,1,1,49350,1,YES,1,3,100.0
516,256,BUDGET_CONSCIOUS,1,0,1,0,1,0,1,1,1,0,0,0.5,0.25,1.0,0.0,0.0,48.33,0.5635,0,0,0,0,NO,0,0,30.33
590,749,SOCIAL_EXPLORER,1,2,0,0,0,1,1,1,0,1,0,0.5,0.2,0.0,1.0,0.0,41.5,0.6782,1,1,50159,0,YES,0,2,89.06
330,481,SELECTIVE_PLANNER,0,1,0,1,0,1,1,1,1,1,0,0.5,0.1429,1.0,1.0,0.0,62.02,0.3571,0,0,0,0,NO,0,0,44.02
655,921,SOCIAL_EXPLORER,1,0,1,0,1,0,1,0,1,0,0,0.5,0.0,0.5,0.0,0.0,38.33,0.638,1,1,40362,1,YES,0,2,94.46
729,192,SOCIAL_EXPLORER,1,1,1,0,0,0,1,2,1,0,0,1.0,0.4,1.0,0.0,0.0,55.5,0.7474,1,1,54816,1,YES,1,3,100.0
929,420,CAUTIOUS_INTROVERT,0,1,2,1,0,0,2,0,0,0,0,1.0,0.0,0.0,0.0,0.0,37.5,0.0525,0,0,0,0,NO,0,0,19.5
225,80,BUDGET_CONSCIOUS,2,2,2,0,0,0,1,0,0,0,0,0.3333,0.0,0.0,0.0,0.0,6.67,0.0,0,0,0,0,NO,0,0,0.0
996,783,SPONTANEOUS_ADVENTURER,0,1,0,1,0,1,1,2,2,1,1,1.0,0.5,1.0,1.0,1.0,84.17,1.0,1,1,64036,1,YES,1,3,100.0
942,540,BUDGET_CONSCIOUS,0,1,1,1,0,0,1,0,0,0,0,0.5,0.0,0.0,0.0,0.0,33.33,0.5454,1,1,37970,1,SAVE_ONLY,0,1,66.62
897,587,CAUTIOUS_INTROVERT,0,1,2,1,0,0,1,1,0,0,0,0.5,0.1667,0.0,0.0,0.0,30.83,0.1219,1,0,0,0,NO,0,0,12.83
538,461,SOCIAL_EXPLORER,1,1,2,0,0,0,1,1,1,1,0,0.5,0.25,0.5,1.0,0.0,41.67,0.4056,0,0,0,0,NO,0,0,23.67
939,218,SPONTANEOUS_ADVENTURER,1,1,1,0,0,0,1,1,0,0,0,1.0,0.2,0.0,0.0,0.0,41.5,0.6312,0,0,0,0,YES,0,2,63.5
1013,417,CAUTIOUS_INTROVERT,0,1,1,1,0,0,1,2,1,1,0,0.5,0.4,1.0,1.0,0.0,61.33,0.6563,1,1,39132,1,YES,0,2,100.0
57,428,CAUTIOUS_INTROVERT,1,1,0,0,0,1,1,0,0,0,0,0.5,0.0,0.0,0.0,0.0,33.33,0.3655,1,1,23526,0,NO,0,1,31.56
730,174,SOCIAL_EXPLORER,0,2,1,1,0,0,1,0,0,0,0,0.5,0.0,0.0,0.0,0.0,27.5,0.5456,1,0,0,1,SAVE_ONLY,0,1,39.5
1008,318,BUDGET_CONSCIOUS,0,0,1,1,1,0,1,0,1,1,1,0.5,0.0,1.0,1.0,1.0,64.17,0.888,0,0,0,1,YES,1,3,100.0
19,926,SPONTANEOUS_ADVENTURER,2,1,1,0,0,0,1,2,0,0,0,0.5,0.3333,0.0,0.0,0.0,28.33,0.6777,1,0,0,1,YES,0,2,62.33
867,946,BUDGET_CONSCIOUS,0,0,0,1,1,1,1,0,0,0,0,1.0,0.0,0.0,0.0,0.0,55.0,0.7994,1,0,0,0,YES,1,3,100.0
90,933,SOCIAL_EXPLORER,0,1,1,1,0,0,1,0,0,0,0,1.0,0.0,0.0,0.0,0.0,43.33,0.694,1,1,42439,1,YES,0,2,100.0
912,655,SOCIAL_EXPLORER,0,2,0,1,0,1,1,0,0,0,0,1.0,0.0,0.0,0.0,0.0,43.33,0.6013,0,0,0,0,NO,0,0,25.33
155,719,SPONTANEOUS_ADVENTURER,1,0,0,0,1,1,1,0,1,0,0,0.3333,0.0,1.0,0.0,0.0,45.83,0.785,1,1,52445,1,YES,1,3,100.0
380,175,BUDGET_CONSCIOUS,1,2,0,0,0,1,1,1,1,0,0,0.5,0.1667,0.5,0.0,0.0,35.83,0.4185,1,0,0,0,NO,0,0,17.83
834,130,SOCIAL_EXPLORER,1,0,1,0,1,0,1,0,0,0,0,0.5,0.0,0.0,0.0,0.0,33.33,0.627,0,0,0,1,YES,0,2,67.33
842,34,SOCIAL_EXPLORER,1,2,1,0,0,0,1,2,1,0,0,0.5,0.3333,0.5,0.0,0.0,33.33,0.666,1,0,0,0,YES,0,2,55.33
189,862,SOCIAL_EXPLORER,1,1,2,0,0,0,1,2,1,0,1,0.3333,0.6667,0.3333,0.0,1.0,40.0,0.3345,0,0,0,0,NO,0,0,22.0
557,837,SELECTIVE_PLANNER,1,1,1,0,0,0,1,1,1,0,0,0.3333,0.25,1.0,0.0,0.0,39.17,0.1315,0,0,0,0,NO,0,0,21.17
978,223,BUDGET_CONSCIOUS,0,0,1,1,1,0,1,2,1,0,0,0.5,0.3333,0.5,0.0,0.0,50.83,0.6757,0,0,0,0,YES,0,2,72.83
321,48,SOCIAL_EXPLORER,2,1,1,0,0,0,1,0,0,0,0,0.5,0.0,0.0,0.0,0.0,21.67,0.5573,1,0,0,1,SAVE_ONLY,0,1,33.67
181,799,SOCIAL_EXPLORER,1,1,1,0,0,0,1,2,1,1,0,0.5,0.5,1.0,1.0,0.0,57.5,0.8918,0,0,0,1,SUPER_LIKE,1,3,100.0
196,253,SPONTANEOUS_ADVENTURER,1,1,0,0,0,1,1,0,0,0,0,1.0,0.0,0.0,0.0,0.0,43.33,0.6993,1,0,0,0,YES,0,2,65.33
380,1017,BUDGET_CONSCIOUS,1,1,0,0,0,1,0,0,0,0,0,0.0,0.0,0.0,0.0,0.0,23.33,0.1056,1,0,0,0,NO,0,0,5.33
269,868,SOCIAL_EXPLORER,1,1,1,0,0,0,1,3,2,1,1,0.5,0.5,1.0,1.0,1.0,62.5,0.8087,1,1,56573,0,YES,1,3,100.0
244,691,BUDGET_CONSCIOUS,0,1,0,1,0,1,1,0,0,0,0,0.5,0.0,0.0,0.0,0.0,39.17,0.645,1,1,47252,1,YES,0,2,97.71
720,594,PASSIVE_BROWSER,2,0,1,0,1,0,1,1,1,1,0,0.3333,0.25,0.5,1.0,0.0,44.17,0.3129,1,0,0,0,NO,0,0,26.17
607,330,SOCIAL_EXPLORER,0,1,1,1,0,0,2,1,1,0,0,1.0,0.1429,1.0,0.0,0.0,56.19,0.6697,1,1,41163,1,YES,0,2,100.0
657,334,BUDGET_CONSCIOUS,0,2,0,1,0,1,1,0,0,0,0,0.5,0.0,0.0,0.0,0.0,33.33,0.4367,0,0,0,1,SAVE_ONLY,0,1,45.33
907,53,SOCIAL_EXPLORER,1,2,2,0,0,0,2,0,0,0,0,0.6667,0.0,0.0,0.0,0.0,19.17,0.1404,1,0,0,0,NO,0,0,1.17
421,588,CAUTIOUS_INTROVERT,0,1,1,1,0,0,1,1,0,0,1,1.0,0.2,0.0,0.0,1.0,52.33,0.6728,1,1,50510,1,YES,0,2,100.0
462,698,BUDGET_CONSCIOUS,2,2,1,0,0,0,1,0,0,0,1,0.3333,0.0,0.0,0.0,1.0,17.5,0.0,1,0,0,0,NO,0,0,0.0
299,622,CAUTIOUS_INTROVERT,0,1,1,1,0,0,1,2,1,0,1,1.0,0.5,1.0,0.0,1.0,68.33,0.8185,0,0,0,0,YES,1,3,100.0
540,918,BUDGET_CONSCIOUS,0,0,0,1,1,1,1,0,0,0,0,0.5,0.0,0.0,0.0,0.0,45.0,0.686,0,0,0,0,YES,0,2,67.0
582,938,CAUTIOUS_INTROVERT,1,2,2,0,0,0,1,0,0,0,0,1.0,0.0,0.0,0.0,0.0,25.83,0.1791,0,0,0,0,NO,0,0,7.83
106,311,SOCIAL_EXPLORER,0,2,1,1,0,0,1,2,2,0,0,0.3333,0.3333,1.0,0.0,0.0,40.83,0.7432,0,0,0,1,YES,1,3,100.0
749,994,SOCIAL_EXPLORER,1,1,2,0,0,0,1,2,1,0,1,0.3333,0.4,1.0,0.0,1.0,41.33,0.4516,1,1,28613,0,NO,0,1,41.34
886,712,CAUTIOUS_INTROVERT,1,1,0,0,0,1,1,2,1,1,0,0.25,0.5,1.0,1.0,0.0,58.33,0.6302,1,0,0,0,YES,0,2,80.33
108,709,SPONTANEOUS_ADVENTURER,1,1,0,0,0,1,1,1,0,0,0,0.5,0.1667,0.0,0.0,0.0,36.67,0.6341,1,1,38174,0,YES,0,2,80.03
152,360,PASSIVE_BROWSER,1,0,1,0,1,0,1,0,0,0,1,1.0,0.0,0.0,0.0,1.0,48.33,0.4617,1,1,26287,0,NO,0,1,47.53
186,612,SOCIAL_EXPLORER,1,1,1,0,0,0,1,1,0,1,0,1.0,0.25,0.0,1.0,0.0,52.5,0.6578,1,1,41051,0,YES,0,2,96.87
624,818,BUDGET_CONSCIOUS,0,0,2,1,1,0,1,1,0,0,0,0.3333,0.125,0.0,0.0,0.0,32.5,0.3637,1,0,0,0,NO,0,0,14.5
984,225,SOCIAL_EXPLORER,2,1,0,0,0,1,1,1,1,1,1,0.5,0.25,1.0,1.0,1.0,57.5,0.7958,0,0,0,0,YES,1,3,100.0
559,224,SOCIAL_EXPLORER,1,1,0,0,0,1,1,0,0,0,1,0.5,0.0,0.0,0.0,1.0,38.33,0.6196,1,1,39584,0,NO,0,1,42.18
463,447,CAUTIOUS_INTROVERT,0,1,1,1,0,0,1,2,0,0,1,1.0,0.3333,0.0,0.0,1.0,55.0,0.555,1,1,41204,0,NO,0,1,59.42
127,846,CAUTIOUS_INTROVERT,0,1,2,1,0,0,1,0,0,1,0,1.0,0.0,0.0,1.0,0.0,47.5,0.2456,1,0,0,0,NO,0,0,29.5
629,614,SOCIAL_EXPLORER,0,1,1,1,0,0,1,1,0,0,0,1.0,0.1429,0.0,0.0,0.0,46.19,0.5521,0,0,0,1,SAVE_ONLY,0,1,58.19
566,290,SOCIAL_EXPLORER,1,2,1,0,0,0,1,2,1,1,0,1.0,0.3333,1.0,1.0,0.0,58.33,0.7573,0,0,0,1,YES,1,3,100.0
554,1010,BUDGET_CONSCIOUS,2,1,2,0,0,0,1,0,0,1,0,1.0,0.0,0.0,1.0,0.0,35.83,0.0,0,0,0,0,NO,0,0,17.83
306,892,SOCIAL_EXPLORER,2,1,1,0,0,0,1,1,0,0,0,1.0,0.125,0.0,0.0,0.0,34.17,0.3984,1,0,0,0,NO,0,0,16.17
598,444,CAUTIOUS_INTROVERT,0,0,1,1,1,0,1,2,1,1,0,0.5,0.5,1.0,1.0,0.0,69.17,0.7554,1,1,39720,0,YES,1,3,100.0
918,346,BUDGET_CONSCIOUS,2,0,1,0,1,0,1,0,0,0,0,0.5,0.0,0.0,0.0,0.0,27.5,0.0,0,0,0,0,NO,0,0,9.5
522,156,SOCIAL_EXPLORER,0,1,0,1,0,1,1,0,0,0,0,0.25,0.0,0.0,0.0,0.0,34.17,0.4671,0,0,0,1,SAVE_ONLY,0,1,46.17
884,919,CAUTIOUS_INTROVERT,1,2,2,0,0,0,1,2,1,0,0,0.3333,0.4,0.5,0.0,0.0,25.5,0.1601,0,0,0,0,NO,0,0,7.5
550,1014,CAUTIOUS_INTROVERT,2,1,2,0,0,0,1,1,1,1,0,0.5,0.1667,1.0,1.0,0.0,39.17,0.0647,0,0,0,0,NO,0,0,21.17
598,76,CAUTIOUS_INTROVERT,0,0,2,1,1,0,1,1,1,0,1,0.3333,0.1667,0.5,0.0,1.0,43.33,0.2246,1,1,16233,0,NO,0,0,39.01
135,138,SOCIAL_EXPLORER,1,1,1,0,0,0,1,2,1,0,0,1.0,0.4,0.5,0.0,0.0,50.5,0.6885,1,1,44429,0,YES,0,2,96.05
138,946,BUDGET_CONSCIOUS,0,1,0,1,0,1,1,0,0,0,0,1.0,0.0,0.0,0.0,0.0,49.17,0.6375,0,0,0,1,YES,0,2,83.17
468,892,BUDGET_CONSCIOUS,0,1,1,1,0,0,1,1,0,0,1,0.5,0.2,0.0,0.0,1.0,42.33,0.5005,1,1,37784,1,SAVE_ONLY,0,1,75.55
352,622,SOCIAL_EXPLORER,0,0,1,1,1,0,1,2,1,0,1,0.5,0.5,1.0,0.0,1.0,64.17,0.7504,0,0,0,0,YES,1,3,100.0
323,714,SOCIAL_EXPLORER,1,1,0,0,0,1,1,1,0,0,0,0.3333,0.2,0.0,0.0,0.0,34.0,0.6586,0,0,0,1,YES,0,2,68.0
811,941,SOCIAL_EXPLORER,0,2,0,1,0,1,1,2,0,0,0,0.5,0.3333,0.0,0.0,0.0,40.0,0.5918,1,1,37464,1,SAVE_ONLY,0,1,73.11
698,727,SOCIAL_EXPLORER,2,0,0,0,1,1,1,0,1,1,1,0.3333,0.0,0.3333,1.0,1.0,48.33,0.7046,1,1,41055,0,YES,1,3,100.0
327,46,SPONTANEOUS_ADVENTURER,0,1,1,1,0,0,2,1,0,0,0,1.0,0.2,0.0,0.0,0.0,47.33,0.6232,1,1,37507,0,YES,0,2,90.46
472,17,SOCIAL_EXPLORER,1,1,1,0,0,0,1,1,0,1,1,0.25,0.1429,0.0,1.0,1.0,40.36,0.476,1,1,34939,1,SAVE_ONLY,0,1,72.59
248,796,SOCIAL_EXPLORER,0,1,0,1,0,1,1,0,0,0,0,0.5,0.0,0.0,0.0,0.0,39.17,0.4694,0,0,0,0,NO,0,0,21.17
975,55,SPONTANEOUS_ADVENTURER,0,0,0,1,1,1,1,0,0,0,0,1.0,0.0,0.0,0.0,0.0,55.0,0.7981,0,0,0,0,YES,1,3,100.0
829,111,SOCIAL_EXPLORER,0,0,2,1,1,0,1,1,1,0,0,0.5,0.2,1.0,0.0,0.0,47.33,0.5272,0,0,0,1,SAVE_ONLY,0,1,59.33
795,92,CAUTIOUS_INTROVERT,1,1,0,0,0,1,1,1,0,0,0,1.0,0.125,0.0,0.0,0.0,45.83,0.3817,1,0,0,0,NO,0,0,27.83
348,867,SOCIAL_EXPLORER,1,2,1,0,0,0,1,1,1,1,0,1.0,0.2,1.0,1.0,0.0,55.67,0.7117,1,0,0,1,YES,1,3,100.0
821,750,PASSIVE_BROWSER,0,1,1,1,0,0,1,0,0,0,0,0.5,0.0,0.0,0.0,0.0,33.33,0.0354,0,0,0,0,NO,0,0,15.33
744,543,SOCIAL_EXPLORER,0,1,2,1,0,0,1,2,1,1,0,1.0,0.4,0.5,1.0,0.0,60.5,0.667,0,0,0,0,YES,0,2,82.5
347,434,CAUTIOUS_INTROVERT,1,1,1,0,0,0,1,0,0,0,0,1.0,0.0,0.0,0.0,0.0,37.5,0.3121,1,0,0,0,NO,0,0,19.5
840,89,BUDGET_CONSCIOUS,2,1,2,0,0,0,1,1,1,0,1,1.0,0.2,0.5,0.0,1.0,39.83,0.0365,1,0,0,0,NO,0,0,21.83
300,55,SOCIAL_EXPLORER,0,1,1,1,0,0,1,3,1,1,1,1.0,0.75,1.0,1.0,1.0,83.33,0.9737,1,1,57506,0,YES,1,3,100.0
40,137,BUDGET_CONSCIOUS,0,0,0,1,1,1,1,0,0,1,0,0.5,0.0,0.0,1.0,0.0,55.0,0.7222,1,1,53069,1,YES,1,3,100.0
167,963,CAUTIOUS_INTROVERT,1,1,2,0,0,0,2,1,1,0,0,0.6667,0.2,0.5,0.0,0.0,34.0,0.0,0,0,0,0,NO,0,0,16.0
511,663,SOCIAL_EXPLORER,0,0,0,1,1,1,1,2,1,0,0,0.5,0.5,1.0,0.0,0.0,65.0,0.997,1,1,56147,1,YES,1,3,100.0
406,497,CAUTIOUS_INTROVERT,1,1,1,0,0,0,1,1,0,0,0,1.0,0.25,0.0,0.0,0.0,42.5,0.4878,1,1,39574,0,NO,0,1,46.35
852,589,SOCIAL_EXPLORER,0,1,0,1,0,1,1,0,0,1,0,0.5,0.0,0.0,1.0,0.0,49.17,0.6201,1,1,37746,0,YES,0,2,92.38
878,358,SPONTANEOUS_ADVENTURER,1,1,0,0,0,1,1,0,0,0,0,1.0,0.0,0.0,0.0,0.0,43.33,0.6457,1,1,37058,1,YES,0,2,98.3
47,814,SOCIAL_EXPLORER,1,0,1,0,1,0,1,1,0,0,1,0.5,0.25,0.0,0.0,1.0,43.33,0.6671,1,1,45286,1,YES,0,2,100.0
636,59,SPONTANEOUS_ADVENTURER,2,1,1,0,0,0,1,2,1,0,1,0.3333,0.4,0.5,0.0,1.0,36.33,0.6287,1,0,0,1,YES,0,2,70.33
64,379,CAUTIOUS_INTROVERT,0,2,0,1,0,1,1,0,0,0,0,1.0,0.0,0.0,0.0,0.0,43.33,0.3023,0,0,0,0,NO,0,0,25.33
226,502,SPONTANEOUS_ADVENTURER,0,1,0,1,0,1,1,0,1,1,0,1.0,0.0,0.3333,1.0,0.0,62.5,0.8089,0,0,0,0,YES,1,3,100.0
924,318,SELECTIVE_PLANNER,1,2,1,0,0,0,1,3,1,1,1,1.0,0.75,1.0,1.0,1.0,71.67,0.6481,0,0,0,0,YES,0,2,93.67
752,443,BUDGET_CONSCIOUS,0,0,0,1,1,1,1,2,1,0,0,0.5,0.4,0.5,0.0,0.0,58.0,0.7799,1,0,0,0,YES,1,3,100.0
128,741,CAUTIOUS_INTROVERT,0,2,2,1,0,0,1,0,0,0,0,0.3333,0.0,0.0,0.0,0.0,18.33,0.0771,0,0,0,0,NO,0,0,0.33
113,67,CAUTIOUS_INTROVERT,1,0,0,0,1,1,1,0,0,0,0,0.3333,0.0,0.0,0.0,0.0,35.83,0.4912,1,1,34139,1,SAVE_ONLY,0,1,67.78
21,957,SELECTIVE_PLANNER,0,2,1,1,0,0,1,0,0,0,0,0.3333,0.0,0.0,0.0,0.0,24.17,0.0,0,0,0,0,NO,0,0,6.17
469,382,BUDGET_CONSCIOUS,2,0,1,0,1,0,1,1,1,0,0,1.0,0.1667,1.0,0.0,0.0,50.83,0.2561,1,0,0,0,NO,0,0,32.83
683,460,BUDGET_CONSCIOUS,0,1,1,1,0,0,1,1,0,1,0,0.5,0.2,0.0,1.0,0.0,47.33,0.6785,1,1,46727,0,YES,0,2,93.68
280,866,CAUTIOUS_INTROVERT,1,0,1,0,1,0,1,2,1,1,0,1.0,0.5,0.5,1.0,0.0,68.33,0.6843,1,1,38664,0,YES,0,2,100.0
274,316,BUDGET_CONSCIOUS,0,2,2,1,0,0,1,2,1,0,1,0.5,0.5,1.0,0.0,1.0,46.67,0.624,1,1,37683,0,YES,0,2,89.86
432,219,BUDGET_CONSCIOUS,1,0,0,0,1,1,1,2,1,1,1,1.0,1.0,1.0,1.0,1.0,94.17,0.8982,1,1,60028,0,YES,1,3,100.0
110,464,CAUTIOUS_INTROVERT,0,0,1,1,1,0,1,3,1,1,0,1.0,0.75,0.5,1.0,0.0,79.17,0.8305,1,1,48312,1,SUPER_LIKE,1,3,100.0
906,672,SOCIAL_EXPLORER,1,0,2,0,1,0,1,1,1,0,0,0.3333,0.2,0.5,0.0,0.0,33.17,0.1396,0,0,0,0,NO,0,0,15.17
252,691,SOCIAL_EXPLORER,2,1,2,0,0,0,1,2,1,1,1,0.5,0.4,1.0,1.0,1.0,48.83,0.4806,0,0,0,1,SAVE_ONLY,0,1,60.83
300,932,SOCIAL_EXPLORER,1,1,1,0,0,0,1,0,0,0,0,0.5,0.0,0.0,0.0,0.0,27.5,0.6224,1,1,33656,1,YES,0,2,81.28
367,728,SOCIAL_EXPLORER,0,1,2,1,0,0,2,1,1,0,0,1.0,0.2,0.5,0.0,0.0,46.5,0.5321,1,0,0,1,SAVE_ONLY,0,1,58.5
444,237,BUDGET_CONSCIOUS,1,0,0,0,1,1,1,0,0,0,1,1.0,0.0,0.0,0.0,1.0,54.17,0.6536,0,0,0,0,YES,0,2,76.17
728,288,CAUTIOUS_INTROVERT,1,0,0,0,1,1,1,2,1,0,1,0.5,0.5,1.0,0.0,1.0,64.17,0.6425,0,0,0,0,YES,0,2,86.17
664,130,SPONTANEOUS_ADVENTURER,1,0,0,0,1,1,1,1,0,0,0,0.5,0.1429,0.0,0.0,0.0,42.02,0.6544,0,0,0,0,YES,0,2,64.02
576,568,BUDGET_CONSCIOUS,1,0,1,0,1,0,1,2,1,1,0,0.5,0.4,0.5,1.0,0.0,56.33,0.468,1,1,39669,0,NO,0,1,60.21
536,142,BUDGET_CONSCIOUS,1,0,0,0,1,1,1,1,1,0,1,0.5,0.1667,0.5,0.0,1.0,52.5,0.4176,1,0,0,0,NO,0,0,34.5
632,926,SPONTANEOUS_ADVENTURER,2,1,1,0,0,0,1,2,1,1,0,0.5,0.3333,1.0,1.0,0.0,48.33,0.8675,1,1,60521,0,SUPER_LIKE,1,3,100.0
456,755,SOCIAL_EXPLORER,0,0,1,1,1,0,1,1,1,1,1,1.0,0.2,0.3333,1.0,1.0,71.5,0.8979,1,1,53425,1,SUPER_LIKE,1,3,100.0
744,715,SOCIAL_EXPLORER,1,1,0,0,0,1,1,1,0,0,0,0.5,0.1667,0.0,0.0,0.0,36.67,0.6272,1,0,0,0,YES,0,2,58.67
515,301,SOCIAL_EXPLORER,1,1,1,0,0,0,1,0,0,0,0,0.3333,0.0,0.0,0.0,0.0,24.17,0.4693,1,0,0,0,NO,0,0,6.17
248,783,SOCIAL_EXPLORER,1,1,1,0,0,0,1,0,0,0,0,0.5,0.0,0.0,0.0,0.0,27.5,0.4506,0,0,0,1,SAVE_ONLY,0,1,39.5
595,591,CAUTIOUS_INTROVERT,0,0,2,1,1,0,1,4,1,1,1,1.0,1.0,1.0,1.0,1.0,88.33,0.6987,1,1,37618,0,YES,0,2,100.0
454,35,SELECTIVE_PLANNER,1,1,1,0,0,0,1,2,1,1,1,0.5,1.0,0.5,1.0,1.0,67.5,0.4487,1,1,34926,0,NO,0,1,69.72
862,790,BUDGET_CONSCIOUS,1,2,0,0,0,1,1,0,0,1,0,1.0,0.0,0.0,1.0,0.0,47.5,0.338,1,1,26654,0,NO,0,1,46.83
809,391,SELECTIVE_PLANNER,1,0,0,0,1,1,1,1,0,0,0,0.3333,0.1667,0.0,0.0,0.0,39.17,0.6364,1,0,0,1,YES,0,2,73.17
152,447,BUDGET_CONSCIOUS,0,1,1,1,0,0,1,2,1,1,1,1.0,0.5,0.5,1.0,1.0,73.33,0.7775,0,0,0,0,YES,1,3,100.0
863,525,BUDGET_CONSCIOUS,1,1,2,0,0,0,1,1,0,0,0,0.5,0.1429,0.0,0.0,0.0,24.52,0.3921,1,1,35324,0,NO,0,1,26.88
209,442,SOCIAL_EXPLORER,1,1,1,0,0,0,1,0,1,1,0,0.5,0.0,0.3333,1.0,0.0,40.83,0.638,0,0,0,0,YES,0,2,62.83
873,98,SOCIAL_EXPLORER,2,1,2,0,0,0,1,3,1,1,1,0.5,0.75,1.0,1.0,1.0,55.83,0.5793,1,1,37734,0,NO,0,1,59.04
85,210,SPONTANEOUS_ADVENTURER,0,1,1,1,0,0,1,0,0,0,0,0.5,0.0,0.0,0.0,0.0,33.33,0.6194,1,0,0,1,SAVE_ONLY,0,1,45.33
89,998,CAUTIOUS_INTROVERT,2,2,0,0,0,1,1,2,0,1,0,1.0,0.4,0.0,1.0,0.0,49.67,0.6963,0,0,0,0,YES,0,2,71.67
539,323,BUDGET_CONSCIOUS,1,2,2,0,0,0,1,2,1,1,1,0.3333,0.5,1.0,1.0,1.0,47.5,0.5983,1,0,0,1,SAVE_ONLY,0,1,59.5
18,428,CAUTIOUS_INTROVERT,0,0,0,1,1,1,1,0,0,0,0,0.5,0.0,0.0,0.0,0.0,45.0,0.4664,0,0,0,1,SAVE_ONLY,0,1,57.0
279,702,SELECTIVE_PLANNER,1,1,1,0,0,0,1,1,1,1,1,0.3333,0.2,1.0,1.0,1.0,53.17,0.285,0,0,0,0,NO,0,0,35.17
402,260,CAUTIOUS_INTROVERT,1,2,2,0,0,0,1,3,1,1,1,1.0,0.75,1.0,1.0,1.0,65.83,0.646,1,1,41106,1,YES,0,2,100.0
956,890,CAUTIOUS_INTROVERT,0,0,0,1,1,1,1,0,0,0,0,0.5,0.0,0.0,0.0,0.0,45.0,0.3643,1,1,18814,0,NO,0,1,41.58
21,501,SELECTIVE_PLANNER,1,1,1,0,0,0,1,0,0,0,1,0.5,0.0,0.0,0.0,1.0,32.5,0.2606,1,1,28015,0,NO,0,1,32.31
55,221,PASSIVE_BROWSER,0,0,1,1,1,0,1,2,1,0,0,1.0,0.5,1.0,0.0,0.0,69.17,0.601,0,0,0,1,SAVE_ONLY,0,1,81.17
399,836,SPONTANEOUS_ADVENTURER,1,0,1,0,1,0,1,1,1,0,0,0.5,0.2,0.5,0.0,0.0,42.33,0.853,1,1,55236,1,YES,1,3,100.0
533,299,SOCIAL_EXPLORER,1,0,2,0,1,0,1,3,1,1,1,1.0,0.6,1.0,1.0,1.0,74.5,0.5688,1,1,41931,0,NO,0,1,79.18
724,154,CAUTIOUS_INTROVERT,0,2,1,1,0,0,1,1,0,0,1,0.5,0.2,0.0,0.0,1.0,36.5,0.2457,1,0,0,0,NO,0,0,18.5
841,395,SOCIAL_EXPLORER,0,1,1,1,0,0,1,0,0,1,0,0.5,0.0,0.0,1.0,0.0,43.33,0.6879,1,1,40160,1,YES,0,2,99.39
612,395,BUDGET_CONSCIOUS,1,0,0,0,1,1,1,1,0,1,0,0.5,0.1667,0.0,1.0,0.0,52.5,0.5721,1,1,33734,0,NO,0,1,54.31
805,946,SPONTANEOUS_ADVENTURER,1,2,0,0,0,1,1,0,0,0,0,0.5,0.0,0.0,0.0,0.0,27.5,0.1731,0,0,0,0,NO,0,0,9.5
833,489,SOCIAL_EXPLORER,1,1,0,0,0,1,1,4,0,1,1,0.5,1.0,0.0,1.0,1.0,68.33,0.7876,1,1,44279,0,YES,1,3,100.0
485,356,BUDGET_CONSCIOUS,1,0,1,0,1,0,1,0,0,0,0,0.5,0.0,0.0,0.0,0.0,33.33,0.4789,1,1,29057,1,SAVE_ONLY,0,1,63.5
705,895,SPONTANEOUS_ADVENTURER,0,1,0,1,0,1,1,0,0,0,1,0.3333,0.0,0.0,0.0,1.0,40.83,0.5848,0,0,0,1,SAVE_ONLY,0,1,52.83
730,860,SOCIAL_EXPLORER,1,0,0,0,1,1,1,0,0,0,0,1.0,0.0,0.0,0.0,0.0,49.17,0.5474,1,1,30114,1,SAVE_ONLY,0,1,79.71
79,905,SPONTANEOUS_ADVENTURER,0,1,0,1,0,1,1,1,1,1,1,1.0,0.1429,0.3333,1.0,1.0,70.36,0.9906,1,1,54606,1,SUPER_LIKE,1,3,100.0
337,464,SOCIAL_EXPLORER,0,1,1,1,0,0,1,0,0,0,0,0.5,0.0,0.0,0.0,0.0,33.33,0.5457,1,1,43941,0,NO,0,1,38.71
63,656,SPONTANEOUS_ADVENTURER,2,1,0,0,0,1,1,1,0,0,0,1.0,0.125,0.0,0.0,0.0,40.0,0.4305,0,0,0,1,SAVE_ONLY,0,1,52.0
755,928,PASSIVE_BROWSER,2,1,0,0,0,1,1,0,1,1,1,0.5,0.0,0.3333,1.0,1.0,45.83,0.4355,0,0,0,1,SAVE_ONLY,0,1,57.83
835,982,SPONTANEOUS_ADVENTURER,1,0,0,0,1,1,1,2,1,0,1,0.3333,0.4,0.5,0.0,1.0,53.83,0.9549,1,1,55460,1,YES,1,3,100.0
770,805,CAUTIOUS_INTROVERT,0,2,1,1,0,0,1,2,0,0,1,0.5,0.6667,0.0,0.0,1.0,45.83,0.5772,1,1,38904,0,NO,0,1,49.45
988,1014,SOCIAL_EXPLORER,1,1,0,0,0,1,1,2,0,0,1,0.5,0.4,0.0,0.0,1.0,46.33,0.6685,1,0,0,1,YES,0,2,80.33
997,514,BUDGET_CONSCIOUS,1,1,0,0,0,1,1,2,0,0,1,0.3333,0.4,0.0,0.0,1.0,43.0,0.4614,0,0,0,1,SAVE_ONLY,0,1,55.0
27,171,BUDGET_CONSCIOUS,0,1,1,1,0,0,1,1,1,0,0,0.5,0.1667,0.5,0.0,0.0,41.67,0.5052,0,0,0,1,SAVE_ONLY,0,1,53.67
245,98,SELECTIVE_PLANNER,2,0,1,0,1,0,1,1,0,0,0,0.5,0.1667,0.0,0.0,0.0,30.83,0.6282,1,1,37203,0,YES,0,2,73.85
544,665,BUDGET_CONSCIOUS,1,0,1,0,1,0,1,0,0,0,1,1.0,0.0,0.0,0.0,1.0,48.33,0.4773,0,0,0,0,NO,0,0,30.33
865,247,BUDGET_CONSCIOUS,1,0,0,0,1,1,1,1,1,0,0,0.5,0.25,1.0,0.0,0.0,54.17,0.6227,1,1,33381,0,YES,0,2,95.85
327,360,SPONTANEOUS_ADVENTURER,1,1,1,0,0,0,1,1,0,0,0,0.5,0.2,0.0,0.0,0.0,31.5,0.4681,0,0,0,1,SAVE_ONLY,0,1,43.5
459,366,SOCIAL_EXPLORER,0,1,0,1,0,1,1,3,1,0,0,0.3333,0.5,1.0,0.0,0.0,55.83,0.8987,1,1,59934,0,YES,1,3,100.0
255,1003,CAUTIOUS_INTROVERT,1,0,1,0,1,0,1,1,0,0,0,1.0,0.1429,0.0,0.0,0.0,46.19,0.4685,1,0,0,1,SAVE_ONLY,0,1,58.19
81,836,SOCIAL_EXPLORER,1,0,0,0,1,1,1,1,1,1,0,0.5,0.2,1.0,1.0,0.0,63.17,0.9787,1,1,52566,1,YES,1,3,100.0
626,874,SOCIAL_EXPLORER,0,1,1,1,0,0,1,1,0,0,0,1.0,0.25,0.0,0.0,0.0,48.33,0.6733,1,1,43619,1,YES,0,2,100.0
38,375,CAUTIOUS_INTROVERT,1,0,0,0,1,1,1,1,0,1,1,1.0,0.1667,0.0,1.0,1.0,67.5,0.6338,1,1,40234,0,YES,0,2,100.0
796,337,SOCIAL_EXPLORER,1,1,0,0,0,1,1,1,1,0,0,0.5,0.2,1.0,0.0,0.0,47.33,0.743,1,0,0,1,YES,1,3,100.0
212,518,BUDGET_CONSCIOUS,0,1,1,1,0,0,1,1,0,1,0,0.5,0.2,0.0,1.0,0.0,47.33,0.6639,1,0,0,1,YES,0,2,81.33
526,33,BUDGET_CONSCIOUS,0,0,0,1,1,1,1,2,0,0,1,1.0,0.4,0.0,0.0,1.0,68.0,0.9041,1,1,51194,0,YES,1,3,100.0
908,635,CAUTIOUS_INTROVERT,2,0,1,0,1,0,1,2,1,1,0,0.3333,0.6667,1.0,1.0,0.0,57.5,0.7987,1,1,43652,0,YES,1,3,100.0
69,413,SOCIAL_EXPLORER,0,2,0,1,0,1,1,3,1,0,1,0.3333,0.75,0.5,0.0,1.0,55.0,0.6589,1,1,46159,1,YES,0,2,100.0
21,305,SELECTIVE_PLANNER,1,1,1,0,0,0,1,0,0,0,1,0.5,0.0,0.0,0.0,1.0,32.5,0.0891,1,0,0,0,NO,0,0,14.5
344,624,BUDGET_CONSCIOUS,0,0,1,1,1,0,1,0,0,0,0,0.5,0.0,0.0,0.0,0.0,39.17,0.4608,0,0,0,1,SAVE_ONLY,0,1,51.17
47,808,SOCIAL_EXPLORER,0,0,1,1,1,0,1,0,0,0,0,0.5,0.0,0.0,0.0,0.0,39.17,0.648,1,1,41225,0,YES,0,2,83.6
268,198,SOCIAL_EXPLORER,2,0,2,0,1,0,1,0,0,0,0,1.0,0.0,0.0,0.0,0.0,31.67,0.4139,1,1,21140,0,NO,0,1,29.07
670,855,CAUTIOUS_INTROVERT,0,2,1,1,0,0,1,2,1,1,1,0.5,1.0,1.0,1.0,1.0,72.5,0.8016,1,0,0,0,YES,1,3,100.0
400,226,CAUTIOUS_INTROVERT,0,1,1,1,0,0,1,1,1,1,0,1.0,0.3333,0.5,1.0,0.0,65.0,0.7721,0,0,0,0,YES,1,3,100.0
915,904,SOCIAL_EXPLORER,0,0,1,1,1,0,1,0,0,0,0,1.0,0.0,0.0,0.0,0.0,49.17,0.7204,1,0,0,1,YES,1,3,100.0
386,942,BUDGET_CONSCIOUS,0,1,1,1,0,0,1,1,0,0,0,0.3333,0.2,0.0,0.0,0.0,34.0,0.6043,1,0,0,1,SAVE_ONLY,0,1,46.0
894,918,SPONTANEOUS_ADVENTURER,1,0,1,0,1,0,1,1,0,0,0,0.3333,0.25,0.0,0.0,0.0,35.0,0.6692,0,0,0,1,YES,0,2,69.0
668,657,SOCIAL_EXPLORER,2,2,2,0,0,0,1,3,0,1,1,1.0,0.6,0.0,1.0,1.0,47.0,0.5176,1,0,0,0,NO,0,0,29.0
901,503,CAUTIOUS_INTROVERT,0,0,2,1,1,0,1,2,1,1,0,0.5,0.4,1.0,1.0,0.0,61.33,0.5383,1,0,0,1,SAVE_ONLY,0,1,73.33
285,532,SOCIAL_EXPLORER,1,0,1,0,1,0,1,1,0,0,0,1.0,0.1429,0.0,0.0,0.0,46.19,0.6706,1,1,47892,1,YES,0,2,100.0
226,469,SPONTANEOUS_ADVENTURER,1,0,0,0,1,1,1,1,0,1,0,1.0,0.2,0.0,1.0,0.0,63.17,0.8562,1,1,48727,0,YES,1,3,100.0
803,540,BUDGET_CONSCIOUS,0,1,0,1,0,1,1,2,1,0,0,0.5,0.4,1.0,0.0,0.0,57.17,0.7685,1,1,44754,1,YES,1,3,100.0
217,462,SELECTIVE_PLANNER,2,0,0,0,1,1,1,0,0,0,0,0.5,0.0,0.0,0.0,0.0,33.33,0.4902,1,1,38174,1,SAVE_ONLY,0,1,66.69
209,904,SOCIAL_EXPLORER,0,1,1,1,0,0,1,1,0,0,1,1.0,0.3333,0.0,0.0,1.0,55.0,0.678,1,1,44879,0,YES,0,2,100.0
873,662,SOCIAL_EXPLORER,2,0,0,0,1,1,1,1,1,1,0,0.3333,0.2,1.0,1.0,0.0,54.0,0.7555,1,1,54963,0,YES,1,3,100.0
143,432,BUDGET_CONSCIOUS,0,2,0,1,0,1,1,0,0,0,1,1.0,0.0,0.0,0.0,1.0,48.33,0.6495,0,0,0,0,YES,0,2,70.33
22,512,SOCIAL_EXPLORER,0,1,1,1,0,0,1,1,0,0,1,0.5,0.1429,0.0,0.0,1.0,41.19,0.6604,1,1,34526,0,YES,0,2,83.27
791,144,BUDGET_CONSCIOUS,2,0,0,0,1,1,1,1,0,0,0,0.5,0.2,0.0,0.0,0.0,37.33,0.0339,0,0,0,0,NO,0,0,19.33
665,660,SOCIAL_EXPLORER,1,1,1,0,0,0,1,1,0,1,0,1.0,0.2,0.0,1.0,0.0,51.5,0.7927,0,0,0,0,YES,1,3,100.0
654,615,BUDGET_CONSCIOUS,0,2,1,1,0,0,1,0,0,0,0,0.3333,0.0,0.0,0.0,0.0,24.17,0.5339,1,1,34211,1,SAVE_ONLY,0,1,56.14
984,448,SOCIAL_EXPLORER,0,1,0,1,0,1,1,1,0,0,0,1.0,0.2,0.0,0.0,0.0,53.17,0.6384,0,0,0,0,YES,0,2,75.17
361,923,BUDGET_CONSCIOUS,2,1,1,0,0,0,1,0,0,0,0,1.0,0.0,0.0,0.0,0.0,31.67,0.0386,0,0,0,0,NO,0,0,13.67
412,916,CAUTIOUS_INTROVERT,1,2,1,0,0,0,1,3,1,1,0,0.5,0.75,1.0,1.0,0.0,56.67,0.8265,0,0,0,1,SUPER_LIKE,1,3,100.0
982,469,BUDGET_CONSCIOUS,0,0,0,1,1,1,1,2,1,0,0,0.3333,0.4,1.0,0.0,0.0,59.67,0.6412,0,0,0,0,YES,0,2,81.67
209,238,SOCIAL_EXPLORER,1,0,0,0,1,1,1,0,0,0,1,1.0,0.0,0.0,0.0,1.0,54.17,0.6571,1,1,45852,1,YES,0,2,100.0
249,951,SOCIAL_EXPLORER,1,1,1,0,0,0,1,1,1,0,1,1.0,0.2,1.0,0.0,1.0,56.5,0.6291,1,1,37607,0,YES,0,2,99.66
840,602,BUDGET_CONSCIOUS,1,1,2,0,0,0,1,1,1,0,0,1.0,0.25,0.5,0.0,0.0,41.67,0.5268,1,1,29614,1,SAVE_ONLY,0,1,72.03
605,488,SOCIAL_EXPLORER,0,0,0,1,1,1,1,2,2,1,1,0.5,0.5,1.0,1.0,1.0,80.0,1.0,1,1,62736,0,SUPER_LIKE,1,3,100.0
559,454,SOCIAL_EXPLORER,0,1,1,1,0,0,1,0,0,0,0,1.0,0.0,0.0,0.0,0.0,43.33,0.6417,1,0,0,0,YES,0,2,65.33
165,779,CAUTIOUS_INTROVERT,0,1,0,1,0,1,1,1,0,0,1,1.0,0.2,0.0,0.0,1.0,58.17,0.6321,1,1,42560,1,YES,0,2,100.0
822,74,SOCIAL_EXPLORER,1,0,0,0,1,1,1,1,1,0,0,1.0,0.1667,0.5,0.0,0.0,57.5,0.6762,1,0,0,0,YES,0,2,79.5
318,466,BUDGET_CONSCIOUS,0,1,1,1,0,0,1,2,1,0,0,1.0,0.4,1.0,0.0,0.0,61.33,0.6887,0,0,0,1,YES,0,2,95.33
75,317,BUDGET_CONSCIOUS,0,0,1,1,1,0,1,1,0,0,0,0.5,0.25,0.0,0.0,0.0,44.17,0.6758,1,1,43155,0,YES,0,2,89.27
369,344,SOCIAL_EXPLORER,1,0,1,0,1,0,1,1,1,1,1,0.5,0.2,1.0,1.0,1.0,62.33,0.6744,1,1,43223,1,YES,0,2,100.0
353,30,CAUTIOUS_INTROVERT,1,0,1,0,1,0,1,1,0,0,0,1.0,0.2,0.0,0.0,0.0,47.33,0.4786,1,1,35183,0,NO,0,1,49.64
438,282,SOCIAL_EXPLORER,2,1,0,0,0,1,1,1,0,0,1,0.5,0.1667,0.0,0.0,1.0,35.83,0.5106,1,0,0,1,SAVE_ONLY,0,1,47.83
383,237,BUDGET_CONSCIOUS,0,0,1,1,1,0,1,0,1,1,1,0.5,0.0,0.5,1.0,1.0,59.17,0.7745,1,1,44693,0,YES,1,3,100.0
488,1003,SOCIAL_EXPLORER,1,0,1,0,1,0,1,0,0,0,0,1.0,0.0,0.0,0.0,0.0,43.33,0.5759,1,1,40884,0,NO,0,1,47.64
822,76,SOCIAL_EXPLORER,1,1,0,0,0,1,1,1,1,0,0,0.5,0.1429,0.5,0.0,0.0,41.19,0.6765,0,0,0,1,YES,0,2,75.19
155,863,SPONTANEOUS_ADVENTURER,1,0,1,0,1,0,1,1,1,1,1,0.5,0.1667,1.0,1.0,1.0,61.67,0.8586,1,0,0,1,YES,1,3,100.0
631,658,BUDGET_CONSCIOUS,1,1,0,0,0,1,1,0,0,0,0,0.3333,0.0,0.0,0.0,0.0,30.0,0.2996,1,1,29154,0,NO,0,1,30.2
112,437,CAUTIOUS_INTROVERT,0,1,1,1,0,0,1,1,1,0,0,0.3333,0.1429,0.5,0.0,0.0,37.86,0.4502,1,1,23083,0,NO,0,1,35.94
99,797,BUDGET_CONSCIOUS,1,2,1,0,0,0,1,1,0,0,0,1.0,0.25,0.0,0.0,0.0,36.67,0.5148,1,1,32371,1,SAVE_ONLY,0,1,68.0
813,326,CAUTIOUS_INTROVERT,1,0,1,0,1,0,1,1,0,0,0,0.5,0.25,0.0,0.0,0.0,38.33,0.409,0,0,0,0,NO,0,0,20.33
448,306,SOCIAL_EXPLORER,0,2,0,1,0,1,1,1,0,0,0,1.0,0.125,0.0,0.0,0.0,45.83,0.587,0,0,0,1,SAVE_ONLY,0,1,57.83
716,162,BUDGET_CONSCIOUS,1,0,0,0,1,1,1,1,1,1,1,0.5,0.25,0.5,1.0,1.0,64.17,0.6683,1,1,41518,1,YES,0,2,100.0
323,675,SOCIAL_EXPLORER,1,1,1,0,0,0,1,1,0,0,0,0.5,0.1429,0.0,0.0,0.0,30.36,0.3977,0,0,0,0,NO,0,0,12.36
981,274,BUDGET_CONSCIOUS,0,1,0,1,0,1,2,0,1,1,0,1.0,0.0,1.0,1.0,0.0,69.17,0.9318,1,0,0,1,YES,1,3,100.0
20,287,BUDGET_CONSCIOUS,0,1,1,1,0,0,1,2,0,1,0,0.3333,0.4,0.0,1.0,0.0,48.0,0.7135,1,0,0,0,YES,1,3,100.0
904,989,SELECTIVE_PLANNER,1,1,0,0,0,1,1,2,1,1,1,1.0,0.5,0.5,1.0,1.0,73.33,0.6286,1,1,44517,0,YES,0,2,100.0
274,205,BUDGET_CONSCIOUS,1,0,1,0,1,0,2,2,1,1,0,1.0,0.3333,1.0,1.0,0.0,70.0,0.721,1,0,0,1,YES,1,3,100.0
90,349,SOCIAL_EXPLORER,0,2,0,1,0,1,1,2,0,0,0,1.0,0.2857,0.0,0.0,0.0,49.05,0.8235,1,0,0,1,SUPER_LIKE,1,3,100.0
791,172,BUDGET_CONSCIOUS,2,1,1,0,0,0,1,1,0,0,0,0.5,0.2,0.0,0.0,0.0,25.67,0.0,1,0,0,0,NO,0,0,7.67
680,563,SELECTIVE_PLANNER,1,2,1,0,0,0,1,0,0,0,0,0.3333,0.0,0.0,0.0,0.0,18.33,0.1149,0,0,0,0,NO,0,0,0.33
449,669,PASSIVE_BROWSER,1,1,1,0,0,0,1,1,0,1,1,1.0,0.1667,0.0,1.0,1.0,55.83,0.4618,0,0,0,0,NO,0,0,37.83
42,441,CAUTIOUS_INTROVERT,0,1,2,1,0,0,1,2,1,1,1,0.5,0.5,0.5,1.0,1.0,57.5,0.6078,1,0,0,1,SAVE_ONLY,0,1,69.5
84,681,SELECTIVE_PLANNER,1,0,0,0,1,1,1,0,0,0,0,0.5,0.0,0.0,0.0,0.0,39.17,0.7018,1,1,44097,0,YES,1,3,100.0
29,564,SOCIAL_EXPLORER,0,2,0,1,0,1,2,0,0,0,0,0.6667,0.0,0.0,0.0,0.0,36.67,0.6517,0,0,0,0,YES,0,2,58.67
333,120,SOCIAL_EXPLORER,1,0,0,0,1,1,1,0,0,0,0,1.0,0.0,0.0,0.0,0.0,49.17,0.8082,1,1,45767,0,YES,1,3,100.0
955,375,BUDGET_CONSCIOUS,2,2,1,0,0,0,1,0,0,0,0,1.0,0.0,0.0,0.0,0.0,25.83,0.0,0,0,0,0,NO,0,0,7.83
482,88,CAUTIOUS_INTROVERT,0,0,0,1,1,1,1,1,0,0,0,0.3333,0.2,0.0,0.0,0.0,45.67,0.3486,1,1,22426,0,NO,0,1,43.52
845,926,CAUTIOUS_INTROVERT,1,0,0,0,1,1,1,1,0,0,0,0.5,0.1429,0.0,0.0,0.0,42.02,0.2797,0,0,0,0,NO,0,0,24.02
347,79,CAUTIOUS_INTROVERT,0,0,1,1,1,0,1,1,1,1,0,1.0,0.125,0.5,1.0,0.0,66.67,0.564,0,0,0,1,SAVE_ONLY,0,1,78.67
142,538,SOCIAL_EXPLORER,0,1,0,1,0,1,1,1,0,0,0,0.3333,0.1429,0.0,0.0,0.0,38.69,0.6481,1,1,49453,1,YES,0,2,98.0
668,1008,SOCIAL_EXPLORER,2,0,1,0,1,0,1,0,1,0,0,0.5,0.0,1.0,0.0,0.0,37.5,0.6467,1,1,45152,0,YES,0,2,83.3
490,774,BUDGET_CONSCIOUS,0,0,2,1,1,0,1,0,0,0,0,0.3333,0.0,0.0,0.0,0.0,30.0,0.4262,1,1,35083,0,NO,0,1,32.28
328,433,BUDGET_CONSCIOUS,1,2,0,0,0,1,1,0,1,0,0,1.0,0.0,0.5,0.0,0.0,42.5,0.5716,0,0,0,0,NO,0,0,24.5
359,625,SOCIAL_EXPLORER,1,0,2,0,1,0,1,0,0,0,0,0.5,0.0,0.0,0.0,0.0,27.5,0.2282,0,0,0,0,NO,0,0,9.5
889,693,SOCIAL_EXPLORER,0,1,0,1,0,1,1,0,0,0,0,0.3333,0.0,0.0,0.0,0.0,35.83,0.6907,1,1,42787,0,YES,0,2,80.81
992,465,SELECTIVE_PLANNER,1,0,0,0,1,1,1,2,1,1,0,0.5,0.3333,1.0,1.0,0.0,65.83,0.943,1,1,52924,0,YES,1,3,100.0
298,154,PASSIVE_BROWSER,1,1,0,0,0,1,1,0,0,0,1,1.0,0.0,0.0,0.0,1.0,48.33,0.3254,0,0,0,0,NO,0,0,30.33
711,797,BUDGET_CONSCIOUS,1,1,1,0,0,0,1,1,0,1,1,0.5,0.1667,0.0,1.0,1.0,45.83,0.4123,1,0,0,0,NO,0,0,27.83
353,841,SELECTIVE_PLANNER,1,1,1,0,0,0,1,1,0,0,1,1.0,0.25,0.0,0.0,1.0,47.5,0.2345,0,0,0,0,NO,0,0,29.5
154,960,SELECTIVE_PLANNER,0,0,0,1,1,1,1,2,0,0,1,0.5,0.5,0.0,0.0,1.0,60.0,0.7541,1,1,54666,0,YES,1,3,100.0
181,591,SOCIAL_EXPLORER,0,0,0,1,1,1,1,2,1,0,1,1.0,0.4,1.0,0.0,1.0,78.0,1.0,1,1,62261,0,SUPER_LIKE,1,3,100.0
332,895,SOCIAL_EXPLORER,0,0,1,1,1,0,1,0,1,0,0,1.0,0.0,0.5,0.0,0.0,54.17,0.6656,1,1,49616,1,YES,0,2,100.0
293,271,BUDGET_CONSCIOUS,2,1,0,0,0,1,1,1,1,0,0,0.5,0.1429,0.3333,0.0,0.0,33.69,0.0356,0,0,0,0,NO,0,0,15.69
118,284,SOCIAL_EXPLORER,1,0,0,0,1,1,1,1,0,1,0,0.5,0.1667,0.0,1.0,0.0,52.5,0.6522,1,1,36623,1,YES,0,2,100.0
413,227,SOCIAL_EXPLORER,1,1,0,0,0,1,1,1,1,0,0,0.3333,0.2,0.5,0.0,0.0,39.0,0.4586,1,1,34042,1,SAVE_ONLY,0,1,70.91
196,564,SPONTANEOUS_ADVENTURER,1,2,1,0,0,0,1,0,0,0,0,0.3333,0.0,0.0,0.0,0.0,18.33,0.1799,1,0,0,0,NO,0,0,0.33
206,284,SOCIAL_EXPLORER,0,0,0,1,1,1,1,1,1,0,0,0.5,0.1429,0.5,0.0,0.0,52.86,0.6352,1,1,34558,1,YES,0,2,100.0
565,989,SELECTIVE_PLANNER,2,0,0,0,1,1,1,1,0,0,0,0.5,0.1667,0.0,0.0,0.0,36.67,0.6779,1,0,0,0,YES,0,2,58.67
933,446,SOCIAL_EXPLORER,1,1,1,0,0,0,1,1,1,1,0,1.0,0.1667,0.5,1.0,0.0,55.83,0.7471,1,1,45502,1,YES,1,3,100.0
751,91,CAUTIOUS_INTROVERT,0,1,2,1,0,0,1,1,0,0,0,1.0,0.1429,0.0,0.0,0.0,40.36,0.0788,0,0,0,0,NO,0,0,22.36
879,740,PASSIVE_BROWSER,0,1,0,1,0,1,1,1,0,0,0,0.5,0.1429,0.0,0.0,0.0,42.02,0.3892,1,1,33744,0,NO,0,1,43.83
436,871,CAUTIOUS_INTROVERT,0,0,0,1,1,1,1,1,1,0,0,1.0,0.1667,0.3333,0.0,0.0,61.67,0.5958,0,0,0,1,SAVE_ONLY,0,1,73.67
874,913,SOCIAL_EXPLORER,1,0,1,0,1,0,1,1,1,0,0,0.5,0.1667,1.0,0.0,0.0,46.67,0.5624,1,0,0,1,SAVE_ONLY,0,1,58.67
797,36,SPONTANEOUS_ADVENTURER,1,1,1,0,0,0,1,0,1,0,0,0.5,0.0,1.0,0.0,0.0,37.5,0.6487,1,0,0,1,YES,0,2,71.5
170,303,SOCIAL_EXPLORER,1,1,1,0,0,0,1,2,0,0,0,0.5,0.3333,0.0,0.0,0.0,34.17,0.6229,1,1,42368,0,YES,0,2,79.0
769,137,CAUTIOUS_INTROVERT,2,1,1,0,0,0,1,0,0,0,0,1.0,0.0,0.0,0.0,0.0,31.67,0.3952,1,0,0,0,NO,0,0,13.67
818,867,BUDGET_CONSCIOUS,0,1,1,1,0,0,1,4,1,0,0,0.5,1.0,1.0,0.0,0.0,63.33,0.8534,1,1,47598,1,YES,1,3,100.0
511,114,SOCIAL_EXPLORER,0,1,2,1,0,0,1,0,0,0,0,0.5,0.0,0.0,0.0,0.0,27.5,0.1059,1,0,0,0,NO,0,0,9.5
915,660,SOCIAL_EXPLORER,1,0,1,0,1,0,1,2,1,1,1,1.0,0.6667,0.3333,1.0,1.0,75.0,0.9685,1,1,63694,1,YES,1,3,100.0
653,862,BUDGET_CONSCIOUS,0,1,0,1,0,1,1,0,0,1,0,0.5,0.0,0.0,1.0,0.0,49.17,0.561,0,0,0,1,SAVE_ONLY,0,1,61.17
855,173,SELECTIVE_PLANNER,1,1,1,0,0,0,1,0,0,0,0,1.0,0.0,0.0,0.0,0.0,37.5,0.2904,0,0,0,0,NO,0,0,19.5
853,251,SOCIAL_EXPLORER,1,1,0,0,0,1,1,0,0,0,0,1.0,0.0,0.0,0.0,0.0,43.33,0.4902,0,0,0,1,SAVE_ONLY,0,1,55.33
140,583,SOCIAL_EXPLORER,1,0,1,0,1,0,1,0,0,0,0,0.5,0.0,0.0,0.0,0.0,33.33,0.6284,1,1,42088,0,YES,0,2,78.06
920,672,CAUTIOUS_INTROVERT,1,2,0,0,0,1,1,2,1,0,0,0.3333,0.4,0.5,0.0,0.0,37.17,0.6578,1,1,44319,0,YES,0,2,82.68
219,552,SOCIAL_EXPLORER,1,0,0,0,1,1,1,0,0,0,0,1.0,0.0,0.0,0.0,0.0,49.17,0.6652,1,1,44681,0,YES,0,2,94.81
706,426,CAUTIOUS_INTROVERT,2,1,1,0,0,0,1,0,0,1,1,0.5,0.0,0.0,1.0,1.0,36.67,0.4057,1,1,23839,0,NO,0,1,35.01
624,951,BUDGET_CONSCIOUS,1,1,1,0,0,0,1,1,0,0,0,0.5,0.1429,0.0,0.0,0.0,30.36,0.3274,0,0,0,0,NO,0,0,12.36
321,797,SOCIAL_EXPLORER,1,2,1,0,0,0,1,0,0,0,0,0.5,0.0,0.0,0.0,0.0,21.67,0.3064,1,1,29612,0,NO,0,1,22.03
962,114,CAUTIOUS_INTROVERT,1,0,0,0,1,1,1,1,0,0,0,1.0,0.2,0.0,0.0,0.0,53.17,0.5013,1,1,40547,1,SAVE_ONLY,0,1,87.36
328,808,BUDGET_CONSCIOUS,1,0,0,0,1,1,1,0,0,0,0,1.0,0.0,0.0,0.0,0.0,49.17,0.6354,1,1,33593,1,YES,0,2,100.0
975,616,BUDGET_CONSCIOUS,0,0,0,1,1,1,1,1,1,0,0,0.5,0.2,1.0,0.0,0.0,59.0,0.69,1,1,36407,0,YES,0,2,100.0
480,97,BUDGET_CONSCIOUS,0,0,1,1,1,0,1,1,1,1,0,0.5,0.2,0.3333,1.0,0.0,56.5,0.6671,1,1,44199,0,YES,0,2,100.0
889,108,SOCIAL_EXPLORER,0,0,1,1,1,0,1,2,1,0,1,0.3333,0.5,0.3333,0.0,1.0,54.17,0.6317,1,1,34220,0,YES,0,2,96.15
149,951,CAUTIOUS_INTROVERT,1,1,1,0,0,0,1,2,1,1,1,1.0,0.4,0.5,1.0,1.0,65.5,0.6859,0,0,0,0,YES,0,2,87.5
785,867,BUDGET_CONSCIOUS,0,1,1,1,0,0,1,0,0,0,1,0.5,0.0,0.0,0.0,1.0,38.33,0.6217,0,0,0,0,YES,0,2,60.33
437,533,CAUTIOUS_INTROVERT,1,0,1,0,1,0,1,4,1,1,1,0.5,0.8,1.0,1.0,1.0,74.33,0.5923,1,1,46007,0,NO,0,1,80.43
457,142,SOCIAL_EXPLORER,0,0,0,1,1,1,1,1,0,0,0,0.5,0.1429,0.0,0.0,0.0,47.86,0.7997,1,1,47094,0,YES,1,3,100.0
147,942,SOCIAL_EXPLORER,1,1,1,0,0,0,1,0,0,0,0,0.5,0.0,0.0,0.0,0.0,27.5,0.4626,1,0,0,1,SAVE_ONLY,0,1,39.5
242,60,SPONTANEOUS_ADVENTURER,1,2,0,0,0,1,1,2,2,0,1,0.3333,0.5,1.0,0.0,1.0,49.17,0.6847,1,1,36381,0,YES,0,2,91.9
257,323,CAUTIOUS_INTROVERT,0,2,2,1,0,0,1,1,1,1,0,0.5,0.25,1.0,1.0,0.0,46.67,0.1777,0,0,0,0,NO,0,0,28.67
425,623,SOCIAL_EXPLORER,1,0,0,0,1,1,1,2,0,1,1,0.3333,0.5,0.0,1.0,1.0,60.83,0.8187,1,1,54426,0,YES,1,3,100.0
257,599,CAUTIOUS_INTROVERT,0,0,1,1,1,0,1,1,1,0,1,0.5,0.25,0.5,0.0,1.0,54.17,0.6643,1,1,40877,0,YES,0,2,98.48
993,39,SOCIAL_EXPLORER,0,1,0,1,0,1,1,1,0,0,0,1.0,0.125,0.0,0.0,0.0,51.67,0.6389,0,0,0,1,YES,0,2,85.67
736,892,SOCIAL_EXPLORER,1,1,1,0,0,0,1,1,1,1,1,0.5,0.125,0.3333,1.0,1.0,48.33,0.7404,1,1,45471,0,YES,1,3,100.0
288,967,CAUTIOUS_INTROVERT,1,1,0,0,0,1,1,1,1,0,0,1.0,0.3333,1.0,0.0,0.0,60.0,0.6981,1,1,38232,1,YES,0,2,100.0
238,173,SOCIAL_EXPLORER,2,1,2,0,0,0,1,0,0,0,0,1.0,0.0,0.0,0.0,0.0,25.83,0.3263,0,0,0,0,NO,0,0,7.83
412,798,CAUTIOUS_INTROVERT,0,1,1,1,0,0,1,3,1,0,0,1.0,0.6,1.0,0.0,0.0,65.33,0.7233,1,1,40757,0,YES,1,3,100.0
713,161,SPONTANEOUS_ADVENTURER,1,0,0,0,1,1,1,0,0,0,1,0.5,0.0,0.0,0.0,1.0,44.17,0.7182,1,1,46533,0,YES,1,3,100.0
252,571,SOCIAL_EXPLORER,1,0,1,0,1,0,1,0,0,0,0,0.5,0.0,0.0,0.0,0.0,33.33,0.669,1,1,36018,1,YES,0,2,87.94
494,677,SOCIAL_EXPLORER,0,2,0,1,0,1,1,1,0,0,0,1.0,0.1667,0.0,0.0,0.0,46.67,0.6893,1,1,47607,0,YES,0,2,93.33
547,851,SOCIAL_EXPLORER,1,0,1,0,1,0,1,1,1,0,1,0.3333,0.2,1.0,0.0,1.0,49.0,0.6502,1,1,36234,1,YES,0,2,100.0
365,356,BUDGET_CONSCIOUS,1,1,0,0,0,1,1,2,0,0,1,0.5,0.5,0.0,0.0,1.0,48.33,0.4882,1,1,33680,0,NO,0,1,50.12
104,788,SOCIAL_EXPLORER,1,0,1,0,1,0,1,0,0,0,0,1.0,0.0,0.0,0.0,0.0,43.33,0.6124,0,0,0,1,SAVE_ONLY,0,1,55.33
932,414,SELECTIVE_PLANNER,0,0,1,1,1,0,1,0,0,0,0,0.5,0.0,0.0,0.0,0.0,39.17,0.4953,0,0,0,1,SAVE_ONLY,0,1,51.17
613,569,SOCIAL_EXPLORER,1,1,2,0,0,0,1,2,0,0,0,0.5,0.3333,0.0,0.0,0.0,28.33,0.3493,0,0,0,0,NO,0,0,10.33
36,560,SOCIAL_EXPLORER,1,0,1,0,1,0,1,2,0,0,0,0.5,0.4,0.0,0.0,0.0,41.33,0.7286,1,1,49817,0,YES,1,3,100.0
98,539,BUDGET_CONSCIOUS,0,1,0,1,0,1,1,3,1,1,0,0.5,0.75,1.0,1.0,0.0,74.17,0.8422,1,1,56400,0,YES,1,3,100.0
596,71,SELECTIVE_PLANNER,1,0,0,0,1,1,1,1,1,1,0,1.0,0.1667,1.0,1.0,0.0,72.5,0.8581,0,0,0,0,YES,1,3,100.0
926,227,BUDGET_CONSCIOUS,2,0,2,0,1,0,2,2,1,1,0,1.0,0.5,1.0,1.0,0.0,61.67,0.1464,0,0,0,0,NO,0,0,43.67
686,976,SELECTIVE_PLANNER,0,0,1,1,1,0,1,2,1,0,0,1.0,0.5,0.3333,0.0,0.0,62.5,0.7727,1,1,47510,0,YES,1,3,100.0
881,430,CAUTIOUS_INTROVERT,0,1,1,1,0,0,1,0,0,0,0,1.0,0.0,0.0,0.0,0.0,43.33,0.5141,0,0,0,0,NO,0,0,25.33
926,20,BUDGET_CONSCIOUS,0,1,2,1,0,0,1,0,0,0,0,0.3333,0.0,0.0,0.0,0.0,24.17,0.4966,1,1,32269,1,SAVE_ONLY,0,1,55.46
571,315,CAUTIOUS_INTROVERT,0,0,0,1,1,1,1,2,1,1,1,1.0,0.6667,0.5,1.0,1.0,88.33,1.0,1,1,65062,0,YES,1,3,100.0
736,695,SOCIAL_EXPLORER,1,2,1,0,0,0,1,0,0,0,0,0.5,0.0,0.0,0.0,0.0,21.67,0.4415,1,1,25407,0,NO,0,1,20.56
37,706,SOCIAL_EXPLORER,1,1,2,0,0,0,1,1,0,0,0,0.5,0.2,0.0,0.0,0.0,25.67,0.3204,0,0,0,0,NO,0,0,7.67
23,390,BUDGET_CONSCIOUS,0,0,0,1,1,1,1,0,0,0,0,0.3333,0.0,0.0,0.0,0.0,41.67,0.6271,1,1,48021,1,YES,0,2,100.0
388,57,SPONTANEOUS_ADVENTURER,0,2,1,1,0,0,1,2,1,0,1,1.0,0.5,0.5,0.0,1.0,57.5,0.6592,1,0,0,1,YES,0,2,91.5
193,238,SOCIAL_EXPLORER,0,0,0,1,1,1,1,0,0,0,0,1.0,0.0,0.0,0.0,0.0,55.0,0.7805,1,1,49891,0,YES,1,3,100.0
952,298,SOCIAL_EXPLORER,0,0,1,1,1,0,1,1,0,1,1,1.0,0.1429,0.0,1.0,1.0,67.02,0.8776,1,1,59315,0,YES,1,3,100.0
613,773,SOCIAL_EXPLORER,1,1,0,0,0,1,1,1,1,0,0,0.5,0.2,0.5,0.0,0.0,42.33,0.6432,1,1,46940,1,YES,0,2,100.0
126,982,CAUTIOUS_INTROVERT,2,1,1,0,0,0,1,1,1,1,0,0.3333,0.25,1.0,1.0,0.0,43.33,0.554,0,0,0,1,SAVE_ONLY,0,1,55.33
288,126,CAUTIOUS_INTROVERT,0,0,0,1,1,1,1,0,1,0,0,1.0,0.0,1.0,0.0,0.0,65.0,0.581,1,0,0,0,NO,0,0,47.0
578,745,SELECTIVE_PLANNER,1,0,1,0,1,0,1,1,0,0,0,0.3333,0.2,0.0,0.0,0.0,34.0,0.6563,0,0,0,0,YES,0,2,56.0
869,455,SOCIAL_EXPLORER,1,2,1,0,0,0,1,1,0,0,0,0.5,0.25,0.0,0.0,0.0,26.67,0.5085,0,0,0,1,SAVE_ONLY,0,1,38.67
642,692,CAUTIOUS_INTROVERT,1,1,1,0,0,0,1,0,1,0,1,1.0,0.0,0.5,0.0,1.0,47.5,0.4915,1,0,0,1,SAVE_ONLY,0,1,59.5
478,355,SOCIAL_EXPLORER,1,1,1,0,0,0,1,1,1,0,0,0.5,0.25,1.0,0.0,0.0,42.5,0.2566,1,0,0,0,NO,0,0,24.5
973,657,BUDGET_CONSCIOUS,0,1,2,1,0,0,1,1,0,0,0,0.5,0.2,0.0,0.0,0.0,31.5,0.4364,0,0,0,1,SAVE_ONLY,0,1,43.5
651,25,SELECTIVE_PLANNER,0,2,1,1,0,0,1,0,0,0,0,1.0,0.0,0.0,0.0,0.0,37.5,0.0292,0,0,0,0,NO,0,0,19.5
611,112,SOCIAL_EXPLORER,0,0,2,1,1,0,1,2,0,0,1,0.5,0.5,0.0,0.0,1.0,48.33,0.2906,0,0,0,0,NO,0,0,30.33
812,145,BUDGET_CONSCIOUS,0,0,0,1,1,1,1,1,1,0,0,0.5,0.1429,0.3333,0.0,0.0,51.19,0.5917,1,0,0,0,NO,0,0,33.19
343,297,SOCIAL_EXPLORER,1,1,0,0,0,1,1,2,1,0,1,1.0,0.5,1.0,0.0,1.0,68.33,0.9457,1,1,56680,1,YES,1,3,100.0
579,853,SOCIAL_EXPLORER,0,0,0,1,1,1,1,0,0,0,0,1.0,0.0,0.0,0.0,0.0,55.0,0.8371,0,0,0,0,SUPER_LIKE,1,3,100.0
39,66,SOCIAL_EXPLORER,0,0,1,1,1,0,1,1,0,0,0,0.5,0.2,0.0,0.0,0.0,43.17,0.4943,0,0,0,1,SAVE_ONLY,0,1,55.17
329,266,CAUTIOUS_INTROVERT,1,1,1,0,0,0,1,1,1,0,0,1.0,0.125,1.0,0.0,0.0,50.0,0.3974,1,0,0,0,NO,0,0,32.0
583,97,BUDGET_CONSCIOUS,0,1,0,1,0,1,1,0,0,0,1,0.5,0.0,0.0,0.0,1.0,44.17,0.4668,1,0,0,0,NO,0,0,26.17
187,708,SELECTIVE_PLANNER,0,0,1,1,1,0,1,0,0,0,0,0.3333,0.0,0.0,0.0,0.0,35.83,0.4226,1,0,0,1,SAVE_ONLY,0,1,47.83
972,776,CAUTIOUS_INTROVERT,0,2,1,1,0,0,1,0,0,0,0,1.0,0.0,0.0,0.0,0.0,37.5,0.4547,1,0,0,1,SAVE_ONLY,0,1,49.5
385,254,BUDGET_CONSCIOUS,0,2,0,1,0,1,1,0,0,0,1,0.5,0.0,0.0,0.0,1.0,38.33,0.5594,0,0,0,0,NO,0,0,20.33
146,838,BUDGET_CONSCIOUS,1,1,0,0,0,1,2,1,1,0,0,0.6667,0.25,1.0,0.0,0.0,51.67,0.5274,0,0,0,0,NO,0,0,33.67
531,541,CAUTIOUS_INTROVERT,1,0,0,0,1,1,1,0,0,0,0,0.5,0.0,0.0,0.0,0.0,39.17,0.3852,1,1,23235,0,NO,0,1,37.3
735,601,SOCIAL_EXPLORER,0,1,1,1,0,0,1,0,2,0,0,0.5,0.0,1.0,0.0,0.0,43.33,0.6445,1,1,40635,0,YES,0,2,87.55
631,32,BUDGET_CONSCIOUS,1,1,0,0,0,1,1,3,1,1,0,0.3333,0.6,1.0,1.0,0.0,62.0,0.733,0,0,0,0,YES,1,3,100.0
662,285,BUDGET_CONSCIOUS,2,2,0,0,0,1,1,1,1,0,0,0.5,0.1667,0.5,0.0,0.0,30.0,0.0,0,0,0,0,NO,0,0,12.0
722,712,SOCIAL_EXPLORER,2,1,2,0,0,0,1,1,0,0,0,0.3333,0.3333,0.0,0.0,0.0,19.17,0.0375,0,0,0,0,NO,0,0,1.17
389,608,BUDGET_CONSCIOUS,0,1,0,1,0,1,1,0,0,0,1,0.5,0.0,0.0,0.0,1.0,44.17,0.7343,1,1,40503,1,YES,1,3,100.0
321,640,SOCIAL_EXPLORER,2,0,0,0,1,1,1,1,1,1,0,0.5,0.2,1.0,1.0,0.0,57.33,0.6282,1,1,39929,1,YES,0,2,100.0
886,782,CAUTIOUS_INTROVERT,1,1,0,0,0,1,1,1,0,0,0,0.5,0.2,0.0,0.0,0.0,37.33,0.3219,1,0,0,0,NO,0,0,19.33
719,942,SPONTANEOUS_ADVENTURER,2,1,0,0,0,1,1,1,0,1,1,0.3333,0.1429,0.0,1.0,1.0,42.02,0.5901,1,0,0,1,SAVE_ONLY,0,1,54.02
667,607,BUDGET_CONSCIOUS,1,0,0,0,1,1,1,0,0,0,0,0.3333,0.0,0.0,0.0,0.0,35.83,0.2507,0,0,0,0,NO,0,0,17.83
808,968,SPONTANEOUS_ADVENTURER,0,1,1,1,0,0,1,3,1,1,1,0.5,0.75,0.5,1.0,1.0,68.33,1.0,1,1,66543,0,YES,1,3,100.0
729,146,SOCIAL_EXPLORER,1,1,0,0,0,1,1,1,1,0,0,0.3333,0.2,1.0,0.0,0.0,44.0,0.6993,1,0,0,1,YES,0,2,78.0
489,197,SOCIAL_EXPLORER,2,1,0,0,0,1,1,2,1,1,0,0.5,0.3333,0.5,1.0,0.0,49.17,0.6605,1,1,46739,0,YES,0,2,95.53
320,382,SPONTANEOUS_ADVENTURER,0,0,1,1,1,0,1,0,0,0,0,0.5,0.0,0.0,0.0,0.0,39.17,0.5736,1,1,35630,0,NO,0,1,41.64
901,128,CAUTIOUS_INTROVERT,0,2,0,1,0,1,1,2,1,0,0,1.0,0.6667,0.5,0.0,0.0,61.67,0.7769,1,1,43645,0,YES,1,3,100.0
191,372,BUDGET_CONSCIOUS,1,1,0,0,0,1,1,0,0,0,0,1.0,0.0,0.0,0.0,0.0,43.33,0.3353,1,1,16899,0,NO,0,0,39.24
262,705,CAUTIOUS_INTROVERT,1,1,0,0,0,1,1,0,0,0,1,0.3333,0.0,0.0,0.0,1.0,35.0,0.4165,0,0,0,0,NO,0,0,17.0
346,253,SPONTANEOUS_ADVENTURER,0,1,0,1,0,1,1,0,0,0,0,1.0,0.0,0.0,0.0,0.0,49.17,0.6627,0,0,0,1,YES,0,2,83.17
542,279,CAUTIOUS_INTROVERT,0,2,1,1,0,0,1,0,0,0,0,0.5,0.0,0.0,0.0,0.0,27.5,0.2032,0,0,0,0,NO,0,0,9.5
198,168,BUDGET_CONSCIOUS,0,2,2,1,0,0,1,1,0,0,1,1.0,0.2,0.0,0.0,1.0,40.67,0.6432,1,0,0,1,YES,0,2,74.67
511,536,SOCIAL_EXPLORER,1,0,0,0,1,1,1,1,1,0,1,0.5,0.2,0.5,0.0,1.0,53.17,0.6849,1,1,39055,0,YES,0,2,96.84
998,242,BUDGET_CONSCIOUS,1,0,1,0,1,0,1,1,1,1,0,0.3333,0.1429,0.5,1.0,0.0,47.86,0.4048,1,1,22952,0,NO,0,1,45.89
769,201,CAUTIOUS_INTROVERT,2,1,2,0,0,0,1,0,0,0,0,0.5,0.0,0.0,0.0,0.0,15.83,0.0,0,0,0,0,NO,0,0,0.0
107,498,CAUTIOUS_INTROVERT,0,1,2,1,0,0,1,0,0,0,0,1.0,0.0,0.0,0.0,0.0,37.5,0.1072,1,0,0,0,NO,0,0,19.5
189,649,SOCIAL_EXPLORER,1,0,0,0,1,1,2,0,1,0,1,0.6667,0.0,0.5,0.0,1.0,52.5,0.6308,1,1,42122,0,YES,0,2,97.24
284,933,SOCIAL_EXPLORER,0,0,1,1,1,0,1,0,0,0,0,1.0,0.0,0.0,0.0,0.0,49.17,0.6946,1,1,39626,1,YES,0,2,100.0
675,99,SOCIAL_EXPLORER,2,1,1,0,0,0,1,0,0,0,0,1.0,0.0,0.0,0.0,0.0,31.67,0.5719,1,1,42675,1,SAVE_ONLY,0,1,66.61
600,927,SPONTANEOUS_ADVENTURER,1,1,0,0,0,1,1,1,1,0,0,0.5,0.25,1.0,0.0,0.0,48.33,0.7712,1,1,53556,0,YES,1,3,100.0
377,844,BUDGET_CONSCIOUS,1,0,0,0,1,1,1,0,0,0,0,1.0,0.0,0.0,0.0,0.0,49.17,0.6327,1,0,0,0,YES,0,2,71.17
367,743,SOCIAL_EXPLORER,0,0,1,1,1,0,1,0,0,0,0,0.3333,0.0,0.0,0.0,0.0,35.83,0.6758,1,1,36011,0,YES,0,2,78.43
515,419,SOCIAL_EXPLORER,0,1,2,1,0,0,1,2,0,1,0,0.5,0.4,0.0,1.0,0.0,45.5,0.5548,1,1,35731,0,NO,0,1,48.01
770,50,CAUTIOUS_INTROVERT,0,1,2,1,0,0,1,0,0,0,0,1.0,0.0,0.0,0.0,0.0,37.5,0.0719,0,0,0,0,NO,0,0,19.5
627,490,SOCIAL_EXPLORER,2,1,2,0,0,0,1,0,0,0,0,0.5,0.0,0.0,0.0,0.0,15.83,0.0,0,0,0,0,NO,0,0,0.0
355,286,CAUTIOUS_INTROVERT,2,0,0,0,1,1,1,1,1,0,0,1.0,0.25,1.0,0.0,0.0,58.33,0.683,1,0,0,1,YES,0,2,92.33
987,727,SOCIAL_EXPLORER,1,1,0,0,0,1,1,0,0,0,0,0.5,0.0,0.0,0.0,0.0,33.33,0.6273,1,1,39885,0,YES,0,2,77.29
761,279,SOCIAL_EXPLORER,1,0,1,0,1,0,1,1,1,0,0,0.3333,0.25,0.5,0.0,0.0,40.0,0.6888,1,0,0,0,YES,0,2,62.0
994,679,CAUTIOUS_INTROVERT,1,1,0,0,0,1,1,1,0,0,0,0.5,0.1429,0.0,0.0,0.0,36.19,0.2279,0,0,0,0,NO,0,0,18.19
367,996,SOCIAL_EXPLORER,1,2,1,0,0,0,1,2,1,1,1,0.5,0.5,0.3333,1.0,1.0,50.0,0.5505,1,0,0,0,NO,0,0,32.0
725,878,SPONTANEOUS_ADVENTURER,0,0,0,1,1,1,1,1,0,0,0,1.0,0.1667,0.0,0.0,0.0,58.33,0.7332,1,1,45138,1,YES,1,3,100.0
390,228,BUDGET_CONSCIOUS,0,1,1,1,0,0,1,0,0,0,0,1.0,0.0,0.0,0.0,0.0,43.33,0.6887,1,1,46960,0,YES,0,2,89.77
25,746,SOCIAL_EXPLORER,1,1,0,0,0,1,1,0,0,1,0,1.0,0.0,0.0,1.0,0.0,53.33,0.8581,1,1,55596,0,YES,1,3,100.0
143,626,BUDGET_CONSCIOUS,1,2,0,0,0,1,1,1,0,0,0,1.0,0.3333,0.0,0.0,0.0,44.17,0.3923,1,1,21322,0,NO,0,1,41.63
68,738,CAUTIOUS_INTROVERT,0,1,1,1,0,0,2,2,0,0,0,1.0,0.5,0.0,0.0,0.0,53.33,0.7571,1,0,0,1,YES,1,3,100.0
705,666,SPONTANEOUS_ADVENTURER,1,2,1,0,0,0,1,1,0,0,0,0.3333,0.125,0.0,0.0,0.0,20.83,0.1691,0,0,0,0,NO,0,0,2.83
384,298,SOCIAL_EXPLORER,1,0,1,0,1,0,1,0,0,0,0,0.5,0.0,0.0,0.0,0.0,33.33,0.6621,1,1,41875,1,YES,0,2,89.99
778,96,SPONTANEOUS_ADVENTURER,1,0,1,0,1,0,1,1,0,0,0,1.0,0.1429,0.0,0.0,0.0,46.19,0.6578,1,1,42827,0,YES,0,2,91.18
847,440,SOCIAL_EXPLORER,0,0,0,1,1,1,1,0,0,0,0,0.3333,0.0,0.0,0.0,0.0,41.67,0.643,1,0,0,0,YES,0,2,63.67
62,351,CAUTIOUS_INTROVERT,2,1,2,0,0,0,1,1,1,1,0,1.0,0.25,0.5,1.0,0.0,45.83,0.2865,1,1,27454,0,NO,0,1,45.44
987,882,SOCIAL_EXPLORER,1,0,1,0,1,0,1,0,0,0,0,0.3333,0.0,0.0,0.0,0.0,30.0,0.6251,1,1,47929,1,YES,0,2,88.78
311,570,SPONTANEOUS_ADVENTURER,1,0,0,0,1,1,1,2,0,1,1,0.3333,0.4,0.0,1.0,1.0,58.83,1.0,1,1,65312,0,YES,1,3,100.0
779,462,CAUTIOUS_INTROVERT,2,1,1,0,0,0,1,0,0,0,1,0.5,0.0,0.0,0.0,1.0,26.67,0.2281,1,0,0,0,NO,0,0,8.67
501,79,SOCIAL_EXPLORER,0,1,1,1,0,0,1,1,1,0,0,0.5,0.1667,0.5,0.0,0.0,41.67,0.6522,0,0,0,1,YES,0,2,75.67
730,726,SOCIAL_EXPLORER,1,0,1,0,1,0,1,2,0,0,0,1.0,0.5,0.0,0.0,0.0,53.33,0.6793,1,1,46438,0,YES,0,2,99.58
454,855,SELECTIVE_PLANNER,0,0,0,1,1,1,1,0,0,0,0,1.0,0.0,0.0,0.0,0.0,55.0,0.7782,1,1,51990,0,YES,1,3,100.0
967,982,CAUTIOUS_INTROVERT,1,2,1,0,0,0,1,1,1,1,0,0.3333,0.25,1.0,1.0,0.0,43.33,0.5341,1,1,36027,0,NO,0,1,45.94
872,980,CAUTIOUS_INTROVERT,0,2,1,1,0,0,2,2,1,1,0,1.0,0.3333,0.5,1.0,0.0,59.17,0.6568,0,0,0,1,YES,0,2,93.17
89,103,CAUTIOUS_INTROVERT,2,2,0,0,0,1,1,1,0,0,0,0.5,0.1667,0.0,0.0,0.0,25.0,0.2598,1,0,0,0,NO,0,0,7.0
121,194,SELECTIVE_PLANNER,1,1,1,0,0,0,1,1,1,0,0,1.0,0.25,0.5,0.0,0.0,47.5,0.2803,0,0,0,0,NO,0,0,29.5
1013,516,CAUTIOUS_INTROVERT,1,1,0,0,0,1,1,1,1,0,1,0.3333,0.1667,1.0,0.0,1.0,48.33,0.5954,1,1,38783,0,NO,0,1,51.9
595,250,CAUTIOUS_INTROVERT,1,1,0,0,0,1,1,2,1,0,0,0.5,0.3333,1.0,0.0,0.0,50.0,0.6425,1,0,0,0,YES,0,2,72.0
740,137,SPONTANEOUS_ADVENTURER,2,2,0,0,0,1,1,4,0,1,0,1.0,1.0,0.0,1.0,0.0,61.67,0.7899,1,1,48453,1,YES,1,3,100.0
911,92,CAUTIOUS_INTROVERT,0,1,0,1,0,1,1,0,0,0,0,1.0,0.0,0.0,0.0,0.0,49.17,0.5867,0,0,0,1,SAVE_ONLY,0,1,61.17
295,482,CAUTIOUS_INTROVERT,1,1,0,0,0,1,1,0,0,0,1,0.5,0.0,0.0,0.0,1.0,38.33,0.2879,1,1,25677,0,NO,0,1,37.32
456,761,SOCIAL_EXPLORER,1,1,0,0,0,1,1,0,1,1,1,0.5,0.0,0.3333,1.0,1.0,51.67,0.7639,1,1,50293,1,YES,1,3,100.0
174,633,SELECTIVE_PLANNER,1,1,1,0,0,0,1,2,0,1,1,0.5,0.6667,0.0,1.0,1.0,55.83,0.4998,1,1,32437,1,SAVE_ONLY,0,1,87.18
988,728,SOCIAL_EXPLORER,0,0,2,1,1,0,1,1,0,0,0,0.3333,0.1429,0.0,0.0,0.0,32.86,0.1924,1,1,14807,0,NO,0,0,28.04
978,874,BUDGET_CONSCIOUS,1,0,1,0,1,0,1,1,1,0,0,0.5,0.1429,0.5,0.0,0.0,41.19,0.4042,1,0,0,0,NO,0,0,23.19
235,509,SOCIAL_EXPLORER,0,1,0,1,0,1,1,0,0,0,0,1.0,0.0,0.0,0.0,0.0,49.17,0.7955,1,1,48733,1,YES,1,3,100.0
592,188,SELECTIVE_PLANNER,0,0,1,1,1,0,1,1,0,1,0,0.5,0.2,0.0,1.0,0.0,53.17,0.6945,1,0,0,1,YES,0,2,87.17
598,728,CAUTIOUS_INTROVERT,0,0,0,1,1,1,2,1,1,1,0,1.0,0.2,1.0,1.0,0.0,79.0,0.7888,1,1,51618,0,YES,1,3,100.0
323,393,SOCIAL_EXPLORER,1,2,2,0,0,0,1,1,1,0,0,0.5,0.1667,1.0,0.0,0.0,29.17,0.2977,0,0,0,0,NO,0,0,11.17
551,880,SPONTANEOUS_ADVENTURER,1,1,1,0,0,0,1,1,0,0,0,0.5,0.1667,0.0,0.0,0.0,30.83,0.6871,0,0,0,1,YES,0,2,64.83
316,930,BUDGET_CONSCIOUS,2,2,1,0,0,0,1,3,0,1,1,1.0,0.75,0.0,1.0,1.0,55.83,0.1696,0,0,0,0,NO,0,0,37.83
68,449,CAUTIOUS_INTROVERT,1,1,1,0,0,0,1,3,0,1,1,0.5,0.75,0.0,1.0,1.0,57.5,0.8351,1,0,0,0,SUPER_LIKE,1,3,100.0
346,492,SPONTANEOUS_ADVENTURER,2,0,1,0,1,0,1,0,0,0,1,1.0,0.0,0.0,0.0,1.0,42.5,0.6833,1,1,42138,0,YES,0,2,87.25
139,522,CAUTIOUS_INTROVERT,0,0,1,1,1,0,1,1,0,0,1,0.3333,0.2,0.0,0.0,1.0,44.83,0.3118,1,0,0,0,NO,0,0,26.83
853,1009,SOCIAL_EXPLORER,1,1,2,0,0,0,1,0,0,0,0,0.5,0.0,0.0,0.0,0.0,21.67,0.0981,0,0,0,0,NO,0,0,3.67
169,896,SPONTANEOUS_ADVENTURER,0,1,1,1,0,0,1,1,1,0,0,0.5,0.1667,0.5,0.0,0.0,41.67,0.7601,0,0,0,0,YES,1,3,93.67
722,288,SOCIAL_EXPLORER,0,0,2,1,1,0,1,0,0,1,0,1.0,0.0,0.0,1.0,0.0,53.33,0.6264,1,0,0,0,YES,0,2,75.33
411,216,BUDGET_CONSCIOUS,0,1,1,1,0,0,1,1,1,0,1,0.3333,0.1667,0.3333,0.0,1.0,41.67,0.4804,1,1,32586,1,SAVE_ONLY,0,1,73.08
586,80,BUDGET_CONSCIOUS,2,1,1,0,0,0,1,1,1,0,0,0.5,0.1429,0.5,0.0,0.0,29.52,0.023,0,0,0,0,NO,0,0,11.52
867,926,BUDGET_CONSCIOUS,0,1,1,1,0,0,1,2,1,1,0,0.5,0.3333,1.0,1.0,0.0,60.0,0.7643,1,1,49404,1,YES,1,3,100.0
436,469,CAUTIOUS_INTROVERT,1,0,1,0,1,0,1,1,0,1,0,1.0,0.1667,0.0,1.0,0.0,56.67,0.7104,1,1,45308,0,YES,1,3,100.0
264,17,SOCIAL_EXPLORER,1,2,1,0,0,0,1,0,0,0,0,0.25,0.0,0.0,0.0,0.0,16.67,0.433,0,0,0,1,SAVE_ONLY,0,1,28.67
101,73,BUDGET_CONSCIOUS,0,1,0,1,0,1,2,1,0,0,0,0.6667,0.1667,0.0,0.0,0.0,45.83,0.4871,1,0,0,1,SAVE_ONLY,0,1,57.83
234,270,BUDGET_CONSCIOUS,1,0,1,0,1,0,1,0,0,0,0,0.25,0.0,0.0,0.0,0.0,28.33,0.1489,1,1,20846,0,NO,0,1,25.63
461,599,CAUTIOUS_INTROVERT,1,2,1,0,0,0,1,0,0,0,0,0.5,0.0,0.0,0.0,0.0,21.67,0.3449,0,0,0,0,NO,0,0,3.67
385,528,BUDGET_CONSCIOUS,0,1,1,1,0,0,1,0,0,0,0,0.5,0.0,0.0,0.0,0.0,33.33,0.475,1,1,27026,1,SAVE_ONLY,0,1,62.79
774,61,BUDGET_CONSCIOUS,1,1,1,0,0,0,1,0,0,0,0,0.5,0.0,0.0,0.0,0.0,27.5,0.3924,1,0,0,0,NO,0,0,9.5
501,37,SOCIAL_EXPLORER,1,1,0,0,0,1,1,1,1,1,0,0.5,0.2,1.0,1.0,0.0,57.33,0.6663,1,1,47756,0,YES,0,2,100.0
442,485,PASSIVE_BROWSER,2,1,1,0,0,0,1,1,0,0,0,0.5,0.3333,0.0,0.0,0.0,28.33,0.0242,1,0,0,0,NO,0,0,10.33
512,851,SPONTANEOUS_ADVENTURER,1,1,0,0,0,1,1,3,1,1,1,0.3333,0.75,1.0,1.0,1.0,70.0,0.9473,1,1,60104,0,SUPER_LIKE,1,3,100.0
553,52,BUDGET_CONSCIOUS,1,2,0,0,0,1,1,3,1,1,0,1.0,0.6,0.5,1.0,0.0,64.5,0.5174,1,1,30876,0,NO,0,1,65.31
874,215,SOCIAL_EXPLORER,1,0,1,0,1,0,1,0,0,0,0,0.5,0.0,0.0,0.0,0.0,33.33,0.3429,0,0,0,0,NO,0,0,15.33
41,623,SOCIAL_EXPLORER,1,0,0,0,1,1,1,3,0,0,0,0.3333,0.6,0.0,0.0,0.0,47.83,0.5889,1,1,44391,1,SAVE_ONLY,0,1,83.37
872,435,CAUTIOUS_INTROVERT,0,2,1,1,0,0,1,1,0,0,0,0.3333,0.1667,0.0,0.0,0.0,27.5,0.4051,1,0,0,0,NO,0,0,9.5
244,970,BUDGET_CONSCIOUS,1,1,2,0,0,0,1,1,1,1,0,0.5,0.25,0.5,1.0,0.0,41.67,0.3373,0,0,0,0,NO,0,0,23.67
208,767,SPONTANEOUS_ADVENTURER,1,2,1,0,0,0,1,1,0,0,0,0.3333,0.1667,0.0,0.0,0.0,21.67,0.465,1,1,25332,1,SAVE_ONLY,0,1,50.54
363,58,BUDGET_CONSCIOUS,1,2,2,0,0,0,1,1,1,1,1,1.0,0.1429,0.3333,1.0,1.0,47.02,0.493,1,1,28266,0,NO,0,1,46.91
238,997,SOCIAL_EXPLORER,2,1,0,0,0,1,1,0,0,0,1,0.5,0.0,0.0,0.0,1.0,32.5,0.6616,0,0,0,1,YES,0,2,66.5
600,651,SPONTANEOUS_ADVENTURER,0,2,0,1,0,1,1,1,1,0,1,1.0,0.25,1.0,0.0,1.0,63.33,0.5956,1,1,43562,0,NO,0,1,68.58
109,353,BUDGET_CONSCIOUS,2,0,0,0,1,1,1,1,0,0,0,1.0,0.25,0.0,0.0,0.0,48.33,0.0946,0,0,0,0,NO,0,0,30.33
835,216,SPONTANEOUS_ADVENTURER,1,1,0,0,0,1,1,1,0,1,0,0.5,0.1429,0.0,1.0,0.0,46.19,0.7649,1,1,48898,1,YES,1,3,100.0
912,532,SOCIAL_EXPLORER,0,0,1,1,1,0,1,1,0,0,0,1.0,0.1667,0.0,0.0,0.0,52.5,0.6468,1,0,0,1,YES,0,2,86.5
570,250,BUDGET_CONSCIOUS,2,0,1,0,1,0,1,1,0,0,0,0.3333,0.1667,0.0,0.0,0.0,27.5,0.0,0,0,0,0,NO,0,0,9.5
858,348,SOCIAL_EXPLORER,0,1,0,1,0,1,1,0,0,0,0,0.5,0.0,0.0,0.0,0.0,39.17,0.6578,0,0,0,1,YES,0,2,73.17
993,742,SOCIAL_EXPLORER,0,2,1,1,0,0,1,1,1,1,0,1.0,0.1429,0.5,1.0,0.0,55.36,0.7159,1,0,0,1,YES,1,3,100.0
420,913,SOCIAL_EXPLORER,2,0,0,0,1,1,1,0,0,0,0,0.3333,0.0,0.0,0.0,0.0,30.0,0.6413,1,1,48150,1,YES,0,2,88.85
519,971,SOCIAL_EXPLORER,1,1,0,0,0,1,1,0,0,0,0,1.0,0.0,0.0,0.0,0.0,43.33,0.7605,1,1,49471,0,YES,1,3,100.0
814,270,BUDGET_CONSCIOUS,1,0,1,0,1,0,1,2,1,1,1,0.5,0.5,1.0,1.0,1.0,68.33,0.666,1,0,0,1,YES,0,2,100.0
108,227,SPONTANEOUS_ADVENTURER,1,1,1,0,0,0,1,1,1,0,0,0.3333,0.25,0.5,0.0,0.0,34.17,0.709,1,1,47289,1,YES,1,3,100.0
314,462,CAUTIOUS_INTROVERT,2,1,1,0,0,0,1,1,1,0,0,0.3333,0.3333,1.0,0.0,0.0,35.0,0.4307,0,0,0,0,NO,0,0,17.0
448,173,SOCIAL_EXPLORER,2,1,2,0,0,0,1,0,0,0,0,1.0,0.0,0.0,0.0,0.0,25.83,0.3448,0,0,0,0,NO,0,0,7.83
732,1014,BUDGET_CONSCIOUS,0,0,2,1,1,0,1,2,1,1,1,1.0,0.6667,1.0,1.0,1.0,81.67,1.0,1,1,68331,0,YES,1,3,100.0
451,811,BUDGET_CONSCIOUS,0,1,1,1,0,0,1,0,0,0,0,0.5,0.0,0.0,0.0,0.0,33.33,0.4864,1,1,31424,0,NO,0,1,34.33
269,627,SOCIAL_EXPLORER,1,0,0,0,1,1,1,0,0,0,0,1.0,0.0,0.0,0.0,0.0,49.17,0.5547,1,0,0,1,SAVE_ONLY,0,1,61.17
603,73,SOCIAL_EXPLORER,1,0,1,0,1,0,1,0,1,1,0,0.3333,0.0,0.5,1.0,0.0,45.0,0.5268,0,0,0,1,SAVE_ONLY,0,1,57.0
692,358,BUDGET_CONSCIOUS,1,0,0,0,1,1,1,0,1,0,0,1.0,0.0,0.5,0.0,0.0,54.17,0.657,1,1,43557,0,YES,0,2,99.41
559,408,SOCIAL_EXPLORER,1,1,0,0,0,1,1,0,0,0,0,0.5,0.0,0.0,0.0,0.0,33.33,0.6721,1,1,45450,0,YES,0,2,79.24
741,504,SOCIAL_EXPLORER,0,2,1,1,0,0,2,0,0,0,1,0.6667,0.0,0.0,0.0,1.0,35.83,0.6472,1,1,49246,0,YES,0,2,83.07
388,939,SPONTANEOUS_ADVENTURER,0,1,0,1,0,1,1,1,1,0,1,1.0,0.25,0.5,0.0,1.0,64.17,1.0,1,1,61846,0,YES,1,3,100.0
143,58,BUDGET_CONSCIOUS,1,0,2,0,1,0,1,1,1,0,0,1.0,0.2,0.5,0.0,0.0,46.5,0.409,0,0,0,0,NO,0,0,28.5
200,157,BUDGET_CONSCIOUS,2,1,0,0,0,1,1,0,0,0,0,0.5,0.0,0.0,0.0,0.0,27.5,0.0623,0,0,0,0,NO,0,0,9.5
166,347,BUDGET_CONSCIOUS,2,1,1,0,0,0,1,1,0,0,0,0.5,0.1667,0.0,0.0,0.0,25.0,0.0,0,0,0,0,NO,0,0,7.0
136,135,SELECTIVE_PLANNER,0,2,1,1,0,0,1,0,0,0,0,1.0,0.0,0.0,0.0,0.0,37.5,0.1386,0,0,0,0,NO,0,0,19.5
740,254,SPONTANEOUS_ADVENTURER,2,2,0,0,0,1,1,1,0,0,0,1.0,0.2,0.0,0.0,0.0,35.67,0.5023,1,1,40735,0,NO,0,1,39.93
757,714,SOCIAL_EXPLORER,1,0,0,0,1,1,2,1,0,1,0,1.0,0.25,0.0,1.0,0.0,64.17,0.7721,0,0,0,0,YES,1,3,100.0
937,916,SOCIAL_EXPLORER,1,0,1,0,1,0,1,1,1,0,0,0.3333,0.2,1.0,0.0,0.0,44.0,0.6576,1,1,34343,1,YES,0,2,98.02
83,530,BUDGET_CONSCIOUS,1,1,0,0,0,1,1,0,0,0,0,1.0,0.0,0.0,0.0,0.0,43.33,0.471,1,1,26404,1,SAVE_ONLY,0,1,72.57
579,884,SOCIAL_EXPLORER,0,1,2,1,0,0,1,2,1,0,1,1.0,0.4,1.0,0.0,1.0,60.5,0.517,1,0,0,0,NO,0,0,42.5
389,259,BUDGET_CONSCIOUS,1,0,2,0,1,0,1,0,0,0,0,0.5,0.0,0.0,0.0,0.0,27.5,0.4159,1,1,25273,0,NO,0,1,26.35
398,142,BUDGET_CONSCIOUS,0,1,1,1,0,0,1,1,0,0,1,0.5,0.1667,0.0,0.0,1.0,41.67,0.6927,0,0,0,0,YES,0,2,63.67
828,609,BUDGET_CONSCIOUS,0,2,1,1,0,0,1,2,0,0,1,0.3333,0.3333,0.0,0.0,1.0,35.83,0.5338,0,0,0,1,SAVE_ONLY,0,1,47.83
170,392,SOCIAL_EXPLORER,1,0,0,0,1,1,1,0,1,0,0,1.0,0.0,0.5,0.0,0.0,54.17,0.6502,1,1,48685,1,YES,0,2,100.0
231,326,BUDGET_CONSCIOUS,1,0,0,0,1,1,1,2,1,0,0,1.0,0.5,1.0,0.0,0.0,69.17,0.7562,1,1,55334,1,YES,1,3,100.0
405,555,SOCIAL_EXPLORER,2,1,2,0,0,0,2,0,0,0,0,1.0,0.0,0.0,0.0,0.0,25.83,0.1054,0,0,0,0,NO,0,0,7.83
782,103,CAUTIOUS_INTROVERT,2,2,0,0,0,1,1,1,0,0,0,0.5,0.2,0.0,0.0,0.0,25.67,0.1122,1,0,0,0,NO,0,0,7.67
314,222,CAUTIOUS_INTROVERT,1,1,0,0,0,1,1,2,1,0,0,0.5,0.5,1.0,0.0,0.0,53.33,0.6936,1,1,38724,0,YES,0,2,96.88
637,948,CAUTIOUS_INTROVERT,1,0,1,0,1,0,1,0,0,1,1,0.3333,0.0,0.0,1.0,1.0,45.0,0.4712,1,1,31389,1,SAVE_ONLY,0,1,75.99
220,266,BUDGET_CONSCIOUS,1,1,1,0,0,0,1,4,1,1,1,0.3333,1.0,1.0,1.0,1.0,69.17,0.6022,1,1,36905,1,SAVE_ONLY,0,1,100.0
929,933,CAUTIOUS_INTROVERT,1,1,1,0,0,0,1,0,0,0,0,0.5,0.0,0.0,0.0,0.0,27.5,0.3709,1,1,20802,0,NO,0,1,24.78
760,1011,BUDGET_CONSCIOUS,0,2,0,1,0,1,1,2,1,1,0,0.3333,0.4,0.5,1.0,0.0,53.0,0.6664,0,0,0,0,YES,0,2,75.0
493,633,SPONTANEOUS_ADVENTURER,2,1,1,0,0,0,1,1,0,0,1,1.0,0.2,0.0,0.0,1.0,40.67,0.7907,1,1,41667,1,YES,1,3,100.0
380,728,BUDGET_CONSCIOUS,1,1,1,0,0,0,1,0,1,0,0,0.5,0.0,0.5,0.0,0.0,32.5,0.247,0,0,0,0,NO,0,0,14.5
651,337,SELECTIVE_PLANNER,1,2,1,0,0,0,1,0,1,0,0,0.5,0.0,1.0,0.0,0.0,31.67,0.0515,0,0,0,0,NO,0,0,13.67
757,980,SOCIAL_EXPLORER,0,1,1,1,0,0,1,1,0,0,0,0.3333,0.2,0.0,0.0,0.0,34.0,0.6758,1,1,36862,1,YES,0,2,88.9
682,670,CAUTIOUS_INTROVERT,1,0,0,0,1,1,1,0,0,0,0,0.25,0.0,0.0,0.0,0.0,34.17,0.2505,1,1,21005,0,NO,0,1,31.52
978,100,BUDGET_CONSCIOUS,2,1,2,0,0,0,1,1,1,0,0,0.5,0.1667,0.5,0.0,0.0,24.17,0.0,0,0,0,0,NO,0,0,6.17
104,59,SOCIAL_EXPLORER,2,1,2,0,0,0,1,1,0,0,0,1.0,0.1667,0.0,0.0,0.0,29.17,0.385,1,1,19915,0,NO,0,1,26.14
209,85,SOCIAL_EXPLORER,0,2,1,1,0,0,1,0,0,0,0,0.5,0.0,0.0,0.0,0.0,27.5,0.3943,0,0,0,0,NO,0,0,9.5
418,970,SOCIAL_EXPLORER,0,1,0,1,0,1,1,1,1,1,0,0.5,0.2,0.5,1.0,0.0,58.17,0.8194,1,1,51117,0,YES,1,3,100.0
920,1009,CAUTIOUS_INTROVERT,2,2,0,0,0,1,1,1,1,0,0,0.3333,0.1667,0.5,0.0,0.0,26.67,0.2653,0,0,0,0,NO,0,0,8.67
266,662,PASSIVE_BROWSER,1,1,1,0,0,0,1,3,1,1,1,0.5,0.75,1.0,1.0,1.0,67.5,0.6697,1,1,46501,0,YES,0,2,100.0
619,705,BUDGET_CONSCIOUS,1,0,1,0,1,0,1,0,0,0,1,0.3333,0.0,0.0,0.0,1.0,35.0,0.3123,0,0,0,0,NO,0,0,17.0
600,841,SPONTANEOUS_ADVENTURER,0,0,1,1,1,0,1,1,0,1,1,1.0,0.2,0.0,1.0,1.0,68.17,1.0,1,1,62172,0,YES,1,3,100.0
755,78,SOCIAL_EXPLORER,2,1,0,0,0,1,1,1,1,0,1,0.5,0.2,0.5,0.0,1.0,41.5,0.6702,1,1,41363,1,YES,0,2,97.98
243,61,SELECTIVE_PLANNER,0,0,0,1,1,1,1,0,0,0,0,1.0,0.0,0.0,0.0,0.0,55.0,0.8766,1,1,53368,1,YES,1,3,100.0
866,694,BUDGET_CONSCIOUS,1,0,1,0,1,0,1,0,0,0,0,1.0,0.0,0.0,0.0,0.0,43.33,0.5676,0,0,0,1,SAVE_ONLY,0,1,55.33
402,63,CAUTIOUS_INTROVERT,1,1,1,0,0,0,1,3,1,1,0,1.0,0.5,1.0,1.0,0.0,67.5,0.8632,1,1,48024,1,SUPER_LIKE,1,3,100.0
31,128,CAUTIOUS_INTROVERT,1,1,0,0,0,1,1,2,1,0,0,1.0,0.3333,0.5,0.0,0.0,55.0,0.647,0,0,0,1,YES,0,2,89.0
452,186,SELECTIVE_PLANNER,0,0,1,1,1,0,1,1,0,0,0,1.0,0.2,0.0,0.0,0.0,53.17,0.8372,1,1,48111,0,YES,1,3,100.0
314,207,CAUTIOUS_INTROVERT,1,0,2,0,1,0,1,0,0,0,0,0.25,0.0,0.0,0.0,0.0,22.5,0.0046,1,0,0,0,NO,0,0,4.5
713,788,SPONTANEOUS_ADVENTURER,0,0,0,1,1,1,1,1,2,1,0,1.0,0.25,1.0,1.0,0.0,80.0,0.9345,1,1,62016,0,SUPER_LIKE,1,3,100.0
646,368,CAUTIOUS_INTROVERT,2,0,1,0,1,0,1,0,0,0,0,1.0,0.0,0.0,0.0,0.0,37.5,0.5017,1,1,30531,1,SAVE_ONLY,0,1,68.19
966,477,SELECTIVE_PLANNER,1,2,1,0,0,0,1,0,0,0,0,0.3333,0.0,0.0,0.0,0.0,18.33,0.0,1,0,0,0,NO,0,0,0.33
853,325,SOCIAL_EXPLORER,0,1,0,1,0,1,1,0,0,0,0,1.0,0.0,0.0,0.0,0.0,49.17,0.7117,0,0,0,1,YES,1,3,100.0
985,859,SOCIAL_EXPLORER,1,0,1,0,1,0,1,0,0,0,0,1.0,0.0,0.0,0.0,0.0,43.33,0.6301,0,0,0,1,YES,0,2,77.33
360,659,SOCIAL_EXPLORER,1,0,1,0,1,0,1,0,1,0,1,1.0,0.0,0.5,0.0,1.0,53.33,0.6344,1,1,34924,0,YES,0,2,95.55
583,973,BUDGET_CONSCIOUS,0,0,0,1,1,1,1,0,0,0,0,0.3333,0.0,0.0,0.0,0.0,41.67,0.6083,0,0,0,1,SAVE_ONLY,0,1,53.67
337,932,SOCIAL_EXPLORER,1,1,1,0,0,0,1,0,0,0,0,0.3333,0.0,0.0,0.0,0.0,24.17,0.433,0,0,0,1,SAVE_ONLY,0,1,36.17
62,136,CAUTIOUS_INTROVERT,1,1,1,0,0,0,1,0,1,0,0,1.0,0.0,0.3333,0.0,0.0,40.83,0.5259,0,0,0,1,SAVE_ONLY,0,1,52.83
261,864,BUDGET_CONSCIOUS,2,0,0,0,1,1,1,0,0,0,0,0.5,0.0,0.0,0.0,0.0,33.33,0.0,1,0,0,0,NO,0,0,15.33
54,703,CAUTIOUS_INTROVERT,1,2,2,0,0,0,1,4,1,1,0,0.3333,1.0,1.0,1.0,0.0,52.5,0.4997,1,0,0,1,SAVE_ONLY,0,1,64.5
607,189,SOCIAL_EXPLORER,0,0,0,1,1,1,1,1,1,0,1,0.25,0.2,0.5,0.0,1.0,54.0,0.6262,1,0,0,0,YES,0,2,76.0
983,837,BUDGET_CONSCIOUS,2,1,1,0,0,0,1,0,0,0,0,0.3333,0.0,0.0,0.0,0.0,18.33,0.0,1,0,0,0,NO,0,0,0.33
735,274,SOCIAL_EXPLORER,1,1,0,0,0,1,1,0,0,0,0,0.3333,0.0,0.0,0.0,0.0,30.0,0.6327,1,0,0,1,YES,0,2,64.0
288,491,CAUTIOUS_INTROVERT,1,1,0,0,0,1,1,0,0,1,0,1.0,0.0,0.0,1.0,0.0,53.33,0.654,1,1,44585,1,YES,0,2,100.0
452,157,SELECTIVE_PLANNER,1,0,0,0,1,1,1,3,1,1,1,1.0,0.6,0.5,1.0,1.0,81.17,0.9223,1,1,59161,1,YES,1,3,100.0
282,365,BUDGET_CONSCIOUS,0,1,1,1,0,0,1,0,0,1,1,1.0,0.0,0.0,1.0,1.0,58.33,0.8361,1,1,51211,0,YES,1,3,100.0
965,169,CAUTIOUS_INTROVERT,0,2,1,1,0,0,1,1,1,1,0,0.5,0.2,0.5,1.0,0.0,46.5,0.575,1,0,0,1,SAVE_ONLY,0,1,58.5
606,639,SPONTANEOUS_ADVENTURER,0,0,1,1,1,0,1,0,0,0,0,0.5,0.0,0.0,0.0,0.0,39.17,0.6639,1,1,41917,0,YES,0,2,83.84
28,59,SELECTIVE_PLANNER,1,1,1,0,0,0,1,0,0,1,0,0.5,0.0,0.0,1.0,0.0,37.5,0.0871,1,0,0,0,NO,0,0,19.5
473,1005,SOCIAL_EXPLORER,0,0,1,1,1,0,1,1,1,1,1,1.0,0.2,1.0,1.0,1.0,78.17,1.0,1,1,58514,0,SUPER_LIKE,1,3,100.0
121,377,SELECTIVE_PLANNER,1,0,1,0,1,0,1,0,1,0,0,1.0,0.0,0.5,0.0,0.0,48.33,0.7473,1,0,0,0,YES,1,3,100.0
68,302,CAUTIOUS_INTROVERT,0,1,1,1,0,0,1,1,0,0,0,0.5,0.25,0.0,0.0,0.0,38.33,0.4881,1,0,0,1,SAVE_ONLY,0,1,50.33
923,695,SOCIAL_EXPLORER,2,1,1,0,0,0,1,1,0,0,0,1.0,0.3333,0.0,0.0,0.0,38.33,0.456,1,1,27856,1,SAVE_ONLY,0,1,68.08
552,443,SOCIAL_EXPLORER,0,1,1,1,0,0,1,2,1,1,1,1.0,0.4,1.0,1.0,1.0,76.33,0.9514,1,1,58855,1,YES,1,3,100.0
864,292,SOCIAL_EXPLORER,1,0,1,0,1,0,1,0,0,0,0,1.0,0.0,0.0,0.0,0.0,43.33,0.5906,1,1,32378,1,SAVE_ONLY,0,1,74.66
895,251,SOCIAL_EXPLORER,1,1,1,0,0,0,1,1,1,0,0,1.0,0.25,1.0,0.0,0.0,52.5,0.6326,1,1,48104,0,YES,0,2,99.34
422,96,CAUTIOUS_INTROVERT,1,0,0,0,1,1,1,1,0,0,0,1.0,0.2,0.0,0.0,0.0,53.17,0.4676,1,1,29368,0,NO,0,1,53.45
984,326,SOCIAL_EXPLORER,1,0,1,0,1,0,1,1,0,0,0,1.0,0.3333,0.0,0.0,0.0,50.0,0.6907,1,1,36169,1,YES,0,2,100.0
251,981,BUDGET_CONSCIOUS,0,1,0,1,0,1,1,0,1,1,1,0.5,0.0,1.0,1.0,1.0,64.17,0.6905,1,1,37668,1,YES,0,2,100.0
425,835,SOCIAL_EXPLORER,0,1,1,1,0,0,1,2,1,1,1,1.0,0.5,0.3333,1.0,1.0,71.67,0.7755,1,1,49218,0,YES,1,3,100.0
878,641,SPONTANEOUS_ADVENTURER,1,1,0,0,0,1,1,2,0,0,0,1.0,0.25,0.0,0.0,0.0,48.33,0.6604,1,1,43953,1,YES,0,2,100.0
320,605,SPONTANEOUS_ADVENTURER,1,1,1,0,0,0,2,1,0,0,0,1.0,0.1429,0.0,0.0,0.0,40.36,0.7289,1,0,0,1,YES,1,3,100.0
476,472,BUDGET_CONSCIOUS,1,0,1,0,1,0,1,2,1,0,0,0.5,0.25,0.5,0.0,0.0,43.33,0.3111,1,0,0,0,NO,0,0,25.33
177,686,BUDGET_CONSCIOUS,1,1,1,0,0,0,1,1,1,0,1,1.0,0.3333,0.3333,0.0,1.0,52.5,0.6366,0,0,0,1,YES,0,2,86.5
917,51,CAUTIOUS_INTROVERT,1,2,1,0,0,0,1,0,0,0,0,1.0,0.0,0.0,0.0,0.0,31.67,0.4444,1,0,0,1,SAVE_ONLY,0,1,43.67
839,84,CAUTIOUS_INTROVERT,0,0,1,1,1,0,1,1,0,0,0,1.0,0.1667,0.0,0.0,0.0,52.5,0.633,1,1,46558,0,YES,0,2,98.8
547,998,SOCIAL_EXPLORER,2,2,2,0,0,0,1,2,1,0,0,0.5,0.4,1.0,0.0,0.0,28.0,0.2043,0,0,0,0,NO,0,0,10.0
712,570,BUDGET_CONSCIOUS,0,0,1,1,1,0,1,2,0,0,0,0.25,0.6667,0.0,0.0,0.0,47.5,0.6017,1,1,31776,0,NO,0,1,48.62
719,879,SPONTANEOUS_ADVENTURER,0,1,0,1,0,1,2,1,1,0,0,1.0,0.1429,1.0,0.0,0.0,62.02,1.0,1,1,55425,0,YES,1,3,100.0
95,53,CAUTIOUS_INTROVERT,0,0,0,1,1,1,1,1,2,1,0,0.3333,0.2,1.0,1.0,0.0,65.67,0.74,1,1,38803,1,YES,1,3,100.0
360,277,SOCIAL_EXPLORER,0,0,1,1,1,0,1,1,1,0,0,1.0,0.2,1.0,0.0,0.0,63.17,0.8786,1,1,50987,0,YES,1,3,100.0
897,94,CAUTIOUS_INTROVERT,1,1,1,0,0,0,1,2,0,0,0,1.0,0.3333,0.0,0.0,0.0,44.17,0.4994,1,1,31863,0,NO,0,1,45.32
247,651,SOCIAL_EXPLORER,0,2,1,1,0,0,1,0,1,0,0,1.0,0.0,1.0,0.0,0.0,47.5,0.7671,1,0,0,1,YES,1,3,100.0
717,94,SOCIAL_EXPLORER,1,1,1,0,0,0,1,2,1,0,1,0.5,0.2857,0.3333,0.0,1.0,41.55,0.6983,0,0,0,1,YES,0,2,75.55
23,382,BUDGET_CONSCIOUS,2,0,1,0,1,0,1,0,1,0,0,0.3333,0.0,0.5,0.0,0.0,29.17,0.0,1,0,0,0,NO,0,0,11.17
860,584,BUDGET_CONSCIOUS,2,0,1,0,1,0,1,2,1,0,0,1.0,0.5,1.0,0.0,0.0,57.5,0.3305,0,0,0,0,NO,0,0,39.5
866,337,BUDGET_CONSCIOUS,2,0,1,0,1,0,1,0,0,0,0,0.5,0.0,0.0,0.0,0.0,27.5,0.0,0,0,0,0,NO,0,0,9.5
944,29,CAUTIOUS_INTROVERT,0,0,2,1,1,0,1,1,1,1,0,0.5,0.2,1.0,1.0,0.0,57.33,0.4051,1,1,31737,0,NO,0,1,58.44
315,728,CAUTIOUS_INTROVERT,0,0,1,1,1,0,1,0,0,0,1,0.5,0.0,0.0,0.0,1.0,44.17,0.46,1,0,0,1,SAVE_ONLY,0,1,56.17
167,741,CAUTIOUS_INTROVERT,1,2,2,0,0,0,1,1,1,1,0,0.25,0.25,0.5,1.0,0.0,30.83,0.1153,0,0,0,0,NO,0,0,12.83
180,434,SOCIAL_EXPLORER,1,0,1,0,1,0,1,0,0,0,1,1.0,0.0,0.0,0.0,1.0,48.33,0.5511,1,1,37122,1,SAVE_ONLY,0,1,81.32
577,454,SOCIAL_EXPLORER,0,2,1,1,0,0,1,0,1,0,0,1.0,0.0,0.3333,0.0,0.0,40.83,0.7378,1,0,0,0,YES,1,3,92.83
651,759,SELECTIVE_PLANNER,0,2,1,1,0,0,1,1,0,0,0,0.3333,0.2,0.0,0.0,0.0,28.17,0.2104,1,0,0,0,NO,0,0,10.17
215,273,CAUTIOUS_INTROVERT,1,1,2,0,0,0,1,0,0,0,0,0.5,0.0,0.0,0.0,0.0,21.67,0.0,0,0,0,0,NO,0,0,3.67
147,977,SOCIAL_EXPLORER,0,2,1,1,0,0,1,1,1,0,0,1.0,0.1429,0.5,0.0,0.0,45.36,0.5886,1,0,0,0,NO,0,0,27.36
369,648,SOCIAL_EXPLORER,1,1,1,0,0,0,1,1,0,0,0,0.3333,0.1667,0.0,0.0,0.0,27.5,0.4079,1,1,24225,0,NO,0,1,25.98
228,473,BUDGET_CONSCIOUS,1,0,2,0,1,0,1,2,0,0,0,1.0,0.2857,0.0,0.0,0.0,43.21,0.4404,1,1,27113,1,SAVE_ONLY,0,1,72.7
130,59,BUDGET_CONSCIOUS,0,0,1,1,1,0,1,1,0,1,0,1.0,0.1667,0.0,1.0,0.0,62.5,0.785,0,0,0,0,YES,1,3,100.0
479,243,SOCIAL_EXPLORER,1,0,0,0,1,1,1,2,1,1,1,0.5,0.4,1.0,1.0,1.0,72.17,1.0,1,1,65846,0,YES,1,3,100.0
707,401,CAUTIOUS_INTROVERT,1,0,1,0,1,0,1,0,0,1,0,0.5,0.0,0.0,1.0,0.0,43.33,0.5278,1,1,34145,1,SAVE_ONLY,0,1,75.28
654,980,BUDGET_CONSCIOUS,1,2,0,0,0,1,1,1,0,0,0,0.3333,0.2,0.0,0.0,0.0,28.17,0.1782,0,0,0,0,NO,0,0,10.17
368,59,BUDGET_CONSCIOUS,0,1,1,1,0,0,1,1,2,0,0,1.0,0.1429,1.0,0.0,0.0,56.19,0.7981,0,0,0,0,YES,1,3,100.0
437,935,SOCIAL_EXPLORER,0,1,0,1,0,1,1,2,1,0,0,0.5,0.3333,1.0,0.0,0.0,55.83,0.8972,1,1,48559,1,YES,1,3,100.0
565,125,SELECTIVE_PLANNER,2,2,1,0,0,0,1,1,1,1,0,0.3333,0.2,1.0,1.0,0.0,36.5,0.2747,0,0,0,0,NO,0,0,18.5
942,636,BUDGET_CONSCIOUS,2,1,0,0,0,1,1,2,0,0,0,0.25,0.3333,0.0,0.0,0.0,29.17,0.0081,0,0,0,0,NO,0,0,11.17
704,709,CAUTIOUS_INTROVERT,2,1,1,0,0,0,1,2,2,1,0,1.0,0.5,1.0,1.0,0.0,61.67,0.7033,1,1,49526,0,YES,1,3,100.0
452,339,SELECTIVE_PLANNER,1,0,1,0,1,0,1,2,0,0,0,1.0,0.3333,0.0,0.0,0.0,50.0,0.8178,1,1,54082,0,YES,1,3,100.0
70,162,SELECTIVE_PLANNER,0,2,0,1,0,1,1,1,1,1,1,0.5,0.25,0.5,1.0,1.0,58.33,0.3577,1,1,28734,0,NO,0,1,58.39
483,41,BUDGET_CONSCIOUS,1,0,0,0,1,1,1,1,1,0,0,1.0,0.1429,1.0,0.0,0.0,62.02,0.4814,1,0,0,1,SAVE_ONLY,0,1,74.02
341,983,CAUTIOUS_INTROVERT,2,0,1,0,1,0,1,2,1,1,0,0.5,0.4,1.0,1.0,0.0,55.5,0.8464,1,1,47119,1,YES,1,3,100.0
750,178,CAUTIOUS_INTROVERT,1,2,1,0,0,0,1,1,0,1,0,1.0,0.25,0.0,1.0,0.0,46.67,0.3396,1,0,0,0,NO,0,0,28.67
453,939,SPONTANEOUS_ADVENTURER,1,1,0,0,0,1,1,0,0,0,0,1.0,0.0,0.0,0.0,0.0,43.33,0.5752,0,0,0,0,NO,0,0,25.33
52,966,SPONTANEOUS_ADVENTURER,0,2,0,1,0,1,1,2,1,1,0,0.3333,0.5,0.5,1.0,0.0,55.0,0.7923,1,1,51184,0,YES,1,3,100.0
843,948,SPONTANEOUS_ADVENTURER,1,1,0,0,0,1,1,2,0,1,1,0.25,0.5,0.0,1.0,1.0,53.33,0.8063,1,0,0,0,YES,1,3,100.0
968,270,SOCIAL_EXPLORER,0,1,0,1,0,1,1,1,0,0,0,0.3333,0.1429,0.0,0.0,0.0,38.69,0.5402,1,1,35269,1,SAVE_ONLY,0,1,71.03
35,311,BUDGET_CONSCIOUS,1,1,1,0,0,0,1,1,1,1,0,0.3333,0.2,0.5,1.0,0.0,43.17,0.4893,1,0,0,1,SAVE_ONLY,0,1,55.17
152,441,CAUTIOUS_INTROVERT,1,0,1,0,1,0,1,0,0,0,0,1.0,0.0,0.0,0.0,0.0,43.33,0.3687,0,0,0,0,NO,0,0,25.33
228,794,BUDGET_CONSCIOUS,2,1,1,0,0,0,1,2,0,0,0,0.5,0.2857,0.0,0.0,0.0,27.38,0.0,0,0,0,0,NO,0,0,9.38
504,925,SELECTIVE_PLANNER,0,2,0,1,0,1,1,1,1,1,0,0.5,0.1667,1.0,1.0,0.0,56.67,0.3225,1,1,27722,0,NO,0,1,56.37
601,765,SELECTIVE_PLANNER,1,0,1,0,1,0,1,0,0,0,0,0.3333,0.0,0.0,0.0,0.0,30.0,0.4258,0,0,0,1,SAVE_ONLY,0,1,42.0
234,370,BUDGET_CONSCIOUS,0,0,1,1,1,0,1,0,0,0,0,0.3333,0.0,0.0,0.0,0.0,35.83,0.4611,1,1,38665,1,SAVE_ONLY,0,1,69.36
91,730,SOCIAL_EXPLORER,1,2,0,0,0,1,1,1,2,1,0,1.0,0.2,1.0,1.0,0.0,61.5,0.8551,1,1,45894,0,YES,1,3,100.0
786,588,BUDGET_CONSCIOUS,1,0,0,0,1,1,1,1,1,0,1,1.0,0.1667,0.5,0.0,1.0,62.5,0.6967,1,1,49590,1,YES,0,2,100.0
397,640,BUDGET_CONSCIOUS,0,1,1,1,0,0,1,2,1,0,0,1.0,0.5,1.0,0.0,0.0,63.33,0.882,1,1,51129,1,SUPER_LIKE,1,3,100.0
58,370,CAUTIOUS_INTROVERT,1,2,0,0,0,1,1,2,1,0,0,1.0,0.4,0.5,0.0,0.0,50.5,0.7319,1,1,44598,0,YES,1,3,100.0
838,132,SOCIAL_EXPLORER,1,0,1,0,1,0,1,1,1,0,0,0.5,0.1667,1.0,0.0,0.0,46.67,0.6217,1,1,47895,1,YES,0,2,100.0
361,131,BUDGET_CONSCIOUS,1,2,1,0,0,0,1,0,1,1,1,1.0,0.0,0.5,1.0,1.0,51.67,0.447,1,0,0,1,SAVE_ONLY,0,1,63.67
139,854,SPONTANEOUS_ADVENTURER,0,0,0,1,1,1,1,0,0,0,0,1.0,0.0,0.0,0.0,0.0,55.0,0.8725,1,1,57741,0,SUPER_LIKE,1,3,100.0
583,633,BUDGET_CONSCIOUS,0,0,0,1,1,1,1,0,0,0,0,0.5,0.0,0.0,0.0,0.0,45.0,0.4777,1,0,0,1,SAVE_ONLY,0,1,57.0
890,18,BUDGET_CONSCIOUS,0,0,1,1,1,0,1,0,0,0,0,0.5,0.0,0.0,0.0,0.0,39.17,0.6358,1,1,39727,0,YES,0,2,83.07
843,48,SELECTIVE_PLANNER,1,0,0,0,1,1,1,0,0,0,0,0.5,0.0,0.0,0.0,0.0,39.17,0.6097,1,1,33395,1,SAVE_ONLY,0,1,70.86
248,300,SOCIAL_EXPLORER,1,0,0,0,1,1,1,0,0,0,0,0.5,0.0,0.0,0.0,0.0,39.17,0.563,1,1,39345,1,SAVE_ONLY,0,1,72.94
488,838,SOCIAL_EXPLORER,0,1,0,1,0,1,1,0,1,0,1,0.5,0.0,0.5,0.0,1.0,49.17,0.8224,1,1,53370,1,YES,1,3,100.0
450,430,SPONTANEOUS_ADVENTURER,1,1,0,0,0,1,1,1,1,0,0,1.0,0.25,1.0,0.0,0.0,58.33,0.8728,1,1,57355,0,YES,1,3,100.0
860,861,BUDGET_CONSCIOUS,2,1,0,0,0,1,1,1,0,0,0,0.5,0.1667,0.0,0.0,0.0,30.83,0.0847,0,0,0,0,NO,0,0,12.83
864,596,SOCIAL_EXPLORER,1,0,1,0,1,0,1,0,0,0,0,1.0,0.0,0.0,0.0,0.0,43.33,0.4871,0,0,0,0,NO,0,0,25.33
841,607,SOCIAL_EXPLORER,0,1,0,1,0,1,1,2,0,1,1,0.5,0.4,0.0,1.0,1.0,62.17,0.7089,1,0,0,0,YES,1,3,100.0
75,396,BUDGET_CONSCIOUS,1,1,1,0,0,0,1,3,1,1,1,0.5,0.75,0.5,1.0,1.0,62.5,0.6567,1,1,42938,1,YES,0,2,100.0
705,65,SPONTANEOUS_ADVENTURER,1,1,1,0,0,0,1,2,1,1,0,0.3333,0.4,0.5,1.0,0.0,47.17,0.6709,1,0,0,0,YES,0,2,69.17
1001,311,SOCIAL_EXPLORER,0,2,1,1,0,0,1,2,0,0,0,0.5,0.3333,0.0,0.0,0.0,34.17,0.5143,1,0,0,1,SAVE_ONLY,0,1,46.17
243,34,BUDGET_CONSCIOUS,1,1,0,0,0,1,1,1,0,0,0,1.0,0.125,0.0,0.0,0.0,45.83,0.385,0,0,0,0,NO,0,0,27.83
497,614,BUDGET_CONSCIOUS,0,1,1,1,0,0,1,0,0,0,0,1.0,0.0,0.0,0.0,0.0,43.33,0.4655,1,1,35517,0,NO,0,1,45.76
20,365,BUDGET_CONSCIOUS,0,1,1,1,0,0,1,0,0,0,0,0.5,0.0,0.0,0.0,0.0,33.33,0.3472,0,0,0,0,NO,0,0,15.33
788,641,SPONTANEOUS_ADVENTURER,0,1,0,1,0,1,1,0,0,0,0,1.0,0.0,0.0,0.0,0.0,49.17,0.7785,1,1,46406,0,YES,1,3,100.0
80,193,CAUTIOUS_INTROVERT,0,0,2,1,1,0,1,2,0,0,0,0.5,0.3333,0.0,0.0,0.0,40.0,0.3125,0,0,0,0,NO,0,0,22.0
376,155,CAUTIOUS_INTROVERT,0,0,1,1,1,0,1,1,0,0,0,0.25,0.1667,0.0,0.0,0.0,37.5,0.2825,1,0,0,0,NO,0,0,19.5
991,777,BUDGET_CONSCIOUS,1,0,0,0,1,1,1,2,1,1,1,0.5,0.5,0.5,1.0,1.0,69.17,0.635,1,1,42135,1,YES,0,2,100.0
335,476,SPONTANEOUS_ADVENTURER,0,1,0,1,0,1,1,1,0,0,0,1.0,0.1429,0.0,0.0,0.0,52.02,0.7948,1,0,0,1,YES,1,3,100.0
447,568,CAUTIOUS_INTROVERT,1,1,0,0,0,1,1,0,0,0,0,1.0,0.0,0.0,0.0,0.0,43.33,0.4923,1,0,0,1,SAVE_ONLY,0,1,55.33
458,753,BUDGET_CONSCIOUS,1,2,1,0,0,0,1,2,1,1,0,1.0,0.6667,1.0,1.0,0.0,65.0,0.6237,1,1,47520,0,YES,0,2,100.0
72,280,CAUTIOUS_INTROVERT,1,1,0,0,0,1,1,2,1,1,0,0.5,0.3333,1.0,1.0,0.0,60.0,0.873,1,1,54924,1,YES,1,3,100.0
488,618,SOCIAL_EXPLORER,1,1,2,0,0,0,1,2,2,1,1,1.0,1.0,1.0,1.0,1.0,76.67,0.8635,1,0,0,0,YES,1,3,100.0
275,408,BUDGET_CONSCIOUS,0,1,0,1,0,1,1,1,1,0,0,0.5,0.2,0.5,0.0,0.0,48.17,0.6466,1,1,44855,1,YES,0,2,100.0
883,690,SOCIAL_EXPLORER,0,0,2,1,1,0,1,1,1,0,0,1.0,0.2,1.0,0.0,0.0,57.33,0.5315,1,1,28878,1,SAVE_ONLY,0,1,87.44
111,844,CAUTIOUS_INTROVERT,0,2,2,1,0,0,1,2,1,1,0,0.5,0.3333,1.0,1.0,0.0,48.33,0.3899,0,0,0,0,NO,0,0,30.33
726,424,SPONTANEOUS_ADVENTURER,0,2,1,1,0,0,1,1,1,0,1,1.0,0.1667,0.5,0.0,1.0,50.83,0.6519,1,1,40135,0,YES,0,2,94.88
139,966,PASSIVE_BROWSER,0,1,0,1,0,1,1,0,0,0,0,0.3333,0.0,0.0,0.0,0.0,35.83,0.2919,0,0,0,0,NO,0,0,17.83
427,488,CAUTIOUS_INTROVERT,0,0,2,1,1,0,1,1,2,1,1,1.0,0.25,1.0,1.0,1.0,73.33,0.6267,1,1,37137,0,YES,0,2,100.0
417,806,SPONTANEOUS_ADVENTURER,0,1,1,1,0,0,1,0,0,0,0,0.5,0.0,0.0,0.0,0.0,33.33,0.5188,1,1,35412,1,SAVE_ONLY,0,1,65.72
1004,710,SOCIAL_EXPLORER,1,1,0,0,0,1,1,1,1,1,0,0.3333,0.25,1.0,1.0,0.0,55.0,0.7781,1,1,52203,1,YES,1,3,100.0
159,592,SPONTANEOUS_ADVENTURER,1,0,0,0,1,1,1,1,2,0,0,1.0,0.125,1.0,0.0,0.0,61.67,0.8159,1,1,48973,0,YES,1,3,100.0
324,67,SELECTIVE_PLANNER,2,0,1,0,1,0,1,1,1,1,1,0.5,0.2,1.0,1.0,1.0,56.5,0.7931,1,1,44123,1,YES,1,3,100.0
661,775,SOCIAL_EXPLORER,1,1,1,0,0,0,1,0,0,0,0,1.0,0.0,0.0,0.0,0.0,37.5,0.696,0,0,0,0,YES,0,2,59.5
602,429,CAUTIOUS_INTROVERT,0,2,1,1,0,0,1,0,1,0,0,1.0,0.0,1.0,0.0,0.0,47.5,0.4433,1,0,0,1,SAVE_ONLY,0,1,59.5
842,536,SOCIAL_EXPLORER,1,2,0,0,0,1,1,1,1,0,0,0.5,0.25,0.5,0.0,0.0,37.5,0.4988,1,1,31554,0,NO,0,1,38.54
814,716,BUDGET_CONSCIOUS,0,0,0,1,1,1,1,0,0,0,0,0.5,0.0,0.0,0.0,0.0,45.0,0.6886,1,1,41607,1,YES,0,2,100.0
518,949,BUDGET_CONSCIOUS,0,1,0,1,0,1,1,0,0,1,0,0.3333,0.0,0.0,1.0,0.0,45.83,0.627,1,1,38496,0,YES,0,2,89.3
242,937,SPONTANEOUS_ADVENTURER,0,2,1,1,0,0,1,1,1,0,0,0.25,0.1667,0.5,0.0,0.0,30.83,0.4059,1,1,22196,0,NO,0,1,28.6
623,683,SOCIAL_EXPLORER,2,1,0,0,0,1,1,3,1,1,1,0.25,0.75,1.0,1.0,1.0,62.5,0.7231,1,1,51057,1,YES,1,3,100.0
967,899,CAUTIOUS_INTROVERT,1,0,1,0,1,0,1,2,1,1,1,1.0,0.6667,1.0,1.0,1.0,81.67,0.8451,1,1,60405,0,YES,1,3,100.0
366,433,SELECTIVE_PLANNER,0,0,0,1,1,1,1,0,0,0,0,0.5,0.0,0.0,0.0,0.0,45.0,0.7248,1,1,47055,1,YES,1,3,100.0
429,189,SELECTIVE_PLANNER,0,1,1,1,0,0,1,0,1,0,1,0.3333,0.0,0.5,0.0,1.0,40.0,0.0848,0,0,0,0,NO,0,0,22.0
152,746,SELECTIVE_PLANNER,0,0,1,1,1,0,1,0,0,0,0,1.0,0.0,0.0,0.0,0.0,49.17,0.7383,0,0,0,1,YES,1,3,100.0
289,430,BUDGET_CONSCIOUS,1,0,0,0,1,1,1,1,1,0,0,1.0,0.1667,0.5,0.0,0.0,57.5,0.6975,1,1,39865,0,YES,0,2,100.0
442,798,SOCIAL_EXPLORER,1,0,0,0,1,1,1,1,0,0,0,0.5,0.2,0.0,0.0,0.0,43.17,0.7273,0,0,0,0,YES,1,3,95.17
312,138,BUDGET_CONSCIOUS,0,1,1,1,0,0,1,1,1,0,1,0.5,0.2,0.5,0.0,1.0,47.33,0.7479,1,1,53053,0,YES,1,3,100.0
455,227,SELECTIVE_PLANNER,0,1,1,1,0,0,1,2,1,1,1,0.3333,0.6667,1.0,1.0,1.0,68.33,0.4809,1,0,0,1,SAVE_ONLY,0,1,80.33
548,789,CAUTIOUS_INTROVERT,0,1,1,1,0,0,1,2,1,1,0,0.5,0.4,1.0,1.0,0.0,61.33,0.6358,1,1,37413,0,YES,0,2,100.0
416,72,SPONTANEOUS_ADVENTURER,1,1,1,0,0,0,1,0,0,0,0,0.3333,0.0,0.0,0.0,0.0,24.17,0.2731,0,0,0,0,NO,0,0,6.17
845,92,CAUTIOUS_INTROVERT,0,0,0,1,1,1,1,2,1,0,0,1.0,0.3333,0.5,0.0,0.0,66.67,0.6706,1,1,38978,1,YES,0,2,100.0
964,103,CAUTIOUS_INTROVERT,2,2,0,0,0,1,2,1,0,0,0,1.0,0.1667,0.0,0.0,0.0,35.0,0.2738,1,0,0,0,NO,0,0,17.0
383,336,BUDGET_CONSCIOUS,1,1,0,0,0,1,1,1,1,1,1,0.3333,0.3333,1.0,1.0,1.0,61.67,0.5094,1,0,0,1,SAVE_ONLY,0,1,73.67
819,209,BUDGET_CONSCIOUS,1,1,0,0,0,1,1,1,0,0,0,0.5,0.3333,0.0,0.0,0.0,40.0,0.284,1,0,0,0,NO,0,0,22.0
931,655,SPONTANEOUS_ADVENTURER,1,0,1,0,1,0,1,3,1,0,1,1.0,0.75,1.0,0.0,1.0,73.33,0.9124,1,1,58865,0,YES,1,3,100.0
929,731,CAUTIOUS_INTROVERT,1,0,0,0,1,1,1,0,0,0,0,0.5,0.0,0.0,0.0,0.0,39.17,0.2926,0,0,0,0,NO,0,0,21.17
92,474,CAUTIOUS_INTROVERT,1,1,0,0,0,1,1,4,2,1,0,0.5,0.8,1.0,1.0,0.0,69.33,0.8951,1,1,48832,0,YES,1,3,100.0
224,416,BUDGET_CONSCIOUS,1,2,1,0,0,0,1,0,0,0,1,0.3333,0.0,0.0,0.0,1.0,23.33,0.3002,1,1,26672,0,NO,0,1,22.67
720,214,SPONTANEOUS_ADVENTURER,2,1,1,0,0,0,1,1,1,0,0,0.5,0.25,0.5,0.0,0.0,31.67,0.6914,0,0,0,0,YES,0,2,53.67
367,86,SOCIAL_EXPLORER,1,1,0,0,0,1,2,1,1,0,0,1.0,0.3333,0.5,0.0,0.0,55.0,0.6424,1,1,38794,1,YES,0,2,100.0
375,843,CAUTIOUS_INTROVERT,1,1,1,0,0,0,1,1,0,1,1,0.5,0.1429,0.0,1.0,1.0,45.36,0.4835,1,1,34794,1,SAVE_ONLY,0,1,77.54
392,659,SOCIAL_EXPLORER,1,1,1,0,0,0,1,1,0,0,0,1.0,0.25,0.0,0.0,0.0,42.5,0.4808,1,1,37186,0,NO,0,1,45.52
169,832,SPONTANEOUS_ADVENTURER,1,0,1,0,1,0,1,1,1,0,0,0.5,0.2,1.0,0.0,0.0,47.33,0.7849,1,1,51553,0,YES,1,3,100.0
364,908,BUDGET_CONSCIOUS,2,0,0,0,1,1,1,0,0,0,0,1.0,0.0,0.0,0.0,0.0,43.33,0.0419,0,0,0,0,NO,0,0,25.33
104,172,SOCIAL_EXPLORER,0,1,0,1,0,1,1,1,0,0,0,0.5,0.1429,0.0,0.0,0.0,42.02,0.632,1,1,35320,0,YES,0,2,84.38
362,433,SOCIAL_EXPLORER,1,0,1,0,1,0,1,1,0,0,0,0.5,0.1667,0.0,0.0,0.0,36.67,0.6904,1,1,41094,1,YES,0,2,93.05
534,794,SOCIAL_EXPLORER,1,0,1,0,1,0,1,0,1,0,0,0.3333,0.0,0.5,0.0,0.0,35.0,0.5693,1,1,37136,1,SAVE_ONLY,0,1,68.0
930,464,SPONTANEOUS_ADVENTURER,0,1,0,1,0,1,1,0,0,0,0,1.0,0.0,0.0,0.0,0.0,49.17,0.6534,1,1,46755,1,YES,0,2,100.0
486,620,SPONTANEOUS_ADVENTURER,1,2,1,0,0,0,2,2,0,1,1,1.0,0.5,0.0,1.0,1.0,56.67,0.7536,1,0,0,1,YES,1,3,100.0
852,306,SOCIAL_EXPLORER,1,1,0,0,0,1,1,0,0,0,0,1.0,0.0,0.0,0.0,0.0,43.33,0.6563,0,0,0,0,YES,0,2,65.33
458,205,BUDGET_CONSCIOUS,1,0,1,0,1,0,1,2,1,1,1,0.5,0.4,1.0,1.0,1.0,66.33,0.6552,1,1,38899,1,YES,0,2,100.0
963,907,SOCIAL_EXPLORER,1,1,0,0,0,1,2,0,0,0,1,0.5,0.0,0.0,0.0,1.0,38.33,0.5692,0,0,0,1,SAVE_ONLY,0,1,50.33
193,132,SOCIAL_EXPLORER,2,0,1,0,1,0,1,1,0,0,0,1.0,0.1429,0.0,0.0,0.0,40.36,0.6711,1,1,37411,1,YES,0,2,95.45
509,121,SOCIAL_EXPLORER,1,2,1,0,0,0,1,0,1,0,1,1.0,0.0,0.5,0.0,1.0,41.67,0.6948,1,1,47840,1,YES,0,2,100.0
785,214,BUDGET_CONSCIOUS,0,1,0,1,0,1,1,1,0,0,1,0.5,0.25,0.0,0.0,1.0,49.17,0.7887,1,1,42063,1,YES,1,3,100.0
203,228,SOCIAL_EXPLORER,2,1,2,0,0,0,1,2,1,1,0,1.0,0.2857,1.0,1.0,0.0,51.55,0.4117,0,0,0,0,NO,0,0,33.55
388,314,SPONTANEOUS_ADVENTURER,0,1,1,1,0,0,1,1,1,0,0,0.5,0.25,0.5,0.0,0.0,43.33,0.7266,1,1,41709,0,YES,1,3,100.0
237,334,BUDGET_CONSCIOUS,0,1,1,1,0,0,1,0,0,0,0,0.5,0.0,0.0,0.0,0.0,33.33,0.5491,1,1,40437,1,SAVE_ONLY,0,1,67.48
119,850,SOCIAL_EXPLORER,1,1,1,0,0,0,1,0,0,1,0,1.0,0.0,0.0,1.0,0.0,47.5,0.6939,1,1,38179,0,YES,0,2,90.86
325,589,SOCIAL_EXPLORER,0,0,0,1,1,1,1,0,0,0,0,0.5,0.0,0.0,0.0,0.0,45.0,0.6517,1,1,37205,0,YES,0,2,88.02
951,205,SELECTIVE_PLANNER,0,2,0,1,0,1,1,1,1,0,0,0.5,0.1429,1.0,0.0,0.0,46.19,0.3382,1,1,18530,0,NO,0,1,42.68
738,837,SELECTIVE_PLANNER,1,0,1,0,1,0,1,0,0,0,0,0.25,0.0,0.0,0.0,0.0,28.33,0.5194,1,1,36606,0,NO,0,1,31.14
239,298,SOCIAL_EXPLORER,1,0,1,0,1,0,1,3,0,1,1,0.5,0.75,0.0,1.0,1.0,63.33,0.6999,1,0,0,0,YES,0,2,85.33
838,782,SOCIAL_EXPLORER,1,0,2,0,1,0,1,0,0,0,0,0.5,0.0,0.0,0.0,0.0,27.5,0.1083,1,1,14822,0,NO,0,0,22.69
444,746,SPONTANEOUS_ADVENTURER,1,0,1,0,1,0,1,0,0,0,1,1.0,0.0,0.0,0.0,1.0,48.33,0.5203,1,1,31497,1,SAVE_ONLY,0,1,79.35
181,737,SOCIAL_EXPLORER,0,0,0,1,1,1,1,0,0,0,0,1.0,0.0,0.0,0.0,0.0,55.0,0.8288,1,1,48359,1,YES,1,3,100.0
312,959,BUDGET_CONSCIOUS,2,1,1,0,0,0,1,0,0,0,0,0.3333,0.0,0.0,0.0,0.0,18.33,0.0,1,0,0,0,NO,0,0,0.33
644,997,CAUTIOUS_INTROVERT,1,1,2,0,0,0,1,1,0,0,0,0.5,0.1667,0.0,0.0,0.0,25.0,0.0852,0,0,0,0,NO,0,0,7.0
875,661,SOCIAL_EXPLORER,0,2,0,1,0,1,1,1,1,1,1,0.5,0.1667,1.0,1.0,1.0,61.67,0.8676,1,1,58007,0,YES,1,3,100.0
464,730,SPONTANEOUS_ADVENTURER,1,1,1,0,0,0,1,1,1,1,0,1.0,0.2,0.5,1.0,0.0,56.5,0.7962,1,0,0,0,YES,1,3,100.0
912,906,SOCIAL_EXPLORER,1,2,0,0,0,1,1,0,0,0,0,0.5,0.0,0.0,0.0,0.0,27.5,0.4688,1,0,0,1,SAVE_ONLY,0,1,39.5
789,170,SPONTANEOUS_ADVENTURER,1,0,1,0,1,0,1,2,1,0,0,1.0,0.2857,1.0,0.0,0.0,59.05,0.8096,1,1,53593,0,YES,1,3,100.0
652,794,SOCIAL_EXPLORER,0,0,1,1,1,0,1,3,1,1,1,0.5,0.5,1.0,1.0,1.0,74.17,0.9543,1,1,57321,1,SUPER_LIKE,1,3,100.0
265,856,SOCIAL_EXPLORER,1,2,1,0,0,0,1,1,0,0,0,1.0,0.1667,0.0,0.0,0.0,35.0,0.6485,0,0,0,1,YES,0,2,69.0
434,996,BUDGET_CONSCIOUS,1,1,0,0,0,1,1,0,0,0,0,1.0,0.0,0.0,0.0,0.0,43.33,0.4243,1,1,22212,1,SAVE_ONLY,0,1,71.1
91,458,SOCIAL_EXPLORER,2,2,0,0,0,1,1,0,0,0,0,1.0,0.0,0.0,0.0,0.0,31.67,0.4438,0,0,0,0,NO,0,0,13.67
577,531,SOCIAL_EXPLORER,1,1,2,0,0,0,1,0,0,0,0,0.5,0.0,0.0,0.0,0.0,21.67,0.1797,0,0,0,0,NO,0,0,3.67
622,953,SPONTANEOUS_ADVENTURER,1,0,0,0,1,1,1,0,0,1,0,1.0,0.0,0.0,1.0,0.0,59.17,0.6908,1,1,42228,1,YES,0,2,100.0
561,217,SOCIAL_EXPLORER,1,2,1,0,0,0,1,1,2,1,0,1.0,0.2,1.0,1.0,0.0,55.67,0.7465,1,1,46614,0,YES,1,3,100.0
487,973,SPONTANEOUS_ADVENTURER,1,1,1,0,0,0,2,1,1,0,0,1.0,0.2,1.0,0.0,0.0,51.5,0.8474,1,1,50519,0,YES,1,3,100.0
830,852,SPONTANEOUS_ADVENTURER,1,1,1,0,0,0,1,0,0,0,0,1.0,0.0,0.0,0.0,0.0,37.5,0.6694,1,1,44240,0,YES,0,2,82.98
134,769,SOCIAL_EXPLORER,1,1,2,0,0,0,1,2,1,0,0,1.0,0.5,1.0,0.0,0.0,51.67,0.4928,0,0,0,1,SAVE_ONLY,0,1,63.67
906,919,SOCIAL_EXPLORER,0,0,0,1,1,1,1,2,1,0,1,0.25,0.4,0.3333,0.0,1.0,56.33,0.8196,1,1,45800,1,YES,1,3,100.0
561,380,SOCIAL_EXPLORER,1,2,1,0,0,0,1,0,0,0,0,1.0,0.0,0.0,0.0,0.0,31.67,0.555,1,1,40571,1,SAVE_ONLY,0,1,65.87
61,153,SELECTIVE_PLANNER,0,0,1,1,1,0,1,0,0,0,0,1.0,0.0,0.0,0.0,0.0,49.17,0.6238,0,0,0,1,YES,0,2,83.17
391,870,SELECTIVE_PLANNER,2,1,1,0,0,0,1,1,1,1,1,0.3333,0.2,1.0,1.0,1.0,47.33,0.3269,1,1,31451,0,NO,0,1,48.34
519,346,SOCIAL_EXPLORER,1,1,1,0,0,0,1,0,0,0,0,1.0,0.0,0.0,0.0,0.0,37.5,0.6759,1,0,0,0,YES,0,2,59.5
500,348,SPONTANEOUS_ADVENTURER,0,0,1,1,1,0,1,0,1,0,1,0.5,0.0,1.0,0.0,1.0,54.17,0.6283,1,1,37254,1,YES,0,2,100.0
486,1021,SPONTANEOUS_ADVENTURER,1,2,1,0,0,0,0,0,0,0,0,0.0,0.0,0.0,0.0,0.0,11.67,0.0199,0,0,0,0,NO,0,0,0.0
920,485,CAUTIOUS_INTROVERT,2,2,0,0,0,1,1,0,0,0,0,0.5,0.0,0.0,0.0,0.0,21.67,0.098,1,0,0,0,NO,0,0,3.67
910,674,BUDGET_CONSCIOUS,1,0,1,0,1,0,1,1,1,1,0,0.5,0.2,1.0,1.0,0.0,57.33,0.4425,0,0,0,1,SAVE_ONLY,0,1,69.33
692,316,BUDGET_CONSCIOUS,0,1,1,1,0,0,1,0,1,0,1,1.0,0.0,0.5,0.0,1.0,53.33,0.6467,0,0,0,1,YES,0,2,87.33
378,877,BUDGET_CONSCIOUS,2,0,2,0,1,0,1,2,1,0,1,0.3333,0.3333,1.0,0.0,1.0,40.0,0.0946,0,0,0,0,NO,0,0,22.0
218,358,SOCIAL_EXPLORER,0,1,1,1,0,0,1,0,0,0,1,1.0,0.0,0.0,0.0,1.0,48.33,0.6213,0,0,0,1,YES,0,2,82.33
663,445,SOCIAL_EXPLORER,1,1,2,0,0,0,1,1,1,0,0,1.0,0.3333,1.0,0.0,0.0,48.33,0.5522,1,0,0,1,SAVE_ONLY,0,1,60.33
844,391,SOCIAL_EXPLORER,1,0,1,0,1,0,1,2,1,1,0,0.5,0.4,1.0,1.0,0.0,61.33,0.7353,1,0,0,0,YES,1,3,100.0
268,734,SOCIAL_EXPLORER,0,0,0,1,1,1,1,2,0,0,0,0.5,0.3333,0.0,0.0,0.0,51.67,0.7402,1,1,43127,0,YES,1,3,100.0
437,827,SOCIAL_EXPLORER,1,1,1,0,0,0,2,1,1,1,0,1.0,0.2,1.0,1.0,0.0,61.5,0.915,1,1,49659,0,YES,1,3,100.0
539,948,BUDGET_CONSCIOUS,2,2,1,0,0,0,2,1,0,0,0,0.6667,0.25,0.0,0.0,0.0,24.17,0.0,0,0,0,0,NO,0,0,6.17
757,760,SOCIAL_EXPLORER,1,1,0,0,0,1,1,0,0,0,1,0.3333,0.0,0.0,0.0,1.0,35.0,0.4608,0,0,0,1,SAVE_ONLY,0,1,47.0
140,768,CAUTIOUS_INTROVERT,0,1,1,1,0,0,1,1,1,0,1,0.5,0.25,1.0,0.0,1.0,53.33,0.6453,1,0,0,0,YES,0,2,75.33
769,385,CAUTIOUS_INTROVERT,2,1,1,0,0,0,1,3,1,0,0,0.5,0.75,1.0,0.0,0.0,46.67,0.6201,1,1,43478,0,YES,0,2,91.89
672,45,CAUTIOUS_INTROVERT,0,2,1,1,0,0,1,0,0,0,0,0.3333,0.0,0.0,0.0,0.0,24.17,0.2937,0,0,0,0,NO,0,0,6.17
999,408,SOCIAL_EXPLORER,1,2,0,0,0,1,1,1,0,0,0,0.5,0.1667,0.0,0.0,0.0,30.83,0.5093,0,0,0,1,SAVE_ONLY,0,1,42.83
809,415,SELECTIVE_PLANNER,0,0,1,1,1,0,1,0,0,1,1,0.3333,0.0,0.0,1.0,1.0,50.83,0.6382,0,0,0,1,YES,0,2,84.83
457,698,SOCIAL_EXPLORER,1,0,0,0,1,1,1,1,1,0,0,0.5,0.2,0.3333,0.0,0.0,46.5,0.7905,1,1,47405,0,YES,1,3,100.0
422,696,CAUTIOUS_INTROVERT,0,2,2,1,0,0,1,0,1,0,1,1.0,0.0,1.0,0.0,1.0,46.67,0.3793,0,0,0,0,NO,0,0,28.67
829,357,SOCIAL_EXPLORER,0,2,1,1,0,0,1,2,1,0,0,1.0,0.5,1.0,0.0,0.0,57.5,0.8023,1,1,54225,0,YES,1,3,100.0
544,772,BUDGET_CONSCIOUS,0,2,1,1,0,0,1,0,0,0,0,1.0,0.0,0.0,0.0,0.0,37.5,0.3943,0,0,0,0,NO,0,0,19.5
360,413,SOCIAL_EXPLORER,0,1,0,1,0,1,1,2,1,0,1,0.5,0.4,0.5,0.0,1.0,57.17,0.7876,1,1,56724,0,YES,1,3,100.0
975,178,SOCIAL_EXPLORER,2,1,0,0,0,1,1,0,0,1,0,1.0,0.0,0.0,1.0,0.0,47.5,0.8233,1,1,45028,1,SUPER_LIKE,1,3,100.0
25,403,SOCIAL_EXPLORER,1,2,1,0,0,0,1,1,0,0,0,1.0,0.1667,0.0,0.0,0.0,35.0,0.6836,0,0,0,0,YES,0,2,57.0
36,287,SOCIAL_EXPLORER,2,0,1,0,1,0,1,0,1,0,0,0.3333,0.0,1.0,0.0,0.0,34.17,0.6721,1,0,0,0,YES,0,2,56.17
592,369,BUDGET_CONSCIOUS,0,0,1,1,1,0,1,1,0,0,0,0.5,0.1667,0.0,0.0,0.0,42.5,0.6799,1,0,0,1,YES,0,2,76.5
684,540,SOCIAL_EXPLORER,1,2,0,0,0,1,1,1,0,0,0,0.5,0.2,0.0,0.0,0.0,31.5,0.616,0,0,0,1,SAVE_ONLY,0,1,43.5
823,783,SPONTANEOUS_ADVENTURER,0,1,0,1,0,1,1,1,1,0,1,1.0,0.3333,0.3333,0.0,1.0,64.17,0.8545,1,1,45332,1,SUPER_LIKE,1,3,100.0
398,344,BUDGET_CONSCIOUS,1,0,0,0,1,1,1,0,0,0,0,1.0,0.0,0.0,0.0,0.0,49.17,0.426,1,1,23126,1,SAVE_ONLY,0,1,77.26
285,296,SOCIAL_EXPLORER,0,1,1,1,0,0,1,1,1,0,0,1.0,0.1667,0.5,0.0,0.0,51.67,0.8622,1,1,59170,1,YES,1,3,100.0
499,872,CAUTIOUS_INTROVERT,0,0,0,1,1,1,2,1,0,0,0,1.0,0.2,0.0,0.0,0.0,59.0,0.6394,1,1,33183,1,YES,0,2,100.0
208,142,SPONTANEOUS_ADVENTURER,0,0,1,1,1,0,1,1,0,0,0,0.3333,0.125,0.0,0.0,0.0,38.33,0.6791,0,0,0,1,YES,0,2,72.33
323,673,SOCIAL_EXPLORER,1,2,1,0,0,0,2,1,1,0,0,1.0,0.2,1.0,0.0,0.0,45.67,0.6856,0,0,0,0,YES,0,2,67.67
181,226,SOCIAL_EXPLORER,0,1,1,1,0,0,1,0,0,0,0,1.0,0.0,0.0,0.0,0.0,43.33,0.6238,1,1,43410,0,YES,0,2,88.52
24,609,BUDGET_CONSCIOUS,0,1,0,1,0,1,1,3,0,1,1,0.5,0.6,0.0,1.0,1.0,66.17,0.8343,0,0,0,0,YES,1,3,100.0
812,190,BUDGET_CONSCIOUS,1,0,1,0,1,0,1,0,0,0,0,1.0,0.0,0.0,0.0,0.0,43.33,0.5253,1,1,39140,0,NO,0,1,47.03
450,362,SPONTANEOUS_ADVENTURER,0,2,1,1,0,0,1,1,1,0,1,0.5,0.2,0.5,0.0,1.0,41.5,0.5529,1,1,40094,0,NO,0,1,45.53
78,526,BUDGET_CONSCIOUS,0,1,0,1,0,1,1,2,1,0,1,0.5,0.3333,0.5,0.0,1.0,55.83,0.8186,1,0,0,1,YES,1,3,100.0
255,136,CAUTIOUS_INTROVERT,0,1,1,1,0,0,1,0,0,0,1,1.0,0.0,0.0,0.0,1.0,48.33,0.543,1,0,0,0,NO,0,0,30.33
677,23,SOCIAL_EXPLORER,1,2,1,0,0,0,1,1,0,0,0,0.3333,0.25,0.0,0.0,0.0,23.33,0.3224,1,0,0,0,NO,0,0,5.33
608,853,BUDGET_CONSCIOUS,1,0,0,0,1,1,1,1,0,1,1,1.0,0.2,0.0,1.0,1.0,68.17,0.6524,1,0,0,0,YES,0,2,90.17
309,980,SOCIAL_EXPLORER,1,1,1,0,0,0,1,2,1,1,0,0.5,0.3333,0.5,1.0,0.0,49.17,0.6314,1,0,0,1,YES,0,2,83.17
436,964,CAUTIOUS_INTROVERT,1,2,0,0,0,1,1,3,1,1,1,0.5,1.0,0.5,1.0,1.0,67.5,0.8535,1,1,58378,0,SUPER_LIKE,1,3,100.0
368,742,BUDGET_CONSCIOUS,1,2,0,0,0,1,1,0,0,0,1,1.0,0.0,0.0,0.0,1.0,42.5,0.5139,1,1,34558,1,SAVE_ONLY,0,1,74.6
129,369,SOCIAL_EXPLORER,0,1,0,1,0,1,1,0,1,0,0,0.5,0.0,1.0,0.0,0.0,49.17,0.8147,0,0,0,1,YES,1,3,100.0
390,874,BUDGET_CONSCIOUS,1,1,0,0,0,1,1,0,0,0,1,1.0,0.0,0.0,0.0,1.0,48.33,0.472,1,0,0,0,NO,0,0,30.33
431,536,BUDGET_CONSCIOUS,0,2,1,1,0,0,1,0,0,0,0,1.0,0.0,0.0,0.0,0.0,37.5,0.6606,1,1,49511,1,YES,0,2,96.83
773,145,SOCIAL_EXPLORER,2,0,1,0,1,0,2,1,1,0,0,1.0,0.1667,0.3333,0.0,0.0,44.17,0.5802,0,0,0,1,SAVE_ONLY,0,1,56.17
847,193,SOCIAL_EXPLORER,0,1,0,1,0,1,1,2,1,1,0,0.5,0.5,1.0,1.0,0.0,69.17,0.9307,0,0,0,0,YES,1,3,100.0
792,590,CAUTIOUS_INTROVERT,1,1,2,0,0,0,1,3,1,1,1,1.0,0.75,1.0,1.0,1.0,71.67,0.6733,1,1,45446,0,YES,0,2,100.0
737,174,SOCIAL_EXPLORER,0,1,1,1,0,0,1,0,0,0,1,0.5,0.0,0.0,0.0,1.0,38.33,0.5129,1,1,36202,0,NO,0,1,41.0
124,1017,SOCIAL_EXPLORER,1,0,1,0,1,0,0,0,0,0,0,0.0,0.0,0.0,0.0,0.0,23.33,0.5299,0,0,0,1,SAVE_ONLY,0,1,35.33
201,24,BUDGET_CONSCIOUS,0,1,2,1,0,0,1,2,1,1,0,0.5,0.4,1.0,1.0,0.0,55.5,0.6788,1,1,44264,1,YES,0,2,100.0
313,821,BUDGET_CONSCIOUS,0,0,0,1,1,1,1,2,1,1,0,0.5,0.5,0.5,1.0,0.0,70.0,0.8675,1,1,51386,1,YES,1,3,100.0
795,290,CAUTIOUS_INTROVERT,0,0,1,1,1,0,1,3,0,0,1,1.0,0.5,0.0,0.0,1.0,64.17,0.8834,1,1,53930,1,YES,1,3,100.0
435,678,SELECTIVE_PLANNER,1,0,1,0,1,0,1,0,0,0,0,0.5,0.0,0.0,0.0,0.0,33.33,0.5343,1,0,0,1,SAVE_ONLY,0,1,45.33
701,733,PASSIVE_BROWSER,0,0,1,1,1,0,1,0,0,0,0,0.5,0.0,0.0,0.0,0.0,39.17,0.1248,0,0,0,0,NO,0,0,21.17
441,453,SOCIAL_EXPLORER,0,1,1,1,0,0,1,0,0,0,0,1.0,0.0,0.0,0.0,0.0,43.33,0.4968,1,0,0,1,SAVE_ONLY,0,1,55.33
388,444,SPONTANEOUS_ADVENTURER,1,1,0,0,0,1,1,1,1,0,0,1.0,0.1667,0.5,0.0,0.0,51.67,0.7962,1,0,0,1,YES,1,3,100.0
192,808,BUDGET_CONSCIOUS,1,1,0,0,0,1,1,2,1,0,0,1.0,0.5,0.5,0.0,0.0,58.33,0.5799,1,1,45350,0,NO,0,1,64.2
994,608,CAUTIOUS_INTROVERT,1,0,2,0,1,0,1,1,0,0,1,0.5,0.1667,0.0,0.0,1.0,35.83,0.2669,1,0,0,0,NO,0,0,17.83
346,42,SPONTANEOUS_ADVENTURER,1,2,1,0,0,0,1,1,1,1,0,0.5,0.25,0.5,1.0,0.0,41.67,0.6604,1,1,40163,0,YES,0,2,85.73
209,601,SOCIAL_EXPLORER,0,0,1,1,1,0,1,1,0,1,0,1.0,0.3333,0.0,1.0,0.0,65.83,0.7329,1,1,50419,0,YES,1,3,100.0
224,633,BUDGET_CONSCIOUS,0,1,0,1,0,1,1,0,0,0,1,0.5,0.0,0.0,0.0,1.0,44.17,0.7382,1,1,51622,0,YES,1,3,100.0
88,290,CAUTIOUS_INTROVERT,0,2,1,1,0,0,1,0,0,0,0,0.5,0.0,0.0,0.0,0.0,27.5,0.1645,0,0,0,0,NO,0,0,9.5
124,801,SOCIAL_EXPLORER,2,1,1,0,0,0,1,0,0,0,0,0.5,0.0,0.0,0.0,0.0,21.67,0.3839,1,1,20892,0,NO,0,1,18.98
545,737,CAUTIOUS_INTROVERT,1,0,2,0,1,0,1,0,1,0,0,1.0,0.0,0.5,0.0,0.0,42.5,0.1828,0,0,0,0,NO,0,0,24.5
287,900,BUDGET_CONSCIOUS,2,1,1,0,0,0,1,1,0,0,0,0.3333,0.1429,0.0,0.0,0.0,21.19,0.0,1,0,0,0,NO,0,0,3.19
412,707,CAUTIOUS_INTROVERT,0,1,0,1,0,1,1,0,0,0,0,1.0,0.0,0.0,0.0,0.0,49.17,0.6375,1,1,37371,0,YES,0,2,92.25
416,1011,SPONTANEOUS_ADVENTURER,1,0,1,0,1,0,1,1,0,0,0,0.3333,0.1429,0.0,0.0,0.0,32.86,0.6558,0,0,0,0,YES,0,2,54.86
966,291,SELECTIVE_PLANNER,1,1,0,0,0,1,1,0,0,0,0,0.3333,0.0,0.0,0.0,0.0,30.0,0.0,0,0,0,0,NO,0,0,12.0
77,440,CAUTIOUS_INTROVERT,1,0,2,0,1,0,2,2,0,1,1,1.0,0.4,0.0,1.0,1.0,60.5,0.6344,0,0,0,0,YES,0,2,82.5
776,592,SPONTANEOUS_ADVENTURER,1,1,0,0,0,1,1,1,0,1,0,1.0,0.1667,0.0,1.0,0.0,56.67,0.9329,1,1,59213,1,YES,1,3,100.0
894,529,SPONTANEOUS_ADVENTURER,0,0,1,1,1,0,1,1,1,0,0,0.5,0.2,1.0,0.0,0.0,53.17,0.7316,1,1,38625,0,YES,1,3,100.0
583,656,BUDGET_CONSCIOUS,0,1,1,1,0,0,1,0,0,0,0,0.5,0.0,0.0,0.0,0.0,33.33,0.6217,1,0,0,1,YES,0,2,67.33
906,789,SOCIAL_EXPLORER,1,0,1,0,1,0,1,0,0,0,0,0.5,0.0,0.0,0.0,0.0,33.33,0.5414,0,0,0,0,NO,0,0,15.33
127,542,CAUTIOUS_INTROVERT,0,1,0,1,0,1,1,1,1,0,0,1.0,0.2,0.5,0.0,0.0,58.17,0.6823,1,1,36248,1,YES,0,2,100.0
758,120,CAUTIOUS_INTROVERT,1,0,2,0,1,0,1,1,0,0,0,1.0,0.2,0.0,0.0,0.0,41.5,0.115,0,0,0,0,NO,0,0,23.5
951,958,SELECTIVE_PLANNER,0,2,1,1,0,0,1,1,1,0,0,1.0,0.1667,1.0,0.0,0.0,50.83,0.2511,0,0,0,0,NO,0,0,32.83
140,800,SELECTIVE_PLANNER,1,0,1,0,1,0,1,0,0,0,0,1.0,0.0,0.0,0.0,0.0,43.33,0.5114,1,1,40255,1,SAVE_ONLY,0,1,77.42
756,98,SOCIAL_EXPLORER,1,1,2,0,0,0,1,1,0,0,0,0.5,0.1667,0.0,0.0,0.0,25.0,0.1041,0,0,0,0,NO,0,0,7.0
573,201,CAUTIOUS_INTROVERT,1,0,2,0,1,0,1,3,0,1,0,0.3333,0.75,0.0,1.0,0.0,49.17,0.3676,0,0,0,0,NO,0,0,31.17
324,271,SELECTIVE_PLANNER,2,0,0,0,1,1,1,0,0,0,0,0.5,0.0,0.0,0.0,0.0,33.33,0.6349,1,1,34535,0,YES,0,2,75.42
576,39,BUDGET_CONSCIOUS,1,0,1,0,1,0,1,2,1,1,0,0.5,0.4,0.5,1.0,0.0,56.33,0.4941,1,1,32919,1,SAVE_ONLY,0,1,87.85
438,142,SOCIAL_EXPLORER,1,1,0,0,0,1,1,2,1,0,1,0.3333,0.2857,1.0,0.0,1.0,50.71,0.7057,1,1,43844,0,YES,1,3,100.0
502,421,SELECTIVE_PLANNER,0,0,1,1,1,0,1,3,2,1,1,1.0,0.75,1.0,1.0,1.0,89.17,1.0,1,1,57119,1,YES,1,3,100.0
888,488,CAUTIOUS_INTROVERT,0,1,2,1,0,0,1,0,1,0,0,0.5,0.0,0.5,0.0,0.0,32.5,0.0774,1,0,0,0,NO,0,0,14.5
798,98,BUDGET_CONSCIOUS,1,0,1,0,1,0,1,1,1,1,0,1.0,0.1429,1.0,1.0,0.0,66.19,0.6926,1,0,0,0,YES,0,2,88.19
474,51,BUDGET_CONSCIOUS,0,0,1,1,1,0,1,2,2,1,1,0.5,0.4,1.0,1.0,1.0,72.17,0.7846,1,0,0,1,YES,1,3,100.0
861,142,SOCIAL_EXPLORER,1,1,0,0,0,1,1,1,0,0,0,0.3333,0.1429,0.0,0.0,0.0,32.86,0.6646,1,1,43448,0,YES,0,2,78.07
785,312,BUDGET_CONSCIOUS,0,1,0,1,0,1,2,2,0,1,1,1.0,0.6667,0.0,1.0,1.0,77.5,0.8992,1,1,62017,1,YES,1,3,100.0
132,1001,BUDGET_CONSCIOUS,1,0,1,0,1,0,1,2,1,1,0,1.0,0.3333,1.0,1.0,0.0,70.0,0.5686,1,0,0,0,NO,0,0,52.0
622,1021,SPONTANEOUS_ADVENTURER,0,2,1,1,0,0,0,0,0,0,0,0.0,0.0,0.0,0.0,0.0,17.5,0.0637,0,0,0,0,NO,0,0,0.0
213,533,BUDGET_CONSCIOUS,2,1,1,0,0,0,1,3,1,1,0,0.5,0.5,1.0,1.0,0.0,51.67,0.2952,1,1,28807,0,NO,0,1,51.75
1006,610,CAUTIOUS_INTROVERT,1,2,1,0,0,0,1,2,0,0,1,1.0,0.3333,0.0,0.0,1.0,43.33,0.4369,0,0,0,0,NO,0,0,25.33
703,432,SOCIAL_EXPLORER,1,0,0,0,1,1,1,0,0,0,1,0.3333,0.0,0.0,0.0,1.0,40.83,0.5886,1,0,0,0,NO,0,0,22.83
651,946,SELECTIVE_PLANNER,1,0,0,0,1,1,1,1,0,0,0,1.0,0.3333,0.0,0.0,0.0,55.83,0.642,0,0,0,0,YES,0,2,77.83
524,517,CAUTIOUS_INTROVERT,1,2,1,0,0,0,1,1,1,0,1,1.0,0.1667,1.0,0.0,1.0,50.0,0.5526,1,1,37642,1,SAVE_ONLY,0,1,83.17
66,980,SOCIAL_EXPLORER,0,1,0,1,0,1,2,0,0,0,0,1.0,0.0,0.0,0.0,0.0,49.17,0.8151,1,1,55204,0,YES,1,3,100.0
622,915,SPONTANEOUS_ADVENTURER,0,1,1,1,0,0,1,0,0,1,0,1.0,0.0,0.0,1.0,0.0,53.33,0.8423,1,1,56419,1,YES,1,3,100.0
539,549,BUDGET_CONSCIOUS,0,2,2,1,0,0,2,1,1,1,0,1.0,0.25,1.0,1.0,0.0,56.67,0.6302,0,0,0,0,YES,0,2,78.67
755,1011,BUDGET_CONSCIOUS,2,1,1,0,0,0,1,0,0,0,0,0.5,0.0,0.0,0.0,0.0,21.67,0.0,0,0,0,0,NO,0,0,3.67
488,188,SOCIAL_EXPLORER,0,0,0,1,1,1,1,1,2,0,1,0.5,0.3333,1.0,0.0,1.0,66.67,0.9145,1,1,54895,0,YES,1,3,100.0
155,532,SPONTANEOUS_ADVENTURER,0,2,0,1,0,1,1,0,0,0,1,0.5,0.0,0.0,0.0,1.0,38.33,0.4369,1,1,36839,1,SAVE_ONLY,0,1,71.22
107,481,CAUTIOUS_INTROVERT,0,1,1,1,0,0,1,0,0,0,1,1.0,0.0,0.0,0.0,1.0,48.33,0.5405,0,0,0,1,SAVE_ONLY,0,1,60.33
937,670,SOCIAL_EXPLORER,0,2,2,1,0,0,1,1,1,1,0,0.3333,0.25,1.0,1.0,0.0,43.33,0.2948,1,1,27122,0,NO,0,1,42.82
330,889,SELECTIVE_PLANNER,0,2,1,1,0,0,2,1,1,0,0,1.0,0.1667,0.5,0.0,0.0,45.83,0.1939,0,0,0,0,NO,0,0,27.83
143,997,BUDGET_CONSCIOUS,0,1,0,1,0,1,1,2,0,0,0,0.5,0.5,0.0,0.0,0.0,49.17,0.5501,1,1,38138,0,NO,0,1,52.52
841,623,SOCIAL_EXPLORER,1,1,0,0,0,1,1,2,0,1,1,0.3333,0.4,0.0,1.0,1.0,53.0,0.8262,1,1,58555,0,YES,1,3,100.0
823,103,SPONTANEOUS_ADVENTURER,2,0,1,0,1,0,1,1,1,0,0,0.5,0.2,0.5,0.0,0.0,36.5,0.6931,1,0,0,1,YES,0,2,70.5
50,829,SOCIAL_EXPLORER,0,1,0,1,0,1,1,0,0,0,0,1.0,0.0,0.0,0.0,0.0,49.17,0.7551,0,0,0,0,YES,1,3,100.0
170,349,SOCIAL_EXPLORER,1,0,0,0,1,1,1,1,0,0,0,1.0,0.125,0.0,0.0,0.0,51.67,0.7509,1,0,0,0,YES,1,3,100.0
81,493,SOCIAL_EXPLORER,0,0,1,1,1,0,1,0,1,0,0,0.5,0.0,1.0,0.0,0.0,49.17,0.5674,0,0,0,1,SAVE_ONLY,0,1,61.17
604,956,BUDGET_CONSCIOUS,1,1,1,0,0,0,1,3,1,1,1,1.0,0.75,0.5,1.0,1.0,72.5,0.7284,0,0,0,1,YES,1,3,100.0
921,751,SPONTANEOUS_ADVENTURER,0,1,1,1,0,0,1,1,1,0,1,0.5,0.1667,0.5,0.0,1.0,46.67,0.7792,1,1,54558,1,YES,1,3,100.0
526,585,BUDGET_CONSCIOUS,0,0,1,1,1,0,1,2,0,0,1,1.0,0.4,0.0,0.0,1.0,62.17,0.8206,1,1,52521,0,YES,1,3,100.0
905,648,BUDGET_CONSCIOUS,2,1,0,0,0,1,1,2,1,0,0,0.5,0.3333,0.5,0.0,0.0,39.17,0.0,1,0,0,0,NO,0,0,21.17
836,53,SOCIAL_EXPLORER,0,0,2,1,1,0,1,1,0,0,0,0.5,0.2,0.0,0.0,0.0,37.33,0.3745,1,1,27399,0,NO,0,1,36.92
302,675,PASSIVE_BROWSER,1,0,0,0,1,1,1,1,0,0,0,1.0,0.1667,0.0,0.0,0.0,52.5,0.3832,1,0,0,0,NO,0,0,34.5
936,59,SELECTIVE_PLANNER,1,0,1,0,1,0,1,0,0,0,0,1.0,0.0,0.0,0.0,0.0,43.33,0.6647,1,1,40142,1,YES,0,2,99.38
251,870,BUDGET_CONSCIOUS,0,1,2,1,0,0,1,1,1,1,0,0.5,0.2,1.0,1.0,0.0,51.5,0.71,1,1,45408,0,YES,1,3,100.0
751,661,CAUTIOUS_INTROVERT,1,1,2,0,0,0,1,2,1,0,0,1.0,0.4,1.0,0.0,0.0,49.67,0.3599,0,0,0,0,NO,0,0,31.67
198,369,BUDGET_CONSCIOUS,1,1,2,0,0,0,1,1,0,0,0,0.5,0.1667,0.0,0.0,0.0,25.0,0.3314,0,0,0,0,NO,0,0,7.0
323,607,SOCIAL_EXPLORER,0,1,0,1,0,1,1,1,1,0,0,0.3333,0.1667,1.0,0.0,0.0,49.17,0.7246,0,0,0,1,YES,1,3,100.0
115,951,SELECTIVE_PLANNER,1,0,0,0,1,1,1,3,0,1,1,1.0,0.75,0.0,1.0,1.0,79.17,1.0,1,1,57651,0,SUPER_LIKE,1,3,100.0
435,97,SELECTIVE_PLANNER,1,0,1,0,1,0,1,2,1,1,1,0.5,0.5,0.3333,1.0,1.0,61.67,0.9434,1,1,57178,0,SUPER_LIKE,1,3,100.0
701,96,SOCIAL_EXPLORER,1,1,1,0,0,0,1,1,0,0,0,1.0,0.2,0.0,0.0,0.0,41.5,0.4793,1,1,35279,0,NO,0,1,43.85
630,746,BUDGET_CONSCIOUS,2,1,1,0,0,0,1,0,0,0,0,1.0,0.0,0.0,0.0,0.0,31.67,0.0,0,0,0,0,NO,0,0,13.67
616,752,CAUTIOUS_INTROVERT,0,0,0,1,1,1,2,0,0,0,0,1.0,0.0,0.0,0.0,0.0,55.0,0.662,1,1,45673,0,YES,0,2,100.0
298,963,SELECTIVE_PLANNER,1,0,1,0,1,0,1,3,0,1,1,0.3333,1.0,0.0,1.0,1.0,65.0,0.8822,1,1,47015,0,YES,1,3,100.0
555,1007,BUDGET_CONSCIOUS,0,0,1,1,1,0,1,1,1,0,0,0.5,0.25,1.0,0.0,0.0,54.17,0.8405,1,1,45137,0,YES,1,3,100.0
721,826,BUDGET_CONSCIOUS,1,1,1,0,0,0,1,2,1,0,1,0.5,0.4,0.5,0.0,1.0,45.5,0.3929,1,1,26775,0,NO,0,1,44.87
818,920,BUDGET_CONSCIOUS,2,1,2,0,0,0,1,1,1,0,0,0.3333,0.1429,0.5,0.0,0.0,20.36,0.0,1,0,0,0,NO,0,0,2.36
203,227,SOCIAL_EXPLORER,0,1,0,1,0,1,1,1,0,0,0,0.5,0.2,0.0,0.0,0.0,43.17,0.5521,1,1,39020,1,SAVE_ONLY,0,1,76.83
562,991,SOCIAL_EXPLORER,1,2,1,0,0,0,1,2,0,0,1,0.5,0.4,0.0,0.0,1.0,34.67,0.6384,1,1,45819,0,YES,0,2,80.71
345,563,BUDGET_CONSCIOUS,1,1,1,0,0,0,2,0,0,0,0,1.0,0.0,0.0,0.0,0.0,37.5,0.488,1,1,30909,0,NO,0,1,38.32
601,120,SELECTIVE_PLANNER,0,2,1,1,0,0,1,0,1,0,0,1.0,0.0,0.5,0.0,0.0,42.5,0.3396,1,1,32238,0,NO,0,1,43.78
95,243,CAUTIOUS_INTROVERT,0,1,1,1,0,0,1,4,1,1,0,0.5,1.0,0.5,1.0,0.0,68.33,0.6962,1,1,43413,1,YES,0,2,100.0
27,204,BUDGET_CONSCIOUS,1,1,1,0,0,0,1,4,2,1,0,1.0,1.0,1.0,1.0,0.0,77.5,0.786,1,1,52243,1,YES,1,3,100.0
608,586,BUDGET_CONSCIOUS,0,0,1,1,1,0,1,0,0,0,0,1.0,0.0,0.0,0.0,0.0,49.17,0.6504,1,1,47760,0,YES,0,2,95.89
243,371,SELECTIVE_PLANNER,0,0,0,1,1,1,1,2,1,1,1,1.0,0.5,0.5,1.0,1.0,85.0,1.0,1,1,56664,1,YES,1,3,100.0
264,268,SOCIAL_EXPLORER,1,0,0,0,1,1,1,4,1,1,0,0.5,1.0,0.5,1.0,0.0,74.17,0.7927,1,1,55155,1,YES,1,3,100.0
593,715,SPONTANEOUS_ADVENTURER,1,0,1,0,1,0,1,1,1,1,1,0.5,0.1429,1.0,1.0,1.0,61.19,0.7615,1,1,46137,0,YES,1,3,100.0
815,674,SOCIAL_EXPLORER,0,1,1,1,0,0,1,3,0,0,0,1.0,0.6,0.0,0.0,0.0,55.33,0.7581,1,1,53165,1,YES,1,3,100.0
528,598,BUDGET_CONSCIOUS,1,0,0,0,1,1,1,0,0,0,0,0.5,0.0,0.0,0.0,0.0,39.17,0.539,1,1,27668,0,NO,0,1,38.85
801,877,BUDGET_CONSCIOUS,2,1,1,0,0,0,1,0,0,0,0,0.5,0.0,0.0,0.0,0.0,21.67,0.0,0,0,0,0,NO,0,0,3.67
126,820,CAUTIOUS_INTROVERT,0,1,1,1,0,0,1,0,0,0,0,1.0,0.0,0.0,0.0,0.0,43.33,0.4226,1,1,32005,1,SAVE_ONLY,0,1,74.53
183,786,CAUTIOUS_INTROVERT,2,0,1,0,1,0,1,2,1,0,1,1.0,0.4,0.5,0.0,1.0,55.5,0.6808,1,1,37922,0,YES,0,2,98.77
325,868,SOCIAL_EXPLORER,1,0,1,0,1,0,1,1,1,0,0,0.5,0.1667,0.5,0.0,0.0,41.67,0.6289,1,0,0,0,YES,0,2,63.67
346,879,SPONTANEOUS_ADVENTURER,0,1,0,1,0,1,1,0,0,0,1,0.5,0.0,0.0,0.0,1.0,44.17,0.6364,1,0,0,0,YES,0,2,66.17
124,707,SOCIAL_EXPLORER,1,0,2,0,1,0,1,0,0,0,0,0.5,0.0,0.0,0.0,0.0,27.5,0.2455,0,0,0,0,NO,0,0,9.5
569,874,CAUTIOUS_INTROVERT,1,0,1,0,1,0,1,1,0,0,0,0.5,0.1667,0.0,0.0,0.0,36.67,0.2376,1,0,0,0,NO,0,0,18.67
335,362,SPONTANEOUS_ADVENTURER,0,2,1,1,0,0,1,2,2,1,1,0.5,0.4,1.0,1.0,1.0,60.5,0.7031,1,1,40782,0,YES,1,3,100.0
440,121,SOCIAL_EXPLORER,1,1,1,0,0,0,1,1,0,0,0,0.5,0.25,0.0,0.0,0.0,32.5,0.5243,1,0,0,1,SAVE_ONLY,0,1,44.5
548,331,CAUTIOUS_INTROVERT,0,0,0,1,1,1,1,2,1,1,0,0.3333,0.4,0.5,1.0,0.0,64.67,0.9098,1,1,55440,1,SUPER_LIKE,1,3,100.0
519,416,SOCIAL_EXPLORER,0,1,1,1,0,0,1,2,1,0,1,0.5,0.5,0.5,0.0,1.0,53.33,0.8352,1,0,0,1,YES,1,3,100.0
357,312,SELECTIVE_PLANNER,1,2,1,0,0,0,1,0,1,0,0,0.5,0.0,1.0,0.0,0.0,31.67,0.0399,0,0,0,0,NO,0,0,13.67
298,869,CAUTIOUS_INTROVERT,1,1,1,0,0,0,1,2,1,1,0,1.0,0.6667,0.5,1.0,0.0,65.83,0.6394,1,1,44997,0,YES,0,2,100.0
352,403,SOCIAL_EXPLORER,1,2,1,0,0,0,1,1,1,0,0,0.5,0.1667,1.0,0.0,0.0,35.0,0.5522,0,0,0,1,SAVE_ONLY,0,1,47.0
831,694,CAUTIOUS_INTROVERT,0,1,0,1,0,1,1,1,0,1,1,1.0,0.1667,0.0,1.0,1.0,67.5,0.6714,1,1,46726,0,YES,0,2,100.0
758,486,CAUTIOUS_INTROVERT,0,0,1,1,1,0,1,2,1,0,1,0.5,0.3333,0.5,0.0,1.0,55.83,0.6227,0,0,0,1,YES,0,2,89.83
577,237,SOCIAL_EXPLORER,1,1,1,0,0,0,1,1,2,1,0,1.0,0.25,1.0,1.0,0.0,62.5,0.8447,1,1,50389,1,SUPER_LIKE,1,3,100.0
387,653,BUDGET_CONSCIOUS,0,0,2,1,1,0,1,0,1,0,1,0.5,0.0,1.0,0.0,1.0,48.33,0.7654,1,0,0,0,YES,1,3,100.0
916,847,SELECTIVE_PLANNER,0,1,1,1,0,0,1,0,0,0,0,0.3333,0.0,0.0,0.0,0.0,30.0,0.0488,0,0,0,0,NO,0,0,12.0
793,274,BUDGET_CONSCIOUS,0,0,2,1,1,0,1,2,1,0,1,0.3333,0.5,1.0,0.0,1.0,55.0,0.8149,1,1,48724,1,YES,1,3,100.0
258,213,CAUTIOUS_INTROVERT,1,1,1,0,0,0,1,0,0,0,0,0.5,0.0,0.0,0.0,0.0,27.5,0.328,1,1,28563,0,NO,0,1,27.5
29,827,SOCIAL_EXPLORER,0,2,0,1,0,1,1,0,1,1,0,0.3333,0.0,1.0,1.0,0.0,50.0,0.7256,1,1,47695,0,YES,1,3,100.0
103,205,BUDGET_CONSCIOUS,1,0,1,0,1,0,1,4,1,1,1,0.3333,0.8,1.0,1.0,1.0,71.0,0.7694,1,1,42077,1,YES,1,3,100.0
867,513,BUDGET_CONSCIOUS,2,1,1,0,0,0,1,1,0,0,0,1.0,0.125,0.0,0.0,0.0,34.17,0.0,0,0,0,0,NO,0,0,16.17
226,374,SPONTANEOUS_ADVENTURER,0,2,0,1,0,1,1,1,0,0,1,1.0,0.25,0.0,0.0,1.0,53.33,0.6033,1,0,0,1,SAVE_ONLY,0,1,65.33
317,363,BUDGET_CONSCIOUS,0,2,2,1,0,0,1,1,1,1,0,0.5,0.2,0.5,1.0,0.0,40.67,0.5971,1,1,32380,1,SAVE_ONLY,0,1,72.0
805,835,SPONTANEOUS_ADVENTURER,0,0,0,1,1,1,1,1,1,0,1,0.5,0.2,0.5,0.0,1.0,59.0,0.7415,1,1,51181,0,YES,1,3,100.0
528,315,BUDGET_CONSCIOUS,1,0,1,0,1,0,1,2,1,1,1,1.0,0.5,0.5,1.0,1.0,73.33,0.6203,0,0,0,1,YES,0,2,100.0
412,67,CAUTIOUS_INTROVERT,1,2,0,0,0,1,1,4,1,0,1,0.5,1.0,1.0,0.0,1.0,62.5,0.6417,1,1,38363,0,YES,0,2,100.0
487,292,SPONTANEOUS_ADVENTURER,0,2,0,1,0,1,1,1,1,0,1,0.5,0.1667,0.5,0.0,1.0,46.67,0.6302,0,0,0,1,YES,0,2,80.67
481,452,CAUTIOUS_INTROVERT,0,1,0,1,0,1,1,2,0,0,0,1.0,0.3333,0.0,0.0,0.0,55.83,0.823,1,1,55156,0,YES,1,3,100.0
518,332,BUDGET_CONSCIOUS,1,1,1,0,0,0,1,1,0,0,0,0.5,0.25,0.0,0.0,0.0,32.5,0.3625,1,1,25697,0,NO,0,1,31.49
715,198,SOCIAL_EXPLORER,1,0,2,0,1,0,1,2,0,0,0,0.5,0.3333,0.0,0.0,0.0,34.17,0.4149,1,0,0,0,NO,0,0,16.17
665,854,SOCIAL_EXPLORER,0,1,1,1,0,0,1,0,0,0,0,1.0,0.0,0.0,0.0,0.0,43.33,0.6447,1,1,34469,0,YES,0,2,85.39
725,457,SPONTANEOUS_ADVENTURER,1,0,1,0,1,0,1,1,2,0,1,1.0,0.25,1.0,0.0,1.0,63.33,0.8772,0,0,0,1,SUPER_LIKE,1,3,100.0
396,813,CAUTIOUS_INTROVERT,1,0,0,0,1,1,1,0,0,0,1,0.3333,0.0,0.0,0.0,1.0,40.83,0.2998,1,0,0,0,NO,0,0,22.83
482,61,CAUTIOUS_INTROVERT,1,1,1,0,0,0,1,2,1,0,1,0.5,0.5,1.0,0.0,1.0,52.5,0.6692,1,1,36864,1,YES,0,2,100.0
620,743,CAUTIOUS_INTROVERT,0,0,1,1,1,0,1,0,0,0,0,0.3333,0.0,0.0,0.0,0.0,35.83,0.2621,0,0,0,0,NO,0,0,17.83
640,1002,BUDGET_CONSCIOUS,1,0,2,0,1,0,1,0,0,0,1,0.5,0.0,0.0,0.0,1.0,32.5,0.4503,1,0,0,1,SAVE_ONLY,0,1,44.5
872,610,CAUTIOUS_INTROVERT,1,2,1,0,0,0,1,1,0,0,0,0.5,0.1429,0.0,0.0,0.0,24.52,0.2759,1,0,0,0,NO,0,0,6.52
590,41,SOCIAL_EXPLORER,0,1,0,1,0,1,1,1,1,0,0,1.0,0.1667,1.0,0.0,0.0,62.5,0.821,1,1,48781,0,SUPER_LIKE,1,3,100.0
737,688,SOCIAL_EXPLORER,1,1,0,0,0,1,1,0,0,0,0,0.5,0.0,0.0,0.0,0.0,33.33,0.5582,0,0,0,1,SAVE_ONLY,0,1,45.33
370,33,BUDGET_CONSCIOUS,0,1,1,1,0,0,1,1,1,0,0,1.0,0.2,1.0,0.0,0.0,57.33,0.6232,0,0,0,0,YES,0,2,79.33
719,275,SPONTANEOUS_ADVENTURER,2,1,1,0,0,0,1,0,0,1,0,0.5,0.0,0.0,1.0,0.0,31.67,0.5193,1,0,0,0,NO,0,0,13.67
195,539,BUDGET_CONSCIOUS,0,0,0,1,1,1,1,3,1,1,1,0.5,0.75,1.0,1.0,1.0,85.0,0.9931,1,1,66019,0,YES,1,3,100.0
199,925,SELECTIVE_PLANNER,1,2,0,0,0,1,1,0,0,0,0,1.0,0.0,0.0,0.0,0.0,37.5,0.0725,0,0,0,0,NO,0,0,19.5
89,861,CAUTIOUS_INTROVERT,0,1,2,1,0,0,1,0,0,0,0,0.5,0.0,0.0,0.0,0.0,27.5,0.1198,0,0,0,0,NO,0,0,9.5
119,990,SOCIAL_EXPLORER,1,1,1,0,0,0,1,3,1,0,1,0.5,0.75,1.0,0.0,1.0,57.5,0.6883,1,0,0,0,YES,0,2,79.5
669,283,SOCIAL_EXPLORER,0,2,0,1,0,1,1,0,1,0,0,0.5,0.0,0.3333,0.0,0.0,36.67,0.6908,1,1,37122,0,YES,0,2,79.66
594,789,BUDGET_CONSCIOUS,1,1,1,0,0,0,1,2,0,1,1,0.5,0.4,0.0,1.0,1.0,50.5,0.6053,1,1,42591,1,SAVE_ONLY,0,1,85.41
47,829,SOCIAL_EXPLORER,0,0,0,1,1,1,1,1,0,0,0,0.5,0.25,0.0,0.0,0.0,50.0,0.7266,1,1,38363,0,YES,1,3,100.0
734,106,SOCIAL_EXPLORER,1,2,0,0,0,1,1,2,0,0,0,0.3333,0.3333,0.0,0.0,0.0,30.83,0.6309,1,1,36203,0,YES,0,2,73.5
13,602,SOCIAL_EXPLORER,1,0,2,0,1,0,0,0,0,0,0,0.0,0.0,0.0,0.0,0.0,17.5,0.2279,0,0,0,0,NO,0,0,0.0
770,789,CAUTIOUS_INTROVERT,0,2,1,1,0,0,1,0,0,0,0,1.0,0.0,0.0,0.0,0.0,37.5,0.4542,1,0,0,1,SAVE_ONLY,0,1,49.5
396,786,CAUTIOUS_INTROVERT,1,1,1,0,0,0,1,0,0,0,0,0.5,0.0,0.0,0.0,0.0,27.5,0.2096,0,0,0,0,NO,0,0,9.5
589,824,SOCIAL_EXPLORER,1,2,0,0,0,1,1,0,0,0,1,0.5,0.0,0.0,0.0,1.0,32.5,0.6279,1,1,34493,0,YES,0,2,74.57
525,812,CAUTIOUS_INTROVERT,1,0,1,0,1,0,1,2,2,1,0,0.5,0.5,1.0,1.0,0.0,63.33,0.7824,1,1,43163,0,YES,1,3,100.0
913,30,BUDGET_CONSCIOUS,1,0,2,0,1,0,1,1,0,0,0,0.5,0.1429,0.0,0.0,0.0,30.36,0.1566,1,0,0,0,NO,0,0,12.36
106,183,SOCIAL_EXPLORER,1,2,2,0,0,0,1,0,0,0,0,0.5,0.0,0.0,0.0,0.0,15.83,0.115,0,0,0,0,NO,0,0,0.0
595,37,CAUTIOUS_INTROVERT,0,1,2,1,0,0,1,1,1,0,1,1.0,0.1667,1.0,0.0,1.0,55.83,0.4259,1,0,0,1,SAVE_ONLY,0,1,67.83
695,803,BUDGET_CONSCIOUS,0,1,1,1,0,0,1,1,1,0,0,0.5,0.2,1.0,0.0,0.0,47.33,0.6499,1,1,44997,0,YES,0,2,93.08
659,513,BUDGET_CONSCIOUS,0,0,1,1,1,0,1,1,1,1,0,1.0,0.1667,0.3333,1.0,0.0,65.83,0.7495,1,1,53078,1,YES,1,3,100.0
453,619,SPONTANEOUS_ADVENTURER,1,0,1,0,1,0,1,0,1,0,0,1.0,0.0,1.0,0.0,0.0,53.33,0.6224,1,1,46012,1,YES,0,2,100.0
271,786,BUDGET_CONSCIOUS,0,2,0,1,0,1,1,0,0,0,0,0.5,0.0,0.0,0.0,0.0,33.33,0.5724,0,0,0,1,SAVE_ONLY,0,1,45.33
941,724,SOCIAL_EXPLORER,0,2,2,1,0,0,1,3,2,1,1,0.5,0.75,1.0,1.0,1.0,61.67,0.621,0,0,0,1,YES,0,2,95.67
219,69,SOCIAL_EXPLORER,0,0,0,1,1,1,1,0,0,0,0,0.5,0.0,0.0,0.0,0.0,45.0,0.6647,1,1,39426,0,YES,0,2,88.8
426,446,BUDGET_CONSCIOUS,0,0,1,1,1,0,1,1,0,0,0,1.0,0.1429,0.0,0.0,0.0,52.02,0.6927,1,1,40361,1,YES,0,2,100.0
702,834,SOCIAL_EXPLORER,0,0,0,1,1,1,1,0,0,0,0,0.3333,0.0,0.0,0.0,0.0,41.67,0.6739,1,1,38165,0,YES,0,2,85.03
28,918,SELECTIVE_PLANNER,1,2,1,0,0,0,1,0,0,1,1,0.3333,0.0,0.0,1.0,1.0,33.33,0.265,1,0,0,0,NO,0,0,15.33
185,271,BUDGET_CONSCIOUS,0,0,1,1,1,0,2,0,0,0,0,1.0,0.0,0.0,0.0,0.0,49.17,0.6822,0,0,0,1,YES,0,2,83.17
600,492,SPONTANEOUS_ADVENTURER,1,0,1,0,1,0,1,1,1,0,0,1.0,0.2,1.0,0.0,0.0,57.33,0.8975,1,0,0,1,SUPER_LIKE,1,3,100.0
587,1009,SOCIAL_EXPLORER,1,0,2,0,1,0,2,0,0,0,0,1.0,0.0,0.0,0.0,0.0,37.5,0.3898,1,1,21429,0,NO,0,1,35.0
799,262,SPONTANEOUS_ADVENTURER,0,1,0,1,0,1,1,0,1,0,1,0.5,0.0,1.0,0.0,1.0,54.17,0.6413,1,0,0,1,YES,0,2,88.17
432,922,BUDGET_CONSCIOUS,1,0,0,0,1,1,1,0,1,0,0,1.0,0.0,0.5,0.0,0.0,54.17,0.395,1,1,32206,0,NO,0,1,55.44
588,456,SPONTANEOUS_ADVENTURER,1,1,1,0,0,0,1,1,0,0,1,1.0,0.1667,0.0,0.0,1.0,45.83,0.7563,0,0,0,0,YES,1,3,97.83
729,865,SOCIAL_EXPLORER,1,2,0,0,0,1,1,2,1,1,0,0.5,0.5,1.0,1.0,0.0,57.5,0.7387,1,1,49441,0,YES,1,3,100.0
597,672,BUDGET_CONSCIOUS,1,0,0,0,1,1,1,1,0,0,0,0.3333,0.1667,0.0,0.0,0.0,39.17,0.3478,1,0,0,0,NO,0,0,21.17
59,808,BUDGET_CONSCIOUS,1,1,1,0,0,0,1,0,0,1,0,1.0,0.0,0.0,1.0,0.0,47.5,0.5105,0,0,0,1,SAVE_ONLY,0,1,59.5
105,301,SOCIAL_EXPLORER,0,0,1,1,1,0,1,1,1,0,0,0.3333,0.1667,1.0,0.0,0.0,49.17,0.6353,1,1,47179,1,YES,0,2,100.0
908,202,CAUTIOUS_INTROVERT,0,1,1,1,0,0,1,0,0,0,0,1.0,0.0,0.0,0.0,0.0,43.33,0.3242,0,0,0,0,NO,0,0,25.33
996,613,SPONTANEOUS_ADVENTURER,1,2,1,0,0,0,1,1,0,1,1,1.0,0.1429,0.0,1.0,1.0,49.52,0.684,1,0,0,1,YES,0,2,83.52
534,785,SOCIAL_EXPLORER,1,1,0,0,0,1,2,1,1,0,1,1.0,0.25,0.5,0.0,1.0,58.33,0.8035,1,1,57355,1,YES,1,3,100.0
919,1007,SOCIAL_EXPLORER,2,1,1,0,0,0,1,2,1,0,1,0.3333,0.4,0.5,0.0,1.0,36.33,0.6646,0,0,0,1,YES,0,2,70.33
394,270,PASSIVE_BROWSER,0,1,1,1,0,0,1,3,1,1,1,0.5,0.75,1.0,1.0,1.0,73.33,0.6951,1,0,0,1,SAVE_ONLY,0,1,85.33
179,305,CAUTIOUS_INTROVERT,1,0,2,0,1,0,1,3,1,1,0,0.5,0.75,1.0,1.0,0.0,62.5,0.7059,0,0,0,1,YES,1,3,100.0
1012,43,SOCIAL_EXPLORER,0,1,1,1,0,0,1,0,1,0,0,1.0,0.0,0.5,0.0,0.0,48.33,0.6969,0,0,0,0,YES,0,2,70.33
97,949,BUDGET_CONSCIOUS,0,1,1,1,0,0,1,0,0,1,0,0.5,0.0,0.0,1.0,0.0,43.33,0.6171,1,1,43154,1,SAVE_ONLY,0,1,78.43
492,237,BUDGET_CONSCIOUS,0,1,1,1,0,0,1,0,0,0,1,1.0,0.0,0.0,0.0,1.0,48.33,0.7549,1,0,0,0,YES,1,3,100.0
446,246,BUDGET_CONSCIOUS,1,1,2,0,0,0,1,0,0,0,0,0.5,0.0,0.0,0.0,0.0,21.67,0.32,0,0,0,0,NO,0,0,3.67
661,523,SOCIAL_EXPLORER,1,0,1,0,1,0,1,0,0,0,0,1.0,0.0,0.0,0.0,0.0,43.33,0.4845,1,1,37729,0,NO,0,1,46.54
789,452,SPONTANEOUS_ADVENTURER,0,2,0,1,0,1,1,3,1,1,0,1.0,0.6,1.0,1.0,0.0,75.33,0.7509,0,0,0,0,YES,1,3,100.0
159,704,CAUTIOUS_INTROVERT,0,1,1,1,0,0,1,2,2,1,0,1.0,0.4,1.0,1.0,0.0,71.33,0.9478,1,1,65383,0,SUPER_LIKE,1,3,100.0
784,447,CAUTIOUS_INTROVERT,0,2,0,1,0,1,1,2,1,1,1,0.5,0.3333,0.5,1.0,1.0,60.0,0.8234,1,1,54892,0,YES,1,3,100.0
300,141,SOCIAL_EXPLORER,1,0,0,0,1,1,1,2,1,0,0,1.0,0.4,1.0,0.0,0.0,67.17,0.8935,1,1,57826,0,SUPER_LIKE,1,3,100.0
977,673,SELECTIVE_PLANNER,1,0,0,0,1,1,1,1,1,0,0,0.5,0.2,0.5,0.0,0.0,48.17,0.7596,1,1,49310,1,YES,1,3,100.0
639,124,CAUTIOUS_INTROVERT,1,0,2,0,1,0,1,0,0,0,0,0.3333,0.0,0.0,0.0,0.0,24.17,0.1087,0,0,0,0,NO,0,0,6.17
114,986,CAUTIOUS_INTROVERT,1,1,0,0,0,1,1,0,0,0,0,1.0,0.0,0.0,0.0,0.0,43.33,0.5098,1,0,0,1,SAVE_ONLY,0,1,55.33
640,122,BUDGET_CONSCIOUS,0,1,2,1,0,0,1,0,0,0,0,0.5,0.0,0.0,0.0,0.0,27.5,0.3842,0,0,0,0,NO,0,0,9.5
581,711,SOCIAL_EXPLORER,1,1,0,0,0,1,2,2,1,1,0,1.0,0.4,1.0,1.0,0.0,71.33,0.7945,1,1,48956,1,YES,1,3,100.0
730,806,SOCIAL_EXPLORER,0,0,2,1,1,0,1,2,2,1,1,0.5,0.4,1.0,1.0,1.0,66.33,0.6158,1,1,33969,1,SAVE_ONLY,0,1,98.22
112,517,CAUTIOUS_INTROVERT,1,0,1,0,1,0,1,2,1,1,0,0.5,0.2857,0.5,1.0,0.0,54.05,0.6863,1,1,46867,0,YES,0,2,100.0
980,206,SELECTIVE_PLANNER,0,1,1,1,0,0,1,2,0,0,0,0.3333,0.3333,0.0,0.0,0.0,36.67,0.2425,1,0,0,0,NO,0,0,18.67
616,783,SPONTANEOUS_ADVENTURER,0,0,0,1,1,1,1,0,0,0,0,0.5,0.0,0.0,0.0,0.0,45.0,0.4889,0,0,0,0,NO,0,0,27.0
374,811,SELECTIVE_PLANNER,0,2,1,1,0,0,1,0,0,0,0,0.5,0.0,0.0,0.0,0.0,27.5,0.1401,0,0,0,0,NO,0,0,9.5
400,289,CAUTIOUS_INTROVERT,1,0,1,0,1,0,1,1,0,0,1,1.0,0.2,0.0,0.0,1.0,52.33,0.4722,0,0,0,0,NO,0,0,34.33
723,982,BUDGET_CONSCIOUS,0,1,0,1,0,1,1,2,1,0,1,0.3333,0.5,0.5,0.0,1.0,55.83,0.6621,1,1,49034,1,YES,0,2,100.0
632,127,SPONTANEOUS_ADVENTURER,0,1,1,1,0,0,1,0,0,0,0,1.0,0.0,0.0,0.0,0.0,43.33,0.5172,1,1,31123,0,NO,0,1,44.22
144,360,SPONTANEOUS_ADVENTURER,1,1,1,0,0,0,1,0,0,0,0,0.5,0.0,0.0,0.0,0.0,27.5,0.4744,1,0,0,1,SAVE_ONLY,0,1,39.5
290,191,SELECTIVE_PLANNER,2,0,1,0,1,0,1,1,1,0,1,1.0,0.2,0.5,0.0,1.0,51.5,0.6815,1,0,0,1,YES,0,2,85.5
290,679,SELECTIVE_PLANNER,0,0,1,1,1,0,1,0,0,0,0,1.0,0.0,0.0,0.0,0.0,49.17,0.6583,1,1,43979,0,YES,0,2,94.56
367,231,SOCIAL_EXPLORER,1,1,1,0,0,0,1,0,0,1,1,0.5,0.0,0.0,1.0,1.0,42.5,0.6992,1,1,41064,1,YES,0,2,98.87
245,755,PASSIVE_BROWSER,0,0,0,1,1,1,1,1,1,1,0,0.5,0.25,0.3333,1.0,0.0,63.33,0.5589,1,0,0,0,NO,0,0,45.33
170,606,SOCIAL_EXPLORER,1,1,1,0,0,0,1,2,0,0,0,1.0,0.3333,0.0,0.0,0.0,44.17,0.5229,1,0,0,0,NO,0,0,26.17
523,551,SPONTANEOUS_ADVENTURER,0,0,0,1,1,1,1,1,0,0,0,0.5,0.1667,0.0,0.0,0.0,48.33,0.8356,1,0,0,0,SUPER_LIKE,1,3,100.0
209,542,SOCIAL_EXPLORER,1,2,2,0,0,0,1,0,0,0,0,1.0,0.0,0.0,0.0,0.0,25.83,0.1421,1,0,0,0,NO,0,0,7.83
53,1014,CAUTIOUS_INTROVERT,1,0,2,0,1,0,1,0,0,0,0,0.5,0.0,0.0,0.0,0.0,27.5,0.1797,0,0,0,0,NO,0,0,9.5
240,619,CAUTIOUS_INTROVERT,1,2,2,0,0,0,1,0,0,0,0,1.0,0.0,0.0,0.0,0.0,25.83,0.0,0,0,0,0,NO,0,0,7.83
124,819,SOCIAL_EXPLORER,2,0,0,0,1,1,1,2,1,0,0,0.3333,1.0,1.0,0.0,0.0,60.0,0.8113,1,1,55487,1,YES,1,3,100.0
275,223,BUDGET_CONSCIOUS,0,0,1,1,1,0,1,0,0,0,0,1.0,0.0,0.0,0.0,0.0,49.17,0.6549,1,1,39290,0,YES,0,2,92.92
1001,808,SOCIAL_EXPLORER,0,2,1,1,0,0,1,2,1,0,0,1.0,0.4,0.5,0.0,0.0,50.5,0.6187,1,1,46933,0,NO,0,1,56.93
342,382,SOCIAL_EXPLORER,1,0,2,0,1,0,1,0,0,0,0,0.5,0.0,0.0,0.0,0.0,27.5,0.101,0,0,0,0,NO,0,0,9.5
500,662,SPONTANEOUS_ADVENTURER,1,0,1,0,1,0,1,2,1,0,1,0.3333,0.6667,1.0,0.0,1.0,58.33,0.8066,1,1,56875,1,YES,1,3,100.0
623,614,SOCIAL_EXPLORER,1,1,0,0,0,1,1,0,0,0,0,0.3333,0.0,0.0,0.0,0.0,30.0,0.6338,0,0,0,1,YES,0,2,64.0
205,542,SPONTANEOUS_ADVENTURER,1,0,1,0,1,0,1,0,0,0,0,0.5,0.0,0.0,0.0,0.0,33.33,0.4899,1,1,36376,0,NO,0,1,36.06
443,59,SOCIAL_EXPLORER,2,0,1,0,1,0,1,0,0,0,0,1.0,0.0,0.0,0.0,0.0,37.5,0.4326,1,0,0,1,SAVE_ONLY,0,1,49.5
218,904,SOCIAL_EXPLORER,0,1,1,1,0,0,1,0,0,0,0,1.0,0.0,0.0,0.0,0.0,43.33,0.7419,1,0,0,0,YES,1,3,95.33
456,681,SOCIAL_EXPLORER,2,1,1,0,0,0,1,2,0,0,0,0.5,0.2857,0.0,0.0,0.0,27.38,0.5314,1,1,30618,1,SAVE_ONLY,0,1,58.1
561,246,SOCIAL_EXPLORER,0,1,2,1,0,0,1,0,0,0,0,0.5,0.0,0.0,0.0,0.0,27.5,0.3373,1,1,29539,0,NO,0,1,27.84
34,462,BUDGET_CONSCIOUS,0,2,0,1,0,1,1,1,1,0,1,0.5,0.1667,0.5,0.0,1.0,46.67,0.4856,0,0,0,1,SAVE_ONLY,0,1,58.67
521,188,SPONTANEOUS_ADVENTURER,0,1,1,1,0,0,1,0,1,1,0,0.5,0.0,0.5,1.0,0.0,48.33,0.6454,0,0,0,1,YES,0,2,82.33
320,451,SPONTANEOUS_ADVENTURER,1,1,0,0,0,1,1,0,1,0,1,0.5,0.0,0.5,0.0,1.0,43.33,0.464,0,0,0,0,NO,0,0,25.33
32,998,SELECTIVE_PLANNER,1,2,1,0,0,0,1,3,1,0,1,0.5,0.6,1.0,0.0,1.0,48.67,0.427,0,0,0,1,SAVE_ONLY,0,1,60.67
530,353,SELECTIVE_PLANNER,1,1,0,0,0,1,1,1,2,0,1,1.0,0.2,1.0,0.0,1.0,62.33,0.5081,0,0,0,1,SAVE_ONLY,0,1,74.33
555,876,BUDGET_CONSCIOUS,0,1,2,1,0,0,1,1,1,1,0,0.5,0.2,1.0,1.0,0.0,51.5,0.7088,0,0,0,0,YES,1,3,100.0
777,715,SPONTANEOUS_ADVENTURER,0,0,1,1,1,0,1,2,0,0,0,0.5,0.5,0.0,0.0,0.0,49.17,0.7582,1,1,48503,0,YES,1,3,100.0
484,717,BUDGET_CONSCIOUS,1,0,0,0,1,1,1,4,1,1,1,0.5,0.8,0.5,1.0,1.0,75.17,0.7787,1,1,52735,0,YES,1,3,100.0
199,525,SELECTIVE_PLANNER,1,1,1,0,0,0,1,1,2,1,0,0.5,0.25,1.0,1.0,0.0,52.5,0.4311,1,1,31654,0,NO,0,1,53.58
259,422,CAUTIOUS_INTROVERT,0,0,0,1,1,1,1,0,0,0,1,1.0,0.0,0.0,0.0,1.0,60.0,0.4773,1,1,35941,0,NO,0,1,62.58
505,830,CAUTIOUS_INTROVERT,0,1,1,1,0,0,1,1,1,1,0,0.5,0.2,0.5,1.0,0.0,52.33,0.5207,1,1,37517,0,NO,0,1,55.46
11,699,SOCIAL_EXPLORER,0,0,0,1,1,1,0,0,0,0,0,0.0,0.0,0.0,0.0,0.0,35.0,0.449,1,0,0,0,NO,0,0,17.0
635,889,BUDGET_CONSCIOUS,1,0,1,0,1,0,1,1,1,0,0,0.25,0.25,0.5,0.0,0.0,38.33,0.2434,1,1,25568,0,NO,0,1,37.28
304,935,SELECTIVE_PLANNER,1,2,0,0,0,1,1,2,1,0,0,1.0,0.3333,1.0,0.0,0.0,54.17,0.2357,1,1,25172,0,NO,0,1,52.98
896,775,SOCIAL_EXPLORER,2,0,1,0,1,0,1,0,0,0,0,1.0,0.0,0.0,0.0,0.0,37.5,0.6236,0,0,0,0,YES,0,2,59.5
443,176,SOCIAL_EXPLORER,1,0,0,0,1,1,1,2,1,0,0,1.0,0.4,1.0,0.0,0.0,67.17,0.7577,0,0,0,0,YES,1,3,100.0
726,989,SPONTANEOUS_ADVENTURER,2,2,0,0,0,1,1,2,1,1,1,1.0,0.3333,0.5,1.0,1.0,58.33,0.5742,1,1,35406,0,NO,0,1,60.72
910,1008,BUDGET_CONSCIOUS,0,1,1,1,0,0,1,0,1,1,1,0.3333,0.0,1.0,1.0,1.0,55.0,0.6217,1,1,46453,0,YES,0,2,100.0
450,979,SPONTANEOUS_ADVENTURER,2,0,1,0,1,0,1,1,1,0,0,1.0,0.2,1.0,0.0,0.0,51.5,0.8999,1,1,47546,1,YES,1,3,100.0
830,544,SPONTANEOUS_ADVENTURER,2,0,0,0,1,1,1,0,0,0,0,1.0,0.0,0.0,0.0,0.0,43.33,0.6978,1,1,52177,1,YES,0,2,100.0
709,912,BUDGET_CONSCIOUS,1,1,1,0,0,0,1,1,0,0,0,1.0,0.1667,0.0,0.0,0.0,40.83,0.2815,0,0,0,0,NO,0,0,22.83
312,51,BUDGET_CONSCIOUS,0,0,1,1,1,0,1,0,0,0,0,0.5,0.0,0.0,0.0,0.0,39.17,0.5209,1,1,39062,0,NO,0,1,42.84
85,100,SPONTANEOUS_ADVENTURER,1,2,1,0,0,0,1,0,0,0,0,0.5,0.0,0.0,0.0,0.0,21.67,0.3197,1,0,0,0,NO,0,0,3.67
970,325,SOCIAL_EXPLORER,0,2,0,1,0,1,1,0,0,0,1,1.0,0.0,0.0,0.0,1.0,48.33,0.7528,1,1,42972,0,YES,1,3,100.0
371,535,SOCIAL_EXPLORER,1,1,0,0,0,1,1,0,0,0,0,0.5,0.0,0.0,0.0,0.0,33.33,0.4478,1,0,0,0,NO,0,0,15.33
834,187,SOCIAL_EXPLORER,1,1,1,0,0,0,1,0,1,1,1,0.3333,0.0,1.0,1.0,1.0,49.17,0.6893,1,1,45015,0,YES,0,2,94.93
940,693,SELECTIVE_PLANNER,0,1,1,1,0,0,2,1,0,0,0,1.0,0.1667,0.0,0.0,0.0,46.67,0.1393,0,0,0,0,NO,0,0,28.67
33,825,BUDGET_CONSCIOUS,1,1,0,0,0,1,1,0,0,0,0,1.0,0.0,0.0,0.0,0.0,43.33,0.3688,0,0,0,0,NO,0,0,25.33
911,449,CAUTIOUS_INTROVERT,1,1,1,0,0,0,1,4,1,1,1,1.0,1.0,0.5,1.0,1.0,77.5,0.7807,0,0,0,0,YES,1,3,100.0
223,325,BUDGET_CONSCIOUS,1,1,1,0,0,0,1,2,1,1,0,1.0,0.6667,1.0,1.0,0.0,70.83,0.8236,1,1,48855,1,YES,1,3,100.0
403,261,BUDGET_CONSCIOUS,0,0,1,1,1,0,1,1,1,0,1,0.5,0.1667,0.5,0.0,1.0,52.5,0.5774,0,0,0,1,SAVE_ONLY,0,1,64.5
186,282,SOCIAL_EXPLORER,1,2,0,0,0,1,1,0,0,1,0,1.0,0.0,0.0,1.0,0.0,47.5,0.5728,1,1,33577,0,NO,0,1,49.25
674,233,SPONTANEOUS_ADVENTURER,0,1,1,1,0,0,1,1,1,1,0,1.0,0.25,1.0,1.0,0.0,68.33,0.7118,1,0,0,0,YES,1,3,100.0
892,48,BUDGET_CONSCIOUS,0,0,0,1,1,1,1,0,0,0,0,1.0,0.0,0.0,0.0,0.0,55.0,0.7586,1,1,41090,0,YES,1,3,100.0
263,243,BUDGET_CONSCIOUS,1,1,0,0,0,1,1,0,0,0,0,0.5,0.0,0.0,0.0,0.0,33.33,0.4609,0,0,0,0,NO,0,0,15.33
183,800,CAUTIOUS_INTROVERT,0,1,0,1,0,1,1,1,0,0,0,1.0,0.2,0.0,0.0,0.0,53.17,0.4937,0,0,0,0,NO,0,0,35.17
343,585,SOCIAL_EXPLORER,1,1,2,0,0,0,1,2,1,1,0,1.0,0.4,1.0,1.0,0.0,59.67,0.6629,1,1,37461,0,YES,0,2,100.0
319,83,SOCIAL_EXPLORER,1,1,1,0,0,0,1,1,0,0,0,1.0,0.1667,0.0,0.0,0.0,40.83,0.5554,1,1,29683,1,SAVE_ONLY,0,1,71.22
46,498,SOCIAL_EXPLORER,1,0,0,0,1,1,1,0,0,0,0,0.5,0.0,0.0,0.0,0.0,39.17,0.5245,1,0,0,1,SAVE_ONLY,0,1,51.17
504,511,SELECTIVE_PLANNER,0,2,1,1,0,0,1,1,1,1,0,0.3333,0.1667,1.0,1.0,0.0,47.5,0.1979,0,0,0,0,NO,0,0,29.5
980,882,SELECTIVE_PLANNER,1,1,0,0,0,1,1,0,0,0,0,0.25,0.0,0.0,0.0,0.0,28.33,0.1515,0,0,0,0,NO,0,0,10.33
904,824,PASSIVE_BROWSER,1,1,1,0,0,0,1,1,1,0,1,1.0,0.3333,1.0,0.0,1.0,59.17,0.5423,0,0,0,1,SAVE_ONLY,0,1,71.17
350,81,SPONTANEOUS_ADVENTURER,0,1,1,1,0,0,1,1,0,0,0,0.5,0.3333,0.0,0.0,0.0,40.0,0.6209,1,0,0,1,YES,0,2,74.0
903,698,SELECTIVE_PLANNER,1,2,1,0,0,0,1,0,0,1,0,0.3333,0.0,0.0,1.0,0.0,28.33,0.1164,0,0,0,0,NO,0,0,10.33
960,115,SELECTIVE_PLANNER,1,0,0,0,1,1,1,2,1,0,1,0.5,0.4,1.0,0.0,1.0,62.17,0.692,1,1,49441,1,YES,0,2,100.0
789,512,SPONTANEOUS_ADVENTURER,1,1,0,0,0,1,1,0,0,0,0,0.5,0.0,0.0,0.0,0.0,33.33,0.4356,0,0,0,1,SAVE_ONLY,0,1,45.33
206,675,SOCIAL_EXPLORER,1,0,1,0,1,0,1,2,0,0,0,0.5,0.2857,0.0,0.0,0.0,39.05,0.6645,1,1,42906,0,YES,0,2,84.07
81,949,SOCIAL_EXPLORER,2,1,1,0,0,0,1,1,1,0,0,0.3333,0.25,1.0,0.0,0.0,33.33,0.3981,1,1,28116,0,NO,0,1,33.17
552,537,SOCIAL_EXPLORER,1,0,1,0,1,0,1,1,1,0,0,0.5,0.2,0.5,0.0,0.0,42.33,0.7616,1,1,49437,1,YES,1,3,100.0
754,731,BUDGET_CONSCIOUS,1,0,0,0,1,1,1,2,1,0,1,0.5,0.4,0.5,0.0,1.0,57.17,0.6877,1,1,39536,0,YES,0,2,100.0
717,205,SOCIAL_EXPLORER,0,1,1,1,0,0,1,1,1,0,0,0.3333,0.1111,0.5,0.0,0.0,37.22,0.5064,0,0,0,1,SAVE_ONLY,0,1,49.22
866,677,BUDGET_CONSCIOUS,1,2,1,0,0,0,1,0,2,1,1,1.0,0.0,1.0,1.0,1.0,56.67,0.5287,1,1,31320,1,SAVE_ONLY,0,1,87.63
265,622,SOCIAL_EXPLORER,0,2,1,1,0,0,1,2,1,0,1,1.0,0.4,1.0,0.0,1.0,60.5,0.8729,1,1,51643,0,SUPER_LIKE,1,3,100.0
999,600,SOCIAL_EXPLORER,0,0,1,1,1,0,1,1,1,0,0,1.0,0.2,1.0,0.0,0.0,63.17,0.8567,1,1,48953,0,YES,1,3,100.0
532,420,SELECTIVE_PLANNER,1,1,1,0,0,0,1,2,2,1,0,0.5,0.3333,1.0,1.0,0.0,54.17,0.3855,1,0,0,0,NO,0,0,36.17
746,725,SOCIAL_EXPLORER,0,1,1,1,0,0,1,0,1,0,0,1.0,0.0,0.5,0.0,0.0,48.33,0.7079,0,0,0,0,YES,1,3,100.0
969,658,CAUTIOUS_INTROVERT,0,1,1,1,0,0,2,2,1,1,0,0.6667,0.5,1.0,1.0,0.0,66.67,0.7654,1,1,44639,0,YES,1,3,100.0
211,139,SPONTANEOUS_ADVENTURER,1,1,0,0,0,1,1,2,1,0,0,0.5,0.6667,1.0,0.0,0.0,56.67,0.7394,0,0,0,0,YES,1,3,100.0
776,1016,SPONTANEOUS_ADVENTURER,0,0,1,1,1,0,1,1,0,0,0,1.0,0.25,0.0,0.0,0.0,54.17,0.7456,1,1,49223,0,YES,1,3,100.0
491,276,CAUTIOUS_INTROVERT,0,1,0,1,0,1,1,2,0,0,1,0.5,0.6667,0.0,0.0,1.0,57.5,0.8468,1,1,54786,0,SUPER_LIKE,1,3,100.0
950,736,SELECTIVE_PLANNER,1,2,1,0,0,0,1,1,0,0,0,0.5,0.1429,0.0,0.0,0.0,24.52,0.0719,1,0,0,0,NO,0,0,6.52
133,758,BUDGET_CONSCIOUS,2,0,0,0,1,1,1,0,0,0,0,1.0,0.0,0.0,0.0,0.0,43.33,0.1297,0,0,0,0,NO,0,0,25.33
732,743,BUDGET_CONSCIOUS,1,2,1,0,0,0,1,0,0,0,0,0.5,0.0,0.0,0.0,0.0,21.67,0.2253,1,1,23495,0,NO,0,1,19.89
175,700,SPONTANEOUS_ADVENTURER,1,1,1,0,0,0,1,2,1,0,0,0.3333,0.3333,0.5,0.0,0.0,35.83,0.7799,1,1,54418,0,YES,1,3,100.0
396,117,CAUTIOUS_INTROVERT,1,0,0,0,1,1,2,0,0,0,0,1.0,0.0,0.0,0.0,0.0,49.17,0.4905,0,0,0,1,SAVE_ONLY,0,1,61.17
883,168,SOCIAL_EXPLORER,1,2,0,0,0,1,1,1,1,1,0,1.0,0.2,1.0,1.0,0.0,61.5,0.8926,1,1,55023,0,YES,1,3,100.0
215,681,CAUTIOUS_INTROVERT,2,1,1,0,0,0,1,2,1,1,0,0.3333,0.4,0.5,1.0,0.0,41.33,0.7007,1,0,0,1,YES,1,3,100.0
834,383,SOCIAL_EXPLORER,1,0,0,0,1,1,1,1,1,1,0,0.3333,0.3333,1.0,1.0,0.0,62.5,0.8746,1,1,48199,0,SUPER_LIKE,1,3,100.0
549,218,BUDGET_CONSCIOUS,1,0,0,0,1,1,1,0,0,0,0,0.5,0.0,0.0,0.0,0.0,39.17,0.5211,0,0,0,1,SAVE_ONLY,0,1,51.17
319,110,SOCIAL_EXPLORER,1,1,2,0,0,0,1,0,0,0,0,1.0,0.0,0.0,0.0,0.0,31.67,0.2047,1,1,20068,0,NO,0,1,28.69
999,429,SOCIAL_EXPLORER,0,2,1,1,0,0,1,0,1,0,0,1.0,0.0,1.0,0.0,0.0,47.5,0.6333,1,0,0,0,YES,0,2,69.5
85,597,SPONTANEOUS_ADVENTURER,1,0,1,0,1,0,1,2,1,1,0,0.3333,0.4,0.5,1.0,0.0,53.0,0.7966,1,0,0,1,YES,1,3,100.0
764,382,BUDGET_CONSCIOUS,2,0,0,0,1,1,1,0,0,0,0,1.0,0.0,0.0,0.0,0.0,43.33,0.1696,1,0,0,0,NO,0,0,25.33
218,970,SOCIAL_EXPLORER,0,2,0,1,0,1,1,2,1,1,1,1.0,0.4,1.0,1.0,1.0,76.33,1.0,1,1,57031,0,SUPER_LIKE,1,3,100.0
450,518,SPONTANEOUS_ADVENTURER,2,0,0,0,1,1,1,0,0,0,0,0.5,0.0,0.0,0.0,0.0,33.33,0.633,1,1,43011,1,YES,0,2,90.38
373,62,SOCIAL_EXPLORER,0,1,2,1,0,0,1,1,1,1,1,1.0,0.2,0.5,1.0,1.0,61.5,0.6809,1,0,0,1,YES,0,2,95.5
717,351,SOCIAL_EXPLORER,1,1,0,0,0,1,1,1,0,0,0,0.5,0.1429,0.0,0.0,0.0,36.19,0.6883,0,0,0,0,YES,0,2,58.19
314,53,CAUTIOUS_INTROVERT,1,1,0,0,0,1,1,0,0,0,0,0.3333,0.0,0.0,0.0,0.0,30.0,0.4269,0,0,0,1,SAVE_ONLY,0,1,42.0
834,168,SOCIAL_EXPLORER,1,1,0,0,0,1,1,0,0,0,0,0.5,0.0,0.0,0.0,0.0,33.33,0.6423,0,0,0,0,YES,0,2,55.33
752,429,CAUTIOUS_INTROVERT,1,1,0,0,0,1,1,2,1,0,1,0.5,0.5,0.5,0.0,1.0,53.33,0.5583,0,0,0,1,SAVE_ONLY,0,1,65.33
282,611,BUDGET_CONSCIOUS,1,0,0,0,1,1,1,1,0,0,1,1.0,0.25,0.0,0.0,1.0,59.17,0.6011,1,0,0,0,NO,0,0,41.17
239,289,SOCIAL_EXPLORER,1,0,1,0,1,0,1,1,0,0,1,0.5,0.1429,0.0,0.0,1.0,41.19,0.6555,0,0,0,0,YES,0,2,63.19
228,692,BUDGET_CONSCIOUS,0,0,1,1,1,0,1,1,0,0,1,1.0,0.1667,0.0,0.0,1.0,57.5,0.873,1,1,50752,1,SUPER_LIKE,1,3,100.0
36,552,SOCIAL_EXPLORER,0,1,0,1,0,1,1,0,0,0,0,0.5,0.0,0.0,0.0,0.0,39.17,0.6457,1,0,0,0,YES,0,2,61.17
396,516,CAUTIOUS_INTROVERT,1,0,0,0,1,1,1,0,0,0,1,0.3333,0.0,0.0,0.0,1.0,40.83,0.3525,1,0,0,0,NO,0,0,22.83
307,790,CAUTIOUS_INTROVERT,1,0,0,0,1,1,1,2,1,1,1,0.5,0.5,1.0,1.0,1.0,74.17,0.812,0,0,0,0,YES,1,3,100.0
464,526,PASSIVE_BROWSER,2,0,0,0,1,1,1,1,0,0,0,1.0,0.1429,0.0,0.0,0.0,46.19,0.3907,1,1,34438,0,NO,0,1,48.24
369,542,SOCIAL_EXPLORER,1,1,2,0,0,0,1,0,0,0,1,0.5,0.0,0.0,0.0,1.0,26.67,0.1786,1,0,0,0,NO,0,0,8.67
637,843,CAUTIOUS_INTROVERT,0,1,1,1,0,0,1,2,1,1,1,0.5,0.5,0.5,1.0,1.0,63.33,0.8949,1,0,0,1,SUPER_LIKE,1,3,100.0
60,700,SELECTIVE_PLANNER,0,1,1,1,0,0,1,2,1,0,1,0.5,0.5,0.3333,0.0,1.0,51.67,0.3609,0,0,0,0,NO,0,0,33.67
526,54,BUDGET_CONSCIOUS,2,1,1,0,0,0,1,1,0,0,0,1.0,0.1429,0.0,0.0,0.0,34.52,0.0,0,0,0,0,NO,0,0,16.52
189,638,SOCIAL_EXPLORER,1,1,2,0,0,0,1,1,2,0,1,0.3333,0.2,1.0,0.0,1.0,37.33,0.4692,1,1,25913,1,SAVE_ONLY,0,1,66.4
175,672,SPONTANEOUS_ADVENTURER,0,0,1,1,1,0,1,3,1,1,0,0.3333,0.75,1.0,1.0,0.0,70.83,0.9201,1,1,55393,1,YES,1,3,100.0
970,214,SOCIAL_EXPLORER,1,2,0,0,0,1,1,0,1,0,0,1.0,0.0,1.0,0.0,0.0,47.5,0.6299,1,1,34443,0,YES,0,2,89.56
508,362,SOCIAL_EXPLORER,0,2,0,1,0,1,1,2,0,0,1,0.3333,0.5,0.0,0.0,1.0,45.0,0.7839,0,0,0,1,YES,1,3,100.0
487,632,SPONTANEOUS_ADVENTURER,1,0,0,0,1,1,1,0,1,0,0,0.5,0.0,1.0,0.0,0.0,49.17,0.5689,1,0,0,1,SAVE_ONLY,0,1,61.17
593,73,SPONTANEOUS_ADVENTURER,2,1,1,0,0,0,1,2,0,0,0,0.5,0.4,0.0,0.0,0.0,29.67,0.5788,1,0,0,1,SAVE_ONLY,0,1,41.67
297,517,BUDGET_CONSCIOUS,2,1,1,0,0,0,1,2,1,1,1,1.0,0.4,1.0,1.0,1.0,64.67,0.3057,0,0,0,0,NO,0,0,46.67
555,20,BUDGET_CONSCIOUS,0,1,2,1,0,0,2,0,0,0,0,1.0,0.0,0.0,0.0,0.0,37.5,0.5455,0,0,0,0,NO,0,0,19.5
801,300,BUDGET_CONSCIOUS,2,2,1,0,0,0,1,0,0,0,0,1.0,0.0,0.0,0.0,0.0,25.83,0.0,0,0,0,0,NO,0,0,7.83
160,777,BUDGET_CONSCIOUS,1,2,1,0,0,0,1,1,0,1,0,0.5,0.3333,0.0,1.0,0.0,38.33,0.5228,1,0,0,1,SAVE_ONLY,0,1,50.33
802,25,SPONTANEOUS_ADVENTURER,1,1,1,0,0,0,1,1,0,0,0,0.5,0.1667,0.0,0.0,0.0,30.83,0.5808,1,0,0,0,NO,0,0,12.83
788,474,SPONTANEOUS_ADVENTURER,1,0,1,0,1,0,1,1,2,1,0,0.5,0.1667,1.0,1.0,0.0,56.67,0.9524,1,1,65699,1,SUPER_LIKE,1,3,100.0
356,803,SPONTANEOUS_ADVENTURER,1,1,1,0,0,0,1,2,1,0,0,0.3333,0.3333,1.0,0.0,0.0,40.83,0.5727,1,1,31570,1,SAVE_ONLY,0,1,71.88
34,769,BUDGET_CONSCIOUS,2,1,1,0,0,0,1,2,1,0,0,1.0,0.3333,0.5,0.0,0.0,43.33,0.0213,1,0,0,0,NO,0,0,25.33
503,520,SOCIAL_EXPLORER,0,0,0,1,1,1,1,1,1,1,0,0.3333,0.1667,1.0,1.0,0.0,65.0,0.8924,1,1,60935,1,YES,1,3,100.0
846,645,SOCIAL_EXPLORER,0,2,1,1,0,0,1,0,0,0,0,1.0,0.0,0.0,0.0,0.0,37.5,0.5545,0,0,0,1,SAVE_ONLY,0,1,49.5
846,41,SOCIAL_EXPLORER,1,1,0,0,0,1,1,2,0,0,0,1.0,0.5,0.0,0.0,0.0,53.33,0.8627,1,1,59565,0,YES,1,3,100.0
153,128,SOCIAL_EXPLORER,0,1,2,1,0,0,1,0,0,0,0,1.0,0.0,0.0,0.0,0.0,37.5,0.3849,1,1,22768,0,NO,0,1,35.47
123,315,BUDGET_CONSCIOUS,1,1,0,0,0,1,1,3,1,1,1,1.0,0.75,0.5,1.0,1.0,78.33,0.6872,1,1,41677,0,YES,0,2,100.0
380,423,BUDGET_CONSCIOUS,1,1,1,0,0,0,1,1,0,0,0,0.5,0.1429,0.0,0.0,0.0,30.36,0.3185,0,0,0,0,NO,0,0,12.36
888,265,CAUTIOUS_INTROVERT,0,2,2,1,0,0,1,2,1,0,0,0.5,0.3333,1.0,0.0,0.0,38.33,0.2158,1,0,0,0,NO,0,0,20.33
676,328,CAUTIOUS_INTROVERT,1,1,1,0,0,0,1,0,0,0,0,0.3333,0.0,0.0,0.0,0.0,24.17,0.2303,1,1,16733,0,NO,0,0,20.03
247,385,SOCIAL_EXPLORER,1,0,1,0,1,0,1,2,1,0,0,0.5,0.4,1.0,0.0,0.0,51.33,0.6938,1,1,49086,1,YES,0,2,100.0
70,758,SELECTIVE_PLANNER,1,2,1,0,0,0,1,0,0,0,0,0.5,0.0,0.0,0.0,0.0,21.67,0.0875,0,0,0,0,NO,0,0,3.67
637,273,CAUTIOUS_INTROVERT,0,2,2,1,0,0,1,1,1,0,0,1.0,0.2,1.0,0.0,0.0,45.67,0.2739,0,0,0,0,NO,0,0,27.67
43,935,BUDGET_CONSCIOUS,1,1,0,0,0,1,1,1,1,0,0,1.0,0.1429,1.0,0.0,0.0,56.19,0.636,0,0,0,0,YES,0,2,78.19
947,174,SELECTIVE_PLANNER,1,0,0,0,1,1,1,1,1,0,0,0.5,0.2,1.0,0.0,0.0,53.17,0.6477,0,0,0,0,YES,0,2,75.17
409,79,CAUTIOUS_INTROVERT,0,0,1,1,1,0,1,3,1,0,1,1.0,0.6,0.5,0.0,1.0,71.17,0.9947,1,1,61106,0,YES,1,3,100.0
1007,775,BUDGET_CONSCIOUS,0,0,0,1,1,1,1,0,0,0,0,1.0,0.0,0.0,0.0,0.0,55.0,0.6533,1,0,0,0,YES,0,2,77.0
180,471,SOCIAL_EXPLORER,1,0,1,0,1,0,1,1,1,1,0,1.0,0.1667,1.0,1.0,0.0,66.67,0.8606,1,1,61244,0,YES,1,3,100.0
102,897,BUDGET_CONSCIOUS,1,1,2,0,0,0,1,1,0,0,0,1.0,0.1429,0.0,0.0,0.0,34.52,0.3492,1,1,21353,0,NO,0,1,31.99
866,23,BUDGET_CONSCIOUS,0,0,0,1,1,1,1,0,0,0,0,0.3333,0.0,0.0,0.0,0.0,41.67,0.6507,1,1,35402,0,YES,0,2,84.06
111,123,CAUTIOUS_INTROVERT,1,0,1,0,1,0,1,0,0,0,1,0.5,0.0,0.0,0.0,1.0,38.33,0.4474,0,0,0,1,SAVE_ONLY,0,1,50.33
226,793,SPONTANEOUS_ADVENTURER,1,0,1,0,1,0,1,0,0,0,0,0.5,0.0,0.0,0.0,0.0,33.33,0.4103,0,0,0,0,NO,0,0,15.33
882,41,PASSIVE_BROWSER,1,0,1,0,1,0,1,2,1,0,1,0.3333,0.5,1.0,0.0,1.0,55.0,0.4875,1,0,0,0,NO,0,0,37.0
23,345,BUDGET_CONSCIOUS,0,1,0,1,0,1,1,0,1,0,1,0.25,0.0,0.5,0.0,1.0,44.17,0.7347,1,1,40054,0,YES,1,3,100.0
576,788,BUDGET_CONSCIOUS,1,1,0,0,0,1,1,1,1,1,0,0.5,0.25,0.5,1.0,0.0,53.33,0.6653,1,1,45215,1,YES,0,2,100.0
685,1014,CAUTIOUS_INTROVERT,1,1,2,0,0,0,1,0,1,1,0,0.5,0.0,1.0,1.0,0.0,41.67,0.0725,0,0,0,0,NO,0,0,23.67
176,355,SPONTANEOUS_ADVENTURER,1,1,1,0,0,0,1,1,1,0,0,1.0,0.1667,1.0,0.0,0.0,50.83,0.5256,1,1,28224,0,NO,0,1,50.71
341,96,CAUTIOUS_INTROVERT,2,0,0,0,1,1,1,1,0,0,0,0.5,0.1667,0.0,0.0,0.0,36.67,0.219,1,0,0,0,NO,0,0,18.67
354,328,SOCIAL_EXPLORER,2,1,1,0,0,0,1,0,0,0,0,1.0,0.0,0.0,0.0,0.0,31.67,0.6385,0,0,0,1,YES,0,2,65.67
136,851,SELECTIVE_PLANNER,0,0,0,1,1,1,1,0,0,0,1,0.5,0.0,0.0,0.0,1.0,50.0,0.8036,1,1,46128,0,YES,1,3,100.0
335,165,SPONTANEOUS_ADVENTURER,0,0,1,1,1,0,1,2,2,1,1,1.0,0.5,1.0,1.0,1.0,84.17,1.0,1,1,61937,1,YES,1,3,100.0
482,953,CAUTIOUS_INTROVERT,0,0,1,1,1,0,1,1,0,0,1,0.5,0.2,0.0,0.0,1.0,48.17,0.5331,0,0,0,0,NO,0,0,30.17
620,378,CAUTIOUS_INTROVERT,1,1,2,0,0,0,2,1,0,0,0,1.0,0.2,0.0,0.0,0.0,35.67,0.2937,1,0,0,0,NO,0,0,17.67
192,251,BUDGET_CONSCIOUS,0,1,1,1,0,0,1,1,1,1,1,1.0,0.2,1.0,1.0,1.0,72.33,0.9072,1,1,62646,0,YES,1,3,100.0
171,578,BUDGET_CONSCIOUS,2,1,1,0,0,0,1,2,1,1,0,0.3333,0.5,1.0,1.0,0.0,48.33,0.011,0,0,0,0,NO,0,0,30.33
118,450,SOCIAL_EXPLORER,0,1,1,1,0,0,1,0,0,0,0,0.5,0.0,0.0,0.0,0.0,33.33,0.6789,0,0,0,0,YES,0,2,55.33
433,697,SELECTIVE_PLANNER,1,2,1,0,0,0,1,1,1,0,0,1.0,0.1667,0.5,0.0,0.0,40.0,0.2987,0,0,0,0,NO,0,0,22.0
698,245,SOCIAL_EXPLORER,0,1,1,1,0,0,1,2,2,1,0,0.3333,0.5,1.0,1.0,0.0,60.0,0.928,1,1,49149,0,YES,1,3,100.0
946,915,BUDGET_CONSCIOUS,1,1,1,0,0,0,1,0,0,0,0,1.0,0.0,0.0,0.0,0.0,37.5,0.4386,1,1,26882,1,SAVE_ONLY,0,1,66.91
888,357,CAUTIOUS_INTROVERT,0,2,1,1,0,0,1,4,1,0,1,0.5,1.0,1.0,0.0,1.0,62.5,0.7513,1,1,41486,0,YES,1,3,100.0
220,744,BUDGET_CONSCIOUS,2,1,2,0,0,0,1,1,0,0,0,0.3333,0.1667,0.0,0.0,0.0,15.83,0.0,0,0,0,0,NO,0,0,0.0
861,733,SOCIAL_EXPLORER,1,0,0,0,1,1,1,0,1,0,0,0.3333,0.0,0.3333,0.0,0.0,39.17,0.5469,0,0,0,1,SAVE_ONLY,0,1,51.17
418,815,SOCIAL_EXPLORER,0,1,0,1,0,1,1,1,0,0,0,0.5,0.1429,0.0,0.0,0.0,42.02,0.5094,0,0,0,1,SAVE_ONLY,0,1,54.02
866,455,BUDGET_CONSCIOUS,2,2,0,0,0,1,1,1,0,0,0,0.5,0.25,0.0,0.0,0.0,26.67,0.012,1,0,0,0,NO,0,0,8.67
49,154,CAUTIOUS_INTROVERT,0,1,1,1,0,0,1,2,1,0,1,1.0,0.3333,1.0,0.0,1.0,65.0,0.6881,0,0,0,1,YES,0,2,99.0
122,899,BUDGET_CONSCIOUS,0,1,1,1,0,0,1,1,0,0,0,0.5,0.25,0.0,0.0,0.0,38.33,0.6826,0,0,0,0,YES,0,2,60.33
476,643,SELECTIVE_PLANNER,0,1,1,1,0,0,1,2,1,1,0,0.5,0.4,1.0,1.0,0.0,61.33,0.4324,1,1,32732,0,NO,0,1,62.79
969,908,CAUTIOUS_INTROVERT,1,1,0,0,0,1,1,0,0,0,0,0.3333,0.0,0.0,0.0,0.0,30.0,0.3312,1,0,0,0,NO,0,0,12.0
41,1012,SOCIAL_EXPLORER,1,1,0,0,0,1,1,0,1,0,0,1.0,0.0,0.5,0.0,0.0,48.33,0.7643,1,1,55444,1,YES,1,3,100.0
361,785,BUDGET_CONSCIOUS,0,1,1,1,0,0,1,1,0,0,0,0.5,0.3333,0.0,0.0,0.0,40.0,0.6732,0,0,0,0,YES,0,2,62.0
692,97,BUDGET_CONSCIOUS,0,1,1,1,0,0,1,0,0,0,0,1.0,0.0,0.0,0.0,0.0,43.33,0.6497,1,1,46055,0,YES,0,2,89.45
130,379,BUDGET_CONSCIOUS,1,1,1,0,0,0,1,0,0,0,1,1.0,0.0,0.0,0.0,1.0,42.5,0.4102,0,0,0,0,NO,0,0,24.5
814,312,BUDGET_CONSCIOUS,0,0,1,1,1,0,1,0,1,0,0,0.5,0.0,1.0,0.0,0.0,49.17,0.7292,1,1,44657,1,YES,1,3,100.0
950,635,SELECTIVE_PLANNER,2,2,0,0,0,1,1,1,1,1,0,0.3333,0.25,1.0,1.0,0.0,43.33,0.2383,1,1,17896,0,NO,0,0,39.59
198,301,BUDGET_CONSCIOUS,1,1,1,0,0,0,1,2,0,0,1,0.5,0.4,0.0,0.0,1.0,40.5,0.4572,0,0,0,1,SAVE_ONLY,0,1,52.5
941,865,SOCIAL_EXPLORER,1,2,0,0,0,1,1,1,0,0,0,0.5,0.2,0.0,0.0,0.0,31.5,0.3892,1,1,24259,0,NO,0,1,29.99
134,712,SOCIAL_EXPLORER,1,0,2,0,1,0,1,1,1,1,0,0.3333,0.25,1.0,1.0,0.0,49.17,0.5504,1,1,39749,1,SAVE_ONLY,0,1,83.08
156,181,SOCIAL_EXPLORER,0,1,0,1,0,1,1,1,1,1,1,0.5,0.25,1.0,1.0,1.0,69.17,0.9183,1,1,54829,1,YES,1,3,100.0
654,436,BUDGET_CONSCIOUS,1,0,1,0,1,0,1,1,0,0,0,0.5,0.25,0.0,0.0,0.0,38.33,0.4418,0,0,0,1,SAVE_ONLY,0,1,50.33
751,911,CAUTIOUS_INTROVERT,1,1,0,0,0,1,1,3,1,0,1,1.0,0.6,0.5,0.0,1.0,65.33,0.84,1,1,49474,0,SUPER_LIKE,1,3,100.0
49,952,CAUTIOUS_INTROVERT,1,0,2,0,1,0,1,4,1,0,1,1.0,0.6667,1.0,0.0,1.0,65.83,0.5459,1,1,30780,0,NO,0,1,66.6
86,1004,SOCIAL_EXPLORER,0,0,0,1,1,1,2,1,1,1,1,0.6667,0.25,1.0,1.0,1.0,78.33,0.9574,1,1,51611,0,SUPER_LIKE,1,3,100.0
802,437,CAUTIOUS_INTROVERT,1,0,0,0,1,1,1,3,1,0,1,0.3333,0.6,1.0,0.0,1.0,62.83,0.6706,1,1,38719,0,YES,0,2,100.0
720,80,SELECTIVE_PLANNER,0,1,1,1,0,0,2,1,1,0,0,1.0,0.2,0.3333,0.0,0.0,50.67,0.2581,1,1,14863,0,NO,0,0,45.87
709,997,BUDGET_CONSCIOUS,0,0,1,1,1,0,1,0,0,0,0,0.5,0.0,0.0,0.0,0.0,39.17,0.5278,0,0,0,1,SAVE_ONLY,0,1,51.17
915,586,SOCIAL_EXPLORER,1,0,1,0,1,0,1,1,1,0,0,1.0,0.2,0.5,0.0,0.0,52.33,0.6739,1,0,0,1,YES,0,2,86.33
326,417,SOCIAL_EXPLORER,0,0,0,1,1,1,1,1,0,0,0,1.0,0.25,0.0,0.0,0.0,60.0,0.7663,1,1,44648,0,YES,1,3,100.0
804,34,BUDGET_CONSCIOUS,0,1,1,1,0,0,1,2,1,0,0,1.0,0.2857,0.5,0.0,0.0,54.05,0.7521,1,0,0,0,YES,1,3,100.0
269,760,SOCIAL_EXPLORER,1,1,0,0,0,1,1,1,0,0,0,0.5,0.1667,0.0,0.0,0.0,36.67,0.6653,1,1,36816,1,YES,0,2,91.56
124,778,SOCIAL_EXPLORER,1,1,1,0,0,0,1,2,1,0,1,0.5,0.5,0.5,0.0,1.0,47.5,0.6749,1,1,38815,1,YES,0,2,100.0
110,828,CAUTIOUS_INTROVERT,2,1,1,0,0,0,1,2,1,0,0,0.5,0.5,0.5,0.0,0.0,36.67,0.485,1,0,0,0,NO,0,0,18.67
929,332,CAUTIOUS_INTROVERT,1,1,2,0,0,0,1,0,1,0,1,0.5,0.0,0.5,0.0,1.0,31.67,0.1156,1,0,0,0,NO,0,0,13.67
735,142,SOCIAL_EXPLORER,0,1,0,1,0,1,1,1,0,0,0,0.3333,0.125,0.0,0.0,0.0,38.33,0.6908,0,0,0,1,YES,0,2,72.33
936,451,SOCIAL_EXPLORER,0,0,0,1,1,1,1,0,0,0,0,1.0,0.0,0.0,0.0,0.0,55.0,0.6444,1,0,0,1,YES,0,2,89.0
444,361,BUDGET_CONSCIOUS,1,1,0,0,0,1,1,0,0,0,0,1.0,0.0,0.0,0.0,0.0,43.33,0.3754,0,0,0,0,NO,0,0,25.33
776,378,SPONTANEOUS_ADVENTURER,2,1,1,0,0,0,1,2,0,0,0,0.5,0.4,0.0,0.0,0.0,29.67,0.6738,1,0,0,0,YES,0,2,51.67
136,1001,SELECTIVE_PLANNER,0,0,1,1,1,0,1,0,0,0,0,1.0,0.0,0.0,0.0,0.0,49.17,0.6479,1,1,49241,1,YES,0,2,100.0
271,768,BUDGET_CONSCIOUS,1,2,1,0,0,0,2,1,0,0,0,1.0,0.1667,0.0,0.0,0.0,35.0,0.3242,0,0,0,0,NO,0,0,17.0
44,714,BUDGET_CONSCIOUS,0,1,0,1,0,1,1,0,0,0,1,0.5,0.0,0.0,0.0,1.0,44.17,0.6417,1,1,41287,1,YES,0,2,100.0
745,11,CAUTIOUS_INTROVERT,0,1,1,1,0,0,0,0,0,0,0,0.0,0.0,0.0,0.0,0.0,23.33,0.1351,1,0,0,0,NO,0,0,5.33
250,116,CAUTIOUS_INTROVERT,0,1,1,1,0,0,1,1,0,0,0,0.5,0.1429,0.0,0.0,0.0,36.19,0.4264,1,1,26149,1,SAVE_ONLY,0,1,65.34
759,748,CAUTIOUS_INTROVERT,1,1,0,0,0,1,2,1,1,0,0,0.6667,0.2,0.5,0.0,0.0,45.67,0.4157,1,0,0,0,NO,0,0,27.67
854,357,SELECTIVE_PLANNER,0,1,0,1,0,1,1,0,0,0,0,1.0,0.0,0.0,0.0,0.0,49.17,0.3592,0,0,0,0,NO,0,0,31.17
729,990,SOCIAL_EXPLORER,0,0,1,1,1,0,1,2,1,0,0,0.5,0.3333,1.0,0.0,0.0,55.83,0.6854,0,0,0,0,YES,0,2,77.83
786,200,BUDGET_CONSCIOUS,0,1,0,1,0,1,1,2,1,0,0,0.5,0.5,0.5,0.0,0.0,54.17,0.7797,1,1,51907,0,YES,1,3,100.0
530,123,SELECTIVE_PLANNER,1,2,0,0,0,1,1,0,0,0,0,1.0,0.0,0.0,0.0,0.0,37.5,0.0604,0,0,0,0,NO,0,0,19.5
513,743,CAUTIOUS_INTROVERT,1,1,1,0,0,0,1,2,1,0,1,0.5,0.2857,0.3333,0.0,1.0,41.55,0.4795,1,1,28373,1,SAVE_ONLY,0,1,71.48
998,50,BUDGET_CONSCIOUS,1,1,2,0,0,0,1,0,0,0,1,1.0,0.0,0.0,0.0,1.0,36.67,0.2839,1,1,29400,0,NO,0,1,36.96
478,636,SOCIAL_EXPLORER,1,1,0,0,0,1,2,0,0,0,0,0.6667,0.0,0.0,0.0,0.0,36.67,0.6965,1,1,45257,1,YES,0,2,94.51
861,849,SOCIAL_EXPLORER,0,1,1,1,0,0,1,0,0,0,0,0.5,0.0,0.0,0.0,0.0,33.33,0.5052,0,0,0,1,SAVE_ONLY,0,1,45.33
724,428,CAUTIOUS_INTROVERT,0,1,0,1,0,1,1,0,0,0,0,0.3333,0.0,0.0,0.0,0.0,35.83,0.3133,1,1,15836,0,NO,0,0,31.37
427,87,CAUTIOUS_INTROVERT,1,0,0,0,1,1,1,1,1,0,0,0.5,0.1667,0.5,0.0,0.0,47.5,0.3349,1,1,29586,0,NO,0,1,47.86
392,902,SOCIAL_EXPLORER,1,0,2,0,1,0,1,0,1,0,0,1.0,0.0,0.3333,0.0,0.0,40.83,0.4951,0,0,0,1,SAVE_ONLY,0,1,52.83
11,297,BUDGET_CONSCIOUS,1,0,1,0,1,0,0,0,0,0,0,0.0,0.0,0.0,0.0,0.0,23.33,0.3399,0,0,0,0,NO,0,0,5.33
199,417,SELECTIVE_PLANNER,1,1,0,0,0,1,1,0,0,0,0,1.0,0.0,0.0,0.0,0.0,43.33,0.2132,0,0,0,0,NO,0,0,25.33
336,993,SOCIAL_EXPLORER,0,0,0,1,1,1,1,0,0,0,0,0.5,0.0,0.0,0.0,0.0,45.0,0.6733,1,1,37516,1,YES,0,2,100.0
107,443,CAUTIOUS_INTROVERT,1,1,1,0,0,0,1,0,0,0,0,1.0,0.0,0.0,0.0,0.0,37.5,0.4774,0,0,0,0,NO,0,0,19.5
166,480,BUDGET_CONSCIOUS,0,1,0,1,0,1,1,2,1,0,1,0.3333,0.6667,0.5,0.0,1.0,59.17,0.6581,0,0,0,0,YES,0,2,81.17
634,215,SELECTIVE_PLANNER,1,1,1,0,0,0,1,0,0,0,0,0.3333,0.0,0.0,0.0,0.0,24.17,0.0154,0,0,0,0,NO,0,0,6.17
229,624,SOCIAL_EXPLORER,2,1,2,0,0,0,1,0,0,0,0,0.3333,0.0,0.0,0.0,0.0,12.5,0.0512,0,0,0,0,NO,0,0,0.0
281,685,PASSIVE_BROWSER,1,0,1,0,1,0,1,1,0,0,0,0.5,0.1667,0.0,0.0,0.0,36.67,0.1305,1,1,18484,0,NO,0,1,33.14
594,597,BUDGET_CONSCIOUS,0,1,2,1,0,0,1,0,1,1,1,0.3333,0.0,1.0,1.0,1.0,49.17,0.6453,1,1,40082,1,YES,0,2,100.0
789,741,SPONTANEOUS_ADVENTURER,0,0,1,1,1,0,1,1,0,1,0,0.3333,0.2,0.0,1.0,0.0,49.83,0.8371,1,1,47519,0,YES,1,3,100.0
161,733,SPONTANEOUS_ADVENTURER,1,1,1,0,0,0,1,3,1,1,1,0.3333,1.0,0.5,1.0,1.0,64.17,0.9202,1,1,62883,1,YES,1,3,100.0
419,117,CAUTIOUS_INTROVERT,0,0,0,1,1,1,1,0,0,0,0,0.5,0.0,0.0,0.0,0.0,45.0,0.5378,0,0,0,1,SAVE_ONLY,0,1,57.0
187,531,SELECTIVE_PLANNER,0,1,1,1,0,0,1,0,0,0,0,0.3333,0.0,0.0,0.0,0.0,30.0,0.0297,0,0,0,0,NO,0,0,12.0
690,102,CAUTIOUS_INTROVERT,1,2,2,0,0,0,1,0,0,0,0,1.0,0.0,0.0,0.0,0.0,25.83,0.0436,1,0,0,0,NO,0,0,7.83
425,487,SOCIAL_EXPLORER,0,1,1,1,0,0,1,2,1,1,1,0.5,0.6667,0.5,1.0,1.0,66.67,0.7889,1,1,45243,1,YES,1,3,100.0
482,293,CAUTIOUS_INTROVERT,0,1,1,1,0,0,1,2,0,0,0,0.5,0.4,0.0,0.0,0.0,41.33,0.5339,0,0,0,1,SAVE_ONLY,0,1,53.33
520,921,SOCIAL_EXPLORER,1,0,1,0,1,0,1,1,1,0,0,0.3333,0.25,0.5,0.0,0.0,40.0,0.5196,1,1,33477,1,SAVE_ONLY,0,1,71.72
600,181,SPONTANEOUS_ADVENTURER,0,1,1,1,0,0,1,2,1,0,0,1.0,0.5,1.0,0.0,0.0,63.33,0.7996,1,1,49352,0,YES,1,3,100.0
733,905,SOCIAL_EXPLORER,1,0,1,0,1,0,1,3,2,1,0,0.5,0.75,1.0,1.0,0.0,68.33,0.7567,1,1,55003,1,YES,1,3,100.0
64,694,CAUTIOUS_INTROVERT,0,0,0,1,1,1,1,2,1,0,0,1.0,0.4,0.5,0.0,0.0,68.0,0.8169,1,1,56305,1,YES,1,3,100.0
139,667,SPONTANEOUS_ADVENTURER,1,0,1,0,1,0,1,0,0,0,0,0.5,0.0,0.0,0.0,0.0,33.33,0.552,1,1,34932,1,SAVE_ONLY,0,1,65.56
567,490,BUDGET_CONSCIOUS,1,1,1,0,0,0,1,0,0,1,1,0.5,0.0,0.0,1.0,1.0,42.5,0.3229,1,1,17621,0,NO,0,0,38.67
20,241,BUDGET_CONSCIOUS,0,2,2,1,0,0,1,0,0,0,0,0.5,0.0,0.0,0.0,0.0,21.67,0.4843,1,0,0,1,SAVE_ONLY,0,1,33.67
43,383,SPONTANEOUS_ADVENTURER,2,0,1,0,1,0,1,0,0,0,1,0.5,0.0,0.0,0.0,1.0,32.5,0.5723,1,1,43721,0,NO,0,1,37.8
198,712,BUDGET_CONSCIOUS,0,0,0,1,1,1,1,2,0,0,0,0.3333,0.5,0.0,0.0,0.0,51.67,0.7348,1,1,51702,0,YES,1,3,100.0
118,460,SOCIAL_EXPLORER,2,0,1,0,1,0,1,2,0,1,1,0.5,0.5,0.0,1.0,1.0,52.5,0.5932,1,1,38557,1,SAVE_ONLY,0,1,85.99
544,926,BUDGET_CONSCIOUS,0,1,1,1,0,0,1,1,0,0,0,0.5,0.1667,0.0,0.0,0.0,36.67,0.6437,1,1,43479,0,YES,0,2,81.89
658,949,SPONTANEOUS_ADVENTURER,1,1,0,0,0,1,1,1,0,1,0,0.3333,0.25,0.0,1.0,0.0,45.0,0.8423,1,1,50703,0,SUPER_LIKE,1,3,100.0
656,844,BUDGET_CONSCIOUS,1,0,1,0,1,0,1,2,1,0,0,1.0,0.3333,1.0,0.0,0.0,60.0,0.5898,1,1,37500,1,SAVE_ONLY,0,1,93.12
326,519,SOCIAL_EXPLORER,0,0,1,1,1,0,1,0,0,0,0,1.0,0.0,0.0,0.0,0.0,49.17,0.6432,1,1,41351,1,YES,0,2,100.0
336,451,SOCIAL_EXPLORER,0,1,1,1,0,0,1,0,0,1,0,0.5,0.0,0.0,1.0,0.0,43.33,0.6956,1,1,46308,1,YES,0,2,100.0
415,840,CAUTIOUS_INTROVERT,1,1,2,0,0,0,1,0,0,0,1,0.5,0.0,0.0,0.0,1.0,26.67,0.002,0,0,0,0,NO,0,0,8.67
961,935,BUDGET_CONSCIOUS,0,1,0,1,0,1,1,2,1,0,0,0.5,0.3333,1.0,0.0,0.0,55.83,0.6986,1,1,43623,1,YES,0,2,100.0
631,249,BUDGET_CONSCIOUS,2,0,1,0,1,0,1,3,1,0,0,0.5,0.75,1.0,0.0,0.0,52.5,0.2048,1,0,0,0,NO,0,0,34.5
430,622,SOCIAL_EXPLORER,0,1,0,1,0,1,1,1,1,1,1,1.0,0.2,1.0,1.0,1.0,78.17,0.881,1,1,58781,0,YES,1,3,100.0
86,635,SOCIAL_EXPLORER,2,1,1,0,0,0,1,1,1,1,0,0.25,0.3333,1.0,1.0,0.0,43.33,0.7275,0,0,0,1,YES,1,3,100.0
501,46,SOCIAL_EXPLORER,0,0,0,1,1,1,1,0,0,0,0,0.3333,0.0,0.0,0.0,0.0,41.67,0.6442,0,0,0,0,YES,0,2,63.67
22,595,SOCIAL_EXPLORER,1,1,2,0,0,0,1,0,0,0,0,1.0,0.0,0.0,0.0,0.0,31.67,0.356,1,0,0,0,NO,0,0,13.67
34,942,BUDGET_CONSCIOUS,0,1,0,1,0,1,1,1,0,0,1,0.5,0.125,0.0,0.0,1.0,46.67,0.6866,1,0,0,0,YES,0,2,68.67
726,668,SPONTANEOUS_ADVENTURER,0,0,1,1,1,0,1,1,0,0,1,1.0,0.125,0.0,0.0,1.0,56.67,0.8579,0,0,0,0,YES,1,3,100.0
251,263,BUDGET_CONSCIOUS,0,2,1,1,0,0,1,1,1,1,1,0.5,0.2,1.0,1.0,1.0,56.5,0.6516,0,0,0,1,YES,0,2,90.5
60,660,SELECTIVE_PLANNER,0,1,0,1,0,1,1,1,0,0,0,1.0,0.25,0.0,0.0,0.0,54.17,0.4812,0,0,0,0,NO,0,0,36.17
17,321,SELECTIVE_PLANNER,0,0,1,1,1,0,2,1,0,0,0,0.6667,0.25,0.0,0.0,0.0,47.5,0.7602,1,1,55496,0,YES,1,3,100.0
723,910,BUDGET_CONSCIOUS,0,0,1,1,1,0,1,1,1,0,0,0.5,0.2,0.5,0.0,0.0,48.17,0.6229,0,0,0,1,YES,0,2,82.17
316,297,BUDGET_CONSCIOUS,0,1,2,1,0,0,1,0,1,1,0,1.0,0.0,1.0,1.0,0.0,57.5,0.6595,1,1,42688,1,YES,0,2,100.0
689,648,SELECTIVE_PLANNER,2,2,0,0,0,1,1,0,0,0,0,0.25,0.0,0.0,0.0,0.0,16.67,0.1162,1,0,0,0,NO,0,0,0.0
1012,461,SOCIAL_EXPLORER,0,0,2,1,1,0,1,0,0,0,0,1.0,0.0,0.0,0.0,0.0,43.33,0.2924,1,1,28567,0,NO,0,1,43.33
248,108,SOCIAL_EXPLORER,0,0,1,1,1,0,2,0,0,0,0,1.0,0.0,0.0,0.0,0.0,49.17,0.6692,1,0,0,1,YES,0,2,83.17
411,387,BUDGET_CONSCIOUS,0,1,0,1,0,1,1,1,0,0,0,0.5,0.25,0.0,0.0,0.0,44.17,0.5389,0,0,0,0,NO,0,0,26.17
552,345,SOCIAL_EXPLORER,2,1,1,0,0,0,1,2,1,0,0,0.5,0.5,1.0,0.0,0.0,41.67,0.6238,1,0,0,0,YES,0,2,63.67
321,578,SOCIAL_EXPLORER,0,0,1,1,1,0,1,0,0,0,0,0.3333,0.0,0.0,0.0,0.0,35.83,0.5039,1,1,41296,1,SAVE_ONLY,0,1,70.28
490,126,BUDGET_CONSCIOUS,2,1,0,0,0,1,1,2,0,0,0,0.5,0.6667,0.0,0.0,0.0,40.83,0.0362,1,0,0,0,NO,0,0,22.83
848,506,SOCIAL_EXPLORER,1,2,0,0,0,1,1,2,1,0,0,0.3333,0.2857,0.5,0.0,0.0,34.88,0.6975,1,1,49123,1,YES,0,2,94.07
826,763,BUDGET_CONSCIOUS,1,0,1,0,1,0,1,0,1,0,0,1.0,0.0,1.0,0.0,0.0,53.33,0.6037,0,0,0,1,SAVE_ONLY,0,1,65.33
566,729,SOCIAL_EXPLORER,0,2,0,1,0,1,1,2,1,0,0,1.0,0.3333,1.0,0.0,0.0,60.0,0.6682,1,1,34991,0,YES,0,2,100.0
575,227,SELECTIVE_PLANNER,1,0,1,0,1,0,1,0,0,0,0,0.3333,0.0,0.0,0.0,0.0,30.0,0.6269,1,0,0,1,YES,0,2,64.0
748,161,BUDGET_CONSCIOUS,2,1,1,0,0,0,1,1,0,1,1,0.3333,0.25,0.0,1.0,1.0,38.33,0.0,0,0,0,0,NO,0,0,20.33
77,414,CAUTIOUS_INTROVERT,0,0,0,1,1,1,1,0,0,0,1,0.5,0.0,0.0,0.0,1.0,50.0,0.5554,1,0,0,0,NO,0,0,32.0
933,266,PASSIVE_BROWSER,0,0,0,1,1,1,1,0,0,0,1,1.0,0.0,0.0,0.0,1.0,60.0,0.4031,1,1,25627,0,NO,0,1,58.97
554,178,BUDGET_CONSCIOUS,0,1,1,1,0,0,1,1,1,1,1,1.0,0.25,1.0,1.0,1.0,73.33,0.9108,1,1,53672,0,YES,1,3,100.0
244,199,BUDGET_CONSCIOUS,2,1,1,0,0,0,1,1,2,1,0,0.5,0.3333,1.0,1.0,0.0,48.33,0.1358,0,0,0,0,NO,0,0,30.33
647,465,SOCIAL_EXPLORER,0,1,1,1,0,0,1,1,1,0,0,0.5,0.1667,0.5,0.0,0.0,41.67,0.5454,1,1,33752,0,NO,0,1,43.48
852,617,SOCIAL_EXPLORER,0,1,1,1,0,0,1,0,0,1,0,1.0,0.0,0.0,1.0,0.0,53.33,0.6786,0,0,0,0,YES,0,2,75.33
563,433,SOCIAL_EXPLORER,0,2,1,1,0,0,1,2,0,1,1,0.5,0.5,0.0,1.0,1.0,52.5,0.5797,1,1,38469,1,SAVE_ONLY,0,1,85.96
990,501,SELECTIVE_PLANNER,1,1,1,0,0,0,2,2,1,1,1,1.0,0.4,1.0,1.0,1.0,70.5,0.4901,1,1,37204,0,NO,0,1,73.52
924,659,SELECTIVE_PLANNER,1,1,0,0,0,1,1,1,1,0,0,1.0,0.2,0.5,0.0,0.0,52.33,0.2548,0,0,0,0,NO,0,0,34.33
606,941,BUDGET_CONSCIOUS,0,1,1,1,0,0,1,1,0,0,0,1.0,0.1667,0.0,0.0,0.0,46.67,0.6565,0,0,0,0,YES,0,2,68.67
750,263,CAUTIOUS_INTROVERT,1,0,1,0,1,0,1,2,0,0,0,0.5,0.5,0.0,0.0,0.0,43.33,0.6746,0,0,0,0,YES,0,2,65.33
387,647,BUDGET_CONSCIOUS,1,0,0,0,1,1,1,0,1,0,0,1.0,0.0,0.5,0.0,0.0,54.17,0.6872,1,1,50820,1,YES,0,2,100.0
374,452,SELECTIVE_PLANNER,0,0,0,1,1,1,1,1,1,1,1,1.0,0.1667,1.0,1.0,1.0,83.33,1.0,1,1,65686,0,YES,1,3,100.0
50,845,SOCIAL_EXPLORER,0,0,2,1,1,0,1,1,1,0,0,1.0,0.1667,0.5,0.0,0.0,51.67,0.5159,1,1,35132,1,SAVE_ONLY,0,1,83.97
563,680,SOCIAL_EXPLORER,1,2,1,0,0,0,1,0,0,0,0,0.3333,0.0,0.0,0.0,0.0,18.33,0.3834,0,0,0,0,NO,0,0,0.33
298,242,SELECTIVE_PLANNER,1,1,0,0,0,1,1,1,0,1,1,0.3333,0.1667,0.0,1.0,1.0,48.33,0.2832,1,1,20726,0,NO,0,1,45.58
36,231,SOCIAL_EXPLORER,2,0,1,0,1,0,1,2,0,1,0,0.5,0.5,0.0,1.0,0.0,47.5,0.5614,1,1,41826,1,SAVE_ONLY,0,1,82.14
869,924,SOCIAL_EXPLORER,0,2,1,1,0,0,1,1,0,0,0,1.0,0.2,0.0,0.0,0.0,41.5,0.6538,1,0,0,1,YES,0,2,75.5
868,640,BUDGET_CONSCIOUS,0,2,1,1,0,0,1,2,1,0,1,0.5,0.2857,0.5,0.0,1.0,43.21,0.6758,1,0,0,0,YES,0,2,65.21
188,44,SOCIAL_EXPLORER,1,1,0,0,0,1,1,1,2,0,1,0.5,0.25,1.0,0.0,1.0,53.33,0.6439,0,0,0,0,YES,0,2,75.33
673,913,BUDGET_CONSCIOUS,0,1,1,1,0,0,1,2,1,1,1,0.3333,0.4,1.0,1.0,1.0,63.0,0.9094,1,0,0,0,SUPER_LIKE,1,3,100.0
695,965,BUDGET_CONSCIOUS,2,0,1,0,1,0,1,1,1,0,0,1.0,0.25,0.5,0.0,0.0,47.5,0.1418,0,0,0,0,NO,0,0,29.5
422,859,CAUTIOUS_INTROVERT,1,0,1,0,1,0,1,0,0,0,0,1.0,0.0,0.0,0.0,0.0,43.33,0.3792,1,1,31791,0,NO,0,1,44.46
698,243,SOCIAL_EXPLORER,1,1,1,0,0,0,1,1,1,0,0,0.5,0.1667,0.5,0.0,0.0,35.83,0.6145,1,1,36811,1,SAVE_ONLY,0,1,68.71
793,207,BUDGET_CONSCIOUS,1,1,2,0,0,0,2,0,0,0,1,0.6667,0.0,0.0,0.0,1.0,30.0,0.427,1,1,22569,1,SAVE_ONLY,0,1,57.9
756,664,SOCIAL_EXPLORER,0,1,1,1,0,0,1,0,0,0,0,0.3333,0.0,0.0,0.0,0.0,30.0,0.556,1,1,38211,0,NO,0,1,33.37
36,283,SOCIAL_EXPLORER,1,1,0,0,0,1,1,0,1,0,0,0.3333,0.0,0.5,0.0,0.0,35.0,0.5161,1,1,30649,0,NO,0,1,35.73
520,570,SOCIAL_EXPLORER,1,0,1,0,1,0,2,1,0,0,0,1.0,0.25,0.0,0.0,0.0,48.33,0.706,1,1,38509,1,YES,1,3,100.0
420,176,SOCIAL_EXPLORER,1,0,1,0,1,0,1,1,0,0,0,0.5,0.1429,0.0,0.0,0.0,36.19,0.7062,0,0,0,0,YES,1,3,88.19
772,1021,BUDGET_CONSCIOUS,1,0,0,0,1,1,0,0,0,0,0,0.0,0.0,0.0,0.0,0.0,29.17,0.2216,0,0,0,0,NO,0,0,11.17
581,13,SOCIAL_EXPLORER,1,0,0,0,1,1,0,0,0,0,0,0.0,0.0,0.0,0.0,0.0,29.17,0.4968,0,0,0,1,SAVE_ONLY,0,1,41.17
132,105,BUDGET_CONSCIOUS,1,1,1,0,0,0,1,4,1,1,1,0.5,1.0,1.0,1.0,1.0,72.5,0.831,0,0,0,1,YES,1,3,100.0
808,507,SPONTANEOUS_ADVENTURER,1,0,1,0,1,0,1,0,1,1,1,0.5,0.0,0.5,1.0,1.0,53.33,0.6949,1,1,36669,0,YES,0,2,96.16
19,312,SPONTANEOUS_ADVENTURER,2,0,1,0,1,0,1,1,0,0,1,0.5,0.1667,0.0,0.0,1.0,35.83,0.6443,0,0,0,0,YES,0,2,57.83
751,502,CAUTIOUS_INTROVERT,1,0,1,0,1,0,1,3,0,0,1,1.0,0.6,0.0,0.0,1.0,60.33,0.8152,1,1,50404,0,YES,1,3,100.0
545,350,CAUTIOUS_INTROVERT,0,0,1,1,1,0,1,0,1,1,1,1.0,0.0,0.5,1.0,1.0,69.17,0.7305,0,0,0,1,YES,1,3,100.0
140,731,CAUTIOUS_INTROVERT,0,1,1,1,0,0,1,0,0,0,0,1.0,0.0,0.0,0.0,0.0,43.33,0.2969,0,0,0,0,NO,0,0,25.33
573,254,CAUTIOUS_INTROVERT,1,0,1,0,1,0,1,1,0,0,0,0.5,0.25,0.0,0.0,0.0,38.33,0.3227,0,0,0,0,NO,0,0,20.33
127,377,CAUTIOUS_INTROVERT,2,1,2,0,0,0,1,0,1,0,0,1.0,0.0,1.0,0.0,0.0,35.83,0.0406,0,0,0,0,NO,0,0,17.83
729,462,SOCIAL_EXPLORER,1,0,1,0,1,0,1,2,1,1,1,0.5,0.5,1.0,1.0,1.0,68.33,0.9476,1,1,65428,1,YES,1,3,100.0
688,687,BUDGET_CONSCIOUS,0,1,0,1,0,1,2,1,1,1,0,0.6667,0.2,1.0,1.0,0.0,66.5,0.9446,1,1,58119,0,YES,1,3,100.0
225,410,BUDGET_CONSCIOUS,0,1,1,1,0,0,1,2,1,1,0,0.5,0.5,1.0,1.0,0.0,63.33,0.6525,1,1,34963,1,YES,0,2,100.0
493,635,SPONTANEOUS_ADVENTURER,2,0,0,0,1,1,1,1,1,0,0,0.3333,0.25,1.0,0.0,0.0,45.0,0.7704,1,1,44409,0,YES,1,3,100.0
205,283,SPONTANEOUS_ADVENTURER,0,0,1,1,1,0,1,0,0,0,0,0.3333,0.0,0.0,0.0,0.0,35.83,0.5237,1,1,38004,1,SAVE_ONLY,0,1,69.13
339,44,BUDGET_CONSCIOUS,0,2,2,1,0,0,1,2,1,1,1,1.0,0.4,0.5,1.0,1.0,59.67,0.6216,1,1,33714,0,YES,0,2,100.0
199,11,SELECTIVE_PLANNER,1,1,0,0,0,1,0,0,0,0,0,0.0,0.0,0.0,0.0,0.0,23.33,0.0731,0,0,0,0,NO,0,0,5.33
935,942,SPONTANEOUS_ADVENTURER,1,1,0,0,0,1,1,0,0,0,0,0.5,0.0,0.0,0.0,0.0,33.33,0.6002,1,1,36872,1,SAVE_ONLY,0,1,66.24
98,366,BUDGET_CONSCIOUS,1,1,1,0,0,0,1,2,1,1,0,0.5,0.3333,1.0,1.0,0.0,54.17,0.6542,1,1,38783,1,YES,0,2,100.0
617,930,SPONTANEOUS_ADVENTURER,1,0,0,0,1,1,1,3,2,1,1,1.0,0.75,1.0,1.0,1.0,89.17,1.0,1,1,57350,0,YES,1,3,100.0
919,472,SOCIAL_EXPLORER,1,1,0,0,0,1,1,2,0,1,1,0.25,0.2857,0.0,1.0,1.0,49.05,0.7784,1,1,42067,0,YES,1,3,100.0
890,709,SPONTANEOUS_ADVENTURER,1,0,0,0,1,1,1,2,2,1,1,0.5,0.5,1.0,1.0,1.0,74.17,0.9579,1,1,58788,0,YES,1,3,100.0
478,833,SOCIAL_EXPLORER,0,0,1,1,1,0,1,0,0,0,0,0.3333,0.0,0.0,0.0,0.0,35.83,0.675,1,1,40227,0,YES,0,2,79.91
324,197,SELECTIVE_PLANNER,2,1,1,0,0,0,1,0,0,0,0,0.5,0.0,0.0,0.0,0.0,21.67,0.0,0,0,0,0,NO,0,0,3.67
933,302,PASSIVE_BROWSER,0,0,0,1,1,1,1,0,0,0,0,1.0,0.0,0.0,0.0,0.0,55.0,0.4346,1,0,0,1,SAVE_ONLY,0,1,67.0
817,202,SOCIAL_EXPLORER,0,1,1,1,0,0,1,0,0,0,0,1.0,0.0,0.0,0.0,0.0,43.33,0.6394,0,0,0,0,YES,0,2,65.33
477,688,CAUTIOUS_INTROVERT,2,0,2,0,1,0,1,1,1,1,1,0.5,0.2,1.0,1.0,1.0,50.67,0.2651,1,1,28463,0,NO,0,1,50.63
549,140,BUDGET_CONSCIOUS,1,1,1,0,0,0,1,1,1,1,0,0.5,0.3333,1.0,1.0,0.0,54.17,0.6215,1,1,33925,0,YES,0,2,96.04
299,810,CAUTIOUS_INTROVERT,1,1,1,0,0,0,1,1,1,1,1,0.3333,0.2,1.0,1.0,1.0,53.17,0.5466,1,0,0,1,SAVE_ONLY,0,1,65.17
992,407,SELECTIVE_PLANNER,1,0,0,0,1,1,1,1,0,0,0,1.0,0.1429,0.0,0.0,0.0,52.02,0.6691,1,1,46988,0,YES,0,2,98.47
358,573,SELECTIVE_PLANNER,0,1,1,1,0,0,1,0,0,0,0,0.5,0.0,0.0,0.0,0.0,33.33,0.0068,0,0,0,0,NO,0,0,15.33
196,292,SPONTANEOUS_ADVENTURER,0,2,0,1,0,1,1,0,0,0,0,1.0,0.0,0.0,0.0,0.0,43.33,0.4699,1,0,0,1,SAVE_ONLY,0,1,55.33
543,608,CAUTIOUS_INTROVERT,2,1,2,0,0,0,1,1,0,0,0,1.0,0.1667,0.0,0.0,0.0,29.17,0.037,0,0,0,0,NO,0,0,11.17
945,41,BUDGET_CONSCIOUS,0,0,1,1,1,0,1,1,0,0,0,0.5,0.125,0.0,0.0,0.0,41.67,0.6254,1,1,46430,1,YES,0,2,99.92
783,32,SPONTANEOUS_ADVENTURER,1,1,0,0,0,1,1,1,0,0,0,0.5,0.2,0.0,0.0,0.0,37.33,0.5235,1,0,0,1,SAVE_ONLY,0,1,49.33
613,780,SOCIAL_EXPLORER,1,1,1,0,0,0,1,0,0,0,1,1.0,0.0,0.0,0.0,1.0,42.5,0.4756,1,0,0,0,NO,0,0,24.5
922,313,SOCIAL_EXPLORER,0,1,1,1,0,0,1,1,0,0,1,1.0,0.25,0.0,0.0,1.0,53.33,0.7421,1,1,54069,1,YES,1,3,100.0
155,486,SPONTANEOUS_ADVENTURER,1,0,0,0,1,1,1,0,1,0,0,0.3333,0.0,1.0,0.0,0.0,45.83,0.6264,1,1,46046,0,YES,0,2,91.95
29,285,SOCIAL_EXPLORER,0,2,0,1,0,1,1,0,1,0,0,0.5,0.0,0.5,0.0,0.0,38.33,0.5707,0,0,0,1,SAVE_ONLY,0,1,50.33
515,803,SOCIAL_EXPLORER,2,1,0,0,0,1,1,1,0,0,0,0.3333,0.1429,0.0,0.0,0.0,27.02,0.5997,0,0,0,0,NO,0,0,9.02
511,69,SOCIAL_EXPLORER,0,0,0,1,1,1,1,2,1,0,1,0.3333,0.4,1.0,0.0,1.0,64.67,0.9695,1,1,67026,0,YES,1,3,100.0
907,699,SOCIAL_EXPLORER,1,1,1,0,0,0,1,2,1,0,1,0.3333,0.5,1.0,0.0,1.0,49.17,0.6668,0,0,0,1,YES,0,2,83.17
652,108,SOCIAL_EXPLORER,1,2,1,0,0,0,1,2,1,0,0,0.5,0.3333,0.5,0.0,0.0,33.33,0.588,1,1,37703,0,NO,0,1,36.53
233,890,SOCIAL_EXPLORER,0,1,1,1,0,0,1,0,0,0,0,0.5,0.0,0.0,0.0,0.0,33.33,0.6698,1,1,46008,1,YES,0,2,91.43
493,226,SPONTANEOUS_ADVENTURER,1,0,0,0,1,1,1,0,0,1,0,1.0,0.0,0.0,1.0,0.0,59.17,0.819,1,1,45080,1,YES,1,3,100.0
159,317,PASSIVE_BROWSER,2,1,1,0,0,0,1,1,0,0,0,0.5,0.1667,0.0,0.0,0.0,25.0,0.0233,0,0,0,0,NO,0,0,7.0
771,343,BUDGET_CONSCIOUS,1,1,0,0,0,1,1,1,0,0,0,0.5,0.2,0.0,0.0,0.0,37.33,0.4232,1,1,32052,0,NO,0,1,38.55
420,138,SOCIAL_EXPLORER,2,0,1,0,1,0,1,0,0,0,0,0.5,0.0,0.0,0.0,0.0,27.5,0.3935,1,1,33536,0,NO,0,1,29.24
715,442,SOCIAL_EXPLORER,1,1,1,0,0,0,1,1,0,0,0,0.3333,0.2,0.0,0.0,0.0,28.17,0.6297,1,1,45352,1,YES,0,2,86.04
994,364,CAUTIOUS_INTROVERT,1,1,0,0,0,1,1,1,0,0,0,0.5,0.1429,0.0,0.0,0.0,36.19,0.3019,0,0,0,0,NO,0,0,18.19
583,204,BUDGET_CONSCIOUS,1,0,0,0,1,1,1,2,1,1,0,0.5,0.5,0.5,1.0,0.0,64.17,0.6371,1,0,0,1,YES,0,2,98.17
673,754,BUDGET_CONSCIOUS,0,2,1,1,0,0,2,0,0,0,0,1.0,0.0,0.0,0.0,0.0,37.5,0.4586,1,0,0,1,SAVE_ONLY,0,1,49.5
154,689,SELECTIVE_PLANNER,1,0,0,0,1,1,1,1,1,0,1,0.3333,0.2,1.0,0.0,1.0,54.83,0.6855,1,0,0,1,YES,0,2,88.83
316,153,BUDGET_CONSCIOUS,1,1,2,0,0,0,1,0,0,0,0,1.0,0.0,0.0,0.0,0.0,31.67,0.3584,1,1,27679,0,NO,0,1,31.36
831,439,CAUTIOUS_INTROVERT,1,0,0,0,1,1,1,2,0,0,0,1.0,0.2857,0.0,0.0,0.0,54.88,0.7679,1,0,0,1,YES,1,3,100.0
457,318,SOCIAL_EXPLORER,1,0,0,0,1,1,1,0,0,0,0,1.0,0.0,0.0,0.0,0.0,49.17,0.5436,1,0,0,0,NO,0,0,31.17
438,405,SOCIAL_EXPLORER,0,1,0,1,0,1,1,1,0,0,0,0.3333,0.2,0.0,0.0,0.0,39.83,0.4628,1,1,26130,1,SAVE_ONLY,0,1,68.98
420,620,SOCIAL_EXPLORER,1,1,2,0,0,0,1,0,0,0,0,0.3333,0.0,0.0,0.0,0.0,18.33,0.1846,0,0,0,0,NO,0,0,0.33
498,612,SOCIAL_EXPLORER,1,0,1,0,1,0,1,1,0,0,0,1.0,0.2,0.0,0.0,0.0,47.33,0.6201,0,0,0,0,YES,0,2,69.33
340,125,CAUTIOUS_INTROVERT,1,1,2,0,0,0,1,0,0,0,0,0.5,0.0,0.0,0.0,0.0,21.67,0.0,1,0,0,0,NO,0,0,3.67
586,154,BUDGET_CONSCIOUS,1,1,0,0,0,1,1,0,0,0,0,1.0,0.0,0.0,0.0,0.0,43.33,0.4629,1,1,29758,0,NO,0,1,43.75
888,921,CAUTIOUS_INTROVERT,1,0,1,0,1,0,1,1,1,0,0,0.3333,0.1667,0.5,0.0,0.0,38.33,0.2954,1,0,0,0,NO,0,0,20.33
263,656,BUDGET_CONSCIOUS,0,2,0,1,0,1,1,2,1,0,0,0.5,0.4,1.0,0.0,0.0,51.33,0.6833,1,0,0,1,YES,0,2,85.33
411,89,BUDGET_CONSCIOUS,2,2,2,0,0,0,1,0,0,0,0,0.5,0.0,0.0,0.0,0.0,10.0,0.0,1,0,0,0,NO,0,0,0.0
417,651,BUDGET_CONSCIOUS,0,1,0,1,0,1,1,0,1,0,0,1.0,0.0,1.0,0.0,0.0,59.17,0.6264,1,0,0,0,YES,0,2,81.17
901,397,CAUTIOUS_INTROVERT,1,1,1,0,0,0,1,1,1,0,0,1.0,0.3333,1.0,0.0,0.0,54.17,0.5824,1,1,46025,0,NO,0,1,60.28
405,493,SOCIAL_EXPLORER,0,0,1,1,1,0,1,1,0,1,0,0.5,0.25,0.0,1.0,0.0,54.17,0.6899,1,1,36261,1,YES,0,2,100.0
805,790,SPONTANEOUS_ADVENTURER,0,0,1,1,1,0,1,1,1,0,0,0.5,0.2,1.0,0.0,0.0,53.17,0.6833,1,1,40308,1,YES,0,2,100.0
763,331,SELECTIVE_PLANNER,0,1,1,1,0,0,1,2,0,0,0,0.5,0.4,0.0,0.0,0.0,41.33,0.1408,1,0,0,0,NO,0,0,23.33
377,286,BUDGET_CONSCIOUS,0,0,2,1,1,0,1,0,0,0,0,1.0,0.0,0.0,0.0,0.0,43.33,0.7109,1,1,49191,1,YES,1,3,100.0
621,526,SOCIAL_EXPLORER,1,0,0,0,1,1,1,1,0,1,0,0.5,0.1429,0.0,1.0,0.0,52.02,0.692,1,1,40793,1,YES,0,2,100.0
697,821,CAUTIOUS_INTROVERT,1,1,1,0,0,0,1,3,2,1,1,0.5,0.75,1.0,1.0,1.0,67.5,0.6772,1,1,36171,1,YES,0,2,100.0
342,674,SOCIAL_EXPLORER,0,1,1,1,0,0,1,2,0,0,0,0.5,0.4,0.0,0.0,0.0,41.33,0.6912,1,1,45443,1,YES,0,2,99.24
552,523,SOCIAL_EXPLORER,0,0,1,1,1,0,1,0,0,0,0,1.0,0.0,0.0,0.0,0.0,49.17,0.8369,0,0,0,0,YES,1,3,100.0
670,529,CAUTIOUS_INTROVERT,0,0,0,1,1,1,1,0,1,0,0,0.5,0.0,1.0,0.0,0.0,55.0,0.6356,1,1,36666,1,YES,0,2,100.0
353,448,CAUTIOUS_INTROVERT,0,1,1,1,0,0,1,1,1,0,1,1.0,0.2,0.3333,0.0,1.0,55.67,0.3752,0,0,0,0,NO,0,0,37.67
568,241,CAUTIOUS_INTROVERT,1,1,0,0,0,1,1,0,0,0,0,1.0,0.0,0.0,0.0,0.0,43.33,0.4644,0,0,0,1,SAVE_ONLY,0,1,55.33
698,744,SOCIAL_EXPLORER,0,1,0,1,0,1,1,1,0,0,0,0.5,0.2,0.0,0.0,0.0,43.17,0.7157,1,1,42844,1,YES,1,3,100.0
907,818,SOCIAL_EXPLORER,2,1,0,0,0,1,2,4,1,0,0,0.6667,1.0,1.0,0.0,0.0,60.83,0.7913,0,0,0,1,YES,1,3,100.0
867,626,BUDGET_CONSCIOUS,1,2,1,0,0,0,1,0,0,0,0,1.0,0.0,0.0,0.0,0.0,31.67,0.4382,1,0,0,1,SAVE_ONLY,0,1,43.67
387,413,BUDGET_CONSCIOUS,1,1,0,0,0,1,1,1,1,0,0,0.5,0.2,0.5,0.0,0.0,42.33,0.3964,0,0,0,0,NO,0,0,24.33
740,656,SPONTANEOUS_ADVENTURER,2,2,0,0,0,1,1,1,0,1,0,1.0,0.1429,0.0,1.0,0.0,44.52,0.492,1,1,25901,0,NO,0,1,43.59
122,844,BUDGET_CONSCIOUS,1,1,2,0,0,0,1,0,0,0,0,0.5,0.0,0.0,0.0,0.0,21.67,0.1747,0,0,0,0,NO,0,0,3.67
339,808,BUDGET_CONSCIOUS,1,2,1,0,0,0,1,1,0,0,1,1.0,0.1667,0.0,0.0,1.0,40.0,0.3573,0,0,0,0,NO,0,0,22.0
840,619,BUDGET_CONSCIOUS,0,1,0,1,0,1,1,1,1,0,0,1.0,0.25,0.5,0.0,0.0,59.17,0.6318,1,1,37044,0,YES,0,2,100.0
992,578,SELECTIVE_PLANNER,0,0,0,1,1,1,1,1,0,0,0,0.5,0.1667,0.0,0.0,0.0,48.33,0.6272,1,1,36541,1,YES,0,2,100.0
498,753,SOCIAL_EXPLORER,0,1,1,1,0,0,1,1,1,1,0,1.0,0.2,1.0,1.0,0.0,67.33,0.9812,1,1,63873,0,YES,1,3,100.0
804,758,BUDGET_CONSCIOUS,2,1,2,0,0,0,1,1,1,0,0,1.0,0.1429,0.5,0.0,0.0,33.69,0.0718,1,0,0,0,NO,0,0,15.69
895,334,SELECTIVE_PLANNER,1,1,1,0,0,0,1,0,1,0,0,0.5,0.0,1.0,0.0,0.0,37.5,0.035,1,0,0,0,NO,0,0,19.5
223,457,BUDGET_CONSCIOUS,1,1,1,0,0,0,1,0,0,0,0,1.0,0.0,0.0,0.0,0.0,37.5,0.2897,1,1,27640,0,NO,0,1,37.17
251,853,BUDGET_CONSCIOUS,1,1,0,0,0,1,1,0,0,0,0,1.0,0.0,0.0,0.0,0.0,43.33,0.4863,0,0,0,1,SAVE_ONLY,0,1,55.33
814,611,BUDGET_CONSCIOUS,1,0,1,0,1,0,1,0,0,0,0,1.0,0.0,0.0,0.0,0.0,43.33,0.4515,1,0,0,0,NO,0,0,25.33
44,937,BUDGET_CONSCIOUS,1,2,0,0,0,1,1,0,1,0,0,0.5,0.0,0.5,0.0,0.0,32.5,0.1896,1,1,18758,0,NO,0,1,29.07
31,401,CAUTIOUS_INTROVERT,0,0,1,1,1,0,1,2,1,0,0,0.5,0.4,0.5,0.0,0.0,52.17,0.7674,1,1,42605,1,YES,1,3,100.0
607,134,SOCIAL_EXPLORER,0,1,0,1,0,1,1,1,1,0,0,0.5,0.1667,1.0,0.0,0.0,52.5,0.8347,1,1,46504,0,YES,1,3,100.0
154,691,SELECTIVE_PLANNER,1,0,1,0,1,0,1,3,1,1,0,1.0,0.75,1.0,1.0,0.0,78.33,0.9363,1,1,56950,0,YES,1,3,100.0
494,101,SOCIAL_EXPLORER,1,0,0,0,1,1,1,1,1,0,0,0.3333,0.1429,0.5,0.0,0.0,43.69,0.6375,1,1,35871,0,YES,0,2,86.24
139,885,BUDGET_CONSCIOUS,1,0,0,0,1,1,1,2,1,0,0,0.5,0.5,1.0,0.0,0.0,59.17,0.7079,1,1,38903,1,YES,1,3,100.0
460,756,BUDGET_CONSCIOUS,1,1,1,0,0,0,1,1,0,0,0,0.5,0.2,0.0,0.0,0.0,31.5,0.2869,1,1,28998,0,NO,0,1,31.65
907,13,SOCIAL_EXPLORER,0,2,0,1,0,1,0,0,0,0,0,0.0,0.0,0.0,0.0,0.0,23.33,0.4566,1,0,0,1,SAVE_ONLY,0,1,35.33
463,894,SPONTANEOUS_ADVENTURER,1,1,0,0,0,1,1,1,1,0,0,0.5,0.1667,0.5,0.0,0.0,41.67,0.5918,0,0,0,1,SAVE_ONLY,0,1,53.67
175,151,SPONTANEOUS_ADVENTURER,1,2,1,0,0,0,1,2,0,0,0,0.5,0.4,0.0,0.0,0.0,29.67,0.3234,1,0,0,0,NO,0,0,11.67
943,342,CAUTIOUS_INTROVERT,0,1,1,1,0,0,1,0,0,0,1,0.5,0.0,0.0,0.0,1.0,38.33,0.3133,1,0,0,0,NO,0,0,20.33
724,143,CAUTIOUS_INTROVERT,1,2,2,0,0,0,1,0,0,0,0,0.5,0.0,0.0,0.0,0.0,15.83,0.0,0,0,0,0,NO,0,0,0.0
181,981,SOCIAL_EXPLORER,1,0,0,0,1,1,1,2,1,1,1,0.5,0.6667,1.0,1.0,1.0,77.5,1.0,1,1,58358,0,YES,1,3,100.0
102,621,BUDGET_CONSCIOUS,1,1,1,0,0,0,1,1,0,0,0,0.5,0.1429,0.0,0.0,0.0,30.36,0.1886,1,1,14076,0,NO,0,0,25.29
267,511,SOCIAL_EXPLORER,1,0,0,0,1,1,1,1,0,0,1,0.5,0.2,0.0,0.0,1.0,48.17,0.7006,1,0,0,0,YES,1,3,100.0
449,582,CAUTIOUS_INTROVERT,1,1,1,0,0,0,1,1,0,0,0,1.0,0.125,0.0,0.0,0.0,40.0,0.538,1,0,0,1,SAVE_ONLY,0,1,52.0
835,417,SPONTANEOUS_ADVENTURER,0,1,0,1,0,1,1,1,1,0,0,1.0,0.1667,0.5,0.0,0.0,57.5,0.7848,1,1,55851,0,YES,1,3,100.0
514,719,SOCIAL_EXPLORER,1,0,1,0,1,0,1,1,0,1,1,0.3333,0.1667,0.0,1.0,1.0,48.33,0.5776,1,1,44098,1,SAVE_ONLY,0,1,83.76
132,801,BUDGET_CONSCIOUS,0,0,0,1,1,1,1,0,0,0,0,1.0,0.0,0.0,0.0,0.0,55.0,0.7538,1,1,49314,0,YES,1,3,100.0
187,955,SELECTIVE_PLANNER,2,2,0,0,0,1,1,0,0,0,0,0.5,0.0,0.0,0.0,0.0,21.67,0.1048,1,0,0,0,NO,0,0,3.67
231,185,BUDGET_CONSCIOUS,0,1,1,1,0,0,1,0,0,0,1,0.5,0.0,0.0,0.0,1.0,38.33,0.6662,0,0,0,0,YES,0,2,60.33
613,124,SOCIAL_EXPLORER,1,1,0,0,0,1,1,0,0,0,1,0.5,0.0,0.0,0.0,1.0,38.33,0.6791,1,0,0,0,YES,0,2,60.33
699,45,SELECTIVE_PLANNER,0,1,0,1,0,1,1,0,0,0,0,0.5,0.0,0.0,0.0,0.0,39.17,0.0631,0,0,0,0,NO,0,0,21.17
330,165,SELECTIVE_PLANNER,1,2,1,0,0,0,1,0,1,0,0,0.5,0.0,0.5,0.0,0.0,26.67,0.0608,1,0,0,0,NO,0,0,8.67
767,810,CAUTIOUS_INTROVERT,2,2,1,0,0,0,1,3,1,1,1,0.25,1.0,1.0,1.0,1.0,55.83,0.6924,1,1,48636,1,YES,0,2,100.0
48,398,BUDGET_CONSCIOUS,1,0,0,0,1,1,1,0,0,0,0,1.0,0.0,0.0,0.0,0.0,49.17,0.4604,0,0,0,0,NO,0,0,31.17
617,769,SPONTANEOUS_ADVENTURER,1,1,1,0,0,0,1,1,0,0,0,1.0,0.2,0.0,0.0,0.0,41.5,0.8242,1,1,59020,0,YES,1,3,100.0
432,833,BUDGET_CONSCIOUS,1,1,0,0,0,1,1,1,1,1,0,0.5,0.2,1.0,1.0,0.0,57.33,0.6906,1,1,43594,1,YES,0,2,100.0
798,488,SPONTANEOUS_ADVENTURER,0,0,1,1,1,0,1,0,1,0,1,1.0,0.0,0.5,0.0,1.0,59.17,0.6603,0,0,0,0,YES,0,2,81.17
140,550,CAUTIOUS_INTROVERT,1,0,1,0,1,0,1,2,1,1,1,0.5,0.5,1.0,1.0,1.0,68.33,0.695,1,0,0,0,YES,0,2,90.33
626,901,SOCIAL_EXPLORER,0,0,2,1,1,0,1,0,0,0,0,1.0,0.0,0.0,0.0,0.0,43.33,0.4851,1,0,0,1,SAVE_ONLY,0,1,55.33
212,909,BUDGET_CONSCIOUS,0,1,1,1,0,0,1,1,0,0,1,1.0,0.25,0.0,0.0,1.0,53.33,0.7102,1,0,0,0,YES,1,3,100.0
299,335,CAUTIOUS_INTROVERT,1,1,1,0,0,0,1,1,1,0,0,1.0,0.2,0.5,0.0,0.0,46.5,0.3772,0,0,0,0,NO,0,0,28.5
751,426,CAUTIOUS_INTROVERT,2,1,1,0,0,0,1,3,1,0,1,1.0,0.6,1.0,0.0,1.0,58.67,0.6398,1,1,35208,0,YES,0,2,100.0
732,468,BUDGET_CONSCIOUS,0,0,2,1,1,0,1,0,1,1,1,0.5,0.0,1.0,1.0,1.0,58.33,0.6979,1,1,39211,1,YES,0,2,100.0
462,551,BUDGET_CONSCIOUS,2,2,0,0,0,1,2,0,0,0,0,1.0,0.0,0.0,0.0,0.0,31.67,0.0,1,0,0,0,NO,0,0,13.67
544,804,BUDGET_CONSCIOUS,0,1,1,1,0,0,1,1,0,0,0,1.0,0.1667,0.0,0.0,0.0,46.67,0.6114,1,0,0,0,NO,0,0,28.67
300,839,SOCIAL_EXPLORER,1,2,2,0,0,0,1,0,0,0,0,1.0,0.0,0.0,0.0,0.0,25.83,0.2278,0,0,0,0,NO,0,0,7.83
519,694,SOCIAL_EXPLORER,0,1,2,1,0,0,1,2,2,1,1,1.0,0.6667,1.0,1.0,1.0,75.83,0.6816,1,0,0,0,YES,0,2,97.83
804,64,BUDGET_CONSCIOUS,1,1,2,0,0,0,1,2,1,0,0,1.0,0.3333,1.0,0.0,0.0,48.33,0.5396,1,0,0,1,SAVE_ONLY,0,1,60.33
705,621,SPONTANEOUS_ADVENTURER,0,1,0,1,0,1,1,0,0,0,1,0.25,0.0,0.0,0.0,1.0,39.17,0.5273,1,0,0,1,SAVE_ONLY,0,1,51.17
921,810,SPONTANEOUS_ADVENTURER,2,0,0,0,1,1,1,1,1,0,0,0.25,0.2,0.5,0.0,0.0,37.33,0.6431,0,0,0,1,YES,0,2,71.33
267,578,SOCIAL_EXPLORER,0,2,1,1,0,0,1,1,0,1,0,0.5,0.25,0.0,1.0,0.0,42.5,0.5158,0,0,0,1,SAVE_ONLY,0,1,54.5
696,256,SOCIAL_EXPLORER,0,1,1,1,0,0,1,2,1,0,0,1.0,0.5,1.0,0.0,0.0,63.33,0.8538,1,0,0,1,SUPER_LIKE,1,3,100.0
577,322,SOCIAL_EXPLORER,1,1,0,0,0,1,1,0,1,1,1,1.0,0.0,0.5,1.0,1.0,63.33,0.8321,1,1,51811,0,SUPER_LIKE,1,3,100.0
1010,803,SOCIAL_EXPLORER,2,1,0,0,0,1,1,1,0,1,0,0.5,0.1667,0.0,1.0,0.0,40.83,0.6641,0,0,0,1,YES,0,2,74.83
508,26,SOCIAL_EXPLORER,0,1,1,1,0,0,1,2,0,1,1,0.5,0.4,0.0,1.0,1.0,56.33,0.6405,1,1,38394,0,YES,0,2,99.77
718,214,BUDGET_CONSCIOUS,0,2,0,1,0,1,1,0,0,0,0,0.5,0.0,0.0,0.0,0.0,33.33,0.5226,0,0,0,0,NO,0,0,15.33
541,45,CAUTIOUS_INTROVERT,0,1,1,1,0,0,1,2,0,1,1,0.5,0.5,0.0,1.0,1.0,58.33,0.6936,0,0,0,0,YES,0,2,80.33
448,121,SOCIAL_EXPLORER,1,2,1,0,0,0,1,1,0,1,0,1.0,0.2,0.0,1.0,0.0,45.67,0.6811,1,0,0,0,YES,0,2,67.67
1002,48,CAUTIOUS_INTROVERT,1,1,1,0,0,0,1,1,1,0,0,0.5,0.2,0.3333,0.0,0.0,34.83,0.4522,1,0,0,1,SAVE_ONLY,0,1,46.83
220,986,BUDGET_CONSCIOUS,0,0,0,1,1,1,1,1,1,0,0,0.3333,0.2,1.0,0.0,0.0,55.67,0.6867,1,0,0,0,YES,0,2,77.67
611,374,SOCIAL_EXPLORER,0,2,1,1,0,0,1,1,0,0,0,1.0,0.25,0.0,0.0,0.0,42.5,0.643,1,1,39075,1,YES,0,2,98.18
384,157,SOCIAL_EXPLORER,1,1,1,0,0,0,1,0,0,0,0,0.5,0.0,0.0,0.0,0.0,27.5,0.6105,1,1,41047,1,SAVE_ONLY,0,1,61.87
698,658,SOCIAL_EXPLORER,1,0,1,0,1,0,1,2,1,1,1,0.3333,0.6667,0.5,1.0,1.0,63.33,0.699,0,0,0,0,YES,0,2,85.33
468,533,BUDGET_CONSCIOUS,2,1,0,0,0,1,1,2,1,1,0,0.5,0.4,1.0,1.0,0.0,55.5,0.1798,0,0,0,0,NO,0,0,37.5
863,393,BUDGET_CONSCIOUS,2,2,2,0,0,0,1,2,1,0,0,1.0,0.2857,1.0,0.0,0.0,35.71,0.0,0,0,0,0,NO,0,0,17.71
131,354,CAUTIOUS_INTROVERT,1,1,2,0,0,0,1,0,0,0,0,1.0,0.0,0.0,0.0,0.0,31.67,0.2628,0,0,0,0,NO,0,0,13.67
353,850,SPONTANEOUS_ADVENTURER,1,1,0,0,0,1,1,1,1,0,1,1.0,0.3333,0.3333,0.0,1.0,58.33,0.9408,1,1,57066,0,SUPER_LIKE,1,3,100.0
94,983,BUDGET_CONSCIOUS,0,2,0,1,0,1,1,2,0,0,0,1.0,0.3333,0.0,0.0,0.0,50.0,0.79,1,1,46981,0,YES,1,3,100.0
206,214,SOCIAL_EXPLORER,1,1,0,0,0,1,1,1,0,0,0,0.5,0.1667,0.0,0.0,0.0,36.67,0.453,1,0,0,0,NO,0,0,18.67
846,918,SOCIAL_EXPLORER,2,2,0,0,0,1,1,0,0,1,1,0.5,0.0,0.0,1.0,1.0,36.67,0.6976,1,0,0,1,YES,0,2,70.67
183,909,CAUTIOUS_INTROVERT,2,2,1,0,0,0,1,1,0,1,1,1.0,0.25,0.0,1.0,1.0,45.83,0.5576,1,1,37102,1,SAVE_ONLY,0,1,78.82
749,824,SOCIAL_EXPLORER,0,0,0,1,1,1,1,1,0,0,1,0.5,0.25,0.0,0.0,1.0,55.0,0.8319,1,1,55399,0,YES,1,3,100.0
149,466,CAUTIOUS_INTROVERT,2,0,1,0,1,0,1,1,1,0,1,1.0,0.1429,0.5,0.0,1.0,50.36,0.5405,1,1,37018,1,SAVE_ONLY,0,1,83.32
672,957,CAUTIOUS_INTROVERT,0,0,2,1,1,0,2,2,1,1,0,0.6667,0.5,1.0,1.0,0.0,66.67,0.7073,1,1,43263,1,YES,1,3,100.0
765,202,BUDGET_CONSCIOUS,2,1,1,0,0,0,1,0,0,0,0,0.3333,0.0,0.0,0.0,0.0,18.33,0.0,0,0,0,0,NO,0,0,0.33
170,295,SOCIAL_EXPLORER,1,1,2,0,0,0,1,1,0,0,1,1.0,0.125,0.0,0.0,1.0,39.17,0.416,1,1,29497,0,NO,0,1,39.49
529,232,CAUTIOUS_INTROVERT,0,0,2,1,1,0,1,1,1,0,0,1.0,0.1667,1.0,0.0,0.0,56.67,0.2557,0,0,0,0,NO,0,0,38.67
360,1020,SOCIAL_EXPLORER,1,0,0,0,1,1,0,0,0,0,0,0.0,0.0,0.0,0.0,0.0,29.17,0.6351,1,1,45440,1,YES,0,2,87.07
654,75,BUDGET_CONSCIOUS,0,2,0,1,0,1,1,0,0,0,1,0.5,0.0,0.0,0.0,1.0,38.33,0.4928,1,1,28663,1,SAVE_ONLY,0,1,68.36
201,995,BUDGET_CONSCIOUS,2,0,1,0,1,0,1,0,0,0,0,0.5,0.0,0.0,0.0,0.0,27.5,0.0,1,0,0,0,NO,0,0,9.5
896,552,SOCIAL_EXPLORER,0,1,0,1,0,1,1,1,1,0,0,1.0,0.1429,0.5,0.0,0.0,57.02,0.6925,0,0,0,1,YES,0,2,91.02
612,580,BUDGET_CONSCIOUS,1,1,1,0,0,0,1,0,0,0,0,1.0,0.0,0.0,0.0,0.0,37.5,0.3034,0,0,0,0,NO,0,0,19.5
783,977,SOCIAL_EXPLORER,1,1,0,0,0,1,1,1,1,0,1,1.0,0.25,0.3333,0.0,1.0,56.67,0.8679,1,1,51858,0,YES,1,3,100.0
940,534,SELECTIVE_PLANNER,0,0,1,1,1,0,2,1,0,1,1,1.0,0.1667,0.0,1.0,1.0,67.5,0.9336,1,1,53731,0,YES,1,3,100.0
402,493,CAUTIOUS_INTROVERT,1,2,1,0,0,0,1,0,0,0,0,1.0,0.0,0.0,0.0,0.0,31.67,0.349,1,1,32152,0,NO,0,1,32.92
1012,564,SOCIAL_EXPLORER,0,2,0,1,0,1,1,2,1,1,1,0.3333,0.4,0.5,1.0,1.0,58.0,0.6693,1,1,37437,0,YES,0,2,100.0
173,466,BUDGET_CONSCIOUS,0,0,1,1,1,0,1,0,0,0,0,1.0,0.0,0.0,0.0,0.0,49.17,0.5622,1,1,28949,0,NO,0,1,49.3
919,508,SOCIAL_EXPLORER,0,0,0,1,1,1,2,2,1,1,1,0.6667,0.5,0.5,1.0,1.0,78.33,1.0,1,1,59157,0,YES,1,3,100.0
254,578,BUDGET_CONSCIOUS,2,0,0,0,1,1,1,1,0,0,0,0.5,0.25,0.0,0.0,0.0,38.33,0.0155,0,0,0,0,NO,0,0,20.33
116,318,SPONTANEOUS_ADVENTURER,2,1,1,0,0,0,1,0,0,0,0,1.0,0.0,0.0,0.0,0.0,31.67,0.5164,0,0,0,0,NO,0,0,13.67
701,137,SOCIAL_EXPLORER,1,1,0,0,0,1,1,0,0,0,1,1.0,0.0,0.0,0.0,1.0,48.33,0.6788,1,1,40361,0,YES,0,2,92.46
115,817,SELECTIVE_PLANNER,0,0,1,1,1,0,1,1,0,0,0,1.0,0.1667,0.0,0.0,0.0,52.5,0.582,0,0,0,1,SAVE_ONLY,0,1,64.5
501,307,SOCIAL_EXPLORER,0,1,2,1,0,0,1,1,1,0,1,0.3333,0.25,1.0,0.0,1.0,44.17,0.289,0,0,0,0,NO,0,0,26.17
335,625,SPONTANEOUS_ADVENTURER,1,1,1,0,0,0,1,2,1,0,0,0.5,0.4,0.5,0.0,0.0,40.5,0.7535,0,0,0,0,YES,1,3,92.5
483,922,BUDGET_CONSCIOUS,1,1,0,0,0,1,1,1,0,0,0,1.0,0.2,0.0,0.0,0.0,47.33,0.4192,1,1,23571,0,NO,0,1,45.58
730,254,SOCIAL_EXPLORER,1,2,1,0,0,0,1,1,0,0,0,1.0,0.3333,0.0,0.0,0.0,38.33,0.7329,1,1,48983,1,YES,1,3,100.0
956,736,BUDGET_CONSCIOUS,0,1,1,1,0,0,1,1,1,1,1,0.5,0.125,0.3333,1.0,1.0,54.17,0.6235,1,1,33233,0,YES,0,2,95.8
321,971,SOCIAL_EXPLORER,2,0,0,0,1,1,1,0,0,0,0,0.5,0.0,0.0,0.0,0.0,33.33,0.4411,0,0,0,1,SAVE_ONLY,0,1,45.33
429,521,SELECTIVE_PLANNER,0,2,0,1,0,1,1,0,1,0,0,1.0,0.0,1.0,0.0,0.0,53.33,0.3249,1,1,23926,0,NO,0,1,51.7
677,937,SOCIAL_EXPLORER,0,0,0,1,1,1,1,0,0,0,0,0.5,0.0,0.0,0.0,0.0,45.0,0.6246,1,0,0,0,YES,0,2,67.0
874,345,SELECTIVE_PLANNER,1,0,0,0,1,1,1,1,1,0,0,0.5,0.25,1.0,0.0,0.0,54.17,0.6344,0,0,0,0,YES,0,2,76.17
545,464,CAUTIOUS_INTROVERT,0,0,1,1,1,0,1,1,1,1,0,1.0,0.2,1.0,1.0,0.0,73.17,0.705,1,1,44608,0,YES,1,3,100.0
249,459,SOCIAL_EXPLORER,1,0,1,0,1,0,1,2,1,0,0,0.5,0.3333,1.0,0.0,0.0,50.0,0.8074,0,0,0,0,YES,1,3,100.0
747,50,BUDGET_CONSCIOUS,1,0,1,0,1,0,1,0,0,0,0,1.0,0.0,0.0,0.0,0.0,43.33,0.4764,0,0,0,1,SAVE_ONLY,0,1,55.33
442,742,SPONTANEOUS_ADVENTURER,1,1,0,0,0,1,1,1,0,1,0,0.5,0.25,0.0,1.0,0.0,48.33,0.6542,1,0,0,1,YES,0,2,82.33
627,463,SOCIAL_EXPLORER,0,0,1,1,1,0,1,0,0,0,0,1.0,0.0,0.0,0.0,0.0,49.17,0.637,0,0,0,0,YES,0,2,71.17
32,849,SELECTIVE_PLANNER,1,0,0,0,1,1,1,2,1,0,0,0.5,0.5,1.0,0.0,0.0,59.17,0.8904,1,1,55595,0,SUPER_LIKE,1,3,100.0
45,479,SELECTIVE_PLANNER,1,1,0,0,0,1,2,0,1,1,1,1.0,0.0,1.0,1.0,1.0,68.33,0.5175,1,0,0,1,SAVE_ONLY,0,1,80.33
782,475,CAUTIOUS_INTROVERT,1,1,0,0,0,1,1,1,0,0,0,0.5,0.3333,0.0,0.0,0.0,40.0,0.3639,1,0,0,0,NO,0,0,22.0
543,524,CAUTIOUS_INTROVERT,1,0,0,0,1,1,1,1,0,0,0,1.0,0.2,0.0,0.0,0.0,53.17,0.6544,1,1,47249,1,YES,0,2,100.0
970,157,SOCIAL_EXPLORER,1,0,1,0,1,0,1,1,1,1,0,1.0,0.1667,0.5,1.0,0.0,61.67,0.8111,1,1,57320,1,YES,1,3,100.0
898,868,BUDGET_CONSCIOUS,0,1,1,1,0,0,1,1,1,0,1,0.3333,0.1667,0.5,0.0,1.0,43.33,0.6576,1,0,0,1,YES,0,2,77.33
132,723,BUDGET_CONSCIOUS,0,1,0,1,0,1,1,1,1,0,0,1.0,0.1667,0.5,0.0,0.0,57.5,0.8198,1,1,54231,0,YES,1,3,100.0
766,420,SPONTANEOUS_ADVENTURER,0,1,1,1,0,0,1,1,0,0,0,0.5,0.1667,0.0,0.0,0.0,36.67,0.6843,1,1,45080,1,YES,0,2,94.45
670,761,CAUTIOUS_INTROVERT,0,2,2,1,0,0,2,0,1,0,0,1.0,0.0,0.5,0.0,0.0,36.67,0.2473,0,0,0,0,NO,0,0,18.67
502,113,CAUTIOUS_INTROVERT,0,1,1,1,0,0,1,0,0,0,0,0.5,0.0,0.0,0.0,0.0,33.33,0.4544,0,0,0,0,NO,0,0,15.33
333,866,SOCIAL_EXPLORER,2,0,1,0,1,0,1,1,1,0,0,1.0,0.25,0.5,0.0,0.0,47.5,0.7228,1,1,50026,1,YES,1,3,100.0
746,593,SOCIAL_EXPLORER,0,1,1,1,0,0,1,0,0,0,1,1.0,0.0,0.0,0.0,1.0,48.33,0.6588,1,0,0,0,YES,0,2,70.33
1008,471,BUDGET_CONSCIOUS,1,1,0,0,0,1,1,1,1,1,0,0.5,0.25,1.0,1.0,0.0,58.33,0.4609,1,0,0,1,SAVE_ONLY,0,1,70.33
995,180,SELECTIVE_PLANNER,0,1,1,1,0,0,1,2,1,1,0,1.0,0.4,1.0,1.0,0.0,71.33,0.4372,1,0,0,1,SAVE_ONLY,0,1,83.33
706,288,CAUTIOUS_INTROVERT,0,0,0,1,1,1,1,1,0,1,0,0.5,0.25,0.0,1.0,0.0,60.0,0.6348,1,1,34194,0,YES,0,2,100.0
471,143,SOCIAL_EXPLORER,1,1,1,0,0,0,1,1,1,1,0,1.0,0.25,1.0,1.0,0.0,62.5,0.7592,1,0,0,1,YES,1,3,100.0
460,487,BUDGET_CONSCIOUS,1,1,0,0,0,1,1,1,0,1,0,0.5,0.2,0.0,1.0,0.0,47.33,0.617,1,1,45713,1,SAVE_ONLY,0,1,83.33
989,321,BUDGET_CONSCIOUS,2,0,1,0,1,0,1,1,1,0,0,0.5,0.2,0.5,0.0,0.0,36.5,0.0252,0,0,0,0,NO,0,0,18.5
943,692,BUDGET_CONSCIOUS,1,0,0,0,1,1,1,0,0,0,1,1.0,0.0,0.0,0.0,1.0,54.17,0.678,1,0,0,1,YES,0,2,88.17
774,858,BUDGET_CONSCIOUS,1,1,0,0,0,1,2,1,0,0,0,1.0,0.2,0.0,0.0,0.0,47.33,0.4557,0,0,0,1,SAVE_ONLY,0,1,59.33
197,69,BUDGET_CONSCIOUS,1,1,0,0,0,1,1,0,0,0,0,0.3333,0.0,0.0,0.0,0.0,30.0,0.2099,0,0,0,0,NO,0,0,12.0
407,917,SELECTIVE_PLANNER,0,0,1,1,1,0,1,0,0,0,0,1.0,0.0,0.0,0.0,0.0,49.17,0.596,1,0,0,0,NO,0,0,31.17
565,499,SELECTIVE_PLANNER,1,2,1,0,0,0,1,1,0,0,0,0.3333,0.25,0.0,0.0,0.0,23.33,0.0,0,0,0,0,NO,0,0,5.33
905,15,SPONTANEOUS_ADVENTURER,1,0,0,0,1,1,0,0,0,0,0,0.0,0.0,0.0,0.0,0.0,29.17,0.4225,0,0,0,1,SAVE_ONLY,0,1,41.17
675,654,SELECTIVE_PLANNER,2,1,0,0,0,1,1,1,0,0,0,0.5,0.1667,0.0,0.0,0.0,30.83,0.103,0,0,0,0,NO,0,0,12.83
301,312,PASSIVE_BROWSER,1,1,1,0,0,0,1,0,1,0,1,0.3333,0.0,1.0,0.0,1.0,39.17,0.367,1,1,33026,0,NO,0,1,40.73
697,901,CAUTIOUS_INTROVERT,1,0,0,0,1,1,1,0,0,0,0,1.0,0.0,0.0,0.0,0.0,49.17,0.522,0,0,0,1,SAVE_ONLY,0,1,61.17
900,381,CAUTIOUS_INTROVERT,2,1,1,0,0,0,1,1,0,1,0,0.5,0.2,0.0,1.0,0.0,35.67,0.2235,0,0,0,0,NO,0,0,17.67
531,197,CAUTIOUS_INTROVERT,2,0,2,0,1,0,1,0,0,0,0,0.3333,0.0,0.0,0.0,0.0,18.33,0.0396,0,0,0,0,NO,0,0,0.33
948,638,SPONTANEOUS_ADVENTURER,0,2,1,1,0,0,1,2,0,1,1,0.3333,0.5,0.0,1.0,1.0,49.17,0.6494,0,0,0,1,YES,0,2,83.17
571,47,BUDGET_CONSCIOUS,0,1,1,1,0,0,1,2,2,1,1,0.5,0.6667,1.0,1.0,1.0,71.67,0.8102,0,0,0,1,YES,1,3,100.0
578,66,SELECTIVE_PLANNER,1,1,0,0,0,1,1,0,0,0,0,0.3333,0.0,0.0,0.0,0.0,30.0,0.1824,1,0,0,0,NO,0,0,12.0
535,915,BUDGET_CONSCIOUS,1,1,1,0,0,0,1,1,1,1,0,0.5,0.2,0.5,1.0,0.0,46.5,0.4255,0,0,0,1,SAVE_ONLY,0,1,58.5
131,927,CAUTIOUS_INTROVERT,1,1,1,0,0,0,1,0,0,0,0,0.5,0.0,0.0,0.0,0.0,27.5,0.4025,1,1,28831,0,NO,0,1,27.59
835,576,SPONTANEOUS_ADVENTURER,1,1,0,0,0,1,1,0,0,0,0,0.5,0.0,0.0,0.0,0.0,33.33,0.6384,0,0,0,0,YES,0,2,55.33
712,714,BUDGET_CONSCIOUS,0,1,2,1,0,0,1,0,0,0,0,0.25,0.0,0.0,0.0,0.0,22.5,0.4892,0,0,0,0,NO,0,0,4.5
974,813,CAUTIOUS_INTROVERT,0,0,0,1,1,1,1,0,1,0,1,0.3333,0.0,1.0,0.0,1.0,56.67,0.471,1,0,0,1,SAVE_ONLY,0,1,68.67
793,660,BUDGET_CONSCIOUS,2,1,1,0,0,0,1,0,0,0,0,0.5,0.0,0.0,0.0,0.0,21.67,0.0,0,0,0,0,NO,0,0,3.67
489,786,SOCIAL_EXPLORER,2,0,1,0,1,0,1,0,0,0,0,1.0,0.0,0.0,0.0,0.0,37.5,0.4689,0,0,0,0,NO,0,0,19.5
641,531,BUDGET_CONSCIOUS,1,0,1,0,1,0,1,2,1,1,0,0.5,0.3333,1.0,1.0,0.0,60.0,0.6581,0,0,0,1,YES,0,2,94.0
970,904,SOCIAL_EXPLORER,0,1,1,1,0,0,1,0,0,0,0,1.0,0.0,0.0,0.0,0.0,43.33,0.6595,0,0,0,0,YES,0,2,65.33
368,995,BUDGET_CONSCIOUS,2,2,0,0,0,1,1,0,0,0,0,1.0,0.0,0.0,0.0,0.0,31.67,0.0139,0,0,0,0,NO,0,0,13.67
524,225,CAUTIOUS_INTROVERT,1,2,2,0,0,0,1,1,1,1,1,0.5,0.25,1.0,1.0,1.0,45.83,0.2595,0,0,0,0,NO,0,0,27.83
18,1021,CAUTIOUS_INTROVERT,0,1,0,1,0,1,0,0,0,0,0,0.0,0.0,0.0,0.0,0.0,29.17,0.3838,1,0,0,0,NO,0,0,11.17
236,536,CAUTIOUS_INTROVERT,1,2,2,0,0,0,1,0,1,0,0,1.0,0.0,0.5,0.0,0.0,30.83,0.1255,0,0,0,0,NO,0,0,12.83
551,608,SPONTANEOUS_ADVENTURER,2,1,1,0,0,0,1,0,0,1,0,0.5,0.0,0.0,1.0,0.0,31.67,0.5565,0,0,0,1,SAVE_ONLY,0,1,43.67
58,989,CAUTIOUS_INTROVERT,1,0,1,0,1,0,1,2,1,0,1,1.0,0.3333,0.3333,0.0,1.0,58.33,0.7262,1,0,0,0,YES,1,3,100.0
458,31,BUDGET_CONSCIOUS,2,1,2,0,0,0,1,2,1,1,1,1.0,0.4,1.0,1.0,1.0,58.83,0.1327,1,0,0,0,NO,0,0,40.83
566,46,SOCIAL_EXPLORER,1,1,0,0,0,1,1,0,0,0,0,0.5,0.0,0.0,0.0,0.0,33.33,0.653,0,0,0,1,YES,0,2,67.33
36,153,SOCIAL_EXPLORER,1,0,0,0,1,1,1,0,1,0,0,0.5,0.0,1.0,0.0,0.0,49.17,0.583,1,1,34631,1,SAVE_ONLY,0,1,81.29
49,645,CAUTIOUS_INTROVERT,1,1,1,0,0,0,1,1,0,0,0,1.0,0.1429,0.0,0.0,0.0,40.36,0.4693,1,0,0,1,SAVE_ONLY,0,1,52.36
284,1004,SOCIAL_EXPLORER,1,0,0,0,1,1,1,1,1,0,0,0.3333,0.1667,0.5,0.0,0.0,44.17,0.7312,1,1,43688,0,YES,1,3,100.0
41,296,SOCIAL_EXPLORER,1,0,1,0,1,0,1,3,1,1,1,1.0,0.75,1.0,1.0,1.0,83.33,1.0,1,1,67856,1,YES,1,3,100.0
918,923,BUDGET_CONSCIOUS,2,1,0,0,0,1,1,0,0,1,1,0.5,0.0,0.0,1.0,1.0,42.5,0.0774,0,0,0,0,NO,0,0,24.5
616,476,SOCIAL_EXPLORER,0,0,0,1,1,1,1,2,0,1,0,0.5,0.3333,0.0,1.0,0.0,61.67,0.9008,1,1,59074,0,SUPER_LIKE,1,3,100.0
29,940,SOCIAL_EXPLORER,1,2,1,0,0,0,2,1,0,0,0,1.0,0.1667,0.0,0.0,0.0,35.0,0.5654,0,0,0,1,SAVE_ONLY,0,1,47.0
818,852,BUDGET_CONSCIOUS,1,0,0,0,1,1,1,2,1,0,0,0.5,0.5,1.0,0.0,0.0,59.17,0.4903,1,1,35890,0,NO,0,1,61.73
869,458,SOCIAL_EXPLORER,1,0,0,0,1,1,1,0,0,0,0,1.0,0.0,0.0,0.0,0.0,49.17,0.8116,1,1,43194,0,YES,1,3,100.0
754,906,BUDGET_CONSCIOUS,2,0,2,0,1,0,1,0,0,0,0,0.3333,0.0,0.0,0.0,0.0,18.33,0.0,1,0,0,0,NO,0,0,0.33
609,367,BUDGET_CONSCIOUS,1,2,2,0,0,0,1,0,0,0,0,0.3333,0.0,0.0,0.0,0.0,12.5,0.0034,0,0,0,0,NO,0,0,0.0
925,1001,SPONTANEOUS_ADVENTURER,0,2,1,1,0,0,1,2,1,1,0,1.0,0.3333,1.0,1.0,0.0,64.17,0.852,1,1,58407,1,YES,1,3,100.0
903,642,SELECTIVE_PLANNER,0,0,1,1,1,0,1,0,0,1,0,0.5,0.0,0.0,1.0,0.0,49.17,0.6217,1,1,35150,0,YES,0,2,91.47
811,640,SOCIAL_EXPLORER,1,2,0,0,0,1,1,4,1,1,0,0.5,1.0,1.0,1.0,0.0,67.5,0.7253,1,1,43583,0,YES,1,3,100.0
70,774,SELECTIVE_PLANNER,1,0,1,0,1,0,1,1,1,1,1,0.3333,0.3333,0.5,1.0,1.0,56.67,0.6898,1,1,38146,0,YES,0,2,100.0
452,712,SELECTIVE_PLANNER,1,2,1,0,0,0,1,1,0,0,0,0.3333,0.2,0.0,0.0,0.0,22.33,0.0,1,1,2637,0,NO,0,0,13.25
899,247,BUDGET_CONSCIOUS,1,2,1,0,0,0,1,0,1,0,0,1.0,0.0,1.0,0.0,0.0,41.67,0.5144,1,0,0,1,SAVE_ONLY,0,1,53.67
238,810,SOCIAL_EXPLORER,2,2,1,0,0,0,1,1,1,0,0,0.3333,0.25,1.0,0.0,0.0,27.5,0.6109,1,0,0,1,SAVE_ONLY,0,1,39.5
875,239,SOCIAL_EXPLORER,0,1,0,1,0,1,1,0,0,0,0,0.3333,0.0,0.0,0.0,0.0,35.83,0.5644,1,1,33737,0,NO,0,1,37.64
1000,982,SOCIAL_EXPLORER,2,0,1,0,1,0,1,0,0,0,0,0.25,0.0,0.0,0.0,0.0,22.5,0.5491,1,0,0,1,SAVE_ONLY,0,1,34.5
206,762,SOCIAL_EXPLORER,1,1,0,0,0,1,1,0,0,0,1,0.3333,0.0,0.0,0.0,1.0,35.0,0.5424,1,1,43033,0,NO,0,1,40.06
91,414,SOCIAL_EXPLORER,1,1,2,0,0,0,1,0,0,0,0,1.0,0.0,0.0,0.0,0.0,31.67,0.308,1,0,0,0,NO,0,0,13.67
108,456,SPONTANEOUS_ADVENTURER,1,1,1,0,0,0,1,0,0,0,1,0.5,0.0,0.0,0.0,1.0,32.5,0.599,0,0,0,1,SAVE_ONLY,0,1,44.5
181,370,SOCIAL_EXPLORER,1,1,2,0,0,0,1,2,1,0,1,1.0,0.5,1.0,0.0,1.0,56.67,0.6434,1,0,0,0,YES,0,2,78.67
663,840,SOCIAL_EXPLORER,1,1,0,0,0,1,1,1,1,0,0,1.0,0.25,0.5,0.0,0.0,53.33,0.6772,1,0,0,1,YES,0,2,87.33
850,58,SPONTANEOUS_ADVENTURER,0,2,1,1,0,0,1,2,1,1,1,1.0,0.5,0.3333,1.0,1.0,65.83,0.8498,1,1,45477,1,YES,1,3,100.0
679,297,CAUTIOUS_INTROVERT,2,1,2,0,0,0,1,0,0,0,0,1.0,0.0,0.0,0.0,0.0,25.83,0.176,0,0,0,0,NO,0,0,7.83
138,383,BUDGET_CONSCIOUS,0,0,1,1,1,0,1,0,0,0,0,0.5,0.0,0.0,0.0,0.0,39.17,0.4374,1,1,34621,1,SAVE_ONLY,0,1,71.29
534,109,SOCIAL_EXPLORER,1,1,1,0,0,0,1,0,0,0,0,0.5,0.0,0.0,0.0,0.0,27.5,0.5214,1,1,28530,0,NO,0,1,27.49
30,945,CAUTIOUS_INTROVERT,0,0,1,1,1,0,1,4,2,1,1,0.5,0.8,1.0,1.0,1.0,80.17,0.9989,1,1,68861,0,SUPER_LIKE,1,3,100.0
596,954,SELECTIVE_PLANNER,0,2,1,1,0,0,1,0,0,0,0,1.0,0.0,0.0,0.0,0.0,37.5,0.1724,0,0,0,0,NO,0,0,19.5
368,532,BUDGET_CONSCIOUS,1,2,0,0,0,1,1,4,2,1,1,1.0,0.8,1.0,1.0,1.0,78.5,0.8305,1,1,44631,0,YES,1,3,100.0
557,851,SELECTIVE_PLANNER,0,0,0,1,1,1,1,0,0,0,1,0.5,0.0,0.0,0.0,1.0,50.0,0.6316,0,0,0,0,YES,0,2,72.0
156,247,SOCIAL_EXPLORER,0,0,0,1,1,1,1,0,1,0,0,0.5,0.0,1.0,0.0,0.0,55.0,0.637,1,1,35353,0,YES,0,2,97.37
987,161,SOCIAL_EXPLORER,1,1,1,0,0,0,1,0,0,0,0,0.5,0.0,0.0,0.0,0.0,27.5,0.4519,1,1,23924,0,NO,0,1,25.87
31,412,CAUTIOUS_INTROVERT,1,1,0,0,0,1,1,3,1,0,1,1.0,0.5,1.0,0.0,1.0,68.33,0.86,1,1,50380,1,YES,1,3,100.0
151,559,BUDGET_CONSCIOUS,1,1,0,0,0,1,1,1,0,0,1,1.0,0.1667,0.0,0.0,1.0,51.67,0.6596,1,0,0,1,YES,0,2,85.67
439,540,BUDGET_CONSCIOUS,0,1,2,1,0,0,1,1,1,0,1,1.0,0.1429,1.0,0.0,1.0,55.36,0.5571,0,0,0,0,NO,0,0,37.36
908,43,CAUTIOUS_INTROVERT,0,1,1,1,0,0,1,0,1,0,0,1.0,0.0,1.0,0.0,0.0,53.33,0.4759,1,0,0,1,SAVE_ONLY,0,1,65.33
516,141,BUDGET_CONSCIOUS,1,1,2,0,0,0,1,1,1,0,1,0.5,0.1667,1.0,0.0,1.0,40.0,0.3827,1,1,20001,0,NO,0,1,37.0
892,714,BUDGET_CONSCIOUS,0,0,1,1,1,0,1,0,1,1,1,0.5,0.0,0.3333,1.0,1.0,57.5,0.7931,1,1,45284,0,YES,1,3,100.0
139,388,SOCIAL_EXPLORER,1,1,0,0,0,1,1,1,1,0,1,1.0,0.25,0.5,0.0,1.0,58.33,0.6456,1,0,0,1,YES,0,2,92.33
830,740,SPONTANEOUS_ADVENTURER,0,0,0,1,1,1,1,0,0,0,1,1.0,0.0,0.0,0.0,1.0,60.0,0.6822,1,1,50828,0,YES,0,2,100.0
530,37,SELECTIVE_PLANNER,0,0,1,1,1,0,1,1,1,0,0,1.0,0.1667,0.5,0.0,0.0,57.5,0.63,1,1,35024,0,YES,0,2,99.76
637,192,CAUTIOUS_INTROVERT,1,1,1,0,0,0,1,1,1,0,0,1.0,0.25,1.0,0.0,0.0,52.5,0.6726,0,0,0,0,YES,0,2,74.5
655,345,SOCIAL_EXPLORER,1,1,1,0,0,0,1,1,1,1,0,0.5,0.25,1.0,1.0,0.0,52.5,0.8585,1,1,53159,0,YES,1,3,100.0
156,163,SOCIAL_EXPLORER,1,1,2,0,0,0,1,0,1,0,0,0.5,0.0,0.5,0.0,0.0,26.67,0.0795,0,0,0,0,NO,0,0,8.67
678,690,BUDGET_CONSCIOUS,1,2,0,0,0,1,1,1,1,0,0,1.0,0.2,1.0,0.0,0.0,51.5,0.6067,0,0,0,1,SAVE_ONLY,0,1,63.5
801,725,BUDGET_CONSCIOUS,2,2,0,0,0,1,1,1,2,0,1,1.0,0.3333,1.0,0.0,1.0,53.33,0.1336,0,0,0,0,NO,0,0,35.33
739,415,BUDGET_CONSCIOUS,1,0,0,0,1,1,1,0,1,0,0,0.3333,0.0,0.5,0.0,0.0,40.83,0.5538,1,1,36853,0,NO,0,1,43.73
826,441,BUDGET_CONSCIOUS,1,1,0,0,0,1,1,0,0,0,0,1.0,0.0,0.0,0.0,0.0,43.33,0.2853,0,0,0,0,NO,0,0,25.33
591,968,SOCIAL_EXPLORER,0,0,0,1,1,1,1,3,0,0,0,0.5,0.6,0.0,0.0,0.0,57.0,0.7091,1,0,0,1,YES,1,3,100.0
922,797,SOCIAL_EXPLORER,0,0,1,1,1,0,1,0,1,0,0,1.0,0.0,0.5,0.0,0.0,54.17,0.639,1,1,39375,1,YES,0,2,100.0
296,755,PASSIVE_BROWSER,0,0,0,1,1,1,1,1,0,0,0,1.0,0.25,0.0,0.0,0.0,60.0,0.4568,1,0,0,1,SAVE_ONLY,0,1,72.0
742,444,SELECTIVE_PLANNER,0,1,0,1,0,1,1,2,1,0,1,1.0,0.4,1.0,0.0,1.0,72.17,0.6511,1,1,44628,1,YES,0,2,100.0
542,29,CAUTIOUS_INTROVERT,0,0,2,1,1,0,1,0,0,0,1,0.5,0.0,0.0,0.0,1.0,38.33,0.1138,0,0,0,0,NO,0,0,20.33
244,865,BUDGET_CONSCIOUS,0,1,2,1,0,0,1,0,0,0,0,0.3333,0.0,0.0,0.0,0.0,24.17,0.4971,0,0,0,0,NO,0,0,6.17
211,443,SPONTANEOUS_ADVENTURER,0,1,0,1,0,1,1,2,1,0,1,0.5,0.5,1.0,0.0,1.0,64.17,0.9062,1,1,53525,1,YES,1,3,100.0
421,198,CAUTIOUS_INTROVERT,1,1,0,0,0,1,1,3,1,1,1,1.0,0.75,0.5,1.0,1.0,78.33,0.9813,1,1,61497,1,YES,1,3,100.0
328,973,BUDGET_CONSCIOUS,0,1,1,1,0,0,1,0,0,0,1,0.5,0.0,0.0,0.0,1.0,38.33,0.5736,0,0,0,0,NO,0,0,20.33
310,916,SELECTIVE_PLANNER,1,0,0,0,1,1,2,2,1,0,0,1.0,0.4,1.0,0.0,0.0,67.17,0.9256,0,0,0,0,YES,1,3,100.0
209,361,SOCIAL_EXPLORER,1,0,1,0,1,0,1,0,0,0,0,1.0,0.0,0.0,0.0,0.0,43.33,0.6292,1,0,0,1,YES,0,2,77.33
739,176,BUDGET_CONSCIOUS,1,1,1,0,0,0,1,0,0,0,1,0.5,0.0,0.0,0.0,1.0,32.5,0.318,0,0,0,0,NO,0,0,14.5
453,424,SPONTANEOUS_ADVENTURER,1,2,1,0,0,0,1,2,1,0,0,1.0,0.5,0.5,0.0,0.0,46.67,0.6578,1,1,41014,0,YES,0,2,91.02
863,156,BUDGET_CONSCIOUS,1,0,0,0,1,1,1,1,1,1,0,0.5,0.1667,1.0,1.0,0.0,62.5,0.5342,1,1,38361,0,NO,0,1,65.93
277,921,SPONTANEOUS_ADVENTURER,1,1,0,0,0,1,1,1,1,0,0,0.5,0.2,0.5,0.0,0.0,42.33,0.7617,1,1,49390,0,YES,1,3,100.0
451,269,SELECTIVE_PLANNER,0,0,1,1,1,0,1,1,0,0,0,1.0,0.2,0.0,0.0,0.0,53.17,0.8618,1,1,48347,0,YES,1,3,100.0
48,961,BUDGET_CONSCIOUS,1,0,0,0,1,1,1,0,0,0,0,0.5,0.0,0.0,0.0,0.0,39.17,0.4638,1,0,0,1,SAVE_ONLY,0,1,51.17
593,506,SPONTANEOUS_ADVENTURER,1,0,1,0,1,0,1,2,0,0,0,1.0,0.2857,0.0,0.0,0.0,49.05,0.7807,1,0,0,0,YES,1,3,100.0
958,235,CAUTIOUS_INTROVERT,1,1,2,0,0,0,1,3,1,1,0,1.0,0.75,1.0,1.0,0.0,66.67,0.6628,1,0,0,1,YES,0,2,100.0
802,375,CAUTIOUS_INTROVERT,0,1,1,1,0,0,1,1,0,1,0,0.5,0.1429,0.0,1.0,0.0,46.19,0.4907,1,0,0,1,SAVE_ONLY,0,1,58.19
1007,554,BUDGET_CONSCIOUS,0,0,1,1,1,0,1,0,1,0,0,1.0,0.0,1.0,0.0,0.0,59.17,0.6171,1,1,33929,0,NO,0,1,61.05
600,649,SPONTANEOUS_ADVENTURER,1,1,1,0,0,0,1,1,1,0,1,0.5,0.2,1.0,0.0,1.0,46.5,0.7388,1,1,46362,1,YES,1,3,100.0
748,121,BUDGET_CONSCIOUS,1,1,1,0,0,0,1,1,1,1,1,0.5,0.3333,0.5,1.0,1.0,54.17,0.5228,1,1,38407,1,SAVE_ONLY,0,1,87.61
403,462,BUDGET_CONSCIOUS,0,0,0,1,1,1,1,2,1,0,1,0.5,0.5,1.0,0.0,1.0,70.0,0.7496,1,1,49303,1,YES,1,3,100.0
911,487,CAUTIOUS_INTROVERT,0,2,1,1,0,0,1,3,1,1,1,0.5,0.75,0.5,1.0,1.0,62.5,0.9171,1,1,63311,0,YES,1,3,100.0
410,606,BUDGET_CONSCIOUS,1,0,0,0,1,1,1,3,1,1,0,1.0,1.0,1.0,1.0,0.0,89.17,0.809,1,0,0,0,YES,1,3,100.0
578,971,SELECTIVE_PLANNER,2,0,1,0,1,0,1,1,0,0,0,0.5,0.2,0.0,0.0,0.0,31.5,0.5235,1,0,0,0,NO,0,0,13.5
502,445,SELECTIVE_PLANNER,1,0,1,0,1,0,1,1,0,0,1,1.0,0.2,0.0,0.0,1.0,52.33,0.8019,1,1,42844,1,YES,1,3,100.0
396,512,CAUTIOUS_INTROVERT,1,0,1,0,1,0,1,1,0,0,0,0.3333,0.1429,0.0,0.0,0.0,32.86,0.2247,0,0,0,0,NO,0,0,14.86
66,298,SELECTIVE_PLANNER,1,0,0,0,1,1,1,0,0,0,1,0.5,0.0,0.0,0.0,1.0,44.17,0.7046,1,1,42038,0,YES,1,3,100.0
303,853,SOCIAL_EXPLORER,0,0,1,1,1,0,1,2,0,0,0,0.5,0.5,0.0,0.0,0.0,49.17,0.6529,1,1,36113,1,YES,0,2,100.0
636,456,SPONTANEOUS_ADVENTURER,0,1,1,1,0,0,1,2,1,0,0,0.3333,0.3333,0.5,0.0,0.0,41.67,0.6527,1,1,44569,0,YES,0,2,87.27
799,488,SPONTANEOUS_ADVENTURER,1,1,1,0,0,0,1,1,1,0,0,0.5,0.25,0.5,0.0,0.0,37.5,0.6304,1,0,0,0,YES,0,2,59.5
1000,232,SOCIAL_EXPLORER,1,0,0,0,1,1,1,0,0,0,0,0.5,0.0,0.0,0.0,0.0,39.17,0.5235,1,1,37506,0,NO,0,1,42.3
395,948,SPONTANEOUS_ADVENTURER,1,1,0,0,0,1,2,1,0,1,0,0.6667,0.2,0.0,1.0,0.0,50.67,0.6513,1,1,43466,0,YES,0,2,95.88
908,134,CAUTIOUS_INTROVERT,1,0,2,0,1,0,1,1,1,1,0,1.0,0.2,1.0,1.0,0.0,61.5,0.5392,0,0,0,1,SAVE_ONLY,0,1,73.5
938,201,BUDGET_CONSCIOUS,0,2,0,1,0,1,1,0,0,0,0,0.5,0.0,0.0,0.0,0.0,33.33,0.4038,0,0,0,0,NO,0,0,15.33
295,249,CAUTIOUS_INTROVERT,1,0,2,0,1,0,1,1,0,0,1,1.0,0.1667,0.0,0.0,1.0,45.83,0.2554,1,1,17599,0,NO,0,0,41.99
954,776,CAUTIOUS_INTROVERT,1,0,1,0,1,0,1,1,0,1,0,1.0,0.25,0.0,1.0,0.0,58.33,0.7112,0,0,0,0,YES,1,3,100.0
594,862,BUDGET_CONSCIOUS,0,1,2,1,0,0,1,0,0,0,0,0.5,0.0,0.0,0.0,0.0,27.5,0.4172,0,0,0,0,NO,0,0,9.5
158,164,SELECTIVE_PLANNER,2,0,1,0,1,0,1,0,0,0,1,0.3333,0.0,0.0,0.0,1.0,29.17,0.4171,0,0,0,0,NO,0,0,11.17
536,267,BUDGET_CONSCIOUS,2,0,0,0,1,1,1,1,1,0,1,1.0,0.3333,0.3333,0.0,1.0,58.33,0.1276,0,0,0,0,NO,0,0,40.33
676,1002,CAUTIOUS_INTROVERT,0,1,0,1,0,1,2,0,0,0,0,0.6667,0.0,0.0,0.0,0.0,42.5,0.5001,1,1,37009,1,SAVE_ONLY,0,1,75.45
286,737,BUDGET_CONSCIOUS,1,1,2,0,0,0,1,0,0,0,1,1.0,0.0,0.0,0.0,1.0,36.67,0.2192,1,0,0,0,NO,0,0,18.67
759,776,CAUTIOUS_INTROVERT,1,0,1,0,1,0,1,0,0,0,0,0.3333,0.0,0.0,0.0,0.0,30.0,0.224,0,0,0,0,NO,0,0,12.0
942,946,BUDGET_CONSCIOUS,0,1,0,1,0,1,1,0,1,0,0,0.5,0.0,1.0,0.0,0.0,49.17,0.6734,1,0,0,1,YES,0,2,83.17
313,668,PASSIVE_BROWSER,1,1,1,0,0,0,1,1,0,0,0,1.0,0.1429,0.0,0.0,0.0,40.36,0.197,0,0,0,0,NO,0,0,22.36
74,651,SOCIAL_EXPLORER,0,2,1,1,0,0,1,2,1,1,1,1.0,0.5,0.5,1.0,1.0,67.5,0.787,1,1,51421,1,YES,1,3,100.0
417,1007,SPONTANEOUS_ADVENTURER,1,0,0,0,1,1,1,1,1,0,0,1.0,0.2,1.0,0.0,0.0,63.17,1.0,1,1,67590,0,YES,1,3,100.0
1008,840,BUDGET_CONSCIOUS,0,1,1,1,0,0,1,0,1,0,0,0.5,0.0,0.5,0.0,0.0,38.33,0.4376,0,0,0,1,SAVE_ONLY,0,1,50.33
176,826,SPONTANEOUS_ADVENTURER,1,1,1,0,0,0,1,1,1,0,0,1.0,0.2,1.0,0.0,0.0,51.5,0.6248,1,1,44760,0,YES,0,2,97.17
129,729,SOCIAL_EXPLORER,0,2,0,1,0,1,1,1,1,0,1,1.0,0.2,1.0,0.0,1.0,62.33,0.8988,1,1,57835,0,YES,1,3,100.0
706,159,CAUTIOUS_INTROVERT,0,0,1,1,1,0,1,1,1,0,0,0.5,0.1429,0.3333,0.0,0.0,45.36,0.5146,1,1,31846,1,SAVE_ONLY,0,1,76.51
170,892,SOCIAL_EXPLORER,2,1,1,0,0,0,1,2,0,1,1,1.0,0.2857,0.0,1.0,1.0,52.38,0.8455,1,0,0,0,YES,1,3,100.0
807,487,SOCIAL_EXPLORER,1,2,1,0,0,0,1,1,0,0,1,0.3333,0.1667,0.0,0.0,1.0,26.67,0.3553,1,0,0,0,NO,0,0,8.67
37,631,SOCIAL_EXPLORER,1,1,1,0,0,0,1,1,1,1,1,0.5,0.1667,1.0,1.0,1.0,55.83,0.6695,1,1,46591,1,YES,0,2,100.0
809,844,SELECTIVE_PLANNER,0,0,1,1,1,0,1,3,0,0,1,0.5,0.6,0.0,0.0,1.0,56.17,0.6708,0,0,0,1,YES,0,2,90.17
254,971,BUDGET_CONSCIOUS,0,0,1,1,1,0,1,1,0,0,0,1.0,0.25,0.0,0.0,0.0,54.17,0.6869,0,0,0,0,YES,0,2,76.17
923,693,SOCIAL_EXPLORER,1,0,0,0,1,1,1,0,0,0,0,0.5,0.0,0.0,0.0,0.0,39.17,0.7281,1,0,0,0,YES,1,3,91.17
822,204,SOCIAL_EXPLORER,1,1,0,0,0,1,1,1,0,0,0,1.0,0.1667,0.0,0.0,0.0,46.67,0.6983,1,1,45453,1,YES,0,2,100.0
404,723,SELECTIVE_PLANNER,2,1,0,0,0,1,1,1,1,0,1,0.5,0.2,0.3333,0.0,1.0,39.83,0.2017,1,0,0,0,NO,0,0,21.83
584,226,SPONTANEOUS_ADVENTURER,1,0,0,0,1,1,1,0,0,0,0,1.0,0.0,0.0,0.0,0.0,49.17,0.6637,1,1,48436,0,YES,0,2,96.12
222,492,CAUTIOUS_INTROVERT,1,0,0,0,1,1,1,1,1,0,0,1.0,0.1667,1.0,0.0,0.0,62.5,0.7137,0,0,0,1,YES,1,3,100.0
86,795,SOCIAL_EXPLORER,0,1,2,1,0,0,1,1,0,0,0,0.5,0.1667,0.0,0.0,0.0,30.83,0.2996,1,1,19089,0,NO,0,1,27.51
397,150,BUDGET_CONSCIOUS,0,1,0,1,0,1,1,0,1,0,0,0.3333,0.0,1.0,0.0,0.0,45.83,0.4619,1,1,24115,0,NO,0,1,44.27
734,60,SOCIAL_EXPLORER,0,2,1,1,0,0,1,1,0,0,1,0.5,0.2,0.0,0.0,1.0,36.5,0.6524,0,0,0,0,YES,0,2,58.5
229,170,SOCIAL_EXPLORER,0,0,0,1,1,1,1,1,0,1,0,0.5,0.125,0.0,1.0,0.0,57.5,0.8117,1,1,45180,1,YES,1,3,100.0
946,351,BUDGET_CONSCIOUS,0,2,1,1,0,0,1,0,1,1,0,1.0,0.0,1.0,1.0,0.0,57.5,0.6418,1,1,40675,1,YES,0,2,100.0
695,367,BUDGET_CONSCIOUS,1,0,1,0,1,0,1,1,1,0,0,0.5,0.3333,0.5,0.0,0.0,45.0,0.4314,0,0,0,1,SAVE_ONLY,0,1,57.0
934,212,BUDGET_CONSCIOUS,0,1,0,1,0,1,1,0,0,0,0,1.0,0.0,0.0,0.0,0.0,49.17,0.7275,1,0,0,0,YES,1,3,100.0
209,637,SOCIAL_EXPLORER,0,2,2,1,0,0,1,0,0,1,1,1.0,0.0,0.0,1.0,1.0,46.67,0.4046,1,1,23860,0,NO,0,1,45.02
205,324,SPONTANEOUS_ADVENTURER,1,2,0,0,0,1,1,2,1,1,1,0.5,0.4,1.0,1.0,1.0,60.5,0.7167,1,1,47579,0,YES,1,3,100.0
143,488,BUDGET_CONSCIOUS,1,1,0,0,0,1,1,0,1,0,0,1.0,0.0,0.5,0.0,0.0,48.33,0.5268,1,1,27954,0,NO,0,1,48.11
904,285,BUDGET_CONSCIOUS,1,1,1,0,0,0,1,2,1,1,1,1.0,0.5,0.5,1.0,1.0,67.5,0.6382,0,0,0,0,YES,0,2,89.5
438,875,SOCIAL_EXPLORER,1,1,0,0,0,1,1,3,1,0,0,0.3333,0.6,1.0,0.0,0.0,52.0,0.6861,1,0,0,0,YES,0,2,74.0
176,525,PASSIVE_BROWSER,0,0,1,1,1,0,1,1,0,0,0,0.5,0.1667,0.0,0.0,0.0,42.5,0.4187,1,1,24593,0,NO,0,1,41.11
466,879,BUDGET_CONSCIOUS,2,0,0,0,1,1,1,2,1,0,0,0.5,0.3333,1.0,0.0,0.0,50.0,0.003,1,0,0,0,NO,0,0,32.0
810,243,BUDGET_CONSCIOUS,1,1,0,0,0,1,1,0,0,0,0,0.3333,0.0,0.0,0.0,0.0,30.0,0.4384,0,0,0,1,SAVE_ONLY,0,1,42.0
844,893,SOCIAL_EXPLORER,0,2,0,1,0,1,1,3,1,0,1,0.5,0.6,0.5,0.0,1.0,55.33,0.7397,0,0,0,1,YES,1,3,100.0
487,895,SPONTANEOUS_ADVENTURER,0,1,0,1,0,1,1,0,1,1,0,0.5,0.0,1.0,1.0,0.0,59.17,0.7702,1,0,0,1,YES,1,3,100.0
962,909,CAUTIOUS_INTROVERT,2,1,1,0,0,0,1,1,0,0,0,1.0,0.25,0.0,0.0,0.0,36.67,0.5062,1,0,0,1,SAVE_ONLY,0,1,48.67
402,636,CAUTIOUS_INTROVERT,1,2,1,0,0,0,1,4,0,1,1,0.3333,1.0,0.0,1.0,1.0,53.33,0.6526,1,1,34926,0,YES,0,2,95.55
268,817,SOCIAL_EXPLORER,0,2,0,1,0,1,1,1,0,0,0,1.0,0.1667,0.0,0.0,0.0,46.67,0.7255,1,1,49283,1,YES,1,3,100.0
186,856,SOCIAL_EXPLORER,1,2,1,0,0,0,1,1,0,1,0,1.0,0.25,0.0,1.0,0.0,46.67,0.8096,0,0,0,1,YES,1,3,100.0
490,154,BUDGET_CONSCIOUS,1,0,1,0,1,0,1,3,0,0,1,0.5,1.0,0.0,0.0,1.0,58.33,0.4563,1,1,29111,1,SAVE_ONLY,0,1,88.52
636,897,SPONTANEOUS_ADVENTURER,1,1,1,0,0,0,1,1,0,0,0,0.3333,0.1429,0.0,0.0,0.0,27.02,0.6799,0,0,0,1,YES,0,2,61.02
843,216,SOCIAL_EXPLORER,1,0,0,0,1,1,1,1,0,1,0,0.3333,0.1429,0.0,1.0,0.0,48.69,0.6488,1,1,38095,0,YES,0,2,92.02
799,891,SPONTANEOUS_ADVENTURER,0,0,0,1,1,1,1,0,0,0,0,0.5,0.0,0.0,0.0,0.0,45.0,0.6424,1,1,44679,0,YES,0,2,90.64
256,899,PASSIVE_BROWSER,1,1,0,0,0,1,1,0,1,1,1,1.0,0.0,1.0,1.0,1.0,68.33,0.5892,1,1,44997,0,NO,0,1,74.08
311,446,SPONTANEOUS_ADVENTURER,1,0,1,0,1,0,1,1,2,0,0,0.5,0.1429,1.0,0.0,0.0,46.19,0.6481,0,0,0,1,YES,0,2,80.19
1010,256,SOCIAL_EXPLORER,1,1,1,0,0,0,1,1,0,0,0,1.0,0.25,0.0,0.0,0.0,42.5,0.6354,1,0,0,0,YES,0,2,64.5
285,609,SOCIAL_EXPLORER,2,2,2,0,0,0,1,0,0,0,0,0.5,0.0,0.0,0.0,0.0,10.0,0.1029,0,0,0,0,NO,0,0,0.0
994,790,CAUTIOUS_INTROVERT,0,1,0,1,0,1,1,1,0,0,0,0.5,0.1429,0.0,0.0,0.0,42.02,0.4587,1,0,0,1,SAVE_ONLY,0,1,54.02
540,297,BUDGET_CONSCIOUS,0,1,0,1,0,1,1,1,1,0,0,1.0,0.25,1.0,0.0,0.0,64.17,0.7669,1,1,52731,1,YES,1,3,100.0
786,896,BUDGET_CONSCIOUS,2,1,1,0,0,0,1,2,2,0,1,1.0,0.3333,1.0,0.0,1.0,53.33,0.1178,1,0,0,0,NO,0,0,35.33
610,815,SELECTIVE_PLANNER,1,0,1,0,1,0,1,2,1,0,1,1.0,0.2857,0.5,0.0,1.0,59.05,0.7111,0,0,0,0,YES,1,3,100.0
640,853,BUDGET_CONSCIOUS,1,1,0,0,0,1,1,0,0,0,1,1.0,0.0,0.0,0.0,1.0,48.33,0.5539,1,1,42967,0,NO,0,1,53.37
473,671,SOCIAL_EXPLORER,1,0,0,0,1,1,1,1,0,0,0,0.5,0.1667,0.0,0.0,0.0,42.5,0.6591,1,0,0,0,YES,0,2,64.5
1012,342,SOCIAL_EXPLORER,1,0,0,0,1,1,1,3,1,1,1,0.5,0.75,0.5,1.0,1.0,74.17,1.0,1,1,57256,0,SUPER_LIKE,1,3,100.0
26,385,SOCIAL_EXPLORER,2,1,0,0,0,1,1,3,0,0,1,0.5,0.5,0.0,0.0,1.0,42.5,0.4972,0,0,0,0,NO,0,0,24.5
909,536,BUDGET_CONSCIOUS,0,2,1,1,0,0,1,1,1,1,1,1.0,0.3333,0.5,1.0,1.0,64.17,0.6748,1,0,0,1,YES,0,2,98.17
933,437,SPONTANEOUS_ADVENTURER,0,0,0,1,1,1,1,0,0,0,1,0.5,0.0,0.0,0.0,1.0,50.0,0.5336,0,0,0,1,SAVE_ONLY,0,1,62.0
433,355,SELECTIVE_PLANNER,1,0,1,0,1,0,1,0,0,0,0,1.0,0.0,0.0,0.0,0.0,43.33,0.668,0,0,0,1,YES,0,2,77.33
49,997,CAUTIOUS_INTROVERT,1,0,2,0,1,0,1,3,0,1,1,0.5,0.5,0.0,1.0,1.0,52.5,0.3748,1,1,22003,0,NO,0,1,50.2
745,839,CAUTIOUS_INTROVERT,0,0,0,1,1,1,1,0,0,0,1,0.5,0.0,0.0,0.0,1.0,50.0,0.3849,0,0,0,0,NO,0,0,32.0
472,722,SOCIAL_EXPLORER,1,0,0,0,1,1,1,1,0,1,1,0.5,0.1667,0.0,1.0,1.0,57.5,0.7088,0,0,0,1,YES,1,3,100.0
912,24,SOCIAL_EXPLORER,1,1,2,0,0,0,1,1,0,0,1,1.0,0.2,0.0,0.0,1.0,40.67,0.5003,1,1,32889,1,SAVE_ONLY,0,1,72.18
291,480,SPONTANEOUS_ADVENTURER,2,1,0,0,0,1,1,1,1,0,1,0.5,0.25,0.5,0.0,1.0,42.5,0.6412,1,1,48088,1,YES,0,2,100.0
268,919,SOCIAL_EXPLORER,0,0,0,1,1,1,1,0,0,0,0,0.3333,0.0,0.0,0.0,0.0,41.67,0.5887,1,0,0,1,SAVE_ONLY,0,1,53.67
988,606,SOCIAL_EXPLORER,0,0,1,1,1,0,1,1,0,0,0,0.5,0.1667,0.0,0.0,0.0,42.5,0.5624,1,1,38091,0,NO,0,1,45.83
736,91,SOCIAL_EXPLORER,1,2,0,0,0,1,1,2,1,0,0,0.5,0.2857,0.3333,0.0,0.0,36.55,0.6661,1,1,36043,0,YES,0,2,79.17
323,177,SOCIAL_EXPLORER,1,0,0,0,1,1,1,1,0,0,0,0.5,0.25,0.0,0.0,0.0,44.17,0.5843,1,1,34517,0,NO,0,1,46.25
112,570,CAUTIOUS_INTROVERT,1,0,1,0,1,0,2,3,0,1,1,1.0,0.75,0.0,1.0,1.0,73.33,0.8793,1,0,0,0,YES,1,3,100.0
253,238,BUDGET_CONSCIOUS,0,1,1,1,0,0,1,2,1,0,0,1.0,0.5,1.0,0.0,0.0,63.33,0.6623,1,0,0,0,YES,0,2,85.33
215,617,CAUTIOUS_INTROVERT,1,1,1,0,0,0,1,0,0,0,0,0.5,0.0,0.0,0.0,0.0,27.5,0.3858,1,1,20743,0,NO,0,1,24.76
825,557,SELECTIVE_PLANNER,0,0,0,1,1,1,1,0,0,0,0,1.0,0.0,0.0,0.0,0.0,55.0,0.6838,0,0,0,0,YES,0,2,77.0
527,784,BUDGET_CONSCIOUS,2,0,2,0,1,0,1,2,1,1,1,0.5,0.4,0.3333,1.0,1.0,48.0,0.1379,1,0,0,0,NO,0,0,30.0
384,844,SOCIAL_EXPLORER,0,1,0,1,0,1,1,1,1,1,0,0.5,0.2,1.0,1.0,0.0,63.17,0.8733,1,1,49953,1,YES,1,3,100.0
92,931,CAUTIOUS_INTROVERT,1,1,1,0,0,0,1,0,0,0,0,1.0,0.0,0.0,0.0,0.0,37.5,0.264,0,0,0,0,NO,0,0,19.5
100,356,SOCIAL_EXPLORER,1,2,1,0,0,0,1,1,1,1,0,0.5,0.2,1.0,1.0,0.0,45.67,0.6538,1,1,34879,0,YES,0,2,87.88
466,88,BUDGET_CONSCIOUS,2,1,1,0,0,0,1,0,0,0,0,0.5,0.0,0.0,0.0,0.0,21.67,0.0,1,0,0,0,NO,0,0,3.67
1002,199,CAUTIOUS_INTROVERT,1,0,1,0,1,0,1,0,1,0,0,0.5,0.0,0.3333,0.0,0.0,36.67,0.2687,1,1,20837,0,NO,0,1,33.96
805,57,SPONTANEOUS_ADVENTURER,1,2,1,0,0,0,1,1,0,0,1,0.5,0.25,0.0,0.0,1.0,31.67,0.3161,1,1,19161,0,NO,0,1,28.38
681,251,BUDGET_CONSCIOUS,0,0,1,1,1,0,1,0,0,0,0,0.5,0.0,0.0,0.0,0.0,39.17,0.6416,0,0,0,0,YES,0,2,61.17
248,922,SOCIAL_EXPLORER,0,0,0,1,1,1,1,1,1,0,0,0.5,0.2,0.3333,0.0,0.0,52.33,0.7009,0,0,0,1,YES,1,3,100.0
363,707,BUDGET_CONSCIOUS,1,1,2,0,0,0,1,2,1,1,0,1.0,0.5,0.3333,1.0,0.0,55.0,0.6079,1,0,0,1,SAVE_ONLY,0,1,67.0
911,463,CAUTIOUS_INTROVERT,1,1,1,0,0,0,1,2,1,0,1,1.0,0.3333,0.3333,0.0,1.0,52.5,0.8016,1,1,54754,0,YES,1,3,100.0
265,109,SOCIAL_EXPLORER,1,1,1,0,0,0,1,0,0,0,0,1.0,0.0,0.0,0.0,0.0,37.5,0.7166,1,1,38214,0,YES,1,3,100.0
333,501,SOCIAL_EXPLORER,0,1,0,1,0,1,1,2,0,0,0,0.5,0.5,0.0,0.0,0.0,49.17,0.5915,0,0,0,1,SAVE_ONLY,0,1,61.17
590,825,SOCIAL_EXPLORER,0,2,1,1,0,0,1,0,0,0,0,1.0,0.0,0.0,0.0,0.0,37.5,0.6861,1,0,0,0,YES,0,2,59.5
413,93,SOCIAL_EXPLORER,1,1,2,0,0,0,1,1,2,0,1,0.5,0.2,1.0,0.0,1.0,40.67,0.4178,1,0,0,0,NO,0,0,22.67
62,691,CAUTIOUS_INTROVERT,2,1,0,0,0,1,1,0,0,0,0,1.0,0.0,0.0,0.0,0.0,37.5,0.4237,1,0,0,1,SAVE_ONLY,0,1,49.5
508,19,SOCIAL_EXPLORER,0,0,1,1,1,0,1,2,1,1,1,0.5,0.5,0.5,1.0,1.0,69.17,0.8344,1,1,50476,1,YES,1,3,100.0
375,195,CAUTIOUS_INTROVERT,2,0,0,0,1,1,1,1,0,0,0,1.0,0.1429,0.0,0.0,0.0,46.19,0.5171,0,0,0,1,SAVE_ONLY,0,1,58.19
487,921,SPONTANEOUS_ADVENTURER,1,0,0,0,1,1,1,0,1,0,1,0.3333,0.0,0.5,0.0,1.0,45.83,0.6857,0,0,0,0,YES,0,2,67.83
883,367,SOCIAL_EXPLORER,0,2,0,1,0,1,1,1,1,0,0,0.5,0.2,0.5,0.0,0.0,42.33,0.7525,1,1,44888,0,YES,1,3,100.0
648,859,BUDGET_CONSCIOUS,0,0,0,1,1,1,1,0,0,1,1,0.5,0.0,0.0,1.0,1.0,60.0,0.8714,1,1,52084,0,SUPER_LIKE,1,3,100.0
610,745,SELECTIVE_PLANNER,1,0,1,0,1,0,1,1,1,0,0,0.5,0.1667,0.5,0.0,0.0,41.67,0.6269,1,1,39348,0,YES,0,2,85.44
484,596,BUDGET_CONSCIOUS,1,1,1,0,0,0,1,1,0,0,1,1.0,0.1429,0.0,0.0,1.0,45.36,0.4184,0,0,0,0,NO,0,0,27.36
694,388,CAUTIOUS_INTROVERT,1,0,1,0,1,0,1,3,1,1,1,1.0,1.0,0.3333,1.0,1.0,81.67,0.8629,1,1,55799,0,YES,1,3,100.0
600,39,SPONTANEOUS_ADVENTURER,0,1,1,1,0,0,1,1,0,0,0,1.0,0.1667,0.0,0.0,0.0,46.67,0.7164,1,0,0,0,YES,1,3,98.67
365,396,BUDGET_CONSCIOUS,1,0,1,0,1,0,1,0,0,0,0,0.5,0.0,0.0,0.0,0.0,33.33,0.4686,0,0,0,1,SAVE_ONLY,0,1,45.33
891,303,SPONTANEOUS_ADVENTURER,1,1,0,0,0,1,1,2,0,0,0,0.5,0.6667,0.0,0.0,0.0,46.67,0.7166,1,1,43797,1,YES,1,3,100.0
452,677,SELECTIVE_PLANNER,0,0,1,1,1,0,1,1,1,1,0,1.0,0.1667,0.5,1.0,0.0,67.5,1.0,1,1,57317,0,YES,1,3,100.0
637,614,CAUTIOUS_INTROVERT,0,0,2,1,1,0,1,0,0,0,0,1.0,0.0,0.0,0.0,0.0,43.33,0.1185,0,0,0,0,NO,0,0,25.33
222,366,CAUTIOUS_INTROVERT,0,2,1,1,0,0,1,3,1,0,0,0.5,0.6,1.0,0.0,0.0,49.5,0.7233,1,1,46644,1,YES,1,3,100.0
264,450,SOCIAL_EXPLORER,1,0,1,0,1,0,1,0,0,0,0,0.5,0.0,0.0,0.0,0.0,33.33,0.4676,1,1,39598,0,NO,0,1,37.19
703,938,SOCIAL_EXPLORER,1,0,0,0,1,1,1,1,1,0,0,0.3333,0.2,0.5,0.0,0.0,44.83,0.7455,1,0,0,0,YES,1,3,96.83
497,66,SELECTIVE_PLANNER,0,0,0,1,1,1,1,1,1,0,0,0.5,0.25,0.5,0.0,0.0,55.0,0.7855,1,1,54547,0,YES,1,3,100.0
242,887,SPONTANEOUS_ADVENTURER,0,1,1,1,0,0,2,2,1,0,0,0.6667,0.3333,0.5,0.0,0.0,48.33,0.673,1,0,0,1,YES,0,2,82.33
869,464,SOCIAL_EXPLORER,1,1,1,0,0,0,1,1,1,0,1,1.0,0.2,0.5,0.0,1.0,51.5,0.6368,0,0,0,1,YES,0,2,85.5
543,976,CAUTIOUS_INTROVERT,1,1,0,0,0,1,1,2,1,0,0,1.0,0.3333,0.3333,0.0,0.0,53.33,0.7292,0,0,0,1,YES,1,3,100.0
243,388,SPONTANEOUS_ADVENTURER,1,1,0,0,0,1,1,0,0,0,0,1.0,0.0,0.0,0.0,0.0,43.33,0.6338,1,1,46083,1,YES,0,2,100.0
784,855,CAUTIOUS_INTROVERT,1,0,1,0,1,0,1,1,0,0,0,0.5,0.2,0.0,0.0,0.0,37.33,0.3571,0,0,0,0,NO,0,0,19.33
617,859,SPONTANEOUS_ADVENTURER,1,0,0,0,1,1,1,0,0,0,0,1.0,0.0,0.0,0.0,0.0,49.17,0.6001,1,1,35087,1,SAVE_ONLY,0,1,81.45
525,455,CAUTIOUS_INTROVERT,1,1,1,0,0,0,1,1,0,0,0,0.3333,0.2,0.0,0.0,0.0,28.17,0.3781,0,0,0,0,NO,0,0,10.17
608,265,BUDGET_CONSCIOUS,1,1,0,0,0,1,1,2,1,0,0,1.0,0.4,1.0,0.0,0.0,61.33,0.64,1,1,41216,0,YES,0,2,100.0
790,984,CAUTIOUS_INTROVERT,1,1,2,0,0,0,1,1,1,0,1,1.0,0.2,1.0,0.0,1.0,50.67,0.1589,0,0,0,0,NO,0,0,32.67
265,382,SOCIAL_EXPLORER,1,2,2,0,0,0,1,1,1,1,0,1.0,0.1667,1.0,1.0,0.0,49.17,0.5203,1,1,33212,1,SAVE_ONLY,0,1,80.79
100,628,SOCIAL_EXPLORER,0,1,1,1,0,0,1,0,0,0,0,0.5,0.0,0.0,0.0,0.0,33.33,0.4757,1,0,0,1,SAVE_ONLY,0,1,45.33
155,310,SPONTANEOUS_ADVENTURER,0,2,0,1,0,1,1,1,1,0,1,0.3333,0.2,1.0,0.0,1.0,49.0,0.6037,1,0,0,1,SAVE_ONLY,0,1,61.0
513,271,CAUTIOUS_INTROVERT,2,1,1,0,0,0,1,2,1,0,0,0.5,0.2857,0.3333,0.0,0.0,30.71,0.4733,1,1,26616,0,NO,0,1,30.03
710,673,SOCIAL_EXPLORER,1,2,1,0,0,0,1,2,1,0,0,0.5,0.6667,1.0,0.0,0.0,45.0,0.6959,1,1,40318,1,YES,0,2,100.0
971,938,BUDGET_CONSCIOUS,0,2,0,1,0,1,1,0,0,0,0,1.0,0.0,0.0,0.0,0.0,43.33,0.5391,0,0,0,0,NO,0,0,25.33
22,436,SOCIAL_EXPLORER,1,0,2,0,1,0,1,3,1,1,1,1.0,0.75,0.3333,1.0,1.0,70.83,0.5427,0,0,0,0,NO,0,0,52.83
373,970,SOCIAL_EXPLORER,1,2,0,0,0,1,1,2,1,1,0,1.0,0.4,1.0,1.0,0.0,65.5,0.8038,1,1,44411,1,YES,1,3,100.0
731,654,CAUTIOUS_INTROVERT,1,0,1,0,1,0,1,1,0,0,0,0.5,0.2,0.0,0.0,0.0,37.33,0.4712,1,1,33377,1,SAVE_ONLY,0,1,69.01
60,844,SELECTIVE_PLANNER,1,0,1,0,1,0,1,1,1,0,1,1.0,0.2,0.5,0.0,1.0,57.33,0.8286,1,1,48103,0,YES,1,3,100.0
88,812,CAUTIOUS_INTROVERT,2,1,1,0,0,0,1,1,1,0,1,0.5,0.2,0.3333,0.0,1.0,34.0,0.2718,1,1,28648,0,NO,0,1,34.03
881,845,CAUTIOUS_INTROVERT,0,1,0,1,0,1,1,1,0,0,0,1.0,0.1667,0.0,0.0,0.0,52.5,0.4971,0,0,0,1,SAVE_ONLY,0,1,64.5
607,205,SOCIAL_EXPLORER,0,1,1,1,0,0,1,2,1,0,0,0.3333,0.2857,1.0,0.0,0.0,45.71,0.6895,1,1,46091,0,YES,0,2,91.84
723,444,BUDGET_CONSCIOUS,1,0,0,0,1,1,1,2,1,0,0,1.0,0.4,0.5,0.0,0.0,62.17,0.647,1,1,49457,0,YES,0,2,100.0
509,904,SOCIAL_EXPLORER,1,1,1,0,0,0,1,0,0,0,0,1.0,0.0,0.0,0.0,0.0,37.5,0.5506,1,0,0,1,SAVE_ONLY,0,1,49.5
251,378,BUDGET_CONSCIOUS,0,1,0,1,0,1,1,2,1,0,1,0.5,0.4,1.0,0.0,1.0,62.17,0.786,1,1,47517,0,YES,1,3,100.0
1011,976,BUDGET_CONSCIOUS,1,1,2,0,0,0,1,1,1,0,0,0.5,0.1429,0.3333,0.0,0.0,27.86,0.2728,0,0,0,0,NO,0,0,9.86
148,950,PASSIVE_BROWSER,0,1,0,1,0,1,1,0,0,0,0,1.0,0.0,0.0,0.0,0.0,49.17,0.2072,1,1,9776,0,NO,0,0,42.59
163,144,CAUTIOUS_INTROVERT,0,1,1,1,0,0,1,0,0,0,0,0.5,0.0,0.0,0.0,0.0,33.33,0.4472,1,1,25307,1,SAVE_ONLY,0,1,62.19
241,467,BUDGET_CONSCIOUS,0,0,2,1,1,0,1,0,0,0,0,1.0,0.0,0.0,0.0,0.0,43.33,0.6498,1,1,43416,1,YES,0,2,100.0
74,328,SOCIAL_EXPLORER,1,0,1,0,1,0,1,1,0,0,0,1.0,0.2,0.0,0.0,0.0,47.33,0.7074,1,1,37601,0,YES,1,3,100.0
624,727,BUDGET_CONSCIOUS,0,1,2,1,0,0,1,1,0,0,0,0.3333,0.125,0.0,0.0,0.0,26.67,0.5289,1,1,40415,1,SAVE_ONLY,0,1,60.82
778,741,SPONTANEOUS_ADVENTURER,0,0,1,1,1,0,1,0,0,0,0,0.3333,0.0,0.0,0.0,0.0,35.83,0.4018,0,0,0,0,NO,0,0,17.83
344,441,BUDGET_CONSCIOUS,1,0,1,0,1,0,1,1,0,0,0,1.0,0.1667,0.0,0.0,0.0,46.67,0.5738,0,0,0,0,NO,0,0,28.67
453,409,SPONTANEOUS_ADVENTURER,1,0,1,0,1,0,1,3,1,1,0,1.0,0.75,1.0,1.0,0.0,78.33,1.0,1,1,58834,1,YES,1,3,100.0
536,108,BUDGET_CONSCIOUS,1,0,1,0,1,0,1,2,2,1,1,0.5,0.6667,1.0,1.0,1.0,71.67,0.6715,0,0,0,0,YES,0,2,93.67
712,657,BUDGET_CONSCIOUS,0,2,0,1,0,1,1,1,0,0,0,0.3333,0.25,0.0,0.0,0.0,35.0,0.3767,1,1,26716,0,NO,0,1,34.35
883,942,SOCIAL_EXPLORER,1,1,1,0,0,0,1,1,0,0,0,0.5,0.1429,0.0,0.0,0.0,30.36,0.4801,0,0,0,1,SAVE_ONLY,0,1,42.36
622,471,SPONTANEOUS_ADVENTURER,0,1,0,1,0,1,1,1,1,0,0,1.0,0.2,1.0,0.0,0.0,63.17,0.8337,1,1,56532,1,YES,1,3,100.0
451,376,CAUTIOUS_INTROVERT,0,1,1,1,0,0,1,0,1,0,0,0.3333,0.0,1.0,0.0,0.0,40.0,0.4256,1,0,0,1,SAVE_ONLY,0,1,52.0
734,405,SOCIAL_EXPLORER,0,0,0,1,1,1,2,2,1,1,0,1.0,0.5,0.5,1.0,0.0,80.0,1.0,1,1,59173,0,YES,1,3,100.0
915,523,SOCIAL_EXPLORER,1,1,1,0,0,0,1,1,0,0,0,1.0,0.2,0.0,0.0,0.0,41.5,0.6809,1,1,42394,1,YES,0,2,98.34
816,749,SELECTIVE_PLANNER,0,0,1,1,1,0,1,0,0,0,0,0.5,0.0,0.0,0.0,0.0,39.17,0.5237,1,1,36665,0,NO,0,1,42.0
416,438,SPONTANEOUS_ADVENTURER,1,1,1,0,0,0,1,2,1,0,1,0.3333,0.3333,1.0,0.0,1.0,45.83,0.7021,1,1,42787,0,YES,1,3,100.0
576,98,BUDGET_CONSCIOUS,0,0,1,1,1,0,1,0,0,0,0,0.5,0.0,0.0,0.0,0.0,39.17,0.4569,1,0,0,1,SAVE_ONLY,0,1,51.17
811,736,SOCIAL_EXPLORER,0,0,0,1,1,1,1,0,0,0,0,0.3333,0.0,0.0,0.0,0.0,41.67,0.697,1,1,42181,1,YES,0,2,98.43
457,888,SOCIAL_EXPLORER,0,0,2,1,1,0,1,0,0,0,0,0.5,0.0,0.0,0.0,0.0,33.33,0.1464,1,0,0,0,NO,0,0,15.33
50,680,SOCIAL_EXPLORER,1,1,1,0,0,0,1,1,0,0,0,0.5,0.1429,0.0,0.0,0.0,30.36,0.3909,0,0,0,0,NO,0,0,12.36
874,949,BUDGET_CONSCIOUS,1,0,0,0,1,1,1,2,1,0,1,0.5,0.5,1.0,0.0,1.0,64.17,0.6921,0,0,0,1,YES,0,2,98.17
28,851,SELECTIVE_PLANNER,0,0,0,1,1,1,1,1,1,0,1,0.3333,0.1667,0.5,0.0,1.0,55.0,0.8011,1,0,0,1,YES,1,3,100.0
408,711,BUDGET_CONSCIOUS,0,1,0,1,0,1,1,4,1,1,1,0.3333,0.8,1.0,1.0,1.0,76.83,0.9948,1,1,66569,0,YES,1,3,100.0
468,147,BUDGET_CONSCIOUS,1,0,0,0,1,1,1,2,1,1,0,0.5,0.4,1.0,1.0,0.0,67.17,0.7444,1,1,40521,0,YES,1,3,100.0
627,693,SOCIAL_EXPLORER,1,0,0,0,1,1,1,0,1,1,0,0.5,0.0,0.5,1.0,0.0,54.17,0.6281,1,1,40727,0,YES,0,2,98.42
285,337,SOCIAL_EXPLORER,0,2,0,1,0,1,1,1,1,0,0,0.5,0.1667,0.5,0.0,0.0,41.67,0.6963,0,0,0,0,YES,0,2,63.67
577,675,SOCIAL_EXPLORER,1,1,1,0,0,0,1,3,2,1,1,1.0,0.6,1.0,1.0,1.0,74.5,0.9273,1,1,59871,0,SUPER_LIKE,1,3,100.0
664,766,SOCIAL_EXPLORER,1,1,0,0,0,1,1,1,0,0,0,0.5,0.1667,0.0,0.0,0.0,36.67,0.5161,0,0,0,1,SAVE_ONLY,0,1,48.67
709,986,BUDGET_CONSCIOUS,0,1,1,1,0,0,1,0,0,0,0,1.0,0.0,0.0,0.0,0.0,43.33,0.6619,1,1,44353,1,YES,0,2,100.0
809,966,SELECTIVE_PLANNER,0,0,0,1,1,1,2,0,0,0,0,0.6667,0.0,0.0,0.0,0.0,48.33,0.6508,1,0,0,0,YES,0,2,70.33
399,843,SPONTANEOUS_ADVENTURER,1,1,0,0,0,1,1,1,2,0,1,0.3333,0.2,1.0,0.0,1.0,49.0,0.6271,0,0,0,1,YES,0,2,83.0
702,912,SOCIAL_EXPLORER,0,1,0,1,0,1,1,1,0,0,0,0.5,0.1667,0.0,0.0,0.0,42.5,0.7322,1,1,52560,0,YES,1,3,100.0
642,792,CAUTIOUS_INTROVERT,1,1,0,0,0,1,1,0,0,1,0,1.0,0.0,0.0,1.0,0.0,53.33,0.4813,1,0,0,1,SAVE_ONLY,0,1,65.33
939,826,SPONTANEOUS_ADVENTURER,2,1,1,0,0,0,1,2,0,1,1,1.0,1.0,0.0,1.0,1.0,66.67,0.6328,0,0,0,1,YES,0,2,100.0
229,893,SOCIAL_EXPLORER,1,0,0,0,1,1,1,1,1,1,0,0.3333,0.1429,0.5,1.0,0.0,53.69,0.5961,1,0,0,1,SAVE_ONLY,0,1,65.69
487,611,SPONTANEOUS_ADVENTURER,0,0,1,1,1,0,1,1,0,0,1,0.5,0.25,0.0,0.0,1.0,49.17,0.8584,1,1,55708,0,YES,1,3,100.0
753,164,SELECTIVE_PLANNER,1,0,1,0,1,0,1,0,0,0,1,0.5,0.0,0.0,0.0,1.0,38.33,0.6545,0,0,0,0,YES,0,2,60.33
640,377,BUDGET_CONSCIOUS,0,0,0,1,1,1,1,0,0,0,0,1.0,0.0,0.0,0.0,0.0,55.0,0.744,1,1,50115,0,YES,1,3,100.0
855,844,SELECTIVE_PLANNER,0,0,1,1,1,0,1,0,1,1,0,1.0,0.0,1.0,1.0,0.0,69.17,0.9836,1,1,55323,1,SUPER_LIKE,1,3,100.0
305,700,SOCIAL_EXPLORER,0,0,0,1,1,1,1,2,1,0,0,0.3333,0.3333,0.5,0.0,0.0,53.33,0.8339,1,1,51676,1,YES,1,3,100.0
717,737,SOCIAL_EXPLORER,0,0,0,1,1,1,1,2,0,0,1,0.5,0.4,0.0,0.0,1.0,58.0,0.8402,1,1,54437,0,SUPER_LIKE,1,3,100.0
688,924,BUDGET_CONSCIOUS,1,2,1,0,0,0,1,3,1,1,1,0.5,0.75,1.0,1.0,1.0,61.67,0.6068,1,0,0,1,SAVE_ONLY,0,1,73.67
322,423,BUDGET_CONSCIOUS,1,0,0,0,1,1,1,2,1,1,0,0.5,0.4,0.5,1.0,0.0,62.17,0.631,1,1,38559,1,YES,0,2,100.0
285,987,SOCIAL_EXPLORER,1,1,0,0,0,1,1,0,0,0,0,1.0,0.0,0.0,0.0,0.0,43.33,0.7225,1,1,49125,0,YES,1,3,100.0
766,785,SPONTANEOUS_ADVENTURER,2,1,1,0,0,0,1,1,1,0,1,0.5,0.25,0.5,0.0,1.0,36.67,0.6971,1,1,47458,0,YES,0,2,83.28
483,84,BUDGET_CONSCIOUS,1,1,1,0,0,0,1,3,1,1,1,1.0,0.75,0.5,1.0,1.0,72.5,0.7255,1,1,41859,1,YES,1,3,100.0
639,70,CAUTIOUS_INTROVERT,0,1,1,1,0,0,1,1,2,1,1,0.3333,0.25,1.0,1.0,1.0,60.0,0.6237,1,1,46636,1,YES,0,2,100.0
514,23,SOCIAL_EXPLORER,1,0,1,0,1,0,1,1,0,0,1,0.25,0.25,0.0,0.0,1.0,38.33,0.658,0,0,0,1,YES,0,2,72.33
811,108,SOCIAL_EXPLORER,0,0,1,1,1,0,1,2,1,0,0,0.3333,0.4,0.5,0.0,0.0,48.83,0.6583,0,0,0,1,YES,0,2,82.83
22,260,SOCIAL_EXPLORER,0,0,0,1,1,1,1,2,1,0,0,1.0,0.4,0.5,0.0,0.0,68.0,0.9786,1,1,63845,0,YES,1,3,100.0
693,532,SOCIAL_EXPLORER,0,1,1,1,0,0,1,3,1,1,1,0.5,0.75,0.5,1.0,1.0,68.33,0.7342,1,0,0,1,YES,1,3,100.0
781,434,BUDGET_CONSCIOUS,1,0,0,0,1,1,1,1,0,0,0,1.0,0.2,0.0,0.0,0.0,53.17,0.4181,1,1,23759,0,NO,0,1,51.49
536,702,BUDGET_CONSCIOUS,1,1,0,0,0,1,1,1,1,0,0,0.5,0.2,0.5,0.0,0.0,42.33,0.5702,0,0,0,1,SAVE_ONLY,0,1,54.33
273,268,SOCIAL_EXPLORER,1,2,0,0,0,1,1,1,0,0,0,1.0,0.1429,0.0,0.0,0.0,40.36,0.5164,0,0,0,0,NO,0,0,22.36
807,783,SOCIAL_EXPLORER,0,1,1,1,0,0,1,1,1,0,1,0.5,0.2,0.5,0.0,1.0,47.33,0.6496,0,0,0,0,YES,0,2,69.33
582,920,CAUTIOUS_INTROVERT,1,0,0,0,1,1,1,1,0,0,0,0.5,0.125,0.0,0.0,0.0,41.67,0.5036,1,1,35914,1,SAVE_ONLY,0,1,74.24
559,814,SOCIAL_EXPLORER,1,1,1,0,0,0,1,1,1,0,0,1.0,0.2,1.0,0.0,0.0,51.5,0.6716,1,0,0,0,YES,0,2,73.5
305,838,SOCIAL_EXPLORER,1,1,0,0,0,1,1,2,1,0,0,0.3333,0.4,1.0,0.0,0.0,48.0,0.6554,1,1,41708,1,YES,0,2,100.0
532,347,SELECTIVE_PLANNER,1,2,1,0,0,0,1,2,0,0,0,1.0,0.2857,0.0,0.0,0.0,37.38,0.1298,0,0,0,0,NO,0,0,19.38
1011,836,BUDGET_CONSCIOUS,1,0,0,0,1,1,1,1,0,0,0,0.5,0.1429,0.0,0.0,0.0,42.02,0.3901,1,0,0,0,NO,0,0,24.02
23,1007,BUDGET_CONSCIOUS,0,1,0,1,0,1,1,2,1,1,1,0.3333,0.6667,0.5,1.0,1.0,69.17,0.977,1,1,63833,0,YES,1,3,100.0
625,680,CAUTIOUS_INTROVERT,1,1,1,0,0,0,1,4,1,0,0,0.3333,0.8,1.0,0.0,0.0,50.17,0.7049,1,0,0,0,YES,1,3,100.0
380,358,BUDGET_CONSCIOUS,1,1,0,0,0,1,1,1,1,0,0,1.0,0.2,0.5,0.0,0.0,52.33,0.6465,1,1,38634,0,YES,0,2,95.85
992,48,SELECTIVE_PLANNER,2,1,0,0,0,1,1,0,0,0,0,1.0,0.0,0.0,0.0,0.0,37.5,0.2927,0,0,0,0,NO,0,0,19.5
232,825,SOCIAL_EXPLORER,0,2,1,1,0,0,1,1,0,0,0,1.0,0.1667,0.0,0.0,0.0,40.83,0.7177,1,1,43952,1,YES,1,3,100.0
254,453,BUDGET_CONSCIOUS,1,2,0,0,0,1,1,0,0,0,0,1.0,0.0,0.0,0.0,0.0,37.5,0.4679,1,0,0,1,SAVE_ONLY,0,1,49.5
51,90,BUDGET_CONSCIOUS,1,2,1,0,0,0,1,1,0,0,0,1.0,0.1667,0.0,0.0,0.0,35.0,0.4381,1,1,26046,1,SAVE_ONLY,0,1,64.12
233,153,SOCIAL_EXPLORER,0,1,0,1,0,1,1,0,0,0,0,1.0,0.0,0.0,0.0,0.0,49.17,0.8324,1,1,53705,0,SUPER_LIKE,1,3,100.0
487,989,SPONTANEOUS_ADVENTURER,1,2,0,0,0,1,1,1,1,0,1,0.5,0.1667,0.5,0.0,1.0,40.83,0.6455,0,0,0,0,YES,0,2,62.83
571,45,SELECTIVE_PLANNER,0,1,0,1,0,1,1,1,1,1,0,0.5,0.3333,0.5,1.0,0.0,60.83,0.3476,1,0,0,0,NO,0,0,42.83
116,636,SPONTANEOUS_ADVENTURER,0,1,0,1,0,1,1,4,0,1,1,0.3333,1.0,0.0,1.0,1.0,70.83,1.0,1,1,60755,1,SUPER_LIKE,1,3,100.0
332,673,SOCIAL_EXPLORER,1,1,1,0,0,0,1,0,1,0,0,0.5,0.0,0.5,0.0,0.0,32.5,0.4949,0,0,0,1,SAVE_ONLY,0,1,44.5
622,125,SPONTANEOUS_ADVENTURER,1,0,1,0,1,0,1,0,0,0,0,0.5,0.0,0.0,0.0,0.0,33.33,0.5373,1,1,42380,1,SAVE_ONLY,0,1,68.16
61,976,SOCIAL_EXPLORER,0,0,1,1,1,0,1,0,0,0,1,1.0,0.0,0.0,0.0,1.0,54.17,0.4366,0,0,0,0,NO,0,0,36.17
39,836,SOCIAL_EXPLORER,0,1,0,1,0,1,1,2,0,0,0,1.0,0.3333,0.0,0.0,0.0,55.83,0.8013,1,1,45221,0,YES,1,3,100.0
834,627,SOCIAL_EXPLORER,1,0,0,0,1,1,1,0,1,1,0,0.5,0.0,0.5,1.0,0.0,54.17,0.6762,1,1,36390,0,YES,0,2,96.91
650,342,SOCIAL_EXPLORER,0,0,0,1,1,1,1,1,0,0,0,0.5,0.1429,0.0,0.0,0.0,47.86,0.6012,1,1,42229,0,NO,0,1,52.64
776,997,SPONTANEOUS_ADVENTURER,2,1,1,0,0,0,1,1,1,0,1,0.5,0.1667,0.5,0.0,1.0,35.0,0.4984,1,1,38515,1,SAVE_ONLY,0,1,68.48
462,221,BUDGET_CONSCIOUS,2,1,1,0,0,0,1,2,1,0,0,0.5,1.0,1.0,0.0,0.0,51.67,0.0601,1,1,4583,0,NO,0,0,43.27
788,1020,SPONTANEOUS_ADVENTURER,1,1,1,0,0,0,0,0,0,0,0,0.0,0.0,0.0,0.0,0.0,17.5,0.2842,1,1,19226,0,NO,0,1,14.23
810,436,BUDGET_CONSCIOUS,1,0,1,0,1,0,1,1,0,0,0,0.3333,0.2,0.0,0.0,0.0,34.0,0.2223,0,0,0,0,NO,0,0,16.0
274,145,BUDGET_CONSCIOUS,0,1,1,1,0,0,2,1,0,0,1,1.0,0.1429,0.0,0.0,1.0,51.19,0.6734,0,0,0,1,YES,0,2,85.19
554,143,BUDGET_CONSCIOUS,0,1,2,1,0,0,1,1,1,0,1,1.0,0.25,1.0,0.0,1.0,57.5,0.656,1,1,48482,0,YES,0,2,100.0
141,174,SOCIAL_EXPLORER,0,2,1,1,0,0,1,0,1,0,0,0.5,0.0,1.0,0.0,0.0,37.5,0.6759,1,0,0,1,YES,0,2,71.5
533,549,SOCIAL_EXPLORER,2,1,0,0,0,1,1,1,1,1,0,0.5,0.1667,1.0,1.0,0.0,50.83,0.6531,0,0,0,0,YES,0,2,72.83
566,413,SOCIAL_EXPLORER,0,2,0,1,0,1,1,1,1,0,0,0.5,0.1429,0.5,0.0,0.0,41.19,0.6238,1,1,43092,1,YES,0,2,98.27
447,13,CAUTIOUS_INTROVERT,0,0,2,1,1,0,0,0,0,0,0,0.0,0.0,0.0,0.0,0.0,23.33,0.1258,0,0,0,0,NO,0,0,5.33
473,58,SOCIAL_EXPLORER,0,1,2,1,0,0,1,1,1,0,0,1.0,0.1429,0.5,0.0,0.0,45.36,0.4256,1,0,0,1,SAVE_ONLY,0,1,57.36
786,38,BUDGET_CONSCIOUS,1,2,1,0,0,0,1,3,2,1,1,1.0,0.75,1.0,1.0,1.0,71.67,0.6475,1,1,38390,1,YES,0,2,100.0
993,694,SOCIAL_EXPLORER,0,0,2,1,1,0,1,3,1,1,1,1.0,0.6,0.3333,1.0,1.0,73.67,0.6788,1,1,40255,0,YES,0,2,100.0
845,545,CAUTIOUS_INTROVERT,1,0,0,0,1,1,1,0,1,0,0,1.0,0.0,1.0,0.0,0.0,59.17,0.6218,1,1,35789,0,YES,0,2,100.0
526,998,BUDGET_CONSCIOUS,0,1,1,1,0,0,1,1,0,1,0,1.0,0.1429,0.0,1.0,0.0,56.19,0.6163,1,1,42948,1,SAVE_ONLY,0,1,91.22
1013,224,CAUTIOUS_INTROVERT,1,2,2,0,0,0,1,0,0,0,0,0.3333,0.0,0.0,0.0,0.0,12.5,0.0,0,0,0,0,NO,0,0,0.0
772,104,BUDGET_CONSCIOUS,2,2,2,0,0,0,1,1,0,0,0,1.0,0.1429,0.0,0.0,0.0,22.86,0.0,0,0,0,0,NO,0,0,4.86
325,551,SOCIAL_EXPLORER,1,0,1,0,1,0,1,0,0,0,0,0.5,0.0,0.0,0.0,0.0,33.33,0.5746,1,0,0,1,SAVE_ONLY,0,1,45.33
524,998,CAUTIOUS_INTROVERT,1,2,0,0,0,1,1,1,1,0,1,1.0,0.2,1.0,0.0,1.0,56.5,0.5874,1,1,34159,0,NO,0,1,58.46
1002,904,CAUTIOUS_INTROVERT,0,1,1,1,0,0,1,0,0,0,1,0.5,0.0,0.0,0.0,1.0,38.33,0.5057,1,0,0,1,SAVE_ONLY,0,1,50.33
674,504,SPONTANEOUS_ADVENTURER,0,1,0,1,0,1,1,1,1,1,0,0.5,0.2,1.0,1.0,0.0,63.17,0.8393,0,0,0,0,YES,1,3,100.0
303,903,CAUTIOUS_INTROVERT,0,1,0,1,0,1,2,0,0,0,0,1.0,0.0,0.0,0.0,0.0,49.17,0.4759,1,1,36631,1,SAVE_ONLY,0,1,81.99
470,261,SELECTIVE_PLANNER,2,0,1,0,1,0,1,2,1,0,1,0.5,0.5,0.3333,0.0,1.0,45.83,0.5162,1,0,0,1,SAVE_ONLY,0,1,57.83
703,795,SOCIAL_EXPLORER,1,2,2,0,0,0,1,2,0,0,0,0.3333,0.2857,0.0,0.0,0.0,18.21,0.0,0,0,0,0,NO,0,0,0.21
35,877,BUDGET_CONSCIOUS,2,0,0,0,1,1,1,0,0,0,0,0.3333,0.0,0.0,0.0,0.0,30.0,0.0,0,0,0,0,NO,0,0,12.0
242,395,SPONTANEOUS_ADVENTURER,0,1,0,1,0,1,2,1,1,1,0,0.6667,0.1429,0.5,1.0,0.0,60.36,0.9626,1,1,59402,1,SUPER_LIKE,1,3,100.0
546,588,CAUTIOUS_INTROVERT,0,0,1,1,1,0,1,0,0,0,0,1.0,0.0,0.0,0.0,0.0,49.17,0.5859,1,1,43470,1,SAVE_ONLY,0,1,84.38
447,330,CAUTIOUS_INTROVERT,1,2,1,0,0,0,1,1,0,0,0,0.5,0.1429,0.0,0.0,0.0,24.52,0.3103,1,1,21036,0,NO,0,1,21.88
930,827,SPONTANEOUS_ADVENTURER,0,2,1,1,0,0,1,1,0,0,1,0.5,0.2,0.0,0.0,1.0,36.5,0.4775,1,0,0,1,SAVE_ONLY,0,1,48.5
313,845,SELECTIVE_PLANNER,0,0,1,1,1,0,1,1,0,0,1,1.0,0.1667,0.0,0.0,1.0,57.5,0.6371,1,1,37855,0,YES,0,2,100.0
739,510,BUDGET_CONSCIOUS,1,0,2,0,1,0,1,0,0,0,0,0.5,0.0,0.0,0.0,0.0,27.5,0.2054,0,0,0,0,NO,0,0,9.5
936,345,SOCIAL_EXPLORER,1,0,0,0,1,1,1,2,1,1,0,0.5,0.6667,1.0,1.0,0.0,72.5,1.0,1,1,60756,0,YES,1,3,100.0
590,650,SOCIAL_EXPLORER,0,0,0,1,1,1,1,0,0,0,1,1.0,0.0,0.0,0.0,1.0,60.0,0.6564,1,1,40248,0,YES,0,2,100.0
269,579,SOCIAL_EXPLORER,0,0,0,1,1,1,1,2,1,0,0,1.0,0.3333,0.5,0.0,0.0,66.67,0.9336,1,1,58777,0,YES,1,3,100.0
474,347,BUDGET_CONSCIOUS,2,0,0,0,1,1,1,3,0,0,1,0.5,0.4286,0.0,0.0,1.0,46.9,0.0434,0,0,0,0,NO,0,0,28.9
188,918,SOCIAL_EXPLORER,1,1,0,0,0,1,1,0,0,1,1,0.3333,0.0,0.0,1.0,1.0,45.0,0.5122,1,0,0,1,SAVE_ONLY,0,1,57.0
515,777,SOCIAL_EXPLORER,1,0,1,0,1,0,1,0,0,0,0,0.5,0.0,0.0,0.0,0.0,33.33,0.6083,1,1,41296,1,SAVE_ONLY,0,1,67.78
413,590,SOCIAL_EXPLORER,0,2,0,1,0,1,1,1,1,1,0,0.5,0.1667,0.5,1.0,0.0,51.67,0.5829,1,1,38105,0,NO,0,1,55.01
159,1018,CAUTIOUS_INTROVERT,1,0,0,0,1,1,0,0,0,0,0,0.0,0.0,0.0,0.0,0.0,29.17,0.351,1,1,32058,0,NO,0,1,30.39
42,576,CAUTIOUS_INTROVERT,1,1,1,0,0,0,2,2,1,1,1,1.0,0.6667,1.0,1.0,1.0,75.83,0.9758,1,1,58537,0,YES,1,3,100.0
376,449,CAUTIOUS_INTROVERT,1,1,1,0,0,0,1,2,0,1,1,0.3333,0.2857,0.0,1.0,1.0,44.88,0.7131,1,0,0,0,YES,1,3,96.88
925,202,SPONTANEOUS_ADVENTURER,1,1,0,0,0,1,1,0,0,0,0,1.0,0.0,0.0,0.0,0.0,43.33,0.6205,1,1,44585,1,YES,0,2,100.0
883,693,SOCIAL_EXPLORER,0,1,0,1,0,1,1,0,0,0,1,0.5,0.0,0.0,0.0,1.0,44.17,0.7598,1,1,44305,1,YES,1,3,100.0
845,212,CAUTIOUS_INTROVERT,1,0,0,0,1,1,1,1,0,1,0,1.0,0.1667,0.0,1.0,0.0,62.5,0.4968,0,0,0,1,SAVE_ONLY,0,1,74.5
723,395,BUDGET_CONSCIOUS,1,0,0,0,1,1,1,1,1,1,0,0.5,0.1667,0.5,1.0,0.0,57.5,0.6245,1,1,39026,0,YES,0,2,100.0
283,430,SOCIAL_EXPLORER,0,1,1,1,0,0,1,0,0,0,1,0.5,0.0,0.0,0.0,1.0,38.33,0.4369,0,0,0,1,SAVE_ONLY,0,1,50.33
685,265,CAUTIOUS_INTROVERT,0,1,2,1,0,0,1,2,1,1,1,0.5,0.4,1.0,1.0,1.0,60.5,0.6649,1,0,0,1,YES,0,2,94.5
20,938,BUDGET_CONSCIOUS,0,2,0,1,0,1,1,0,0,0,0,0.5,0.0,0.0,0.0,0.0,33.33,0.4727,1,0,0,1,SAVE_ONLY,0,1,45.33
1000,904,SOCIAL_EXPLORER,1,1,1,0,0,0,1,1,0,0,0,0.5,0.2,0.0,0.0,0.0,31.5,0.5762,1,1,40886,1,SAVE_ONLY,0,1,65.81
931,795,SPONTANEOUS_ADVENTURER,0,2,1,1,0,0,1,3,0,0,0,1.0,0.5,0.0,0.0,0.0,47.5,0.6685,1,0,0,1,YES,0,2,81.5
150,853,BUDGET_CONSCIOUS,1,1,1,0,0,0,1,1,0,0,0,0.3333,0.1667,0.0,0.0,0.0,27.5,0.3062,0,0,0,0,NO,0,0,9.5
554,438,BUDGET_CONSCIOUS,2,0,2,0,1,0,1,1,1,0,0,0.5,0.1667,1.0,0.0,0.0,35.0,0.0,1,0,0,0,NO,0,0,17.0
38,798,CAUTIOUS_INTROVERT,0,1,1,1,0,0,1,1,1,0,1,1.0,0.1667,0.5,0.0,1.0,56.67,0.6579,1,1,48816,0,YES,0,2,100.0
534,203,SOCIAL_EXPLORER,1,0,0,0,1,1,1,1,0,1,0,0.5,0.1667,0.0,1.0,0.0,52.5,0.7586,1,1,55421,0,YES,1,3,100.0
521,975,SPONTANEOUS_ADVENTURER,1,1,0,0,0,1,1,0,0,1,0,1.0,0.0,0.0,1.0,0.0,53.33,0.8205,1,0,0,1,YES,1,3,100.0
425,28,SOCIAL_EXPLORER,0,1,1,1,0,0,1,2,1,1,1,0.5,0.5,0.3333,1.0,1.0,61.67,0.8528,1,1,51795,0,YES,1,3,100.0
786,671,BUDGET_CONSCIOUS,0,1,1,1,0,0,1,1,0,1,1,0.5,0.1667,0.0,1.0,1.0,51.67,0.6961,1,0,0,0,YES,0,2,73.67
869,788,SOCIAL_EXPLORER,0,0,1,1,1,0,1,0,1,0,0,1.0,0.0,0.3333,0.0,0.0,52.5,0.6477,0,0,0,1,YES,0,2,86.5
976,510,CAUTIOUS_INTROVERT,0,1,2,1,0,0,1,1,0,0,1,1.0,0.2,0.0,0.0,1.0,46.5,0.4059,0,0,0,0,NO,0,0,28.5
309,296,SOCIAL_EXPLORER,0,0,1,1,1,0,1,0,0,0,0,1.0,0.0,0.0,0.0,0.0,49.17,0.6244,1,1,39271,0,YES,0,2,92.91
247,524,SOCIAL_EXPLORER,0,2,2,1,0,0,1,0,1,0,1,1.0,0.0,1.0,0.0,1.0,46.67,0.4282,0,0,0,1,SAVE_ONLY,0,1,58.67
178,584,BUDGET_CONSCIOUS,2,2,0,0,0,1,1,0,1,0,0,1.0,0.0,1.0,0.0,0.0,41.67,0.1022,1,0,0,0,NO,0,0,23.67
271,599,BUDGET_CONSCIOUS,1,0,0,0,1,1,2,0,0,0,0,1.0,0.0,0.0,0.0,0.0,49.17,0.6257,0,0,0,0,YES,0,2,71.17
56,389,BUDGET_CONSCIOUS,0,2,0,1,0,1,1,1,1,1,1,0.3333,0.25,0.5,1.0,1.0,55.0,0.8326,1,1,48735,0,SUPER_LIKE,1,3,100.0
717,692,SOCIAL_EXPLORER,1,0,1,0,1,0,1,2,2,1,1,0.5,0.4,1.0,1.0,1.0,66.33,0.7226,1,1,46440,1,YES,1,3,100.0
94,765,BUDGET_CONSCIOUS,0,0,1,1,1,0,1,1,0,0,0,0.3333,0.1667,0.0,0.0,0.0,39.17,0.6298,1,1,42322,1,YES,0,2,95.98
365,331,BUDGET_CONSCIOUS,1,0,1,0,1,0,1,0,0,0,0,0.5,0.0,0.0,0.0,0.0,33.33,0.2817,1,1,22497,0,NO,0,1,31.2
1006,901,CAUTIOUS_INTROVERT,0,0,0,1,1,1,1,2,0,0,0,1.0,0.5,0.0,0.0,0.0,65.0,0.7012,1,1,48284,1,YES,1,3,100.0
19,351,SPONTANEOUS_ADVENTURER,2,0,1,0,1,0,1,0,0,0,0,1.0,0.0,0.0,0.0,0.0,37.5,0.5897,1,1,30436,1,SAVE_ONLY,0,1,68.15
861,714,SOCIAL_EXPLORER,2,0,0,0,1,1,1,1,1,0,0,0.3333,0.2,0.3333,0.0,0.0,37.33,0.6475,1,1,41058,0,YES,0,2,81.7
334,505,BUDGET_CONSCIOUS,2,1,0,0,0,1,1,0,0,0,0,0.3333,0.0,0.0,0.0,0.0,24.17,0.0,0,0,0,0,NO,0,0,6.17
891,87,SPONTANEOUS_ADVENTURER,0,1,1,1,0,0,1,1,0,1,0,0.5,0.2,0.0,1.0,0.0,47.33,0.6384,0,0,0,0,YES,0,2,69.33
307,311,CAUTIOUS_INTROVERT,1,0,1,0,1,0,1,1,0,1,0,0.3333,0.2,0.0,1.0,0.0,44.0,0.4291,1,0,0,1,SAVE_ONLY,0,1,56.0
318,78,BUDGET_CONSCIOUS,0,0,1,1,1,0,1,1,0,0,0,0.5,0.1667,0.0,0.0,0.0,42.5,0.6369,1,1,44214,1,YES,0,2,99.97
660,918,BUDGET_CONSCIOUS,2,1,1,0,0,0,1,1,0,1,0,0.5,0.25,0.0,1.0,0.0,36.67,0.0544,0,0,0,0,NO,0,0,18.67
455,934,SELECTIVE_PLANNER,2,2,1,0,0,0,1,0,0,0,1,0.5,0.0,0.0,0.0,1.0,20.83,0.0196,0,0,0,0,NO,0,0,2.83
342,823,SOCIAL_EXPLORER,1,0,1,0,1,0,1,2,1,1,1,0.5,0.5,0.5,1.0,1.0,63.33,0.7796,1,1,42095,0,YES,1,3,100.0
103,701,BUDGET_CONSCIOUS,1,1,1,0,0,0,1,2,1,0,0,0.5,0.5,1.0,0.0,0.0,47.5,0.4334,1,0,0,1,SAVE_ONLY,0,1,59.5
893,150,SOCIAL_EXPLORER,1,2,1,0,0,0,2,1,1,0,0,0.6667,0.1429,0.5,0.0,0.0,32.86,0.6489,1,0,0,1,YES,0,2,66.86
13,405,SOCIAL_EXPLORER,0,0,0,1,1,1,0,0,0,0,0,0.0,0.0,0.0,0.0,0.0,35.0,0.6827,1,1,50046,0,YES,0,2,82.52
812,292,BUDGET_CONSCIOUS,1,1,0,0,0,1,1,0,0,0,0,1.0,0.0,0.0,0.0,0.0,43.33,0.5712,0,0,0,0,NO,0,0,25.33
869,583,SOCIAL_EXPLORER,1,1,0,0,0,1,1,0,0,0,1,0.5,0.0,0.0,0.0,1.0,38.33,0.6324,1,1,36915,1,YES,0,2,93.25
600,393,SPONTANEOUS_ADVENTURER,1,2,1,0,0,0,1,2,1,0,1,1.0,0.4,1.0,0.0,1.0,54.67,0.6786,0,0,0,0,YES,0,2,76.67
400,71,CAUTIOUS_INTROVERT,1,1,1,0,0,0,1,1,0,0,0,1.0,0.25,0.0,0.0,0.0,42.5,0.4183,0,0,0,0,NO,0,0,24.5
307,720,CAUTIOUS_INTROVERT,0,1,1,1,0,0,2,1,0,0,0,1.0,0.3333,0.0,0.0,0.0,50.0,0.374,0,0,0,0,NO,0,0,32.0
18,432,CAUTIOUS_INTROVERT,1,1,2,0,0,0,1,0,0,0,0,1.0,0.0,0.0,0.0,0.0,31.67,0.2454,0,0,0,0,NO,0,0,13.67
966,290,SELECTIVE_PLANNER,1,0,0,0,1,1,1,0,0,0,0,0.3333,0.0,0.0,0.0,0.0,35.83,0.4434,1,1,27330,1,SAVE_ONLY,0,1,65.4
449,621,SPONTANEOUS_ADVENTURER,1,0,0,0,1,1,1,1,1,1,0,0.5,0.1429,1.0,1.0,0.0,62.02,0.8049,0,0,0,1,YES,1,3,100.0
807,899,SOCIAL_EXPLORER,2,0,1,0,1,0,1,0,0,0,0,0.5,0.0,0.0,0.0,0.0,27.5,0.5767,0,0,0,1,SAVE_ONLY,0,1,39.5
113,511,CAUTIOUS_INTROVERT,0,2,2,1,0,0,1,0,0,0,0,0.3333,0.0,0.0,0.0,0.0,18.33,0.0352,0,0,0,0,NO,0,0,0.33
50,679,SOCIAL_EXPLORER,1,1,2,0,0,0,1,3,1,1,0,1.0,0.75,0.5,1.0,0.0,61.67,0.6196,1,1,36478,0,NO,0,1,64.44
825,817,SELECTIVE_PLANNER,1,0,1,0,1,0,1,0,0,0,0,1.0,0.0,0.0,0.0,0.0,43.33,0.5895,1,1,31927,0,NO,0,1,44.5
162,858,SPONTANEOUS_ADVENTURER,0,1,1,1,0,0,1,0,1,0,0,0.5,0.0,0.5,0.0,0.0,38.33,0.5954,1,1,35940,1,SAVE_ONLY,0,1,70.91
123,841,BUDGET_CONSCIOUS,1,0,1,0,1,0,1,1,0,0,0,1.0,0.1667,0.0,0.0,0.0,46.67,0.4456,0,0,0,0,NO,0,0,28.67
849,1016,SELECTIVE_PLANNER,0,2,1,1,0,0,1,1,1,0,1,1.0,0.3333,1.0,0.0,1.0,59.17,0.3866,1,1,30174,0,NO,0,1,59.73
142,291,SOCIAL_EXPLORER,1,1,1,0,0,0,1,1,0,0,1,0.5,0.1667,0.0,0.0,1.0,35.83,0.6263,1,1,34536,1,YES,0,2,89.92
50,996,SOCIAL_EXPLORER,1,1,1,0,0,0,1,0,0,0,0,1.0,0.0,0.0,0.0,0.0,37.5,0.6557,1,0,0,0,YES,0,2,59.5
622,323,SPONTANEOUS_ADVENTURER,0,0,1,1,1,0,1,1,1,0,1,0.5,0.2,1.0,0.0,1.0,58.17,0.7855,0,0,0,1,YES,1,3,100.0
611,557,SOCIAL_EXPLORER,0,2,1,1,0,0,1,1,0,0,1,1.0,0.3333,0.0,0.0,1.0,49.17,0.7528,1,1,52525,0,YES,1,3,100.0
995,461,SELECTIVE_PLANNER,0,2,1,1,0,0,1,1,0,0,0,1.0,0.25,0.0,0.0,0.0,42.5,0.1046,0,0,0,0,NO,0,0,24.5
399,869,SPONTANEOUS_ADVENTURER,1,0,1,0,1,0,1,0,0,0,0,0.5,0.0,0.0,0.0,0.0,33.33,0.65,0,0,0,0,YES,0,2,55.33
82,170,BUDGET_CONSCIOUS,2,2,2,0,0,0,1,2,0,0,1,1.0,0.25,0.0,0.0,1.0,30.0,0.0,0,0,0,0,NO,0,0,12.0
609,962,BUDGET_CONSCIOUS,2,1,0,0,0,1,1,2,0,0,0,0.5,0.3333,0.0,0.0,0.0,34.17,0.0023,0,0,0,0,NO,0,0,16.17
267,227,SOCIAL_EXPLORER,0,1,0,1,0,1,1,0,0,0,0,0.5,0.0,0.0,0.0,0.0,39.17,0.5336,1,0,0,1,SAVE_ONLY,0,1,51.17
875,728,SOCIAL_EXPLORER,0,1,2,1,0,0,2,3,1,1,1,1.0,0.6,1.0,1.0,1.0,74.5,0.8336,1,1,52380,0,SUPER_LIKE,1,3,100.0
33,935,BUDGET_CONSCIOUS,1,1,0,0,0,1,1,1,1,0,0,1.0,0.1667,1.0,0.0,0.0,56.67,0.4985,0,0,0,1,SAVE_ONLY,0,1,68.67
1012,420,SOCIAL_EXPLORER,0,1,0,1,0,1,1,0,0,0,0,0.5,0.0,0.0,0.0,0.0,39.17,0.6714,1,0,0,1,YES,0,2,73.17
157,368,SELECTIVE_PLANNER,2,2,0,0,0,1,1,2,2,1,0,1.0,0.2857,1.0,1.0,0.0,57.38,0.2528,1,0,0,0,NO,0,0,39.38
317,957,BUDGET_CONSCIOUS,1,2,2,0,0,0,1,1,0,0,0,0.25,0.25,0.0,0.0,0.0,15.83,0.2126,1,1,21583,0,NO,0,1,13.38
911,620,CAUTIOUS_INTROVERT,0,0,0,1,1,1,1,2,1,1,1,0.5,0.5,0.3333,1.0,1.0,73.33,0.7672,1,1,52258,1,YES,1,3,100.0
596,898,SELECTIVE_PLANNER,1,1,1,0,0,0,1,2,1,0,1,0.5,0.5,1.0,0.0,1.0,52.5,0.4007,1,1,31427,0,NO,0,1,53.5
162,152,SPONTANEOUS_ADVENTURER,1,1,0,0,0,1,1,0,0,0,0,1.0,0.0,0.0,0.0,0.0,43.33,0.7141,1,1,41257,0,YES,1,3,100.0
219,706,SOCIAL_EXPLORER,1,1,2,0,0,0,1,0,0,0,0,0.5,0.0,0.0,0.0,0.0,21.67,0.1578,0,0,0,0,NO,0,0,3.67
392,624,SOCIAL_EXPLORER,1,1,2,0,0,0,1,3,2,1,1,0.5,0.6,1.0,1.0,1.0,58.67,0.6236,1,0,0,1,YES,0,2,92.67
485,503,BUDGET_CONSCIOUS,1,0,2,0,1,0,1,1,0,0,0,0.5,0.1667,0.0,0.0,0.0,30.83,0.3472,1,1,22716,0,NO,0,1,28.78
267,655,SOCIAL_EXPLORER,1,0,0,0,1,1,1,0,0,0,0,1.0,0.0,0.0,0.0,0.0,49.17,0.6678,1,1,38136,0,YES,0,2,92.52
642,339,CAUTIOUS_INTROVERT,1,0,0,0,1,1,1,1,1,0,1,1.0,0.1667,1.0,0.0,1.0,67.5,0.5866,1,1,37777,0,NO,0,1,70.72
370,655,BUDGET_CONSCIOUS,1,0,2,0,1,0,1,2,1,1,1,1.0,0.5,1.0,1.0,1.0,72.5,0.8194,1,0,0,0,YES,1,3,100.0
132,630,BUDGET_CONSCIOUS,0,0,0,1,1,1,1,0,1,0,0,1.0,0.0,0.5,0.0,0.0,60.0,0.6369,1,1,44916,0,YES,0,2,100.0
227,241,SOCIAL_EXPLORER,2,1,2,0,0,0,1,0,0,0,0,0.5,0.0,0.0,0.0,0.0,15.83,0.0,1,0,0,0,NO,0,0,0.0
43,326,SPONTANEOUS_ADVENTURER,1,0,0,0,1,1,1,2,0,0,0,1.0,0.5,0.0,0.0,0.0,59.17,0.9377,1,1,53341,0,YES,1,3,100.0
86,517,SOCIAL_EXPLORER,0,1,1,1,0,0,1,2,1,0,0,0.5,0.4,1.0,0.0,0.0,51.33,0.7122,1,1,50409,1,YES,1,3,100.0
686,761,PASSIVE_BROWSER,0,1,1,1,0,0,1,0,0,0,0,0.5,0.0,0.0,0.0,0.0,33.33,0.3294,1,1,28963,0,NO,0,1,33.47
637,526,CAUTIOUS_INTROVERT,1,1,1,0,0,0,1,1,0,1,1,1.0,0.2,0.0,1.0,1.0,56.5,0.4604,1,0,0,1,SAVE_ONLY,0,1,68.5
494,963,SOCIAL_EXPLORER,0,1,0,1,0,1,1,1,0,0,1,0.3333,0.1667,0.0,0.0,1.0,44.17,0.7592,1,1,54521,1,YES,1,3,100.0
622,972,SPONTANEOUS_ADVENTURER,1,2,1,0,0,0,1,1,0,0,0,1.0,0.2,0.0,0.0,0.0,35.67,0.4722,1,1,33761,1,SAVE_ONLY,0,1,67.49
57,677,CAUTIOUS_INTROVERT,1,0,2,0,1,0,1,1,0,0,0,1.0,0.2,0.0,0.0,0.0,41.5,0.1909,1,0,0,0,NO,0,0,23.5
337,343,SOCIAL_EXPLORER,1,2,0,0,0,1,1,2,1,0,0,0.5,0.4,1.0,0.0,0.0,45.5,0.7993,1,1,52264,0,YES,1,3,100.0
618,940,CAUTIOUS_INTROVERT,1,0,1,0,1,0,1,1,0,0,1,0.5,0.2,0.0,0.0,1.0,42.33,0.5222,1,0,0,0,NO,0,0,24.33
444,71,CAUTIOUS_INTROVERT,1,1,0,0,0,1,1,3,1,1,1,1.0,0.75,1.0,1.0,1.0,83.33,1.0,1,1,55721,1,YES,1,3,100.0
414,357,CAUTIOUS_INTROVERT,0,1,1,1,0,0,1,2,1,0,0,1.0,0.5,1.0,0.0,0.0,63.33,0.7747,1,1,51832,1,YES,1,3,100.0
498,410,SOCIAL_EXPLORER,1,0,1,0,1,0,1,3,1,1,1,1.0,1.0,1.0,1.0,1.0,88.33,1.0,1,1,60667,0,YES,1,3,100.0
346,941,SPONTANEOUS_ADVENTURER,1,2,1,0,0,0,1,0,0,0,0,1.0,0.0,0.0,0.0,0.0,31.67,0.3403,0,0,0,0,NO,0,0,13.67
595,419,CAUTIOUS_INTROVERT,1,0,0,0,1,1,1,1,0,0,0,1.0,0.1667,0.0,0.0,0.0,52.5,0.5727,1,0,0,1,SAVE_ONLY,0,1,64.5
318,900,BUDGET_CONSCIOUS,2,0,2,0,1,0,1,0,0,0,0,0.5,0.0,0.0,0.0,0.0,21.67,0.0,0,0,0,0,NO,0,0,3.67
888,480,CAUTIOUS_INTROVERT,1,2,1,0,0,0,2,2,0,0,0,1.0,0.4,0.0,0.0,0.0,39.67,0.5795,0,0,0,1,SAVE_ONLY,0,1,51.67
309,892,SOCIAL_EXPLORER,2,0,1,0,1,0,1,0,0,0,0,1.0,0.0,0.0,0.0,0.0,37.5,0.4678,1,0,0,1,SAVE_ONLY,0,1,49.5
325,333,SOCIAL_EXPLORER,1,0,0,0,1,1,1,0,0,0,0,1.0,0.0,0.0,0.0,0.0,49.17,0.7197,1,0,0,0,YES,1,3,100.0
717,612,SOCIAL_EXPLORER,1,0,1,0,1,0,1,1,0,0,0,0.5,0.1429,0.0,0.0,0.0,36.19,0.4707,0,0,0,1,SAVE_ONLY,0,1,48.19
37,137,SOCIAL_EXPLORER,1,0,1,0,1,0,1,1,0,0,0,1.0,0.1667,0.0,0.0,0.0,46.67,0.6528,1,1,40710,0,YES,0,2,90.92
547,41,SOCIAL_EXPLORER,1,1,0,0,0,1,1,3,1,0,0,0.5,0.75,1.0,0.0,0.0,58.33,0.9315,1,0,0,1,YES,1,3,100.0
440,98,SOCIAL_EXPLORER,2,0,2,0,1,0,1,1,1,0,0,0.5,0.1667,1.0,0.0,0.0,35.0,0.3358,0,0,0,0,NO,0,0,17.0
551,668,SPONTANEOUS_ADVENTURER,0,0,1,1,1,0,1,1,0,1,0,0.5,0.1429,0.0,1.0,0.0,52.02,0.898,1,1,48721,0,SUPER_LIKE,1,3,100.0
180,777,SOCIAL_EXPLORER,1,1,1,0,0,0,1,1,0,0,0,1.0,0.2,0.0,0.0,0.0,41.5,0.6937,1,0,0,1,YES,0,2,75.5
933,130,SOCIAL_EXPLORER,1,0,0,0,1,1,1,0,0,0,1,1.0,0.0,0.0,0.0,1.0,54.17,0.6831,1,1,49645,0,YES,0,2,100.0
639,860,CAUTIOUS_INTROVERT,1,1,2,0,0,0,1,0,0,0,0,0.5,0.0,0.0,0.0,0.0,21.67,0.0,0,0,0,0,NO,0,0,3.67
255,926,CAUTIOUS_INTROVERT,1,0,0,0,1,1,1,3,1,0,0,0.5,0.5,1.0,0.0,0.0,59.17,0.8102,1,1,57000,0,YES,1,3,100.0
908,153,CAUTIOUS_INTROVERT,1,1,2,0,0,0,1,0,0,0,0,1.0,0.0,0.0,0.0,0.0,31.67,0.1904,1,0,0,0,NO,0,0,13.67
735,33,SOCIAL_EXPLORER,1,0,1,0,1,0,1,1,0,0,0,0.5,0.1667,0.0,0.0,0.0,36.67,0.6985,1,1,48606,0,YES,0,2,83.68
608,206,BUDGET_CONSCIOUS,1,0,0,0,1,1,1,2,1,0,0,0.5,0.4,1.0,0.0,0.0,57.17,0.6827,1,1,45864,1,YES,0,2,100.0
679,646,CAUTIOUS_INTROVERT,0,2,0,1,0,1,1,0,0,0,0,1.0,0.0,0.0,0.0,0.0,43.33,0.5281,0,0,0,0,NO,0,0,25.33
356,481,SPONTANEOUS_ADVENTURER,0,1,0,1,0,1,1,2,1,1,0,0.5,0.3333,1.0,1.0,0.0,65.83,0.8659,1,1,57213,1,SUPER_LIKE,1,3,100.0
892,584,BUDGET_CONSCIOUS,2,1,0,0,0,1,1,2,0,0,0,1.0,0.5,0.0,0.0,0.0,47.5,0.2471,0,0,0,0,NO,0,0,29.5
341,325,CAUTIOUS_INTROVERT,1,0,2,0,1,0,1,1,1,1,0,0.5,0.25,1.0,1.0,0.0,52.5,0.4091,0,0,0,0,NO,0,0,34.5
265,425,SOCIAL_EXPLORER,0,1,0,1,0,1,1,0,1,0,0,1.0,0.0,0.5,0.0,0.0,54.17,0.6392,0,0,0,1,YES,0,2,88.17
996,454,SPONTANEOUS_ADVENTURER,1,2,0,0,0,1,1,0,1,1,0,1.0,0.0,0.3333,1.0,0.0,50.83,0.6323,1,0,0,0,YES,0,2,72.83
443,858,SELECTIVE_PLANNER,1,0,1,0,1,0,1,0,0,0,0,0.5,0.0,0.0,0.0,0.0,33.33,0.672,1,0,0,0,YES,0,2,55.33
33,576,BUDGET_CONSCIOUS,0,0,0,1,1,1,1,0,0,0,0,0.5,0.0,0.0,0.0,0.0,45.0,0.5813,1,0,0,1,SAVE_ONLY,0,1,57.0
517,308,SPONTANEOUS_ADVENTURER,1,2,1,0,0,0,1,2,1,0,0,1.0,0.3333,1.0,0.0,0.0,48.33,0.7139,1,1,44265,1,YES,1,3,100.0
274,344,BUDGET_CONSCIOUS,0,1,1,1,0,0,1,1,1,1,0,0.5,0.2,1.0,1.0,0.0,57.33,0.5962,0,0,0,1,SAVE_ONLY,0,1,69.33
993,738,SOCIAL_EXPLORER,0,1,1,1,0,0,1,2,1,0,0,0.5,0.3333,0.5,0.0,0.0,45.0,0.575,0,0,0,0,NO,0,0,27.0
844,374,SOCIAL_EXPLORER,0,0,1,1,1,0,1,0,0,0,0,1.0,0.0,0.0,0.0,0.0,49.17,0.6734,0,0,0,0,YES,0,2,71.17
850,73,SPONTANEOUS_ADVENTURER,1,1,1,0,0,0,1,0,0,0,0,0.5,0.0,0.0,0.0,0.0,27.5,0.4177,1,1,23407,0,NO,0,1,25.69
426,713,BUDGET_CONSCIOUS,1,0,0,0,1,1,1,0,0,0,0,1.0,0.0,0.0,0.0,0.0,49.17,0.3655,1,0,0,0,NO,0,0,31.17
18,1001,CAUTIOUS_INTROVERT,0,1,2,1,0,0,1,2,1,1,0,1.0,0.4,1.0,1.0,0.0,65.5,0.4997,1,1,34536,1,SAVE_ONLY,0,1,97.59
522,659,SOCIAL_EXPLORER,1,0,1,0,1,0,1,2,1,1,1,0.3333,0.5,0.3333,1.0,1.0,58.33,0.9189,1,1,56317,1,YES,1,3,100.0
935,636,SPONTANEOUS_ADVENTURER,1,0,0,0,1,1,1,0,0,0,0,0.3333,0.0,0.0,0.0,0.0,35.83,0.6397,0,0,0,1,YES,0,2,69.83
766,458,SPONTANEOUS_ADVENTURER,2,0,1,0,1,0,1,1,1,0,0,1.0,0.25,0.5,0.0,0.0,47.5,0.6763,1,1,43719,1,YES,0,2,100.0
729,880,SOCIAL_EXPLORER,0,1,2,1,0,0,1,2,1,0,1,1.0,0.3333,0.5,0.0,1.0,54.17,0.5643,0,0,0,0,NO,0,0,36.17
905,195,BUDGET_CONSCIOUS,2,1,1,0,0,0,1,1,0,0,0,1.0,0.1429,0.0,0.0,0.0,34.52,0.0444,0,0,0,0,NO,0,0,16.52
410,74,BUDGET_CONSCIOUS,1,1,1,0,0,0,1,0,1,0,0,1.0,0.0,0.5,0.0,0.0,42.5,0.5019,0,0,0,1,SAVE_ONLY,0,1,54.5
629,36,SELECTIVE_PLANNER,1,0,1,0,1,0,1,1,0,0,0,0.5,0.2,0.0,0.0,0.0,37.33,0.4295,1,1,34799,1,SAVE_ONLY,0,1,69.51
766,96,SPONTANEOUS_ADVENTURER,2,0,1,0,1,0,1,2,0,0,0,1.0,0.4,0.0,0.0,0.0,45.5,0.6404,1,1,47643,1,YES,0,2,100.0
517,981,SPONTANEOUS_ADVENTURER,2,1,1,0,0,0,1,1,1,0,0,0.5,0.1667,1.0,0.0,0.0,35.0,0.7588,1,1,43845,1,YES,1,3,100.0
497,330,SPONTANEOUS_ADVENTURER,0,1,0,1,0,1,1,0,1,1,0,0.5,0.0,1.0,1.0,0.0,59.17,0.604,0,0,0,0,NO,0,0,41.17
563,480,SOCIAL_EXPLORER,1,2,1,0,0,0,2,1,1,1,0,1.0,0.2,0.3333,1.0,0.0,49.0,0.6609,1,1,48358,1,YES,0,2,100.0
843,891,BUDGET_CONSCIOUS,1,1,0,0,0,1,1,0,0,1,0,0.5,0.0,0.0,1.0,0.0,43.33,0.4753,0,0,0,1,SAVE_ONLY,0,1,55.33
598,752,CAUTIOUS_INTROVERT,1,0,1,0,1,0,1,2,1,0,1,0.3333,0.5,0.5,0.0,1.0,50.0,0.7458,0,0,0,1,YES,1,3,100.0
652,878,SOCIAL_EXPLORER,0,2,1,1,0,0,1,2,0,0,0,1.0,0.25,0.0,0.0,0.0,42.5,0.6246,1,1,42691,1,YES,0,2,99.44
176,500,PASSIVE_BROWSER,0,1,0,1,0,1,1,2,1,1,1,0.5,0.5,1.0,1.0,1.0,74.17,0.7372,1,1,43709,0,YES,1,3,100.0
301,981,SPONTANEOUS_ADVENTURER,1,0,1,0,1,0,1,0,1,0,0,0.3333,0.0,1.0,0.0,0.0,40.0,0.4702,1,1,39702,1,SAVE_ONLY,0,1,73.9
218,43,SOCIAL_EXPLORER,1,1,1,0,0,0,1,1,0,0,1,1.0,0.1429,0.0,0.0,1.0,45.36,0.5937,0,0,0,1,SAVE_ONLY,0,1,57.36
105,310,SOCIAL_EXPLORER,0,1,1,1,0,0,1,4,1,0,1,0.3333,1.0,1.0,0.0,1.0,65.0,0.9427,1,1,65160,0,YES,1,3,100.0
233,650,SOCIAL_EXPLORER,0,2,0,1,0,1,1,0,0,0,0,1.0,0.0,0.0,0.0,0.0,43.33,0.6537,0,0,0,0,YES,0,2,65.33
449,294,BUDGET_CONSCIOUS,1,1,1,0,0,0,1,0,1,0,0,1.0,0.0,1.0,0.0,0.0,47.5,0.5525,1,0,0,0,NO,0,0,29.5
725,622,SPONTANEOUS_ADVENTURER,1,0,0,0,1,1,1,0,0,1,0,1.0,0.0,0.0,1.0,0.0,59.17,0.6782,0,0,0,0,YES,0,2,81.17
865,181,BUDGET_CONSCIOUS,1,1,0,0,0,1,1,1,1,0,1,0.5,0.25,1.0,0.0,1.0,53.33,0.448,0,0,0,1,SAVE_ONLY,0,1,65.33
193,33,SOCIAL_EXPLORER,2,1,1,0,0,0,1,0,0,0,0,1.0,0.0,0.0,0.0,0.0,31.67,0.5552,1,1,39165,0,NO,0,1,35.38
702,179,SOCIAL_EXPLORER,0,0,2,1,1,0,1,3,1,1,1,0.5,0.75,1.0,1.0,1.0,73.33,0.7117,1,1,51381,0,YES,1,3,100.0
774,798,BUDGET_CONSCIOUS,1,1,1,0,0,0,1,1,0,0,0,0.5,0.2,0.0,0.0,0.0,31.5,0.218,1,0,0,0,NO,0,0,13.5
60,233,SELECTIVE_PLANNER,1,0,1,0,1,0,1,1,1,0,1,1.0,0.3333,0.5,0.0,1.0,60.0,0.6525,1,0,0,1,YES,0,2,94.0
329,846,CAUTIOUS_INTROVERT,0,0,2,1,1,0,1,1,0,0,1,1.0,0.1667,0.0,0.0,1.0,51.67,0.4242,0,0,0,0,NO,0,0,33.67
397,753,BUDGET_CONSCIOUS,1,1,0,0,0,1,1,1,1,0,0,1.0,0.25,1.0,0.0,0.0,58.33,0.5215,1,0,0,1,SAVE_ONLY,0,1,70.33
894,652,SPONTANEOUS_ADVENTURER,1,2,1,0,0,0,1,3,1,1,0,0.5,0.6,1.0,1.0,0.0,53.67,0.6033,1,1,37672,1,SAVE_ONLY,0,1,86.86
679,75,CAUTIOUS_INTROVERT,2,0,1,0,1,0,1,3,1,1,0,1.0,0.75,0.5,1.0,0.0,67.5,0.892,1,1,55490,0,YES,1,3,100.0
993,836,SOCIAL_EXPLORER,0,0,0,1,1,1,1,1,1,0,0,1.0,0.125,0.5,0.0,0.0,62.5,0.7205,1,1,40485,0,YES,1,3,100.0
172,19,SOCIAL_EXPLORER,0,1,1,1,0,0,1,4,2,1,1,0.5,1.0,1.0,1.0,1.0,78.33,0.9735,1,1,62326,1,YES,1,3,100.0
66,52,PASSIVE_BROWSER,0,1,0,1,0,1,1,0,0,0,0,0.5,0.0,0.0,0.0,0.0,39.17,0.2867,0,0,0,0,NO,0,0,21.17
80,121,CAUTIOUS_INTROVERT,1,0,1,0,1,0,1,2,1,1,0,0.5,0.5,0.3333,1.0,0.0,56.67,0.6904,1,0,0,1,YES,0,2,90.67
464,873,SPONTANEOUS_ADVENTURER,0,1,1,1,0,0,1,1,0,0,0,0.5,0.1667,0.0,0.0,0.0,36.67,0.7367,1,0,0,0,YES,1,3,88.67
869,651,SOCIAL_EXPLORER,0,2,1,1,0,0,1,1,0,0,0,1.0,0.3333,0.0,0.0,0.0,44.17,0.5617,1,0,0,1,SAVE_ONLY,0,1,56.17
981,917,BUDGET_CONSCIOUS,1,1,2,0,0,0,1,1,0,0,0,0.5,0.3333,0.0,0.0,0.0,28.33,0.3716,0,0,0,0,NO,0,0,10.33
981,863,BUDGET_CONSCIOUS,0,1,0,1,0,1,1,1,1,1,0,0.5,0.1667,1.0,1.0,0.0,62.5,0.6718,1,1,40580,1,YES,0,2,100.0
179,929,CAUTIOUS_INTROVERT,1,1,0,0,0,1,1,2,1,1,0,0.5,0.4,1.0,1.0,0.0,61.33,0.7596,1,0,0,0,YES,1,3,100.0
951,594,SELECTIVE_PLANNER,1,1,1,0,0,0,1,0,0,0,0,0.5,0.0,0.0,0.0,0.0,27.5,0.0833,0,0,0,0,NO,0,0,9.5
758,209,CAUTIOUS_INTROVERT,1,2,2,0,0,0,1,1,1,0,1,1.0,0.2,0.3333,0.0,1.0,38.17,0.1592,0,0,0,0,NO,0,0,20.17
457,452,SOCIAL_EXPLORER,0,2,1,1,0,0,1,2,1,1,1,1.0,0.4,0.5,1.0,1.0,65.5,0.8104,1,1,45869,1,YES,1,3,100.0
704,253,CAUTIOUS_INTROVERT,0,1,1,1,0,0,1,0,0,0,0,1.0,0.0,0.0,0.0,0.0,43.33,0.4552,1,0,0,0,NO,0,0,25.33
937,40,SOCIAL_EXPLORER,1,0,1,0,1,0,1,0,1,0,0,0.3333,0.0,1.0,0.0,0.0,40.0,0.6173,1,1,43633,0,NO,0,1,45.27
94,960,BUDGET_CONSCIOUS,1,0,0,0,1,1,1,3,1,1,1,0.5,0.75,0.5,1.0,1.0,74.17,0.649,1,0,0,0,YES,0,2,96.17
414,315,CAUTIOUS_INTROVERT,0,0,1,1,1,0,1,0,0,0,0,1.0,0.0,0.0,0.0,0.0,49.17,0.4831,1,1,28254,1,SAVE_ONLY,0,1,79.06
746,699,SOCIAL_EXPLORER,1,0,1,0,1,0,1,0,0,0,0,1.0,0.0,0.0,0.0,0.0,43.33,0.5142,1,1,28241,0,NO,0,1,43.21
190,262,SOCIAL_EXPLORER,1,0,1,0,1,0,1,1,1,1,1,1.0,0.25,1.0,1.0,1.0,73.33,0.7992,1,1,54646,0,YES,1,3,100.0
833,931,SOCIAL_EXPLORER,1,1,1,0,0,0,1,0,0,0,0,0.5,0.0,0.0,0.0,0.0,27.5,0.5035,1,1,36829,0,NO,0,1,30.39
597,797,BUDGET_CONSCIOUS,1,0,1,0,1,0,1,2,1,1,1,0.5,0.5,1.0,1.0,1.0,68.33,0.5723,1,0,0,1,SAVE_ONLY,0,1,80.33
878,972,SPONTANEOUS_ADVENTURER,0,2,1,1,0,0,1,1,0,0,0,1.0,0.1429,0.0,0.0,0.0,40.36,0.6314,1,1,40886,0,YES,0,2,84.67
420,970,SOCIAL_EXPLORER,1,1,0,0,0,1,1,1,1,1,0,0.5,0.1667,0.5,1.0,0.0,51.67,0.7166,1,1,41585,1,YES,1,3,100.0
549,322,BUDGET_CONSCIOUS,0,1,0,1,0,1,1,0,0,0,0,0.5,0.0,0.0,0.0,0.0,39.17,0.6307,1,1,39246,1,YES,0,2,94.91
196,308,SPONTANEOUS_ADVENTURER,0,2,1,1,0,0,1,0,0,0,0,1.0,0.0,0.0,0.0,0.0,37.5,0.4153,1,0,0,0,NO,0,0,19.5
241,349,BUDGET_CONSCIOUS,1,0,2,0,1,0,1,1,0,0,0,1.0,0.2,0.0,0.0,0.0,41.5,0.3119,1,0,0,0,NO,0,0,23.5
612,410,BUDGET_CONSCIOUS,0,0,0,1,1,1,1,1,0,0,0,1.0,0.2,0.0,0.0,0.0,59.0,0.6569,1,0,0,0,YES,0,2,81.0
953,889,SPONTANEOUS_ADVENTURER,1,0,1,0,1,0,1,0,1,1,1,0.5,0.0,0.3333,1.0,1.0,51.67,0.5557,1,0,0,1,SAVE_ONLY,0,1,63.67
271,745,BUDGET_CONSCIOUS,1,0,1,0,1,0,1,1,0,0,0,0.3333,0.1667,0.0,0.0,0.0,33.33,0.3815,0,0,0,0,NO,0,0,15.33
780,827,SELECTIVE_PLANNER,0,1,1,1,0,0,1,0,0,0,1,0.5,0.0,0.0,0.0,1.0,38.33,0.1675,0,0,0,0,NO,0,0,20.33
72,638,CAUTIOUS_INTROVERT,0,1,0,1,0,1,1,0,0,0,0,0.5,0.0,0.0,0.0,0.0,39.17,0.3757,0,0,0,0,NO,0,0,21.17
214,688,BUDGET_CONSCIOUS,0,0,0,1,1,1,1,1,0,0,0,0.5,0.2,0.0,0.0,0.0,49.0,0.6915,1,1,47650,1,YES,0,2,100.0
858,674,SOCIAL_EXPLORER,0,0,1,1,1,0,1,1,0,0,0,0.5,0.1667,0.0,0.0,0.0,42.5,0.6253,1,0,0,1,YES,0,2,76.5
762,147,SOCIAL_EXPLORER,1,0,0,0,1,1,1,0,0,0,0,0.5,0.0,0.0,0.0,0.0,39.17,0.7192,0,0,0,0,YES,1,3,91.17
676,598,CAUTIOUS_INTROVERT,0,0,0,1,1,1,2,2,1,1,0,0.6667,1.0,1.0,1.0,0.0,88.33,1.0,1,1,53685,0,SUPER_LIKE,1,3,100.0
659,88,SPONTANEOUS_ADVENTURER,0,1,1,1,0,0,1,0,1,1,0,0.5,0.0,0.3333,1.0,0.0,46.67,0.6684,1,0,0,1,YES,0,2,80.67
322,254,BUDGET_CONSCIOUS,0,1,1,1,0,0,1,1,0,0,0,1.0,0.3333,0.0,0.0,0.0,50.0,0.7875,1,1,51506,1,YES,1,3,100.0
158,924,SELECTIVE_PLANNER,1,0,0,0,1,1,1,1,0,0,0,0.5,0.2,0.0,0.0,0.0,43.17,0.7628,0,0,0,0,YES,1,3,95.17
489,199,SOCIAL_EXPLORER,0,2,1,1,0,0,1,2,1,1,1,1.0,0.5,0.5,1.0,1.0,67.5,0.8499,1,1,60099,0,YES,1,3,100.0
536,763,BUDGET_CONSCIOUS,1,2,1,0,0,0,1,0,1,0,0,1.0,0.0,0.5,0.0,0.0,36.67,0.4479,0,0,0,0,NO,0,0,18.67
556,38,BUDGET_CONSCIOUS,1,1,1,0,0,0,1,0,0,1,1,1.0,0.0,0.0,1.0,1.0,52.5,0.584,1,0,0,1,SAVE_ONLY,0,1,64.5
126,117,CAUTIOUS_INTROVERT,0,0,0,1,1,1,1,1,1,1,1,0.5,0.25,1.0,1.0,1.0,75.0,0.6474,0,0,0,0,YES,0,2,97.0
209,544,SOCIAL_EXPLORER,1,2,1,0,0,0,1,1,1,0,1,1.0,0.25,0.5,0.0,1.0,46.67,0.697,1,1,49245,1,YES,0,2,100.0
241,202,BUDGET_CONSCIOUS,2,1,1,0,0,0,1,0,0,0,0,1.0,0.0,0.0,0.0,0.0,31.67,0.0891,0,0,0,0,NO,0,0,13.67
387,1009,BUDGET_CONSCIOUS,0,1,2,1,0,0,1,1,1,0,0,0.5,0.25,1.0,0.0,0.0,42.5,0.7091,1,1,46481,0,YES,1,3,100.0
840,753,BUDGET_CONSCIOUS,1,1,1,0,0,0,1,1,1,0,1,1.0,0.2,0.5,0.0,1.0,51.5,0.4162,1,1,34105,0,NO,0,1,53.44
1005,597,SPONTANEOUS_ADVENTURER,1,1,1,0,0,0,1,1,0,0,0,0.5,0.2,0.0,0.0,0.0,31.5,0.5564,1,1,38650,0,NO,0,1,35.03
876,236,BUDGET_CONSCIOUS,1,2,2,0,0,0,1,3,1,0,1,1.0,0.75,1.0,0.0,1.0,55.83,0.4298,0,0,0,0,NO,0,0,37.83
465,656,SELECTIVE_PLANNER,1,0,0,0,1,1,1,2,1,0,0,0.5,0.3333,1.0,0.0,0.0,55.83,0.8787,1,1,50988,0,YES,1,3,100.0
826,343,BUDGET_CONSCIOUS,1,0,0,0,1,1,1,1,1,0,0,1.0,0.2,1.0,0.0,0.0,63.17,0.7762,1,1,52838,0,YES,1,3,100.0
880,144,CAUTIOUS_INTROVERT,1,1,1,0,0,0,1,0,0,0,0,0.5,0.0,0.0,0.0,0.0,27.5,0.2105,1,1,21695,0,NO,0,1,25.09
210,166,SOCIAL_EXPLORER,1,0,1,0,1,0,1,1,0,0,1,0.5,0.2,0.0,0.0,1.0,42.33,0.6335,0,0,0,0,YES,0,2,64.33
43,182,CAUTIOUS_INTROVERT,1,1,0,0,0,1,1,2,0,1,0,1.0,0.3333,0.0,1.0,0.0,60.0,0.6508,1,1,48814,0,YES,0,2,100.0
147,961,SOCIAL_EXPLORER,0,1,1,1,0,0,1,2,1,1,0,0.5,0.2857,1.0,1.0,0.0,59.05,0.7713,1,1,51564,1,YES,1,3,100.0
786,801,BUDGET_CONSCIOUS,0,2,0,1,0,1,1,0,0,0,0,1.0,0.0,0.0,0.0,0.0,43.33,0.4501,1,1,36510,0,NO,0,1,46.11
332,637,SOCIAL_EXPLORER,0,1,2,1,0,0,1,0,1,0,1,1.0,0.0,0.5,0.0,1.0,47.5,0.4736,1,0,0,1,SAVE_ONLY,0,1,59.5
182,187,SELECTIVE_PLANNER,1,0,0,0,1,1,1,1,1,0,0,0.5,0.1667,0.5,0.0,0.0,47.5,0.7649,1,1,41905,0,YES,1,3,100.0
118,975,SOCIAL_EXPLORER,0,0,1,1,1,0,1,2,0,1,1,0.5,0.5,0.0,1.0,1.0,64.17,0.9718,1,1,65200,0,YES,1,3,100.0
350,228,SELECTIVE_PLANNER,2,0,1,0,1,0,1,1,0,0,0,1.0,0.1667,0.0,0.0,0.0,40.83,0.5765,1,0,0,1,SAVE_ONLY,0,1,52.83
613,768,SOCIAL_EXPLORER,0,2,2,1,0,0,1,1,0,1,0,0.5,0.1667,0.0,1.0,0.0,35.0,0.3601,1,1,31030,0,NO,0,1,35.86
336,939,SOCIAL_EXPLORER,1,1,1,0,0,0,1,0,0,0,0,0.5,0.0,0.0,0.0,0.0,27.5,0.5149,1,0,0,1,SAVE_ONLY,0,1,39.5
343,855,SOCIAL_EXPLORER,0,0,1,1,1,0,1,2,1,1,1,1.0,0.5,1.0,1.0,1.0,84.17,1.0,1,1,57412,1,YES,1,3,100.0
716,153,BUDGET_CONSCIOUS,1,1,1,0,0,0,1,0,1,1,0,0.5,0.0,0.5,1.0,0.0,42.5,0.3941,0,0,0,0,NO,0,0,24.5
254,760,BUDGET_CONSCIOUS,0,0,1,1,1,0,1,1,0,0,0,0.5,0.25,0.0,0.0,0.0,44.17,0.6373,0,0,0,0,YES,0,2,66.17
776,82,SPONTANEOUS_ADVENTURER,2,2,1,0,0,0,1,2,1,0,1,1.0,0.3333,0.3333,0.0,1.0,40.83,0.5545,0,0,0,1,SAVE_ONLY,0,1,52.83
864,295,SOCIAL_EXPLORER,1,1,2,0,0,0,1,0,0,0,0,1.0,0.0,0.0,0.0,0.0,31.67,0.294,0,0,0,0,NO,0,0,13.67
423,320,SOCIAL_EXPLORER,1,1,1,0,0,0,2,1,2,0,0,1.0,0.125,1.0,0.0,0.0,50.0,0.7434,1,1,49985,1,YES,1,3,100.0
281,550,SELECTIVE_PLANNER,0,0,1,1,1,0,1,1,0,0,0,0.5,0.1429,0.0,0.0,0.0,42.02,0.5488,0,0,0,1,SAVE_ONLY,0,1,54.02
769,808,CAUTIOUS_INTROVERT,1,1,1,0,0,0,1,2,1,0,0,1.0,0.5,0.5,0.0,0.0,52.5,0.6866,1,1,48903,1,YES,0,2,100.0
61,248,SELECTIVE_PLANNER,0,1,1,1,0,0,1,0,0,0,0,0.5,0.0,0.0,0.0,0.0,33.33,0.0,0,0,0,0,NO,0,0,15.33
390,788,BUDGET_CONSCIOUS,1,0,0,0,1,1,1,2,1,1,0,1.0,0.5,0.5,1.0,0.0,74.17,0.692,0,0,0,1,YES,0,2,100.0
568,522,CAUTIOUS_INTROVERT,0,0,2,1,1,0,1,0,0,0,0,0.3333,0.0,0.0,0.0,0.0,30.0,0.1939,1,0,0,0,NO,0,0,12.0
494,571,SOCIAL_EXPLORER,0,1,1,1,0,0,1,0,0,0,0,1.0,0.0,0.0,0.0,0.0,43.33,0.6492,1,1,40346,1,YES,0,2,99.45
481,649,CAUTIOUS_INTROVERT,1,0,1,0,1,0,1,2,1,1,0,0.5,0.4,1.0,1.0,0.0,61.33,0.6809,1,0,0,0,YES,0,2,83.33
330,218,SELECTIVE_PLANNER,0,2,1,1,0,0,1,1,0,0,0,0.5,0.1429,0.0,0.0,0.0,30.36,0.1753,1,0,0,0,NO,0,0,12.36
93,595,CAUTIOUS_INTROVERT,1,0,0,0,1,1,1,1,1,0,0,1.0,0.2,0.5,0.0,0.0,58.17,0.5863,0,0,0,1,SAVE_ONLY,0,1,70.17
235,64,SOCIAL_EXPLORER,1,1,2,0,0,0,1,1,1,1,0,1.0,0.1667,1.0,1.0,0.0,55.0,0.4593,1,1,28070,1,SAVE_ONLY,0,1,84.82
996,227,SPONTANEOUS_ADVENTURER,0,1,1,1,0,0,1,1,0,0,0,0.5,0.2,0.0,0.0,0.0,37.33,0.6982,1,0,0,1,YES,0,2,71.33
117,278,CAUTIOUS_INTROVERT,2,1,1,0,0,0,1,2,0,0,0,0.5,0.4,0.0,0.0,0.0,29.67,0.5484,1,1,36901,0,NO,0,1,32.59
347,271,CAUTIOUS_INTROVERT,2,2,1,0,0,0,1,3,0,0,0,0.5,0.5,0.0,0.0,0.0,25.83,0.5016,0,0,0,1,SAVE_ONLY,0,1,37.83
796,656,SOCIAL_EXPLORER,1,1,1,0,0,0,1,1,1,0,0,1.0,0.1667,1.0,0.0,0.0,50.83,0.6823,1,1,41412,0,YES,0,2,95.32
79,652,SPONTANEOUS_ADVENTURER,0,2,1,1,0,0,1,2,1,0,0,1.0,0.2857,0.5,0.0,0.0,48.21,0.6475,1,0,0,0,YES,0,2,70.21
699,122,SPONTANEOUS_ADVENTURER,1,0,1,0,1,0,1,0,0,0,0,0.5,0.0,0.0,0.0,0.0,33.33,0.396,1,0,0,0,NO,0,0,15.33
542,432,CAUTIOUS_INTROVERT,2,0,2,0,1,0,1,2,1,1,1,1.0,0.5,0.5,1.0,1.0,61.67,0.547,1,0,0,0,NO,0,0,43.67
561,61,SOCIAL_EXPLORER,0,1,1,1,0,0,1,0,0,0,0,1.0,0.0,0.0,0.0,0.0,43.33,0.5484,0,0,0,1,SAVE_ONLY,0,1,55.33
948,878,SPONTANEOUS_ADVENTURER,0,0,0,1,1,1,1,2,0,0,1,0.3333,0.4,0.0,0.0,1.0,54.67,0.6816,1,1,49949,1,YES,0,2,100.0
315,331,CAUTIOUS_INTROVERT,0,0,1,1,1,0,1,2,1,1,0,0.5,0.4,0.5,1.0,0.0,62.17,0.8405,1,1,57212,0,YES,1,3,100.0
890,250,BUDGET_CONSCIOUS,1,1,1,0,0,0,1,0,0,0,0,0.3333,0.0,0.0,0.0,0.0,24.17,0.2403,0,0,0,0,NO,0,0,6.17
923,515,SOCIAL_EXPLORER,0,1,0,1,0,1,1,0,0,0,0,0.5,0.0,0.0,0.0,0.0,39.17,0.6401,1,1,41082,0,YES,0,2,83.55
698,614,SOCIAL_EXPLORER,1,0,0,0,1,1,1,2,1,0,0,0.5,0.4,0.3333,0.0,0.0,50.5,0.8028,1,1,46228,0,YES,1,3,100.0
421,234,CAUTIOUS_INTROVERT,1,1,1,0,0,0,1,0,0,0,0,0.3333,0.0,0.0,0.0,0.0,24.17,0.359,0,0,0,0,NO,0,0,6.17
493,712,SPONTANEOUS_ADVENTURER,2,0,1,0,1,0,1,1,1,0,0,0.3333,0.25,1.0,0.0,0.0,39.17,0.7476,0,0,0,0,YES,1,3,91.17
1001,211,SOCIAL_EXPLORER,1,2,1,0,0,0,1,1,1,0,1,0.5,0.1667,1.0,0.0,1.0,40.0,0.6808,0,0,0,0,YES,0,2,62.0
688,536,BUDGET_CONSCIOUS,0,0,0,1,1,1,1,0,1,0,0,0.5,0.0,0.5,0.0,0.0,50.0,0.6184,0,0,0,0,NO,0,0,32.0
840,641,BUDGET_CONSCIOUS,1,0,1,0,1,0,1,1,1,0,0,1.0,0.1429,0.5,0.0,0.0,51.19,0.6523,1,1,40051,1,YES,0,2,100.0
946,275,BUDGET_CONSCIOUS,0,1,1,1,0,0,1,0,1,0,0,1.0,0.0,0.5,0.0,0.0,48.33,0.5389,0,0,0,1,SAVE_ONLY,0,1,60.33
86,455,SOCIAL_EXPLORER,0,1,1,1,0,0,1,1,1,1,0,0.3333,0.25,1.0,1.0,0.0,55.0,0.7725,1,0,0,0,YES,1,3,100.0
411,190,BUDGET_CONSCIOUS,1,1,0,0,0,1,1,0,0,0,0,0.5,0.0,0.0,0.0,0.0,33.33,0.1959,0,0,0,0,NO,0,0,15.33
388,481,SPONTANEOUS_ADVENTURER,1,1,0,0,0,1,1,1,1,0,0,1.0,0.1667,0.5,0.0,0.0,51.67,0.851,1,1,44865,0,SUPER_LIKE,1,3,100.0
941,385,SOCIAL_EXPLORER,1,2,1,0,0,0,1,2,0,0,1,0.5,0.3333,0.0,0.0,1.0,33.33,0.6329,1,1,41209,1,YES,0,2,89.75
694,345,CAUTIOUS_INTROVERT,1,1,1,0,0,0,1,2,1,0,1,0.5,0.6667,0.5,0.0,1.0,50.83,0.7827,1,1,56278,1,YES,1,3,100.0
262,711,SELECTIVE_PLANNER,2,0,1,0,1,0,1,1,0,0,0,0.5,0.1667,0.0,0.0,0.0,30.83,0.4695,1,0,0,1,SAVE_ONLY,0,1,42.83
430,543,SOCIAL_EXPLORER,1,1,1,0,0,0,1,1,0,0,0,1.0,0.1667,0.0,0.0,0.0,40.83,0.393,1,0,0,0,NO,0,0,22.83
809,111,SELECTIVE_PLANNER,0,2,1,1,0,0,1,1,0,0,0,0.3333,0.1429,0.0,0.0,0.0,27.02,0.2094,1,0,0,0,NO,0,0,9.02
561,93,SOCIAL_EXPLORER,1,1,2,0,0,0,1,0,0,0,0,1.0,0.0,0.0,0.0,0.0,31.67,0.3806,1,0,0,0,NO,0,0,13.67
19,512,SPONTANEOUS_ADVENTURER,0,1,0,1,0,1,1,2,0,0,1,0.5,0.3333,0.0,0.0,1.0,50.83,0.8591,1,1,56125,1,YES,1,3,100.0
754,434,BUDGET_CONSCIOUS,1,1,1,0,0,0,1,1,1,0,0,0.5,0.2,0.5,0.0,0.0,36.5,0.3038,0,0,0,0,NO,0,0,18.5
42,899,CAUTIOUS_INTROVERT,1,0,1,0,1,0,1,0,0,0,0,0.5,0.0,0.0,0.0,0.0,33.33,0.2189,0,0,0,0,NO,0,0,15.33
322,260,BUDGET_CONSCIOUS,2,1,0,0,0,1,1,0,1,1,0,1.0,0.0,1.0,1.0,0.0,57.5,0.1898,1,1,11307,0,NO,0,0,51.46
145,195,BUDGET_CONSCIOUS,0,1,1,1,0,0,1,1,0,0,0,0.5,0.125,0.0,0.0,0.0,35.83,0.3787,0,0,0,0,NO,0,0,17.83
577,898,SOCIAL_EXPLORER,1,1,2,0,0,0,1,0,0,0,0,0.5,0.0,0.0,0.0,0.0,21.67,0.2122,0,0,0,0,NO,0,0,3.67
870,664,BUDGET_CONSCIOUS,1,0,1,0,1,0,2,0,0,0,0,1.0,0.0,0.0,0.0,0.0,43.33,0.3682,1,0,0,0,NO,0,0,25.33
635,1003,BUDGET_CONSCIOUS,0,1,0,1,0,1,1,0,0,0,0,0.3333,0.0,0.0,0.0,0.0,35.83,0.6418,1,1,45952,0,YES,0,2,81.91
833,788,SOCIAL_EXPLORER,0,1,1,1,0,0,1,1,1,1,0,0.5,0.2,0.5,1.0,0.0,52.33,0.663,1,1,48880,1,YES,0,2,100.0
239,207,SOCIAL_EXPLORER,0,0,0,1,1,1,2,3,2,1,1,0.6667,0.75,1.0,1.0,1.0,88.33,1.0,1,1,59506,0,YES,1,3,100.0
226,486,SPONTANEOUS_ADVENTURER,1,0,0,0,1,1,1,0,0,1,0,0.5,0.0,0.0,1.0,0.0,49.17,0.672,1,0,0,1,YES,0,2,83.17
510,149,SOCIAL_EXPLORER,1,1,2,0,0,0,1,1,2,1,1,1.0,0.2,1.0,1.0,1.0,60.67,0.6837,1,0,0,0,YES,0,2,82.67
984,882,SOCIAL_EXPLORER,0,0,1,1,1,0,1,0,1,1,0,0.3333,0.0,1.0,1.0,0.0,55.83,0.7376,1,1,43980,1,YES,1,3,100.0
260,349,SOCIAL_EXPLORER,1,0,0,0,1,1,1,1,0,0,0,1.0,0.1667,0.0,0.0,0.0,52.5,0.736,1,0,0,1,YES,1,3,100.0
927,228,BUDGET_CONSCIOUS,0,0,1,1,1,0,1,2,0,0,0,0.5,0.4,0.0,0.0,0.0,47.17,0.7666,0,0,0,1,YES,1,3,100.0
575,249,SOCIAL_EXPLORER,1,0,1,0,1,0,1,0,0,0,0,0.5,0.0,0.0,0.0,0.0,33.33,0.5674,1,1,30287,1,SAVE_ONLY,0,1,63.93
806,862,CAUTIOUS_INTROVERT,1,2,0,0,0,1,1,1,0,0,0,0.5,0.1429,0.0,0.0,0.0,30.36,0.3286,0,0,0,0,NO,0,0,12.36
239,136,SOCIAL_EXPLORER,0,1,1,1,0,0,1,2,1,1,1,0.5,0.5,0.3333,1.0,1.0,61.67,0.8064,1,0,0,1,YES,1,3,100.0
255,524,CAUTIOUS_INTROVERT,0,1,0,1,0,1,1,2,1,0,0,1.0,0.4,1.0,0.0,0.0,67.17,0.9654,1,1,58433,0,SUPER_LIKE,1,3,100.0
825,669,SELECTIVE_PLANNER,0,0,1,1,1,0,1,0,1,0,0,1.0,0.0,0.5,0.0,0.0,54.17,0.8036,1,1,53651,1,YES,1,3,100.0
297,860,BUDGET_CONSCIOUS,0,1,0,1,0,1,1,0,1,0,0,1.0,0.0,1.0,0.0,0.0,59.17,0.6795,1,0,0,1,YES,0,2,93.17
584,25,SPONTANEOUS_ADVENTURER,1,0,1,0,1,0,1,1,0,0,0,1.0,0.25,0.0,0.0,0.0,48.33,0.7111,1,0,0,1,YES,1,3,100.0
839,708,CAUTIOUS_INTROVERT,1,0,0,0,1,1,1,0,0,0,0,0.5,0.0,0.0,0.0,0.0,39.17,0.4841,1,1,33720,0,NO,0,1,40.97
333,861,SOCIAL_EXPLORER,0,1,0,1,0,1,1,1,1,0,0,0.5,0.2,0.5,0.0,0.0,48.17,0.7552,1,1,43982,1,YES,1,3,100.0
911,738,CAUTIOUS_INTROVERT,0,1,1,1,0,0,1,2,1,0,0,0.5,0.4,0.5,0.0,0.0,46.33,0.6838,0,0,0,0,YES,0,2,68.33
392,503,SOCIAL_EXPLORER,0,0,0,1,1,1,1,2,0,0,0,0.5,0.3333,0.0,0.0,0.0,51.67,0.6569,1,1,47902,0,YES,0,2,98.44
423,857,SOCIAL_EXPLORER,0,1,1,1,0,0,1,2,1,1,0,0.5,0.3333,0.5,1.0,0.0,55.0,0.6342,0,0,0,0,YES,0,2,77.0
238,432,SOCIAL_EXPLORER,2,2,0,0,0,1,1,0,0,0,0,1.0,0.0,0.0,0.0,0.0,31.67,0.4921,1,0,0,0,NO,0,0,13.67
90,901,SOCIAL_EXPLORER,0,2,2,1,0,0,1,2,0,0,0,1.0,0.4,0.0,0.0,0.0,39.67,0.3273,1,1,18277,0,NO,0,1,36.07
674,668,SELECTIVE_PLANNER,1,1,1,0,0,0,1,3,1,0,0,1.0,0.6,1.0,0.0,0.0,59.5,0.343,0,0,0,0,NO,0,0,41.5
550,507,CAUTIOUS_INTROVERT,0,1,0,1,0,1,2,0,0,0,0,1.0,0.0,0.0,0.0,0.0,49.17,0.4924,1,1,27590,1,SAVE_ONLY,0,1,78.83
368,827,BUDGET_CONSCIOUS,2,2,1,0,0,0,1,0,0,0,0,0.5,0.0,0.0,0.0,0.0,15.83,0.0,0,0,0,0,NO,0,0,0.0
125,874,BUDGET_CONSCIOUS,1,1,1,0,0,0,1,1,0,0,0,0.5,0.2,0.0,0.0,0.0,31.5,0.3567,1,1,28675,0,NO,0,1,31.54
348,184,SOCIAL_EXPLORER,1,2,1,0,0,0,1,0,0,0,1,1.0,0.0,0.0,0.0,1.0,36.67,0.6877,0,0,0,0,YES,0,2,58.67
836,737,SOCIAL_EXPLORER,0,1,0,1,0,1,1,0,0,0,0,1.0,0.0,0.0,0.0,0.0,49.17,0.6591,1,0,0,1,YES,0,2,83.17
183,536,CAUTIOUS_INTROVERT,2,0,2,0,1,0,1,2,1,1,1,1.0,0.6667,0.5,1.0,1.0,65.0,0.6411,1,1,48050,1,YES,0,2,100.0
927,467,BUDGET_CONSCIOUS,0,1,1,1,0,0,1,0,0,0,0,0.5,0.0,0.0,0.0,0.0,33.33,0.4939,0,0,0,0,NO,0,0,15.33
562,982,SOCIAL_EXPLORER,1,2,1,0,0,0,1,2,1,0,1,0.3333,0.5,1.0,0.0,1.0,43.33,0.4888,1,1,39559,1,SAVE_ONLY,0,1,77.18
438,504,SOCIAL_EXPLORER,1,1,1,0,0,0,2,1,1,0,0,1.0,0.1667,1.0,0.0,0.0,50.83,0.7911,0,0,0,0,YES,1,3,100.0
738,552,CAUTIOUS_INTROVERT,1,1,1,0,0,0,1,3,1,1,1,0.5,0.75,1.0,1.0,1.0,67.5,0.5369,0,0,0,1,SAVE_ONLY,0,1,79.5
921,664,SPONTANEOUS_ADVENTURER,1,1,0,0,0,1,1,0,0,0,0,0.3333,0.0,0.0,0.0,0.0,30.0,0.6018,1,0,0,0,NO,0,0,12.0
126,800,CAUTIOUS_INTROVERT,0,0,0,1,1,1,1,0,0,0,0,1.0,0.0,0.0,0.0,0.0,55.0,0.6224,1,1,32416,0,YES,0,2,96.35
361,642,BUDGET_CONSCIOUS,1,0,1,0,1,0,1,0,0,0,0,1.0,0.0,0.0,0.0,0.0,43.33,0.3198,0,0,0,0,NO,0,0,25.33
198,555,BUDGET_CONSCIOUS,0,1,0,1,0,1,1,2,0,0,0,0.5,0.5,0.0,0.0,0.0,49.17,0.5111,1,1,38118,1,SAVE_ONLY,0,1,82.51
723,584,BUDGET_CONSCIOUS,2,1,0,0,0,1,1,1,1,0,0,1.0,0.25,0.5,0.0,0.0,47.5,0.2375,0,0,0,0,NO,0,0,29.5
849,357,SELECTIVE_PLANNER,1,0,0,0,1,1,1,2,1,0,1,1.0,0.5,1.0,0.0,1.0,74.17,1.0,1,1,67580,0,YES,1,3,100.0
430,759,SELECTIVE_PLANNER,0,1,1,1,0,0,1,0,0,0,1,0.3333,0.0,0.0,0.0,1.0,35.0,0.2254,0,0,0,0,NO,0,0,17.0
184,823,SELECTIVE_PLANNER,0,2,0,1,0,1,1,0,0,0,0,1.0,0.0,0.0,0.0,0.0,43.33,0.1514,0,0,0,0,NO,0,0,25.33
757,939,SOCIAL_EXPLORER,1,0,1,0,1,0,1,0,0,0,0,0.5,0.0,0.0,0.0,0.0,33.33,0.6521,0,0,0,0,YES,0,2,55.33
825,683,SELECTIVE_PLANNER,1,0,1,0,1,0,1,0,0,0,0,0.5,0.0,0.0,0.0,0.0,33.33,0.3881,1,0,0,0,NO,0,0,15.33
747,39,BUDGET_CONSCIOUS,1,0,1,0,1,0,1,0,0,0,0,1.0,0.0,0.0,0.0,0.0,43.33,0.3546,1,1,23150,0,NO,0,1,41.43
100,985,SOCIAL_EXPLORER,1,2,0,0,0,1,1,1,1,1,0,1.0,0.25,1.0,1.0,0.0,62.5,0.8086,1,1,50860,1,YES,1,3,100.0
562,727,SOCIAL_EXPLORER,1,2,0,0,0,1,1,2,0,0,1,0.5,0.4,0.0,0.0,1.0,40.5,0.5189,1,0,0,1,SAVE_ONLY,0,1,52.5
144,45,SPONTANEOUS_ADVENTURER,1,2,0,0,0,1,1,0,1,1,1,0.3333,0.0,0.5,1.0,1.0,44.17,0.4871,0,0,0,1,SAVE_ONLY,0,1,56.17
762,1002,SOCIAL_EXPLORER,1,2,2,0,0,0,1,0,0,0,0,0.3333,0.0,0.0,0.0,0.0,12.5,0.0346,0,0,0,0,NO,0,0,0.0
808,761,SPONTANEOUS_ADVENTURER,0,2,1,1,0,0,1,2,2,1,1,0.5,0.5,1.0,1.0,1.0,62.5,0.7149,1,1,42143,0,YES,1,3,100.0
714,966,BUDGET_CONSCIOUS,1,1,1,0,0,0,1,1,0,0,0,0.25,0.25,0.0,0.0,0.0,27.5,0.3352,0,0,0,0,NO,0,0,9.5
789,944,SPONTANEOUS_ADVENTURER,1,0,1,0,1,0,1,1,0,0,0,1.0,0.1667,0.0,0.0,0.0,46.67,0.8747,1,1,51472,0,SUPER_LIKE,1,3,100.0
803,352,BUDGET_CONSCIOUS,1,1,0,0,0,1,1,3,1,0,1,0.3333,0.75,1.0,0.0,1.0,60.0,0.657,1,1,36965,0,YES,0,2,100.0
1010,239,SOCIAL_EXPLORER,1,1,0,0,0,1,1,1,0,1,1,0.5,0.1667,0.0,1.0,1.0,51.67,0.8538,1,1,57896,1,YES,1,3,100.0
824,486,SOCIAL_EXPLORER,0,2,1,1,0,0,1,2,1,0,1,0.5,0.5,1.0,0.0,1.0,52.5,0.7378,1,0,0,0,YES,1,3,100.0
398,844,SPONTANEOUS_ADVENTURER,0,1,1,1,0,0,1,1,0,0,1,1.0,0.2,0.0,0.0,1.0,52.33,0.6633,1,0,0,1,YES,0,2,86.33
95,979,CAUTIOUS_INTROVERT,1,0,0,0,1,1,1,0,0,0,1,0.5,0.0,0.0,0.0,1.0,44.17,0.444,1,0,0,1,SAVE_ONLY,0,1,56.17
651,254,SELECTIVE_PLANNER,1,0,0,0,1,1,1,2,0,1,1,1.0,1.0,0.0,1.0,1.0,84.17,1.0,1,1,61050,1,YES,1,3,100.0
980,102,SELECTIVE_PLANNER,1,0,1,0,1,0,1,4,1,1,0,0.5,1.0,0.5,1.0,0.0,68.33,1.0,1,1,61084,1,SUPER_LIKE,1,3,100.0
230,324,SOCIAL_EXPLORER,0,1,1,1,0,0,1,0,0,0,0,1.0,0.0,0.0,0.0,0.0,43.33,0.7603,1,1,53068,1,YES,1,3,100.0
444,619,SELECTIVE_PLANNER,1,1,1,0,0,0,1,2,1,1,1,1.0,0.5,1.0,1.0,1.0,72.5,0.4953,0,0,0,1,SAVE_ONLY,0,1,84.5
853,921,SOCIAL_EXPLORER,1,1,1,0,0,0,1,0,0,0,1,0.5,0.0,0.0,0.0,1.0,32.5,0.4506,1,1,26744,1,SAVE_ONLY,0,1,61.86
473,387,SOCIAL_EXPLORER,1,0,0,0,1,1,1,1,1,1,0,1.0,0.2,1.0,1.0,0.0,73.17,0.9218,1,1,50424,0,YES,1,3,100.0
622,873,SPONTANEOUS_ADVENTURER,1,0,1,0,1,0,1,2,1,0,0,0.5,0.5,1.0,0.0,0.0,53.33,0.6948,1,1,45449,0,YES,0,2,99.24
46,73,SOCIAL_EXPLORER,2,0,0,0,1,1,1,0,0,0,0,0.3333,0.0,0.0,0.0,0.0,30.0,0.3537,1,0,0,0,NO,0,0,12.0
826,472,BUDGET_CONSCIOUS,1,1,0,0,0,1,1,1,0,0,1,0.5,0.1667,0.0,0.0,1.0,41.67,0.4901,1,1,34525,0,NO,0,1,43.75
426,422,BUDGET_CONSCIOUS,1,0,1,0,1,0,1,1,1,0,0,1.0,0.2,1.0,0.0,0.0,57.33,0.4566,0,0,0,1,SAVE_ONLY,0,1,69.33
680,235,SELECTIVE_PLANNER,0,1,1,1,0,0,1,1,1,0,0,0.5,0.1429,1.0,0.0,0.0,46.19,0.3622,0,0,0,0,NO,0,0,28.19
241,540,BUDGET_CONSCIOUS,0,0,2,1,1,0,1,1,0,0,0,1.0,0.25,0.0,0.0,0.0,48.33,0.6322,0,0,0,0,YES,0,2,70.33
542,675,CAUTIOUS_INTROVERT,0,1,1,1,0,0,1,2,2,1,0,1.0,0.2857,1.0,1.0,0.0,69.05,0.8507,1,1,50012,0,YES,1,3,100.0
599,656,SELECTIVE_PLANNER,1,0,0,0,1,1,1,1,1,0,0,0.5,0.1667,0.5,0.0,0.0,47.5,0.7127,0,0,0,1,YES,1,3,100.0
725,752,SPONTANEOUS_ADVENTURER,0,1,0,1,0,1,1,1,0,1,0,0.5,0.2,0.0,1.0,0.0,53.17,0.7364,1,1,47092,1,YES,1,3,100.0
537,567,SPONTANEOUS_ADVENTURER,0,1,0,1,0,1,1,1,0,0,1,0.5,0.2,0.0,0.0,1.0,48.17,0.6564,1,1,49521,1,YES,0,2,100.0
278,791,BUDGET_CONSCIOUS,0,0,0,1,1,1,1,1,0,0,0,1.0,0.2,0.0,0.0,0.0,59.0,0.8885,1,1,61044,1,SUPER_LIKE,1,3,100.0
609,134,BUDGET_CONSCIOUS,1,0,2,0,1,0,1,1,0,0,0,0.5,0.1429,0.0,0.0,0.0,30.36,0.402,1,1,27517,0,NO,0,1,29.99
146,160,BUDGET_CONSCIOUS,0,1,0,1,0,1,1,0,1,0,0,0.25,0.0,1.0,0.0,0.0,44.17,0.6909,1,0,0,1,YES,0,2,78.17
817,201,SOCIAL_EXPLORER,2,0,0,0,1,1,1,0,0,0,1,0.5,0.0,0.0,0.0,1.0,38.33,0.6183,1,1,44816,1,SAVE_ONLY,0,1,74.02
185,302,BUDGET_CONSCIOUS,1,1,1,0,0,0,1,0,1,0,0,0.5,0.0,0.5,0.0,0.0,32.5,0.2671,1,0,0,0,NO,0,0,14.5
958,708,CAUTIOUS_INTROVERT,1,2,0,0,0,1,1,2,1,1,1,0.5,0.5,1.0,1.0,1.0,62.5,0.6275,1,0,0,1,YES,0,2,96.5
29,215,SOCIAL_EXPLORER,0,1,2,1,0,0,1,0,0,0,0,0.3333,0.0,0.0,0.0,0.0,24.17,0.2102,0,0,0,0,NO,0,0,6.17
619,342,BUDGET_CONSCIOUS,1,0,0,0,1,1,1,1,0,0,0,0.5,0.2,0.0,0.0,0.0,43.17,0.4378,0,0,0,1,SAVE_ONLY,0,1,55.17
236,917,CAUTIOUS_INTROVERT,0,0,0,1,1,1,1,0,0,0,0,1.0,0.0,0.0,0.0,0.0,55.0,0.6377,1,1,40556,1,YES,0,2,100.0
500,902,SPONTANEOUS_ADVENTURER,1,0,1,0,1,0,1,0,0,1,0,0.5,0.0,0.0,1.0,0.0,43.33,0.5827,1,1,36724,1,SAVE_ONLY,0,1,76.18
320,643,SPONTANEOUS_ADVENTURER,0,0,1,1,1,0,1,1,1,0,0,0.3333,0.2,0.5,0.0,0.0,44.83,0.5824,1,0,0,1,SAVE_ONLY,0,1,56.83
329,28,CAUTIOUS_INTROVERT,1,0,1,0,1,0,1,3,1,0,1,0.5,0.5,0.5,0.0,1.0,53.33,0.6981,1,1,51314,0,YES,0,2,100.0
720,686,SPONTANEOUS_ADVENTURER,1,0,0,0,1,1,1,1,2,1,1,0.5,0.3333,1.0,1.0,1.0,70.83,1.0,1,1,67535,0,YES,1,3,100.0
360,717,SOCIAL_EXPLORER,0,0,0,1,1,1,1,3,1,1,1,0.5,0.6,0.5,1.0,1.0,77.0,1.0,1,1,64322,0,SUPER_LIKE,1,3,100.0
686,830,SPONTANEOUS_ADVENTURER,1,1,0,0,0,1,1,0,2,1,1,1.0,0.0,1.0,1.0,1.0,68.33,0.9767,1,1,58664,1,YES,1,3,100.0
128,898,CAUTIOUS_INTROVERT,1,1,0,0,0,1,1,1,1,0,1,0.5,0.25,0.5,0.0,1.0,48.33,0.5492,1,1,33472,1,SAVE_ONLY,0,1,80.05
330,327,SELECTIVE_PLANNER,1,2,0,0,0,1,1,1,0,0,0,0.3333,0.1667,0.0,0.0,0.0,27.5,0.1143,1,0,0,0,NO,0,0,9.5
89,979,CAUTIOUS_INTROVERT,2,2,0,0,0,1,1,2,0,1,0,1.0,0.4,0.0,1.0,0.0,49.67,0.6327,1,1,38555,0,YES,0,2,93.16
675,639,BUDGET_CONSCIOUS,1,0,1,0,1,0,1,2,2,1,1,0.5,0.3333,1.0,1.0,1.0,65.0,0.7251,0,0,0,0,YES,1,3,100.0
615,42,BUDGET_CONSCIOUS,1,0,0,0,1,1,1,1,0,1,0,0.3333,0.2,0.0,1.0,0.0,49.83,0.6288,1,1,41861,1,YES,0,2,100.0
976,157,CAUTIOUS_INTROVERT,1,1,1,0,0,0,1,2,1,0,0,1.0,0.3333,0.3333,0.0,0.0,47.5,0.6508,0,0,0,1,YES,0,2,81.5
495,562,SELECTIVE_PLANNER,0,0,1,1,1,0,1,0,1,0,0,1.0,0.0,1.0,0.0,0.0,59.17,0.9331,1,1,63515,1,SUPER_LIKE,1,3,100.0
145,254,BUDGET_CONSCIOUS,0,1,0,1,0,1,1,1,0,0,1,0.5,0.1667,0.0,0.0,1.0,47.5,0.6797,1,1,49725,0,YES,0,2,94.9
377,71,BUDGET_CONSCIOUS,2,0,1,0,1,0,1,0,0,0,1,1.0,0.0,0.0,0.0,1.0,42.5,0.081,0,0,0,0,NO,0,0,24.5
966,42,SELECTIVE_PLANNER,0,0,1,1,1,0,2,1,1,1,0,0.6667,0.3333,1.0,1.0,0.0,69.17,0.9357,1,1,59640,1,SUPER_LIKE,1,3,100.0
471,439,SOCIAL_EXPLORER,1,0,1,0,1,0,1,1,1,1,1,1.0,0.1429,1.0,1.0,1.0,71.19,0.7173,1,1,53180,1,YES,1,3,100.0
173,457,BUDGET_CONSCIOUS,1,1,2,0,0,0,1,2,2,1,0,1.0,0.4,1.0,1.0,0.0,59.67,0.4715,0,0,0,1,SAVE_ONLY,0,1,71.67
248,454,SOCIAL_EXPLORER,0,2,1,1,0,0,1,1,1,0,0,0.5,0.2,0.3333,0.0,0.0,34.83,0.6429,1,0,0,0,YES,0,2,56.83
394,629,BUDGET_CONSCIOUS,0,0,0,1,1,1,1,3,1,1,1,1.0,0.75,1.0,1.0,1.0,95.0,1.0,1,1,58080,1,YES,1,3,100.0
297,566,BUDGET_CONSCIOUS,1,1,0,0,0,1,1,2,1,0,1,1.0,0.5,1.0,0.0,1.0,68.33,0.6619,1,1,49023,1,YES,0,2,100.0
92,675,CAUTIOUS_INTROVERT,1,0,1,0,1,0,1,4,2,1,1,1.0,0.8,1.0,1.0,1.0,84.33,0.9816,1,1,62997,1,YES,1,3,100.0
802,242,SOCIAL_EXPLORER,1,1,0,0,0,1,1,0,1,1,0,0.25,0.0,0.5,1.0,0.0,43.33,0.7198,1,0,0,0,YES,1,3,95.33
560,184,BUDGET_CONSCIOUS,1,1,0,0,0,1,1,0,0,0,1,1.0,0.0,0.0,0.0,1.0,48.33,0.3757,0,0,0,0,NO,0,0,30.33
455,183,SELECTIVE_PLANNER,0,2,1,1,0,0,1,0,1,0,0,0.5,0.0,1.0,0.0,0.0,37.5,0.214,0,0,0,0,NO,0,0,19.5
88,271,CAUTIOUS_INTROVERT,2,2,1,0,0,0,1,2,1,0,0,0.3333,0.4,0.3333,0.0,0.0,23.83,0.506,1,1,26303,1,SAVE_ONLY,0,1,53.04
424,127,SOCIAL_EXPLORER,0,1,2,1,0,0,1,0,0,1,0,1.0,0.0,0.0,1.0,0.0,47.5,0.4174,1,1,32681,0,NO,0,1,48.94
935,392,SPONTANEOUS_ADVENTURER,0,0,1,1,1,0,1,1,0,0,0,1.0,0.1667,0.0,0.0,0.0,52.5,0.8169,1,1,53124,0,YES,1,3,100.0
537,458,SPONTANEOUS_ADVENTURER,1,0,1,0,1,0,1,1,1,0,0,0.5,0.3333,0.5,0.0,0.0,45.0,0.6267,1,0,0,0,YES,0,2,67.0
635,23,BUDGET_CONSCIOUS,0,0,0,1,1,1,3,0,1,0,0,1.0,0.0,0.5,0.0,0.0,60.0,0.7023,0,0,0,1,YES,1,3,100.0
557,519,SELECTIVE_PLANNER,0,1,1,1,0,0,1,0,0,1,1,1.0,0.0,0.0,1.0,1.0,58.33,0.5095,1,0,0,1,SAVE_ONLY,0,1,70.33
107,62,CAUTIOUS_INTROVERT,1,1,0,0,0,1,1,1,2,1,0,1.0,0.3333,1.0,1.0,0.0,70.0,0.6665,0,0,0,1,YES,0,2,100.0
517,24,SPONTANEOUS_ADVENTURER,2,1,1,0,0,0,1,0,0,0,0,1.0,0.0,0.0,0.0,0.0,31.67,0.4177,0,0,0,0,NO,0,0,13.67
227,740,SOCIAL_EXPLORER,0,1,1,1,0,0,1,1,0,0,0,0.5,0.2,0.0,0.0,0.0,37.33,0.7231,1,1,38341,0,YES,1,3,100.0
410,940,BUDGET_CONSCIOUS,1,1,0,0,0,1,1,1,0,0,0,0.5,0.1667,0.0,0.0,0.0,36.67,0.2392,1,0,0,0,NO,0,0,18.67
644,415,CAUTIOUS_INTROVERT,0,0,0,1,1,1,1,0,0,0,0,0.5,0.0,0.0,0.0,0.0,45.0,0.3179,1,0,0,0,NO,0,0,27.0
450,118,SPONTANEOUS_ADVENTURER,0,1,1,1,0,0,1,0,0,0,0,0.5,0.0,0.0,0.0,0.0,33.33,0.5425,1,0,0,1,SAVE_ONLY,0,1,45.33
502,551,SOCIAL_EXPLORER,1,1,0,0,0,1,1,1,1,1,0,0.5,0.1667,0.5,1.0,0.0,51.67,0.8602,1,1,51465,0,YES,1,3,100.0
878,81,SPONTANEOUS_ADVENTURER,0,0,1,1,1,0,1,0,0,0,0,0.5,0.0,0.0,0.0,0.0,39.17,0.6328,0,0,0,1,YES,0,2,73.17
850,82,SPONTANEOUS_ADVENTURER,1,2,1,0,0,0,1,2,1,0,1,1.0,0.4,0.3333,0.0,1.0,48.0,0.7142,1,1,44842,1,YES,1,3,100.0
946,103,BUDGET_CONSCIOUS,0,2,1,1,0,0,1,0,0,0,0,0.5,0.0,0.0,0.0,0.0,27.5,0.3728,1,1,24666,0,NO,0,1,26.13
833,66,SOCIAL_EXPLORER,0,0,1,1,1,0,1,0,0,0,0,0.3333,0.0,0.0,0.0,0.0,35.83,0.4552,1,1,28149,1,SAVE_ONLY,0,1,65.68
413,321,SOCIAL_EXPLORER,1,0,0,0,1,1,1,1,1,0,0,0.3333,0.2,0.5,0.0,0.0,44.83,0.7664,1,1,50699,0,YES,1,3,100.0
455,405,SELECTIVE_PLANNER,0,2,1,1,0,0,1,1,0,0,0,0.3333,0.25,0.0,0.0,0.0,29.17,0.1443,1,0,0,0,NO,0,0,11.17
931,951,SPONTANEOUS_ADVENTURER,1,2,0,0,0,1,1,1,1,0,0,1.0,0.1667,1.0,0.0,0.0,50.83,0.629,0,0,0,0,YES,0,2,72.83
392,413,SOCIAL_EXPLORER,0,2,0,1,0,1,1,1,0,0,0,0.5,0.1667,0.0,0.0,0.0,36.67,0.6762,0,0,0,0,YES,0,2,58.67
800,747,CAUTIOUS_INTROVERT,2,0,1,0,1,0,1,0,0,0,0,1.0,0.0,0.0,0.0,0.0,37.5,0.4812,0,0,0,1,SAVE_ONLY,0,1,49.5
115,717,SELECTIVE_PLANNER,1,1,1,0,0,0,1,4,1,1,1,0.5,0.8,0.5,1.0,1.0,63.5,0.2961,0,0,0,0,NO,0,0,45.5
303,271,SOCIAL_EXPLORER,1,1,0,0,0,1,2,3,1,1,1,1.0,0.75,0.5,1.0,1.0,78.33,1.0,1,1,65991,0,SUPER_LIKE,1,3,100.0
232,265,SOCIAL_EXPLORER,0,2,0,1,0,1,1,4,1,0,1,1.0,1.0,1.0,0.0,1.0,78.33,0.9348,1,1,61520,0,SUPER_LIKE,1,3,100.0
381,497,BUDGET_CONSCIOUS,1,0,0,0,1,1,1,0,0,0,0,1.0,0.0,0.0,0.0,0.0,49.17,0.483,1,1,37315,0,NO,0,1,52.23
617,830,SPONTANEOUS_ADVENTURER,1,0,0,0,1,1,1,1,0,0,0,1.0,0.2,0.0,0.0,0.0,53.17,0.9247,1,1,55842,1,YES,1,3,100.0
227,362,SOCIAL_EXPLORER,0,1,0,1,0,1,1,0,1,0,0,0.3333,0.0,0.5,0.0,0.0,40.83,0.723,1,1,47754,0,YES,1,3,100.0
352,343,SOCIAL_EXPLORER,0,2,0,1,0,1,1,3,1,1,1,0.5,0.75,1.0,1.0,1.0,73.33,0.8551,0,0,0,1,YES,1,3,100.0
669,418,SOCIAL_EXPLORER,0,1,0,1,0,1,1,1,1,0,0,0.5,0.2,0.3333,0.0,0.0,46.5,0.6821,1,0,0,0,YES,0,2,68.5
162,615,SPONTANEOUS_ADVENTURER,1,2,1,0,0,0,1,3,0,1,1,0.5,0.75,0.0,1.0,1.0,51.67,0.7457,1,1,39573,0,YES,1,3,100.0
597,754,BUDGET_CONSCIOUS,0,0,0,1,1,1,1,1,0,0,0,0.3333,0.1667,0.0,0.0,0.0,45.0,0.7374,1,0,0,1,YES,1,3,100.0
965,767,CAUTIOUS_INTROVERT,0,0,0,1,1,1,1,2,1,0,0,0.5,0.5,0.5,0.0,0.0,60.0,0.861,1,1,45564,0,SUPER_LIKE,1,3,100.0
741,204,SOCIAL_EXPLORER,0,1,0,1,0,1,1,1,1,1,0,0.3333,0.2,0.5,1.0,0.0,54.83,0.8139,0,0,0,1,YES,1,3,100.0
991,1012,BUDGET_CONSCIOUS,2,0,1,0,1,0,1,1,0,0,1,0.5,0.1667,0.0,0.0,1.0,35.83,0.0,0,0,0,0,NO,0,0,17.83
943,383,SELECTIVE_PLANNER,1,0,1,0,1,0,1,0,0,0,0,0.5,0.0,0.0,0.0,0.0,33.33,0.508,1,1,37968,1,SAVE_ONLY,0,1,66.62
431,237,BUDGET_CONSCIOUS,0,1,0,1,0,1,1,0,1,0,0,1.0,0.0,0.3333,0.0,0.0,52.5,0.6475,0,0,0,1,YES,0,2,86.5
176,74,PASSIVE_BROWSER,0,1,1,1,0,0,1,1,1,0,0,1.0,0.1429,0.5,0.0,0.0,51.19,0.5,0,0,0,1,SAVE_ONLY,0,1,63.19
139,794,BUDGET_CONSCIOUS,1,1,0,0,0,1,1,1,1,1,0,0.5,0.2,1.0,1.0,0.0,57.33,0.5763,1,1,34105,1,SAVE_ONLY,0,1,89.27
723,160,BUDGET_CONSCIOUS,0,1,1,1,0,0,1,1,1,1,0,0.5,0.25,0.5,1.0,0.0,53.33,0.6423,1,1,44252,0,YES,0,2,98.82
882,751,BUDGET_CONSCIOUS,0,0,1,1,1,0,1,1,1,0,0,0.3333,0.2,1.0,0.0,0.0,49.83,0.6806,1,1,43698,1,YES,0,2,100.0
541,113,CAUTIOUS_INTROVERT,0,1,0,1,0,1,1,3,1,1,0,0.5,0.75,1.0,1.0,0.0,74.17,0.7515,1,1,42802,0,YES,1,3,100.0
398,802,SELECTIVE_PLANNER,1,0,0,0,1,1,1,0,0,1,0,0.5,0.0,0.0,1.0,0.0,49.17,0.6214,1,1,47265,0,YES,0,2,95.71
480,37,BUDGET_CONSCIOUS,1,0,1,0,1,0,1,1,0,0,0,0.5,0.2,0.0,0.0,0.0,37.33,0.4984,0,0,0,1,SAVE_ONLY,0,1,49.33
15,128,BUDGET_CONSCIOUS,0,1,1,1,0,0,0,0,0,0,0,0.0,0.0,0.0,0.0,0.0,23.33,0.2515,0,0,0,0,NO,0,0,5.33
463,557,SELECTIVE_PLANNER,1,1,0,0,0,1,1,1,0,0,1,1.0,0.2,0.0,0.0,1.0,52.33,0.4662,0,0,0,1,SAVE_ONLY,0,1,64.33
800,281,CAUTIOUS_INTROVERT,0,0,1,1,1,0,1,3,1,1,1,1.0,0.75,1.0,1.0,1.0,89.17,1.0,1,1,60761,0,YES,1,3,100.0
631,78,BUDGET_CONSCIOUS,0,1,0,1,0,1,1,1,0,0,0,0.3333,0.1429,0.0,0.0,0.0,38.69,0.6418,1,1,37797,1,YES,0,2,93.92
983,212,BUDGET_CONSCIOUS,0,1,1,1,0,0,1,1,0,0,0,1.0,0.1667,0.0,0.0,0.0,46.67,0.5636,1,0,0,1,SAVE_ONLY,0,1,58.67
1001,970,SOCIAL_EXPLORER,0,0,0,1,1,1,1,0,0,0,0,1.0,0.0,0.0,0.0,0.0,55.0,0.831,1,1,46058,0,YES,1,3,100.0
476,87,SOCIAL_EXPLORER,0,0,1,1,1,0,1,1,0,0,0,0.5,0.125,0.0,0.0,0.0,41.67,0.4224,1,1,35177,1,SAVE_ONLY,0,1,73.98
452,443,SELECTIVE_PLANNER,1,1,0,0,0,1,1,1,0,0,0,1.0,0.1667,0.0,0.0,0.0,46.67,0.3531,0,0,0,0,NO,0,0,28.67
956,284,SPONTANEOUS_ADVENTURER,0,0,1,1,1,0,1,4,1,1,1,1.0,1.0,0.3333,1.0,1.0,87.5,1.0,1,1,55306,0,YES,1,3,100.0
41,985,SOCIAL_EXPLORER,0,1,0,1,0,1,1,2,1,0,1,1.0,0.4,1.0,0.0,1.0,72.17,1.0,1,1,66526,1,SUPER_LIKE,1,3,100.0
822,987,SOCIAL_EXPLORER,1,1,0,0,0,1,1,0,0,0,0,1.0,0.0,0.0,0.0,0.0,43.33,0.4906,0,0,0,1,SAVE_ONLY,0,1,55.33
994,966,CAUTIOUS_INTROVERT,0,1,1,1,0,0,2,0,0,0,0,0.6667,0.0,0.0,0.0,0.0,36.67,0.2899,0,0,0,0,NO,0,0,18.67
997,73,BUDGET_CONSCIOUS,0,0,0,1,1,1,1,1,0,0,0,0.3333,0.1667,0.0,0.0,0.0,45.0,0.7387,1,1,50593,1,YES,1,3,100.0
815,188,SOCIAL_EXPLORER,0,1,0,1,0,1,1,2,1,1,1,0.5,0.4,0.5,1.0,1.0,67.17,0.8684,1,1,48727,1,YES,1,3,100.0
945,38,PASSIVE_BROWSER,0,1,1,1,0,0,1,1,0,1,0,0.5,0.1429,0.0,1.0,0.0,46.19,0.3033,0,0,0,0,NO,0,0,28.19
791,936,BUDGET_CONSCIOUS,1,1,0,0,0,1,1,1,1,0,1,1.0,0.25,1.0,0.0,1.0,63.33,0.6728,0,0,0,0,YES,0,2,85.33
679,105,CAUTIOUS_INTROVERT,1,1,2,0,0,0,1,0,0,0,0,0.5,0.0,0.0,0.0,0.0,21.67,0.0,1,0,0,0,NO,0,0,3.67
1003,543,BUDGET_CONSCIOUS,2,1,1,0,0,0,1,2,2,1,1,1.0,0.4,1.0,1.0,1.0,64.67,0.4277,1,1,33932,0,NO,0,1,66.55
698,589,SOCIAL_EXPLORER,1,0,0,0,1,1,1,3,1,1,1,0.3333,0.75,0.5,1.0,1.0,70.83,0.8663,0,0,0,0,YES,1,3,100.0
243,396,BUDGET_CONSCIOUS,0,0,1,1,1,0,1,4,1,1,0,0.5,1.0,1.0,1.0,0.0,79.17,0.809,1,1,44134,1,YES,1,3,100.0
175,607,SPONTANEOUS_ADVENTURER,0,1,1,1,0,0,2,2,1,0,0,1.0,0.3333,1.0,0.0,0.0,60.0,0.8719,1,1,58189,1,YES,1,3,100.0
677,291,SOCIAL_EXPLORER,1,1,1,0,0,0,1,0,0,0,0,1.0,0.0,0.0,0.0,0.0,37.5,0.7135,1,1,43805,1,YES,1,3,100.0
74,669,SOCIAL_EXPLORER,0,2,0,1,0,1,1,1,0,0,1,1.0,0.1667,0.0,0.0,1.0,51.67,0.6728,0,0,0,1,YES,0,2,85.67
110,866,CAUTIOUS_INTROVERT,2,1,1,0,0,0,1,2,2,1,1,1.0,0.6667,1.0,1.0,1.0,70.0,0.869,1,1,61712,0,SUPER_LIKE,1,3,100.0
121,358,SELECTIVE_PLANNER,0,1,0,1,0,1,1,0,0,0,0,1.0,0.0,0.0,0.0,0.0,49.17,0.3095,1,1,16591,0,NO,0,0,44.98
1010,70,SOCIAL_EXPLORER,1,2,1,0,0,0,1,0,0,0,0,0.5,0.0,0.0,0.0,0.0,21.67,0.4206,1,0,0,0,NO,0,0,3.67
13,327,SOCIAL_EXPLORER,0,0,1,1,1,0,0,0,0,0,0,0.0,0.0,0.0,0.0,0.0,29.17,0.3953,0,0,0,0,NO,0,0,11.17
91,552,SOCIAL_EXPLORER,0,2,0,1,0,1,1,0,0,0,0,1.0,0.0,0.0,0.0,0.0,43.33,0.6918,1,1,48910,0,YES,0,2,90.45
65,223,SOCIAL_EXPLORER,2,0,1,0,1,0,1,1,0,0,0,1.0,0.2,0.0,0.0,0.0,41.5,0.5674,0,0,0,0,NO,0,0,23.5
428,271,CAUTIOUS_INTROVERT,1,1,1,0,0,0,2,2,1,1,1,1.0,0.5,0.5,1.0,1.0,67.5,0.7563,1,1,44256,0,YES,1,3,100.0
387,913,BUDGET_CONSCIOUS,0,0,0,1,1,1,1,1,1,0,0,0.5,0.2,1.0,0.0,0.0,59.0,0.7121,0,0,0,0,YES,1,3,100.0
296,771,BUDGET_CONSCIOUS,2,0,1,0,1,0,1,0,0,0,0,0.5,0.0,0.0,0.0,0.0,27.5,0.0,0,0,0,0,NO,0,0,9.5
668,553,SOCIAL_EXPLORER,2,2,1,0,0,0,1,0,0,0,0,1.0,0.0,0.0,0.0,0.0,25.83,0.4338,1,1,24739,1,SAVE_ONLY,0,1,54.49
807,23,SOCIAL_EXPLORER,2,2,1,0,0,0,1,2,1,1,1,0.25,0.5,0.5,1.0,1.0,40.83,0.6203,1,1,34371,0,YES,0,2,82.86
245,498,SELECTIVE_PLANNER,1,0,1,0,1,0,1,1,0,0,0,0.5,0.2,0.0,0.0,0.0,37.33,0.6339,1,1,39151,0,YES,0,2,81.03
306,25,SOCIAL_EXPLORER,1,2,0,0,0,1,1,3,1,1,0,1.0,0.6,0.5,1.0,0.0,64.5,0.8804,1,1,52970,0,SUPER_LIKE,1,3,100.0
196,742,SPONTANEOUS_ADVENTURER,0,2,0,1,0,1,1,1,0,0,0,1.0,0.1667,0.0,0.0,0.0,46.67,0.6826,1,1,40461,0,YES,0,2,90.83
859,218,BUDGET_CONSCIOUS,1,0,1,0,1,0,1,1,1,1,0,1.0,0.2,1.0,1.0,0.0,67.33,0.5967,1,0,0,0,NO,0,0,49.33
869,374,SOCIAL_EXPLORER,0,2,1,1,0,0,1,2,0,0,1,1.0,0.6667,0.0,0.0,1.0,55.83,0.6644,1,0,0,0,YES,0,2,77.83
745,648,CAUTIOUS_INTROVERT,1,2,1,0,0,0,2,1,0,0,0,1.0,0.1667,0.0,0.0,0.0,35.0,0.3405,0,0,0,0,NO,0,0,17.0
268,324,SOCIAL_EXPLORER,0,2,1,1,0,0,1,0,0,0,0,1.0,0.0,0.0,0.0,0.0,37.5,0.5648,1,1,30867,1,SAVE_ONLY,0,1,68.3
931,468,SPONTANEOUS_ADVENTURER,2,0,1,0,1,0,1,2,1,1,0,0.5,0.5,1.0,1.0,0.0,57.5,0.8471,1,1,55944,0,YES,1,3,100.0
248,834,SOCIAL_EXPLORER,0,1,0,1,0,1,2,1,1,1,1,1.0,0.2,0.5,1.0,1.0,73.17,0.9301,1,1,50449,0,SUPER_LIKE,1,3,100.0
260,47,SOCIAL_EXPLORER,1,0,0,0,1,1,1,1,1,1,0,0.5,0.2,0.5,1.0,0.0,58.17,0.9239,0,0,0,0,YES,1,3,100.0
349,482,SOCIAL_EXPLORER,1,0,2,0,1,0,1,1,1,0,0,0.5,0.1667,1.0,0.0,0.0,40.83,0.3214,1,1,16070,0,NO,0,0,36.45
585,134,BUDGET_CONSCIOUS,1,1,2,0,0,0,1,2,1,1,0,1.0,0.5,1.0,1.0,0.0,61.67,0.758,1,1,48532,0,YES,1,3,100.0
406,798,CAUTIOUS_INTROVERT,1,1,1,0,0,0,1,1,0,0,1,1.0,0.2,0.0,0.0,1.0,46.5,0.4808,1,1,33426,1,SAVE_ONLY,0,1,78.2
109,559,BUDGET_CONSCIOUS,1,0,1,0,1,0,1,0,0,0,0,1.0,0.0,0.0,0.0,0.0,43.33,0.4026,1,1,27076,0,NO,0,1,42.81
422,917,CAUTIOUS_INTROVERT,0,2,0,1,0,1,1,0,0,0,0,1.0,0.0,0.0,0.0,0.0,43.33,0.291,0,0,0,0,NO,0,0,25.33
702,67,SOCIAL_EXPLORER,1,1,2,0,0,0,1,2,1,1,1,0.3333,0.3333,1.0,1.0,1.0,50.0,0.4722,1,1,39648,1,SAVE_ONLY,0,1,83.88
23,29,BUDGET_CONSCIOUS,2,0,1,0,1,0,2,0,1,0,0,0.6667,0.0,0.5,0.0,0.0,35.83,0.0011,0,0,0,0,NO,0,0,17.83
852,875,SOCIAL_EXPLORER,0,1,0,1,0,1,1,2,1,0,1,0.5,0.5,1.0,0.0,1.0,64.17,0.7565,1,1,49188,0,YES,1,3,100.0
565,835,SELECTIVE_PLANNER,1,2,0,0,0,1,1,0,0,0,0,0.5,0.0,0.0,0.0,0.0,27.5,0.0,0,0,0,0,NO,0,0,9.5
771,779,BUDGET_CONSCIOUS,2,0,2,0,1,0,1,1,0,0,0,0.5,0.25,0.0,0.0,0.0,26.67,0.0,0,0,0,0,NO,0,0,8.67
941,738,SOCIAL_EXPLORER,0,1,1,1,0,0,1,2,0,0,0,0.5,0.4,0.0,0.0,0.0,41.33,0.5543,1,1,32769,0,NO,0,1,42.8
324,504,SELECTIVE_PLANNER,1,0,0,0,1,1,1,0,1,1,0,0.5,0.0,1.0,1.0,0.0,59.17,0.7705,1,1,49365,1,YES,1,3,100.0
467,701,BUDGET_CONSCIOUS,1,1,1,0,0,0,1,0,0,0,0,1.0,0.0,0.0,0.0,0.0,37.5,0.2947,0,0,0,0,NO,0,0,19.5
278,654,BUDGET_CONSCIOUS,0,0,0,1,1,1,1,1,0,0,0,0.5,0.2,0.0,0.0,0.0,49.0,0.742,1,1,42946,1,YES,1,3,100.0
547,968,SOCIAL_EXPLORER,1,1,0,0,0,1,1,2,0,0,1,0.3333,0.4,0.0,0.0,1.0,43.0,0.6818,1,1,47642,0,YES,0,2,89.67
644,476,CAUTIOUS_INTROVERT,1,1,1,0,0,0,1,1,0,0,0,1.0,0.1429,0.0,0.0,0.0,40.36,0.3913,1,1,21262,0,NO,0,1,37.8
680,842,SELECTIVE_PLANNER,1,0,1,0,1,0,1,2,1,0,0,0.3333,0.3333,1.0,0.0,0.0,46.67,0.6543,1,1,48153,0,YES,0,2,93.52
66,860,SPONTANEOUS_ADVENTURER,1,1,1,0,0,0,1,1,1,0,1,0.5,0.2,0.5,0.0,1.0,41.5,0.6617,1,0,0,0,YES,0,2,63.5
998,560,BUDGET_CONSCIOUS,1,1,1,0,0,0,1,2,1,0,1,1.0,0.2857,1.0,0.0,1.0,58.21,0.728,1,1,50093,1,YES,1,3,100.0
797,175,SPONTANEOUS_ADVENTURER,0,0,0,1,1,1,1,0,0,0,0,0.5,0.0,0.0,0.0,0.0,45.0,0.5452,1,1,33218,1,SAVE_ONLY,0,1,76.63
276,647,CAUTIOUS_INTROVERT,0,0,2,1,1,0,1,2,1,1,1,0.5,0.6667,0.5,1.0,1.0,66.67,0.4857,1,0,0,0,NO,0,0,48.67
811,277,SOCIAL_EXPLORER,0,1,1,1,0,0,1,2,1,0,0,0.5,0.4,1.0,0.0,0.0,51.33,0.8534,1,1,60450,0,YES,1,3,100.0
482,183,CAUTIOUS_INTROVERT,0,0,0,1,1,1,1,0,1,0,1,0.5,0.0,1.0,0.0,1.0,60.0,0.4622,0,0,0,1,SAVE_ONLY,0,1,72.0
33,102,BUDGET_CONSCIOUS,0,1,1,1,0,0,1,0,0,0,0,1.0,0.0,0.0,0.0,0.0,43.33,0.5666,1,0,0,1,SAVE_ONLY,0,1,55.33
609,908,BUDGET_CONSCIOUS,2,0,0,0,1,1,1,0,0,0,0,0.5,0.0,0.0,0.0,0.0,33.33,0.1072,1,0,0,0,NO,0,0,15.33
123,779,BUDGET_CONSCIOUS,2,1,1,0,0,0,1,0,1,0,0,1.0,0.0,0.3333,0.0,0.0,35.0,0.0873,0,0,0,0,NO,0,0,17.0
866,434,BUDGET_CONSCIOUS,1,1,0,0,0,1,1,0,2,1,0,1.0,0.0,1.0,1.0,0.0,63.33,0.7356,0,0,0,0,YES,1,3,100.0
440,151,SOCIAL_EXPLORER,2,1,0,0,0,1,1,0,0,0,1,0.5,0.0,0.0,0.0,1.0,32.5,0.5313,0,0,0,1,SAVE_ONLY,0,1,44.5
496,48,CAUTIOUS_INTROVERT,1,1,1,0,0,0,1,0,0,0,0,1.0,0.0,0.0,0.0,0.0,37.5,0.3418,0,0,0,0,NO,0,0,19.5
560,991,SPONTANEOUS_ADVENTURER,1,1,0,0,0,1,1,3,0,0,0,0.5,0.5,0.0,0.0,0.0,43.33,0.668,0,0,0,0,YES,0,2,65.33
477,889,CAUTIOUS_INTROVERT,1,0,2,0,1,0,1,1,1,0,0,0.5,0.2,0.5,0.0,0.0,36.5,0.0698,0,0,0,0,NO,0,0,18.5
613,27,SOCIAL_EXPLORER,1,2,1,0,0,0,1,2,1,0,0,1.0,0.3333,0.5,0.0,0.0,43.33,0.6686,1,1,39613,1,YES,0,2,99.19
468,171,BUDGET_CONSCIOUS,0,1,0,1,0,1,1,0,0,0,1,0.3333,0.0,0.0,0.0,1.0,40.83,0.5362,1,1,28816,0,NO,0,1,40.92
636,736,SPONTANEOUS_ADVENTURER,1,0,1,0,1,0,1,2,0,0,0,0.25,0.2857,0.0,0.0,0.0,34.05,0.6692,0,0,0,1,YES,0,2,68.05
948,647,SPONTANEOUS_ADVENTURER,1,1,1,0,0,0,1,2,0,0,1,0.3333,0.6667,0.0,0.0,1.0,42.5,0.8282,1,1,50309,1,YES,1,3,100.0
619,630,BUDGET_CONSCIOUS,0,2,1,1,0,0,1,0,1,0,0,1.0,0.0,0.5,0.0,0.0,42.5,0.4975,0,0,0,1,SAVE_ONLY,0,1,54.5
977,738,SELECTIVE_PLANNER,0,1,0,1,0,1,1,1,1,0,0,0.5,0.2,0.5,0.0,0.0,48.17,0.2933,0,0,0,0,NO,0,0,30.17
233,737,SOCIAL_EXPLORER,0,1,0,1,0,1,1,0,0,0,1,1.0,0.0,0.0,0.0,1.0,54.17,0.7454,1,1,43639,1,YES,1,3,100.0
270,294,SOCIAL_EXPLORER,0,2,2,1,0,0,1,1,1,1,0,0.5,0.2,1.0,1.0,0.0,45.67,0.4528,0,0,0,0,NO,0,0,27.67
813,158,CAUTIOUS_INTROVERT,0,1,1,1,0,0,1,1,0,0,0,0.3333,0.25,0.0,0.0,0.0,35.0,0.2056,1,0,0,0,NO,0,0,17.0
460,867,BUDGET_CONSCIOUS,0,1,0,1,0,1,1,0,0,0,0,1.0,0.0,0.0,0.0,0.0,49.17,0.6632,0,0,0,1,YES,0,2,83.17
182,553,SELECTIVE_PLANNER,1,0,0,0,1,1,1,1,1,0,0,1.0,0.1429,0.5,0.0,0.0,57.02,0.6278,0,0,0,0,YES,0,2,79.02
226,530,SPONTANEOUS_ADVENTURER,0,2,0,1,0,1,1,0,0,1,0,1.0,0.0,0.0,1.0,0.0,53.33,0.6711,0,0,0,1,YES,0,2,87.33
139,858,SELECTIVE_PLANNER,0,0,1,1,1,0,1,1,0,0,1,0.5,0.2,0.0,0.0,1.0,48.17,0.5872,0,0,0,1,SAVE_ONLY,0,1,60.17
561,874,SOCIAL_EXPLORER,0,1,1,1,0,0,1,1,0,0,0,1.0,0.1667,0.0,0.0,0.0,46.67,0.7749,1,1,49245,0,YES,1,3,100.0
427,1013,CAUTIOUS_INTROVERT,0,1,0,1,0,1,1,2,1,0,0,0.5,0.4,0.5,0.0,0.0,52.17,0.7626,1,1,48707,1,YES,1,3,100.0
504,537,SELECTIVE_PLANNER,0,2,0,1,0,1,1,1,1,0,0,0.3333,0.25,0.5,0.0,0.0,40.0,0.0525,0,0,0,0,NO,0,0,22.0
432,876,BUDGET_CONSCIOUS,0,0,0,1,1,1,1,0,0,0,1,1.0,0.0,0.0,0.0,1.0,60.0,0.7196,1,1,43476,0,YES,1,3,100.0
837,301,CAUTIOUS_INTROVERT,1,0,1,0,1,0,1,0,0,0,0,0.25,0.0,0.0,0.0,0.0,28.33,0.1929,1,1,21773,0,NO,0,1,25.95
934,650,BUDGET_CONSCIOUS,1,0,2,0,1,0,1,3,0,1,1,1.0,0.75,0.0,1.0,1.0,67.5,0.6811,1,1,39543,1,YES,0,2,100.0
262,214,SOCIAL_EXPLORER,2,1,1,0,0,0,1,0,0,1,0,1.0,0.0,0.0,1.0,0.0,41.67,0.6827,0,0,0,1,YES,0,2,75.67
598,169,CAUTIOUS_INTROVERT,1,1,1,0,0,0,1,1,1,0,0,0.3333,0.25,1.0,0.0,0.0,39.17,0.4694,0,0,0,0,NO,0,0,21.17
266,300,SOCIAL_EXPLORER,1,1,1,0,0,0,1,1,1,0,0,1.0,0.1667,1.0,0.0,0.0,50.83,0.7356,1,1,51642,1,YES,1,3,100.0
534,684,SOCIAL_EXPLORER,0,0,0,1,1,1,1,0,0,0,0,0.3333,0.0,0.0,0.0,0.0,41.67,0.5638,1,1,41123,1,SAVE_ONLY,0,1,76.06
958,87,CAUTIOUS_INTROVERT,1,1,0,0,0,1,1,2,1,0,0,0.5,0.3333,1.0,0.0,0.0,50.0,0.6332,0,0,0,0,YES,0,2,72.0
888,986,CAUTIOUS_INTROVERT,1,0,0,0,1,1,1,2,1,1,1,0.5,0.5,1.0,1.0,1.0,74.17,1.0,1,1,55007,0,SUPER_LIKE,1,3,100.0
162,970,SPONTANEOUS_ADVENTURER,0,2,1,1,0,0,1,1,1,1,0,1.0,0.2,1.0,1.0,0.0,61.5,0.8516,0,0,0,0,YES,1,3,100.0
985,111,SOCIAL_EXPLORER,0,0,2,1,1,0,1,2,1,1,0,0.5,0.4,1.0,1.0,0.0,61.33,0.4175,1,1,32210,0,NO,0,1,62.6
329,249,CAUTIOUS_INTROVERT,0,1,2,1,0,0,1,2,1,0,1,1.0,0.3333,1.0,0.0,1.0,59.17,0.4745,1,1,24538,0,NO,0,1,57.76
996,394,SPONTANEOUS_ADVENTURER,1,1,0,0,0,1,1,1,0,0,0,1.0,0.1667,0.0,0.0,0.0,46.67,0.6602,1,1,45122,0,YES,0,2,92.46
52,227,SPONTANEOUS_ADVENTURER,1,1,1,0,0,0,1,1,0,0,1,0.5,0.2,0.0,0.0,1.0,36.5,0.6482,1,0,0,1,YES,0,2,70.5
943,741,BUDGET_CONSCIOUS,0,1,1,1,0,0,1,0,0,0,0,0.3333,0.0,0.0,0.0,0.0,30.0,0.312,1,1,21179,0,NO,0,1,27.41
595,939,CAUTIOUS_INTROVERT,1,0,1,0,1,0,1,1,0,0,0,1.0,0.2,0.0,0.0,0.0,47.33,0.4793,0,0,0,1,SAVE_ONLY,0,1,59.33
661,810,SOCIAL_EXPLORER,1,0,1,0,1,0,1,3,1,1,1,0.3333,1.0,1.0,1.0,1.0,75.0,0.8133,1,1,52924,0,YES,1,3,100.0
719,910,SPONTANEOUS_ADVENTURER,2,1,1,0,0,0,1,1,1,0,0,0.3333,0.1667,1.0,0.0,0.0,31.67,0.6924,1,0,0,1,YES,0,2,65.67
234,689,BUDGET_CONSCIOUS,2,2,0,0,0,1,2,1,0,0,0,0.5,0.1667,0.0,0.0,0.0,25.0,0.0,0,0,0,0,NO,0,0,7.0
909,826,BUDGET_CONSCIOUS,0,0,1,1,1,0,1,2,0,1,1,1.0,1.0,0.0,1.0,1.0,84.17,0.8428,1,1,55544,0,YES,1,3,100.0
829,99,SOCIAL_EXPLORER,1,2,0,0,0,1,1,0,0,0,1,1.0,0.0,0.0,0.0,1.0,42.5,0.6443,1,1,39732,1,YES,0,2,98.41
869,726,SOCIAL_EXPLORER,1,0,1,0,1,0,1,1,0,0,0,1.0,0.2,0.0,0.0,0.0,47.33,0.7061,1,1,39853,1,YES,1,3,100.0
495,60,SELECTIVE_PLANNER,1,0,0,0,1,1,1,1,1,0,0,1.0,0.3333,0.5,0.0,0.0,60.83,0.6933,1,1,42265,1,YES,0,2,100.0
409,51,CAUTIOUS_INTROVERT,2,0,1,0,1,0,1,0,0,0,0,1.0,0.0,0.0,0.0,0.0,37.5,0.3143,1,1,24593,0,NO,0,1,36.11
1003,742,BUDGET_CONSCIOUS,1,1,0,0,0,1,1,0,0,0,0,1.0,0.0,0.0,0.0,0.0,43.33,0.5154,0,0,0,1,SAVE_ONLY,0,1,55.33
752,298,PASSIVE_BROWSER,0,0,0,1,1,1,1,1,0,1,1,0.5,0.1667,0.0,1.0,1.0,63.33,0.61,1,1,43305,0,NO,0,1,68.49
539,662,BUDGET_CONSCIOUS,0,2,2,1,0,0,1,1,1,1,1,0.3333,0.2,1.0,1.0,1.0,47.33,0.6364,0,0,0,0,YES,0,2,69.33
986,524,BUDGET_CONSCIOUS,1,2,0,0,0,1,1,1,1,0,0,1.0,0.3333,1.0,0.0,0.0,54.17,0.6509,0,0,0,1,YES,0,2,88.17
894,533,SPONTANEOUS_ADVENTURER,1,1,1,0,0,0,1,2,1,1,0,0.5,0.3333,1.0,1.0,0.0,54.17,0.8337,1,0,0,0,YES,1,3,100.0
630,942,BUDGET_CONSCIOUS,0,1,0,1,0,1,1,0,0,1,1,0.5,0.0,0.0,1.0,1.0,54.17,0.6632,1,1,43926,0,YES,0,2,99.54
100,499,SOCIAL_EXPLORER,1,2,2,0,0,0,1,0,1,0,0,0.5,0.0,1.0,0.0,0.0,25.83,0.2055,0,0,0,0,NO,0,0,7.83
950,391,SELECTIVE_PLANNER,0,0,0,1,1,1,1,2,1,1,0,0.5,0.5,1.0,1.0,0.0,75.0,0.8413,0,0,0,0,SUPER_LIKE,1,3,100.0
465,917,SELECTIVE_PLANNER,0,0,1,1,1,0,1,1,0,0,0,0.5,0.2,0.0,0.0,0.0,43.17,0.7805,0,0,0,1,YES,1,3,100.0
766,82,SPONTANEOUS_ADVENTURER,2,2,1,0,0,0,1,2,2,0,1,1.0,0.3333,1.0,0.0,1.0,47.5,0.697,1,1,42938,0,YES,0,2,92.53
855,925,SELECTIVE_PLANNER,0,2,0,1,0,1,1,0,1,1,0,1.0,0.0,1.0,1.0,0.0,63.33,0.3327,1,1,17602,0,NO,0,0,59.49
273,852,SOCIAL_EXPLORER,0,1,0,1,0,1,1,1,1,0,0,1.0,0.2,1.0,0.0,0.0,63.17,0.7757,1,1,44877,0,YES,1,3,100.0
151,544,BUDGET_CONSCIOUS,0,2,1,1,0,0,1,0,0,0,1,1.0,0.0,0.0,0.0,1.0,42.5,0.4475,1,0,0,0,NO,0,0,24.5
440,547,SOCIAL_EXPLORER,0,1,0,1,0,1,1,1,1,0,1,0.3333,0.2,1.0,0.0,1.0,54.83,0.7004,1,1,50136,1,YES,1,3,100.0
936,510,CAUTIOUS_INTROVERT,0,1,1,1,0,0,1,1,1,0,0,1.0,0.25,0.5,0.0,0.0,53.33,0.4645,1,0,0,1,SAVE_ONLY,0,1,65.33
26,121,PASSIVE_BROWSER,1,1,0,0,0,1,1,1,0,1,0,1.0,0.1667,0.0,1.0,0.0,56.67,0.5577,1,0,0,1,SAVE_ONLY,0,1,68.67
449,937,CAUTIOUS_INTROVERT,1,1,1,0,0,0,1,1,1,0,0,0.5,0.1667,1.0,0.0,0.0,40.83,0.2378,0,0,0,0,NO,0,0,22.83
856,934,BUDGET_CONSCIOUS,0,0,1,1,1,0,1,0,0,0,0,1.0,0.0,0.0,0.0,0.0,49.17,0.6607,0,0,0,0,YES,0,2,71.17
205,95,SPONTANEOUS_ADVENTURER,0,0,1,1,1,0,1,0,0,0,0,0.3333,0.0,0.0,0.0,0.0,35.83,0.6835,1,1,48325,0,YES,0,2,82.74
21,311,SELECTIVE_PLANNER,0,2,0,1,0,1,1,0,2,0,0,0.5,0.0,1.0,0.0,0.0,43.33,0.3093,0,0,0,0,NO,0,0,25.33
135,247,SOCIAL_EXPLORER,0,0,0,1,1,1,1,1,1,0,1,1.0,0.1667,1.0,0.0,1.0,73.33,0.8479,1,1,54327,1,YES,1,3,100.0
888,52,CAUTIOUS_INTROVERT,0,0,1,1,1,0,1,1,0,0,0,0.5,0.1429,0.0,0.0,0.0,42.02,0.4309,0,0,0,0,NO,0,0,24.02
311,990,SPONTANEOUS_ADVENTURER,0,2,0,1,0,1,1,2,0,0,0,0.3333,0.3333,0.0,0.0,0.0,36.67,0.5018,0,0,0,1,SAVE_ONLY,0,1,48.67
735,628,SOCIAL_EXPLORER,1,0,1,0,1,0,2,2,1,1,1,1.0,0.2857,0.5,1.0,1.0,69.05,0.8442,1,1,49243,0,YES,1,3,100.0
696,956,SOCIAL_EXPLORER,0,1,1,1,0,0,1,1,0,1,0,1.0,0.1429,0.0,1.0,0.0,56.19,0.8841,1,1,51931,1,YES,1,3,100.0
285,67,SOCIAL_EXPLORER,2,0,2,0,1,0,1,1,1,0,0,0.5,0.1429,0.5,0.0,0.0,29.52,0.349,1,1,20412,0,NO,0,1,26.66
698,1008,SOCIAL_EXPLORER,2,0,1,0,1,0,1,0,0,0,0,0.3333,0.0,0.0,0.0,0.0,24.17,0.2963,0,0,0,0,NO,0,0,6.17
952,30,SOCIAL_EXPLORER,1,0,2,0,1,0,1,1,0,1,0,1.0,0.125,0.0,1.0,0.0,50.0,0.4743,0,0,0,1,SAVE_ONLY,0,1,62.0
547,965,SOCIAL_EXPLORER,0,0,2,1,1,0,1,1,1,0,1,0.5,0.2,0.5,0.0,1.0,47.33,0.4221,0,0,0,0,NO,0,0,29.33
983,84,BUDGET_CONSCIOUS,1,2,0,0,0,1,1,0,1,0,0,1.0,0.0,0.5,0.0,0.0,42.5,0.3042,1,1,18682,0,NO,0,1,39.04
996,656,SPONTANEOUS_ADVENTURER,2,2,0,0,0,1,1,1,0,1,0,1.0,0.1429,0.0,1.0,0.0,44.52,0.6465,0,0,0,0,YES,0,2,66.52
81,591,SOCIAL_EXPLORER,1,1,0,0,0,1,1,0,1,0,1,0.5,0.0,1.0,0.0,1.0,48.33,0.7881,0,0,0,0,YES,1,3,100.0
1004,258,SOCIAL_EXPLORER,1,0,2,0,1,0,1,1,0,0,0,0.3333,0.25,0.0,0.0,0.0,29.17,0.217,0,0,0,0,NO,0,0,11.17
925,257,SPONTANEOUS_ADVENTURER,0,2,1,1,0,0,1,2,1,1,1,1.0,0.5,1.0,1.0,1.0,72.5,0.8477,1,0,0,0,YES,1,3,100.0
527,152,BUDGET_CONSCIOUS,2,1,1,0,0,0,1,0,1,1,1,1.0,0.0,0.3333,1.0,1.0,50.0,0.1576,0,0,0,0,NO,0,0,32.0
801,47,BUDGET_CONSCIOUS,1,2,1,0,0,0,1,1,2,1,0,0.5,0.25,1.0,1.0,0.0,46.67,0.5063,0,0,0,1,SAVE_ONLY,0,1,58.67
350,486,SPONTANEOUS_ADVENTURER,0,1,0,1,0,1,1,0,0,0,0,0.5,0.0,0.0,0.0,0.0,39.17,0.4417,0,0,0,0,NO,0,0,21.17
834,472,SOCIAL_EXPLORER,0,0,0,1,1,1,1,1,1,0,0,0.3333,0.1667,0.5,0.0,0.0,50.0,0.6887,0,0,0,1,YES,0,2,84.0
31,879,CAUTIOUS_INTROVERT,0,0,1,1,1,0,1,3,1,1,0,0.5,0.5,1.0,1.0,0.0,69.17,0.7277,1,1,40139,1,YES,1,3,100.0
169,21,SPONTANEOUS_ADVENTURER,1,2,0,0,0,1,1,0,0,0,1,0.5,0.0,0.0,0.0,1.0,32.5,0.2244,0,0,0,0,NO,0,0,14.5
385,936,BUDGET_CONSCIOUS,1,1,0,0,0,1,1,3,1,0,0,0.5,0.75,1.0,0.0,0.0,58.33,0.5957,0,0,0,1,SAVE_ONLY,0,1,70.33
964,624,CAUTIOUS_INTROVERT,2,1,0,0,0,1,1,1,1,0,0,0.3333,0.1429,0.5,0.0,0.0,32.02,0.3166,0,0,0,0,NO,0,0,14.02
266,867,SPONTANEOUS_ADVENTURER,1,1,0,0,0,1,1,2,1,1,0,1.0,0.3333,1.0,1.0,0.0,70.0,0.7376,0,0,0,1,YES,1,3,100.0
800,723,CAUTIOUS_INTROVERT,2,0,1,0,1,0,1,1,0,1,0,1.0,0.2,0.0,1.0,0.0,51.5,0.4802,0,0,0,1,SAVE_ONLY,0,1,63.5
563,705,SOCIAL_EXPLORER,0,0,1,1,1,0,1,1,1,0,0,0.25,0.1667,0.3333,0.0,0.0,40.83,0.6924,1,1,40306,0,YES,0,2,84.94
210,873,SOCIAL_EXPLORER,1,1,0,0,0,1,1,2,1,1,0,0.5,0.4,1.0,1.0,0.0,61.33,0.8986,0,0,0,1,YES,1,3,100.0
342,868,SOCIAL_EXPLORER,1,0,1,0,1,0,2,4,1,1,1,1.0,0.8,0.5,1.0,1.0,79.33,1.0,1,1,63036,0,SUPER_LIKE,1,3,100.0
435,66,SELECTIVE_PLANNER,0,1,0,1,0,1,1,0,0,0,0,0.3333,0.0,0.0,0.0,0.0,35.83,0.1411,0,0,0,0,NO,0,0,17.83
799,988,SPONTANEOUS_ADVENTURER,1,1,1,0,0,0,1,2,0,0,0,0.3333,0.4,0.0,0.0,0.0,32.17,0.4788,0,0,0,0,NO,0,0,14.17
457,721,SOCIAL_EXPLORER,0,1,1,1,0,0,1,0,0,0,0,0.5,0.0,0.0,0.0,0.0,33.33,0.5694,1,1,34068,1,SAVE_ONLY,0,1,65.25
399,752,SPONTANEOUS_ADVENTURER,0,1,0,1,0,1,2,1,2,0,1,1.0,0.2,1.0,0.0,1.0,68.17,0.8437,1,1,45255,1,YES,1,3,100.0
428,648,CAUTIOUS_INTROVERT,1,1,1,0,0,0,1,2,1,1,1,0.3333,0.5,1.0,1.0,1.0,59.17,0.627,1,1,36216,0,YES,0,2,100.0
82,646,BUDGET_CONSCIOUS,2,2,0,0,0,1,1,2,1,0,1,1.0,0.3333,0.5,0.0,1.0,48.33,0.0,0,0,0,0,NO,0,0,30.33
826,500,BUDGET_CONSCIOUS,1,2,1,0,0,0,1,0,1,0,0,0.5,0.0,1.0,0.0,0.0,31.67,0.2555,1,1,20289,0,NO,0,1,28.77
925,644,SPONTANEOUS_ADVENTURER,0,2,1,1,0,0,1,2,1,1,0,1.0,0.4,1.0,1.0,0.0,65.5,0.8523,1,1,52501,1,YES,1,3,100.0
191,960,BUDGET_CONSCIOUS,1,0,1,0,1,0,1,2,1,0,1,0.5,0.6667,0.5,0.0,1.0,56.67,0.6431,1,0,0,1,YES,0,2,90.67
470,228,SELECTIVE_PLANNER,2,1,1,0,0,0,1,3,1,1,1,1.0,0.6,0.5,1.0,1.0,63.67,0.3781,0,0,0,0,NO,0,0,45.67
233,994,SOCIAL_EXPLORER,0,1,2,1,0,0,1,1,0,0,1,0.5,0.2,0.0,0.0,1.0,36.5,0.3629,1,1,25285,0,NO,0,1,35.35
850,632,SPONTANEOUS_ADVENTURER,1,0,0,0,1,1,1,0,0,0,0,1.0,0.0,0.0,0.0,0.0,49.17,0.6939,1,1,43173,0,YES,0,2,94.28
579,680,SOCIAL_EXPLORER,1,1,1,0,0,0,1,3,1,1,0,0.5,0.5,1.0,1.0,0.0,57.5,0.7162,1,0,0,0,YES,1,3,100.0
139,295,BUDGET_CONSCIOUS,0,0,1,1,1,0,1,0,0,0,1,1.0,0.0,0.0,0.0,1.0,54.17,0.5642,1,1,40913,1,SAVE_ONLY,0,1,88.49
433,128,SELECTIVE_PLANNER,0,0,1,1,1,0,1,1,0,1,0,1.0,0.2,0.0,1.0,0.0,63.17,0.8999,1,1,54637,0,YES,1,3,100.0
165,494,CAUTIOUS_INTROVERT,1,0,2,0,1,0,1,3,2,1,1,1.0,0.75,1.0,1.0,1.0,77.5,0.7341,0,0,0,0,YES,1,3,100.0
931,131,SPONTANEOUS_ADVENTURER,1,0,1,0,1,0,1,0,0,0,0,1.0,0.0,0.0,0.0,0.0,43.33,0.68,1,1,49771,0,YES,0,2,90.75
78,344,BUDGET_CONSCIOUS,0,1,0,1,0,1,1,1,0,0,0,0.5,0.1667,0.0,0.0,0.0,42.5,0.7195,1,1,50769,0,YES,1,3,100.0
268,816,SOCIAL_EXPLORER,0,2,1,1,0,0,1,1,2,1,0,1.0,0.1667,1.0,1.0,0.0,60.83,0.7187,0,0,0,1,YES,1,3,100.0
903,689,SELECTIVE_PLANNER,1,0,0,0,1,1,2,1,1,0,0,0.6667,0.25,1.0,0.0,0.0,57.5,0.8174,1,1,57836,1,YES,1,3,100.0
94,670,BUDGET_CONSCIOUS,1,2,1,0,0,0,1,0,0,0,0,0.5,0.0,0.0,0.0,0.0,21.67,0.3562,0,0,0,0,NO,0,0,3.67
329,79,CAUTIOUS_INTROVERT,0,2,1,1,0,0,1,3,1,0,1,1.0,0.5,0.5,0.0,1.0,57.5,0.8245,1,1,48075,1,YES,1,3,100.0
913,166,BUDGET_CONSCIOUS,0,0,1,1,1,0,1,2,0,0,0,0.3333,0.5,0.0,0.0,0.0,45.83,0.7277,0,0,0,0,YES,1,3,97.83
949,982,BUDGET_CONSCIOUS,0,1,0,1,0,1,1,1,1,0,0,0.25,0.2,1.0,0.0,0.0,48.17,0.6207,1,1,40998,0,YES,0,2,92.52
469,376,BUDGET_CONSCIOUS,1,0,1,0,1,0,1,1,0,1,0,0.3333,0.125,0.0,1.0,0.0,42.5,0.5382,0,0,0,1,SAVE_ONLY,0,1,54.5
896,243,SOCIAL_EXPLORER,1,0,1,0,1,0,1,1,0,0,0,1.0,0.1429,0.0,0.0,0.0,46.19,0.7139,0,0,0,0,YES,1,3,98.19
997,826,BUDGET_CONSCIOUS,0,1,0,1,0,1,1,2,0,1,1,0.5,0.5,0.0,1.0,1.0,64.17,0.7103,1,1,50719,1,YES,1,3,100.0
973,60,BUDGET_CONSCIOUS,2,1,1,0,0,0,1,1,1,0,0,0.5,0.25,0.5,0.0,0.0,31.67,0.0949,0,0,0,0,NO,0,0,13.67
586,864,BUDGET_CONSCIOUS,2,1,1,0,0,0,1,2,1,1,0,1.0,0.3333,1.0,1.0,0.0,58.33,0.1816,1,0,0,0,NO,0,0,40.33
296,417,SOCIAL_EXPLORER,1,0,0,0,1,1,1,2,1,0,1,1.0,0.5,1.0,0.0,1.0,74.17,1.0,1,1,67183,1,SUPER_LIKE,1,3,100.0
153,461,SOCIAL_EXPLORER,1,1,2,0,0,0,1,0,1,1,0,1.0,0.0,1.0,1.0,0.0,51.67,0.3495,0,0,0,0,NO,0,0,33.67
634,875,SELECTIVE_PLANNER,0,0,1,1,1,0,1,2,1,0,0,0.3333,0.3333,0.5,0.0,0.0,47.5,0.7294,1,1,39099,0,YES,1,3,100.0
89,356,CAUTIOUS_INTROVERT,1,2,1,0,0,0,1,3,0,0,1,0.5,0.75,0.0,0.0,1.0,41.67,0.6854,1,1,38701,0,YES,0,2,85.22
275,137,BUDGET_CONSCIOUS,0,1,1,1,0,0,1,2,1,1,0,1.0,0.5,0.5,1.0,0.0,68.33,0.9751,1,1,60002,0,YES,1,3,100.0
212,128,BUDGET_CONSCIOUS,1,1,0,0,0,1,1,3,0,1,1,1.0,1.0,0.0,1.0,1.0,78.33,0.858,1,0,0,0,SUPER_LIKE,1,3,100.0
590,536,SOCIAL_EXPLORER,1,0,0,0,1,1,1,1,1,0,0,1.0,0.25,0.5,0.0,0.0,59.17,0.6732,1,0,0,1,YES,0,2,93.17
252,656,SOCIAL_EXPLORER,2,1,1,0,0,0,1,2,1,0,0,0.5,0.4,1.0,0.0,0.0,39.67,0.7216,1,1,38374,0,YES,1,3,100.0
236,290,CAUTIOUS_INTROVERT,1,0,1,0,1,0,1,1,1,0,0,1.0,0.1667,1.0,0.0,0.0,56.67,0.4863,0,0,0,1,SAVE_ONLY,0,1,68.67
620,766,CAUTIOUS_INTROVERT,1,2,1,0,0,0,1,1,1,1,1,0.5,0.25,0.3333,1.0,1.0,45.0,0.5798,0,0,0,0,NO,0,0,27.0
184,181,SELECTIVE_PLANNER,1,1,1,0,0,0,1,0,0,0,0,1.0,0.0,0.0,0.0,0.0,37.5,0.1153,0,0,0,0,NO,0,0,19.5
258,586,CAUTIOUS_INTROVERT,1,0,1,0,1,0,1,1,1,1,0,1.0,0.2,0.5,1.0,0.0,62.33,0.4942,0,0,0,1,SAVE_ONLY,0,1,74.33
649,516,BUDGET_CONSCIOUS,0,0,2,1,1,0,2,1,1,0,0,1.0,0.2,1.0,0.0,0.0,57.33,0.6794,1,1,48417,1,YES,0,2,100.0
219,617,SOCIAL_EXPLORER,0,0,1,1,1,0,1,0,0,0,0,1.0,0.0,0.0,0.0,0.0,49.17,0.8174,1,1,47362,0,YES,1,3,100.0
891,868,SPONTANEOUS_ADVENTURER,2,0,0,0,1,1,1,0,0,0,0,0.5,0.0,0.0,0.0,0.0,33.33,0.6292,1,0,0,0,YES,0,2,55.33
904,574,SOCIAL_EXPLORER,1,0,1,0,1,0,1,1,0,0,0,0.5,0.2,0.0,0.0,0.0,37.33,0.3985,1,1,21222,0,NO,0,1,34.76
472,342,SOCIAL_EXPLORER,0,1,0,1,0,1,1,2,0,0,1,0.3333,0.2857,0.0,0.0,1.0,46.55,0.7176,1,0,0,0,YES,1,3,98.55
586,176,BUDGET_CONSCIOUS,1,0,0,0,1,1,1,0,0,0,1,1.0,0.0,0.0,0.0,1.0,54.17,0.5628,0,0,0,1,SAVE_ONLY,0,1,66.17
311,179,SPONTANEOUS_ADVENTURER,0,1,1,1,0,0,1,1,0,0,0,0.5,0.1667,0.0,0.0,0.0,36.67,0.6328,0,0,0,0,YES,0,2,58.67
965,338,CAUTIOUS_INTROVERT,0,1,1,1,0,0,1,1,1,0,0,0.5,0.2,0.5,0.0,0.0,42.33,0.5604,0,0,0,1,SAVE_ONLY,0,1,54.33
334,636,BUDGET_CONSCIOUS,2,0,1,0,1,0,1,1,0,0,0,0.25,0.2,0.0,0.0,0.0,26.5,0.0165,0,0,0,0,NO,0,0,8.5
293,330,SELECTIVE_PLANNER,1,1,0,0,0,1,1,0,0,0,0,0.5,0.0,0.0,0.0,0.0,33.33,0.2485,1,0,0,0,NO,0,0,15.33
200,885,BUDGET_CONSCIOUS,0,0,0,1,1,1,1,2,1,1,1,0.3333,0.5,1.0,1.0,1.0,76.67,0.9994,1,1,59228,0,YES,1,3,100.0
986,246,BUDGET_CONSCIOUS,1,1,0,0,0,1,1,2,1,0,1,0.5,0.6667,1.0,0.0,1.0,61.67,0.7598,0,0,0,0,YES,1,3,100.0
516,506,BUDGET_CONSCIOUS,1,1,2,0,0,0,1,1,0,0,0,0.5,0.1429,0.0,0.0,0.0,24.52,0.3621,0,0,0,0,NO,0,0,6.52
983,777,BUDGET_CONSCIOUS,1,0,0,0,1,1,1,1,0,0,0,1.0,0.2,0.0,0.0,0.0,53.17,0.6437,0,0,0,1,YES,0,2,87.17
478,729,SOCIAL_EXPLORER,0,1,1,1,0,0,1,2,1,1,1,0.5,0.5,1.0,1.0,1.0,68.33,0.8569,1,1,46092,1,YES,1,3,100.0
446,783,BUDGET_CONSCIOUS,2,1,1,0,0,0,1,0,0,0,0,1.0,0.0,0.0,0.0,0.0,31.67,0.0,0,0,0,0,NO,0,0,13.67
920,222,CAUTIOUS_INTROVERT,1,2,0,0,0,1,1,2,1,0,0,0.5,0.3333,0.5,0.0,0.0,39.17,0.5202,1,0,0,1,SAVE_ONLY,0,1,51.17
241,204,BUDGET_CONSCIOUS,1,1,2,0,0,0,1,0,0,0,0,1.0,0.0,0.0,0.0,0.0,31.67,0.2445,1,0,0,0,NO,0,0,13.67
656,225,BUDGET_CONSCIOUS,0,2,1,1,0,0,1,1,1,0,1,0.5,0.1667,1.0,0.0,1.0,45.83,0.6239,0,0,0,0,YES,0,2,67.83
573,306,CAUTIOUS_INTROVERT,1,0,2,0,1,0,1,2,1,1,1,0.5,0.3333,0.5,1.0,1.0,54.17,0.598,1,0,0,1,SAVE_ONLY,0,1,66.17
769,131,CAUTIOUS_INTROVERT,1,1,0,0,0,1,1,0,0,0,0,1.0,0.0,0.0,0.0,0.0,43.33,0.5253,1,1,31132,1,SAVE_ONLY,0,1,74.23
305,586,SOCIAL_EXPLORER,2,0,1,0,1,0,1,0,0,0,1,0.5,0.0,0.0,0.0,1.0,32.5,0.5253,1,1,36234,0,NO,0,1,35.18
899,53,BUDGET_CONSCIOUS,1,2,1,0,0,0,1,1,0,0,0,0.5,0.25,0.0,0.0,0.0,26.67,0.4109,0,0,0,0,NO,0,0,8.67
848,797,SOCIAL_EXPLORER,1,2,1,0,0,0,1,0,0,0,0,0.3333,0.0,0.0,0.0,0.0,18.33,0.5186,1,1,42276,0,NO,0,1,23.13
340,546,CAUTIOUS_INTROVERT,0,1,0,1,0,1,1,0,0,0,0,1.0,0.0,0.0,0.0,0.0,49.17,0.5919,1,1,33212,1,SAVE_ONLY,0,1,80.79
180,850,SOCIAL_EXPLORER,1,1,1,0,0,0,1,0,0,0,0,1.0,0.0,0.0,0.0,0.0,37.5,0.6369,1,0,0,0,YES,0,2,59.5
366,543,SELECTIVE_PLANNER,1,0,1,0,1,0,1,0,0,0,0,0.5,0.0,0.0,0.0,0.0,33.33,0.5721,0,0,0,1,SAVE_ONLY,0,1,45.33
688,785,BUDGET_CONSCIOUS,0,1,0,1,0,1,1,0,0,0,0,0.3333,0.0,0.0,0.0,0.0,35.83,0.3868,0,0,0,0,NO,0,0,17.83
384,255,SOCIAL_EXPLORER,0,0,2,1,1,0,1,1,1,0,0,0.5,0.1667,1.0,0.0,0.0,46.67,0.3496,1,0,0,0,NO,0,0,28.67
707,87,CAUTIOUS_INTROVERT,1,0,0,0,1,1,1,0,0,1,0,0.5,0.0,0.0,1.0,0.0,49.17,0.5655,1,1,31750,0,NO,0,1,50.28
444,799,SELECTIVE_PLANNER,1,1,0,0,0,1,1,2,1,1,1,0.5,0.4,1.0,1.0,1.0,66.33,0.4187,1,1,22969,0,NO,0,1,64.37
294,98,CAUTIOUS_INTROVERT,1,1,0,0,0,1,1,2,1,1,1,1.0,0.5,1.0,1.0,1.0,78.33,1.0,1,1,57879,0,YES,1,3,100.0
106,27,SOCIAL_EXPLORER,1,2,1,0,0,0,1,4,2,1,0,0.5,1.0,1.0,1.0,0.0,61.67,0.711,1,1,42025,0,YES,1,3,100.0
163,386,CAUTIOUS_INTROVERT,2,1,2,0,0,0,1,1,1,0,0,0.5,0.2,0.5,0.0,0.0,24.83,0.0,0,0,0,0,NO,0,0,6.83
975,740,SPONTANEOUS_ADVENTURER,0,1,0,1,0,1,1,3,0,1,1,1.0,0.75,0.0,1.0,1.0,79.17,1.0,1,1,55484,0,SUPER_LIKE,1,3,100.0
794,427,SELECTIVE_PLANNER,1,1,1,0,0,0,1,1,1,0,0,0.5,0.1667,0.5,0.0,0.0,35.83,0.245,0,0,0,0,NO,0,0,17.83
343,726,SOCIAL_EXPLORER,1,2,1,0,0,0,1,0,0,0,0,1.0,0.0,0.0,0.0,0.0,31.67,0.5459,1,1,28379,0,NO,0,1,31.6
855,181,SELECTIVE_PLANNER,0,1,1,1,0,0,1,0,1,1,0,1.0,0.0,1.0,1.0,0.0,63.33,0.5065,1,1,40208,0,NO,0,1,67.4
508,288,SOCIAL_EXPLORER,0,1,2,1,0,0,1,0,0,1,0,0.5,0.0,0.0,1.0,0.0,37.5,0.4417,1,1,30590,0,NO,0,1,38.21
887,280,CAUTIOUS_INTROVERT,0,1,0,1,0,1,1,1,0,0,0,0.5,0.1429,0.0,0.0,0.0,42.02,0.442,0,0,0,1,SAVE_ONLY,0,1,54.02
361,989,BUDGET_CONSCIOUS,0,0,0,1,1,1,1,1,0,0,0,1.0,0.2,0.0,0.0,0.0,59.0,0.66,1,1,35898,0,YES,0,2,100.0
978,942,BUDGET_CONSCIOUS,0,0,1,1,1,0,1,1,0,0,1,0.3333,0.125,0.0,0.0,1.0,43.33,0.4477,1,0,0,1,SAVE_ONLY,0,1,55.33
204,139,SOCIAL_EXPLORER,0,0,1,1,1,0,1,0,0,0,0,1.0,0.0,0.0,0.0,0.0,49.17,0.7062,1,1,43277,1,YES,1,3,100.0
969,781,CAUTIOUS_INTROVERT,1,0,1,0,1,0,1,0,0,0,0,0.3333,0.0,0.0,0.0,0.0,30.0,0.3373,0,0,0,0,NO,0,0,12.0
841,1008,SOCIAL_EXPLORER,1,0,1,0,1,0,1,0,0,0,0,0.5,0.0,0.0,0.0,0.0,33.33,0.4627,1,1,31080,1,SAVE_ONLY,0,1,64.21
362,847,SOCIAL_EXPLORER,0,1,0,1,0,1,1,0,0,0,0,0.3333,0.0,0.0,0.0,0.0,35.83,0.6331,1,1,34582,0,YES,0,2,77.93
144,896,SPONTANEOUS_ADVENTURER,0,1,1,1,0,0,1,0,0,0,0,0.5,0.0,0.0,0.0,0.0,33.33,0.5395,1,1,41628,1,SAVE_ONLY,0,1,67.9
116,502,PASSIVE_BROWSER,1,0,0,0,1,1,1,0,0,0,0,1.0,0.0,0.0,0.0,0.0,49.17,0.329,0,0,0,0,NO,0,0,31.17
262,222,SELECTIVE_PLANNER,1,1,1,0,0,0,1,0,1,0,0,1.0,0.0,1.0,0.0,0.0,47.5,0.3896,1,1,21835,0,NO,0,1,45.14
1001,279,SOCIAL_EXPLORER,1,0,1,0,1,0,1,1,1,1,1,0.5,0.2,1.0,1.0,1.0,62.33,0.7915,1,1,53428,0,YES,1,3,100.0
264,759,SOCIAL_EXPLORER,0,0,2,1,1,0,2,2,1,1,0,0.6667,0.3333,0.5,1.0,0.0,58.33,0.663,1,0,0,1,YES,0,2,92.33
724,90,CAUTIOUS_INTROVERT,0,2,2,1,0,0,1,2,2,1,1,0.5,0.3333,1.0,1.0,1.0,53.33,0.5894,1,0,0,1,SAVE_ONLY,0,1,65.33
594,569,BUDGET_CONSCIOUS,2,0,2,0,1,0,1,2,1,1,0,0.3333,0.4,1.0,1.0,0.0,46.33,0.0034,1,0,0,0,NO,0,0,28.33
100,1013,SOCIAL_EXPLORER,1,2,2,0,0,0,1,2,1,1,1,0.5,0.5,1.0,1.0,1.0,50.83,0.5776,0,0,0,1,SAVE_ONLY,0,1,62.83
735,967,SOCIAL_EXPLORER,0,1,2,1,0,0,1,0,0,0,0,0.5,0.0,0.0,0.0,0.0,27.5,0.37,0,0,0,0,NO,0,0,9.5
27,631,BUDGET_CONSCIOUS,0,1,0,1,0,1,1,0,0,0,0,0.5,0.0,0.0,0.0,0.0,39.17,0.6408,1,0,0,0,YES,0,2,61.17
914,801,CAUTIOUS_INTROVERT,2,1,1,0,0,0,1,2,1,1,0,0.5,0.5,0.5,1.0,0.0,46.67,0.4794,0,0,0,0,NO,0,0,28.67
863,415,BUDGET_CONSCIOUS,1,2,2,0,0,0,1,1,0,0,0,0.5,0.1667,0.0,0.0,0.0,19.17,0.3028,0,0,0,0,NO,0,0,1.17
958,707,CAUTIOUS_INTROVERT,0,1,0,1,0,1,1,0,0,0,0,1.0,0.0,0.0,0.0,0.0,49.17,0.5278,1,1,29418,1,SAVE_ONLY,0,1,79.47
445,512,CAUTIOUS_INTROVERT,0,0,1,1,1,0,1,2,1,1,1,0.5,0.5,1.0,1.0,1.0,74.17,0.8994,1,1,59744,0,SUPER_LIKE,1,3,100.0
736,622,SOCIAL_EXPLORER,0,0,1,1,1,0,1,0,0,1,0,0.5,0.0,0.0,1.0,0.0,49.17,0.8088,1,1,50934,0,YES,1,3,100.0
550,39,CAUTIOUS_INTROVERT,1,0,2,0,1,0,1,2,0,0,0,0.5,0.3333,0.0,0.0,0.0,34.17,0.4231,1,1,36372,0,NO,0,1,36.9
341,732,CAUTIOUS_INTROVERT,2,0,0,0,1,1,1,2,1,1,1,0.5,0.6667,1.0,1.0,1.0,71.67,0.7393,1,1,50687,1,YES,1,3,100.0
874,354,SOCIAL_EXPLORER,1,0,1,0,1,0,1,0,0,0,0,1.0,0.0,0.0,0.0,0.0,43.33,0.5511,1,1,35610,0,NO,0,1,45.79
609,669,BUDGET_CONSCIOUS,1,2,2,0,0,0,1,1,1,0,0,0.5,0.1429,0.5,0.0,0.0,23.69,0.2781,0,0,0,0,NO,0,0,5.69
319,521,SOCIAL_EXPLORER,0,0,1,1,1,0,1,1,0,0,0,1.0,0.1667,0.0,0.0,0.0,52.5,0.8149,1,1,56942,1,YES,1,3,100.0
959,304,SELECTIVE_PLANNER,0,1,0,1,0,1,1,1,0,0,0,0.5,0.1667,0.0,0.0,0.0,42.5,0.1978,0,0,0,0,NO,0,0,24.5
944,159,CAUTIOUS_INTROVERT,0,1,1,1,0,0,1,2,0,0,0,1.0,0.3333,0.0,0.0,0.0,50.0,0.5575,1,0,0,1,SAVE_ONLY,0,1,62.0
128,955,CAUTIOUS_INTROVERT,1,2,1,0,0,0,1,0,1,0,0,1.0,0.0,0.5,0.0,0.0,36.67,0.2854,0,0,0,0,NO,0,0,18.67
915,931,SOCIAL_EXPLORER,1,1,1,0,0,0,1,0,0,0,0,1.0,0.0,0.0,0.0,0.0,37.5,0.6341,0,0,0,1,YES,0,2,71.5
731,543,CAUTIOUS_INTROVERT,1,2,0,0,0,1,1,4,2,1,0,1.0,1.0,1.0,1.0,0.0,77.5,0.9808,1,1,62540,0,YES,1,3,100.0
306,538,SOCIAL_EXPLORER,1,1,0,0,0,1,1,3,2,1,0,0.5,0.6,1.0,1.0,0.0,65.33,0.9606,1,1,63547,1,SUPER_LIKE,1,3,100.0
836,394,SOCIAL_EXPLORER,0,1,1,1,0,0,1,3,1,1,1,1.0,0.75,1.0,1.0,1.0,83.33,1.0,1,1,54892,1,SUPER_LIKE,1,3,100.0
25,398,SOCIAL_EXPLORER,0,1,1,1,0,0,1,0,0,0,0,1.0,0.0,0.0,0.0,0.0,43.33,0.6197,1,1,47981,0,NO,0,1,50.12
919,138,SOCIAL_EXPLORER,2,1,1,0,0,0,1,3,1,1,1,0.3333,0.75,0.3333,1.0,1.0,51.67,0.7617,1,1,55445,0,YES,1,3,100.0
179,756,CAUTIOUS_INTROVERT,0,1,2,1,0,0,1,1,0,0,0,0.5,0.2,0.0,0.0,0.0,31.5,0.2252,1,1,19579,0,NO,0,1,28.35
881,301,CAUTIOUS_INTROVERT,0,1,1,1,0,0,1,0,0,0,0,0.5,0.0,0.0,0.0,0.0,33.33,0.1989,0,0,0,0,NO,0,0,15.33
320,747,SPONTANEOUS_ADVENTURER,2,1,0,0,0,1,1,0,0,0,0,0.5,0.0,0.0,0.0,0.0,27.5,0.5432,0,0,0,0,NO,0,0,9.5
899,310,BUDGET_CONSCIOUS,1,0,0,0,1,1,1,1,1,0,0,0.5,0.1667,1.0,0.0,0.0,52.5,0.6492,0,0,0,0,YES,0,2,74.5
881,105,CAUTIOUS_INTROVERT,0,1,2,1,0,0,1,0,0,0,0,0.5,0.0,0.0,0.0,0.0,27.5,0.1795,0,0,0,0,NO,0,0,9.5
434,199,BUDGET_CONSCIOUS,1,1,0,0,0,1,1,0,2,1,0,1.0,0.0,1.0,1.0,0.0,63.33,0.6574,1,1,43145,0,YES,0,2,100.0
207,182,SOCIAL_EXPLORER,0,1,1,1,0,0,1,3,1,1,1,0.3333,0.75,0.3333,1.0,1.0,63.33,0.9508,1,1,56347,1,SUPER_LIKE,1,3,100.0
515,317,SOCIAL_EXPLORER,2,2,2,0,0,0,1,2,0,0,1,0.3333,0.5,0.0,0.0,1.0,21.67,0.1684,1,1,22215,0,NO,0,1,19.45
999,526,SOCIAL_EXPLORER,1,1,1,0,0,0,1,1,0,0,0,1.0,0.1667,0.0,0.0,0.0,40.83,0.7559,1,0,0,0,YES,1,3,92.83
60,553,SELECTIVE_PLANNER,2,0,0,0,1,1,1,0,0,0,0,1.0,0.0,0.0,0.0,0.0,43.33,0.7363,1,1,48473,1,YES,1,3,100.0
236,695,CAUTIOUS_INTROVERT,1,0,1,0,1,0,1,0,1,0,0,1.0,0.0,1.0,0.0,0.0,53.33,0.3951,1,1,30203,0,NO,0,1,53.9
556,305,BUDGET_CONSCIOUS,2,0,1,0,1,0,1,1,0,0,0,0.5,0.1667,0.0,0.0,0.0,30.83,0.0702,0,0,0,0,NO,0,0,12.83
777,355,SPONTANEOUS_ADVENTURER,1,2,1,0,0,0,1,2,0,0,0,1.0,0.6667,0.0,0.0,0.0,45.0,0.6938,1,1,45236,0,YES,0,2,90.83
473,201,SOCIAL_EXPLORER,1,1,0,0,0,1,1,0,0,0,0,0.5,0.0,0.0,0.0,0.0,33.33,0.516,1,0,0,0,NO,0,0,15.33
333,933,SOCIAL_EXPLORER,1,1,1,0,0,0,1,1,0,0,0,1.0,0.2,0.0,0.0,0.0,41.5,0.615,1,0,0,1,SAVE_ONLY,0,1,53.5
382,919,CAUTIOUS_INTROVERT,0,0,2,1,1,0,1,2,1,0,0,0.3333,0.4,0.5,0.0,0.0,43.0,0.2355,1,1,20005,0,NO,0,1,40.0
778,732,SPONTANEOUS_ADVENTURER,1,0,1,0,1,0,1,2,1,0,1,1.0,0.5,0.5,0.0,1.0,63.33,0.8134,1,1,48404,0,YES,1,3,100.0
113,167,CAUTIOUS_INTROVERT,1,0,0,0,1,1,1,1,1,1,0,0.3333,0.2,0.5,1.0,0.0,54.83,0.6543,1,1,48457,1,YES,0,2,100.0
590,201,SOCIAL_EXPLORER,1,2,0,0,0,1,1,0,0,0,1,0.5,0.0,0.0,0.0,1.0,32.5,0.4832,0,0,0,0,NO,0,0,14.5
470,89,SELECTIVE_PLANNER,0,0,1,1,1,0,1,2,1,1,1,1.0,0.5,0.5,1.0,1.0,79.17,0.9202,1,1,57626,0,YES,1,3,100.0
765,640,BUDGET_CONSCIOUS,0,0,0,1,1,1,1,2,1,1,0,0.3333,0.4,1.0,1.0,0.0,69.67,0.6976,1,1,46548,0,YES,0,2,100.0
527,804,BUDGET_CONSCIOUS,0,1,0,1,0,1,1,1,0,1,0,1.0,0.1667,0.0,1.0,0.0,62.5,0.6414,0,0,0,0,YES,0,2,84.5
319,286,SOCIAL_EXPLORER,1,2,2,0,0,0,1,0,0,0,1,1.0,0.0,0.0,0.0,1.0,30.83,0.3183,1,1,30716,0,NO,0,1,31.58
15,516,SPONTANEOUS_ADVENTURER,1,0,1,0,1,0,0,0,0,0,0,0.0,0.0,0.0,0.0,0.0,23.33,0.5388,1,1,29468,0,NO,0,1,23.64
102,406,BUDGET_CONSCIOUS,2,2,2,0,0,0,1,0,0,0,0,1.0,0.0,0.0,0.0,0.0,20.0,0.0,0,0,0,0,NO,0,0,2.0
267,214,SOCIAL_EXPLORER,2,0,0,0,1,1,1,1,0,1,1,1.0,0.25,0.0,1.0,1.0,63.33,0.971,1,1,60168,0,YES,1,3,100.0
298,725,SPONTANEOUS_ADVENTURER,0,1,0,1,0,1,1,2,1,1,0,1.0,0.6667,0.5,1.0,0.0,77.5,1.0,1,1,53942,0,YES,1,3,100.0
699,141,SPONTANEOUS_ADVENTURER,0,1,1,1,0,0,1,1,1,0,0,1.0,0.2,1.0,0.0,0.0,57.33,0.7158,1,0,0,1,YES,1,3,100.0
337,383,SOCIAL_EXPLORER,2,1,0,0,0,1,1,0,0,0,0,0.3333,0.0,0.0,0.0,0.0,24.17,0.5877,1,1,46071,1,SAVE_ONLY,0,1,60.29
336,766,SOCIAL_EXPLORER,1,0,1,0,1,0,1,0,0,0,0,0.5,0.0,0.0,0.0,0.0,33.33,0.6414,1,1,42352,0,YES,0,2,78.15
301,192,SELECTIVE_PLANNER,1,0,0,0,1,1,1,1,1,0,0,0.5,0.2,1.0,0.0,0.0,53.17,0.6934,1,1,43076,0,YES,0,2,98.25
855,330,SELECTIVE_PLANNER,0,0,0,1,1,1,1,1,1,1,0,0.5,0.2,1.0,1.0,0.0,69.0,0.7663,1,1,48514,1,YES,1,3,100.0
90,225,SOCIAL_EXPLORER,1,2,0,0,0,1,1,2,0,0,0,0.5,0.3333,0.0,0.0,0.0,34.17,0.6572,1,0,0,1,YES,0,2,68.17
481,518,SPONTANEOUS_ADVENTURER,1,1,0,0,0,1,1,0,0,0,0,0.5,0.0,0.0,0.0,0.0,33.33,0.6627,1,0,0,1,YES,0,2,67.33
702,547,SOCIAL_EXPLORER,1,1,0,0,0,1,1,1,1,1,0,0.3333,0.1667,1.0,1.0,0.0,53.33,0.6396,1,0,0,1,YES,0,2,87.33
620,797,CAUTIOUS_INTROVERT,0,2,1,1,0,0,1,0,0,0,0,0.5,0.0,0.0,0.0,0.0,27.5,0.4149,0,0,0,0,NO,0,0,9.5
927,244,BUDGET_CONSCIOUS,0,0,1,1,1,0,1,0,0,0,0,0.3333,0.0,0.0,0.0,0.0,35.83,0.3782,0,0,0,0,NO,0,0,17.83
641,958,SOCIAL_EXPLORER,0,1,1,1,0,0,1,2,1,1,1,1.0,0.2857,1.0,1.0,1.0,74.05,0.7371,0,0,0,0,YES,1,3,100.0
586,810,BUDGET_CONSCIOUS,0,1,0,1,0,1,1,0,0,0,1,0.3333,0.0,0.0,0.0,1.0,40.83,0.7083,1,1,39994,0,YES,1,3,100.0
214,39,BUDGET_CONSCIOUS,1,1,0,0,0,1,1,1,1,0,0,1.0,0.1667,0.5,0.0,0.0,51.67,0.402,1,1,22556,0,NO,0,1,49.56
474,573,BUDGET_CONSCIOUS,1,2,0,0,0,1,1,2,1,1,0,0.3333,0.3333,0.5,1.0,0.0,45.83,0.5293,1,0,0,1,SAVE_ONLY,0,1,57.83
109,647,BUDGET_CONSCIOUS,1,0,1,0,1,0,1,0,0,0,0,1.0,0.0,0.0,0.0,0.0,43.33,0.5735,1,0,0,1,SAVE_ONLY,0,1,55.33
759,479,CAUTIOUS_INTROVERT,1,1,1,0,0,0,2,2,1,1,0,0.6667,0.4,0.5,1.0,0.0,53.83,0.6773,1,1,37764,0,YES,0,2,97.05
614,402,SOCIAL_EXPLORER,0,2,2,1,0,0,1,4,1,1,1,1.0,1.0,0.5,1.0,1.0,71.67,0.6902,1,1,49698,0,YES,0,2,100.0
616,971,SOCIAL_EXPLORER,2,1,1,0,0,0,1,2,1,1,1,0.5,0.5,1.0,1.0,1.0,56.67,0.7158,0,0,0,0,YES,1,3,100.0
671,909,BUDGET_CONSCIOUS,0,1,1,1,0,0,1,0,0,0,1,0.5,0.0,0.0,0.0,1.0,38.33,0.4508,1,1,27599,0,NO,0,1,37.99
197,826,BUDGET_CONSCIOUS,0,1,0,1,0,1,1,0,0,0,0,0.5,0.0,0.0,0.0,0.0,39.17,0.6531,1,0,0,0,YES,0,2,61.17
351,143,BUDGET_CONSCIOUS,0,2,0,1,0,1,1,1,0,0,0,1.0,0.25,0.0,0.0,0.0,48.33,0.6378,1,1,40408,0,YES,0,2,92.47
641,100,SOCIAL_EXPLORER,1,1,1,0,0,0,1,1,1,1,0,1.0,0.1667,1.0,1.0,0.0,60.83,0.7587,1,0,0,0,YES,1,3,100.0
819,230,BUDGET_CONSCIOUS,2,0,0,0,1,1,1,0,0,0,0,0.5,0.0,0.0,0.0,0.0,33.33,0.1067,0,0,0,0,NO,0,0,15.33
611,511,SOCIAL_EXPLORER,0,0,0,1,1,1,1,1,0,0,1,0.5,0.2,0.0,0.0,1.0,54.0,0.7602,1,1,48453,1,YES,1,3,100.0
603,736,CAUTIOUS_INTROVERT,0,1,1,1,0,0,1,0,1,0,0,0.3333,0.0,0.3333,0.0,0.0,33.33,0.0,0,0,0,0,NO,0,0,15.33
940,815,SELECTIVE_PLANNER,0,0,1,1,1,0,1,2,0,1,1,0.5,0.2857,0.0,1.0,1.0,59.88,0.7219,1,1,52294,0,YES,1,3,100.0
1001,462,SOCIAL_EXPLORER,1,0,1,0,1,0,1,1,1,0,0,0.5,0.2,1.0,0.0,0.0,47.33,0.7101,1,1,37707,1,YES,1,3,100.0
679,322,CAUTIOUS_INTROVERT,2,1,2,0,0,0,1,2,1,1,1,1.0,0.5,1.0,1.0,1.0,60.83,0.6713,1,1,47187,0,YES,0,2,100.0
671,438,BUDGET_CONSCIOUS,2,0,0,0,1,1,2,1,0,0,1,1.0,0.1667,0.0,0.0,1.0,51.67,0.2994,1,0,0,0,NO,0,0,33.67
491,304,CAUTIOUS_INTROVERT,1,0,1,0,1,0,1,1,0,0,0,1.0,0.1667,0.0,0.0,0.0,46.67,0.4364,1,0,0,1,SAVE_ONLY,0,1,58.67
826,739,BUDGET_CONSCIOUS,0,0,2,1,1,0,1,0,0,0,0,0.5,0.0,0.0,0.0,0.0,33.33,0.5592,0,0,0,1,SAVE_ONLY,0,1,45.33
632,258,SPONTANEOUS_ADVENTURER,1,1,1,0,0,0,1,1,0,0,0,1.0,0.2,0.0,0.0,0.0,41.5,0.7388,1,0,0,0,YES,1,3,93.5
68,214,CAUTIOUS_INTROVERT,1,0,2,0,1,0,1,0,0,1,1,0.5,0.0,0.0,1.0,1.0,42.5,0.097,1,0,0,0,NO,0,0,24.5
217,434,SELECTIVE_PLANNER,1,1,0,0,0,1,1,1,2,1,0,1.0,0.25,1.0,1.0,0.0,68.33,0.6066,1,0,0,0,NO,0,0,50.33
188,391,SOCIAL_EXPLORER,1,1,1,0,0,0,1,0,1,0,0,0.3333,0.0,0.5,0.0,0.0,29.17,0.3721,0,0,0,0,NO,0,0,11.17
950,227,SELECTIVE_PLANNER,0,1,1,1,0,0,1,2,1,1,0,0.5,0.6667,1.0,1.0,0.0,66.67,0.3801,0,0,0,0,NO,0,0,48.67
568,587,CAUTIOUS_INTROVERT,0,1,2,1,0,0,1,2,1,1,0,0.5,0.4,0.5,1.0,0.0,50.5,0.3846,1,1,29173,0,NO,0,1,50.71
548,595,CAUTIOUS_INTROVERT,0,0,0,1,1,1,1,0,0,0,0,0.5,0.0,0.0,0.0,0.0,45.0,0.4585,1,0,0,1,SAVE_ONLY,0,1,57.0
886,146,CAUTIOUS_INTROVERT,1,0,2,0,1,0,2,2,1,1,0,0.6667,0.5,1.0,1.0,0.0,60.83,0.6549,1,1,49551,1,YES,0,2,100.0
276,729,CAUTIOUS_INTROVERT,0,1,2,1,0,0,1,1,1,0,1,0.5,0.2,1.0,0.0,1.0,46.5,0.404,0,0,0,0,NO,0,0,28.5
839,213,CAUTIOUS_INTROVERT,1,2,1,0,0,0,1,0,0,0,0,0.5,0.0,0.0,0.0,0.0,21.67,0.1133,0,0,0,0,NO,0,0,3.67
967,580,CAUTIOUS_INTROVERT,0,0,0,1,1,1,1,0,1,0,0,1.0,0.0,1.0,0.0,0.0,65.0,0.7554,1,1,45316,0,YES,1,3,100.0
945,751,SELECTIVE_PLANNER,1,0,1,0,1,0,1,2,0,0,0,0.5,0.2857,0.0,0.0,0.0,39.05,0.6469,1,1,39857,0,YES,0,2,83.0
172,434,SOCIAL_EXPLORER,1,0,1,0,1,0,1,0,0,0,0,0.5,0.0,0.0,0.0,0.0,33.33,0.5537,1,0,0,0,NO,0,0,15.33
613,163,SOCIAL_EXPLORER,1,1,2,0,0,0,1,1,0,1,1,1.0,0.1429,0.0,1.0,1.0,49.52,0.346,0,0,0,0,NO,0,0,31.52
284,115,SOCIAL_EXPLORER,1,1,1,0,0,0,1,2,0,0,1,1.0,0.3333,0.0,0.0,1.0,49.17,0.6537,1,1,43131,0,YES,0,2,94.27
586,856,BUDGET_CONSCIOUS,0,1,0,1,0,1,1,0,1,0,0,1.0,0.0,0.5,0.0,0.0,54.17,0.7005,1,1,38834,1,YES,1,3,100.0
348,980,SOCIAL_EXPLORER,0,2,1,1,0,0,1,1,0,0,0,0.5,0.2,0.0,0.0,0.0,31.5,0.6606,1,1,49538,0,YES,0,2,78.84
59,446,BUDGET_CONSCIOUS,0,1,2,1,0,0,1,1,2,0,1,1.0,0.1667,1.0,0.0,1.0,55.83,0.6267,1,0,0,0,YES,0,2,77.83
731,468,CAUTIOUS_INTROVERT,1,0,2,0,1,0,1,0,0,0,0,0.5,0.0,0.0,0.0,0.0,27.5,0.1842,1,0,0,0,NO,0,0,9.5
49,311,CAUTIOUS_INTROVERT,0,1,1,1,0,0,1,2,0,0,1,0.5,0.2857,0.0,0.0,1.0,44.05,0.5273,1,0,0,0,NO,0,0,26.05
700,651,SOCIAL_EXPLORER,1,1,1,0,0,0,1,1,1,0,1,0.5,0.2,0.5,0.0,1.0,41.5,0.6508,1,1,38413,0,YES,0,2,84.94
75,615,BUDGET_CONSCIOUS,0,0,1,1,1,0,1,3,1,1,0,0.5,0.75,0.5,1.0,0.0,69.17,0.7352,1,0,0,1,YES,1,3,100.0
328,657,BUDGET_CONSCIOUS,0,2,1,1,0,0,1,0,0,0,0,1.0,0.0,0.0,0.0,0.0,37.5,0.6663,0,0,0,1,YES,0,2,71.5
850,754,SPONTANEOUS_ADVENTURER,1,0,1,0,1,0,1,0,0,1,0,0.5,0.0,0.0,1.0,0.0,43.33,0.6954,1,1,37504,0,YES,0,2,86.46
479,723,SELECTIVE_PLANNER,2,0,0,0,1,1,1,0,0,0,0,0.5,0.0,0.0,0.0,0.0,33.33,0.5206,1,1,42192,1,SAVE_ONLY,0,1,68.1
910,324,BUDGET_CONSCIOUS,2,1,1,0,0,0,1,2,1,1,0,0.5,0.6667,1.0,1.0,0.0,55.0,0.0748,0,0,0,0,NO,0,0,37.0
606,878,CAUTIOUS_INTROVERT,1,1,0,0,0,1,1,0,0,0,0,1.0,0.0,0.0,0.0,0.0,43.33,0.5491,0,0,0,1,SAVE_ONLY,0,1,55.33
87,64,CAUTIOUS_INTROVERT,1,1,0,0,0,1,1,2,1,0,0,0.5,0.3333,1.0,0.0,0.0,50.0,0.5112,1,1,34407,1,SAVE_ONLY,0,1,82.04
783,179,SPONTANEOUS_ADVENTURER,1,0,1,0,1,0,1,2,0,0,0,1.0,0.6667,0.0,0.0,0.0,56.67,0.8656,1,1,49671,0,YES,1,3,100.0
908,335,CAUTIOUS_INTROVERT,0,0,1,1,1,0,1,1,1,0,0,1.0,0.2,0.5,0.0,0.0,58.17,0.7245,1,0,0,0,YES,1,3,100.0
82,683,BUDGET_CONSCIOUS,0,0,2,1,1,0,1,3,1,0,1,0.5,0.6,0.5,0.0,1.0,55.33,0.6558,1,1,46028,1,YES,0,2,100.0
710,365,SOCIAL_EXPLORER,1,1,1,0,0,0,1,1,0,0,1,1.0,0.3333,0.0,0.0,1.0,49.17,0.6905,1,1,50424,0,YES,0,2,96.82
281,128,SPONTANEOUS_ADVENTURER,1,1,1,0,0,0,1,1,0,1,0,1.0,0.1667,0.0,1.0,0.0,50.83,0.4788,0,0,0,1,SAVE_ONLY,0,1,62.83
635,263,BUDGET_CONSCIOUS,0,0,0,1,1,1,1,1,1,1,0,0.25,0.25,1.0,1.0,0.0,65.0,0.7795,1,1,55830,0,YES,1,3,100.0
694,445,CAUTIOUS_INTROVERT,1,1,0,0,0,1,1,1,1,0,1,1.0,0.25,0.5,0.0,1.0,58.33,0.7028,1,1,48792,0,YES,1,3,100.0
633,554,BUDGET_CONSCIOUS,0,0,2,1,1,0,1,0,0,0,0,1.0,0.0,0.0,0.0,0.0,43.33,0.6421,1,0,0,1,YES,0,2,77.33
411,733,BUDGET_CONSCIOUS,1,1,0,0,0,1,1,1,1,0,1,0.3333,0.2,0.3333,0.0,1.0,42.33,0.4764,0,0,0,1,SAVE_ONLY,0,1,54.33
382,172,CAUTIOUS_INTROVERT,0,1,2,1,0,0,1,2,0,0,0,0.5,0.4,0.0,0.0,0.0,35.5,0.3891,1,0,0,0,NO,0,0,17.5
483,408,BUDGET_CONSCIOUS,0,1,0,1,0,1,1,0,0,0,0,0.5,0.0,0.0,0.0,0.0,39.17,0.6682,0,0,0,0,YES,0,2,61.17
520,276,SOCIAL_EXPLORER,0,1,2,1,0,0,1,1,1,0,0,0.3333,0.3333,1.0,0.0,0.0,40.83,0.2111,0,0,0,0,NO,0,0,22.83
88,793,CAUTIOUS_INTROVERT,2,0,0,0,1,1,1,0,0,0,0,0.3333,0.0,0.0,0.0,0.0,30.0,0.31,0,0,0,0,NO,0,0,12.0
32,308,SELECTIVE_PLANNER,0,0,1,1,1,0,1,2,1,0,0,0.5,0.4,1.0,0.0,0.0,57.17,0.8002,0,0,0,1,YES,1,3,100.0
150,1014,BUDGET_CONSCIOUS,0,2,1,1,0,0,1,0,1,1,0,0.3333,0.0,1.0,1.0,0.0,44.17,0.5612,1,0,0,1,SAVE_ONLY,0,1,56.17
344,558,BUDGET_CONSCIOUS,1,1,0,0,0,1,1,1,0,0,0,1.0,0.2,0.0,0.0,0.0,47.33,0.3892,1,0,0,0,NO,0,0,29.33
993,701,SOCIAL_EXPLORER,0,1,1,1,0,0,1,2,1,0,1,1.0,0.4,0.5,0.0,1.0,61.33,0.8562,1,1,51310,0,YES,1,3,100.0
380,233,BUDGET_CONSCIOUS,1,0,1,0,1,0,1,0,1,0,1,1.0,0.0,0.5,0.0,1.0,53.33,0.4483,0,0,0,1,SAVE_ONLY,0,1,65.33
865,574,BUDGET_CONSCIOUS,0,1,2,1,0,0,1,0,0,0,0,0.3333,0.0,0.0,0.0,0.0,24.17,0.4757,1,0,0,0,NO,0,0,6.17
489,70,SOCIAL_EXPLORER,1,2,1,0,0,0,1,2,1,1,0,0.5,0.5,0.5,1.0,0.0,46.67,0.7398,1,1,44888,0,YES,1,3,100.0
830,18,SPONTANEOUS_ADVENTURER,1,1,1,0,0,0,1,1,0,0,0,1.0,0.2,0.0,0.0,0.0,41.5,0.5504,1,1,33843,1,SAVE_ONLY,0,1,73.35
1005,325,SOCIAL_EXPLORER,0,1,1,1,0,0,1,0,1,1,0,1.0,0.0,1.0,1.0,0.0,63.33,0.8592,1,1,46949,0,YES,1,3,100.0
927,973,BUDGET_CONSCIOUS,0,0,1,1,1,0,1,1,1,1,0,0.3333,0.25,1.0,1.0,0.0,60.83,0.7548,1,1,49335,1,YES,1,3,100.0
816,935,SELECTIVE_PLANNER,1,2,0,0,0,1,1,0,0,0,0,1.0,0.0,0.0,0.0,0.0,37.5,0.2879,0,0,0,0,NO,0,0,19.5
768,139,CAUTIOUS_INTROVERT,0,1,1,1,0,0,1,0,1,0,0,0.5,0.0,1.0,0.0,0.0,43.33,0.4705,1,1,32872,0,NO,0,1,44.84
591,692,SOCIAL_EXPLORER,1,0,1,0,1,0,1,1,1,0,0,1.0,0.2,0.5,0.0,0.0,52.33,0.6678,0,0,0,1,YES,0,2,86.33
750,68,CAUTIOUS_INTROVERT,0,0,0,1,1,1,1,3,1,1,1,0.5,1.0,1.0,1.0,1.0,90.0,0.9703,1,1,64239,0,SUPER_LIKE,1,3,100.0
922,917,SOCIAL_EXPLORER,0,2,2,1,0,0,1,0,0,0,0,1.0,0.0,0.0,0.0,0.0,31.67,0.3687,1,1,31278,0,NO,0,1,32.62
845,231,CAUTIOUS_INTROVERT,1,0,1,0,1,0,1,4,0,1,0,1.0,1.0,0.0,1.0,0.0,73.33,0.9371,1,1,61929,0,YES,1,3,100.0
952,875,SOCIAL_EXPLORER,1,1,0,0,0,1,1,2,1,0,0,0.5,0.2857,1.0,0.0,0.0,49.05,0.8036,0,0,0,0,YES,1,3,100.0
218,460,SOCIAL_EXPLORER,1,1,1,0,0,0,1,1,0,0,0,1.0,0.1667,0.0,0.0,0.0,40.83,0.583,0,0,0,0,NO,0,0,22.83
637,723,CAUTIOUS_INTROVERT,1,1,1,0,0,0,1,1,1,1,1,1.0,0.25,0.5,1.0,1.0,62.5,0.4877,0,0,0,1,SAVE_ONLY,0,1,74.5
503,818,SOCIAL_EXPLORER,1,1,0,0,0,1,1,4,1,0,1,0.3333,0.8,1.0,0.0,1.0,61.0,0.7822,1,1,47090,1,YES,1,3,100.0
81,754,SOCIAL_EXPLORER,2,0,2,0,1,0,1,1,0,0,0,0.3333,0.25,0.0,0.0,0.0,23.33,0.2644,0,0,0,0,NO,0,0,5.33
900,476,CAUTIOUS_INTROVERT,0,1,1,1,0,0,1,3,0,0,0,0.5,0.5,0.0,0.0,0.0,43.33,0.6635,1,1,38931,0,YES,0,2,86.96
914,782,CAUTIOUS_INTROVERT,0,1,0,1,0,1,1,1,1,0,0,0.5,0.2,0.5,0.0,0.0,48.17,0.6253,1,0,0,0,YES,0,2,70.17
579,401,SOCIAL_EXPLORER,1,0,1,0,1,0,1,2,1,0,0,0.5,0.5,0.5,0.0,0.0,48.33,0.6575,1,1,35125,1,YES,0,2,100.0
955,802,BUDGET_CONSCIOUS,2,1,0,0,0,1,1,1,1,0,0,0.5,0.2,1.0,0.0,0.0,41.5,0.2148,0,0,0,0,NO,0,0,23.5
625,940,CAUTIOUS_INTROVERT,0,1,1,1,0,0,1,0,0,0,0,0.3333,0.0,0.0,0.0,0.0,30.0,0.2395,1,0,0,0,NO,0,0,12.0
796,21,SOCIAL_EXPLORER,0,1,1,1,0,0,1,0,0,0,0,1.0,0.0,0.0,0.0,0.0,43.33,0.6027,0,0,0,0,NO,0,0,25.33
161,616,SPONTANEOUS_ADVENTURER,0,1,0,1,0,1,1,0,0,0,0,0.3333,0.0,0.0,0.0,0.0,35.83,0.623,0,0,0,0,YES,0,2,57.83
408,929,BUDGET_CONSCIOUS,2,2,2,0,0,0,1,0,0,0,0,0.3333,0.0,0.0,0.0,0.0,6.67,0.0,0,0,0,0,NO,0,0,0.0
792,959,CAUTIOUS_INTROVERT,0,0,1,1,1,0,1,1,0,0,0,0.5,0.1667,0.0,0.0,0.0,42.5,0.3494,1,1,23018,0,NO,0,1,40.56
269,191,SOCIAL_EXPLORER,1,1,0,0,0,1,1,2,2,1,1,1.0,0.5,1.0,1.0,1.0,78.33,1.0,1,1,54050,0,SUPER_LIKE,1,3,100.0
826,420,BUDGET_CONSCIOUS,2,1,0,0,0,1,1,0,0,0,0,0.5,0.0,0.0,0.0,0.0,27.5,0.061,0,0,0,0,NO,0,0,9.5
644,200,CAUTIOUS_INTROVERT,1,1,1,0,0,0,1,2,1,0,1,0.5,0.6667,1.0,0.0,1.0,55.83,0.7806,0,0,0,0,YES,1,3,100.0
451,892,SELECTIVE_PLANNER,1,0,0,0,1,1,1,0,0,0,0,1.0,0.0,0.0,0.0,0.0,49.17,0.7474,1,1,49941,0,YES,1,3,100.0
538,881,SOCIAL_EXPLORER,0,1,2,1,0,0,1,1,1,1,0,0.5,0.2,0.5,1.0,0.0,46.5,0.3376,1,1,27970,0,NO,0,1,46.29
972,952,CAUTIOUS_INTROVERT,0,1,2,1,0,0,1,1,0,0,0,1.0,0.1429,0.0,0.0,0.0,40.36,0.187,1,0,0,0,NO,0,0,22.36
737,464,SOCIAL_EXPLORER,1,0,1,0,1,0,1,1,1,0,0,1.0,0.2,0.5,0.0,0.0,52.33,0.6574,0,0,0,0,YES,0,2,74.33
359,438,SOCIAL_EXPLORER,0,0,0,1,1,1,1,1,0,1,1,0.5,0.2,0.0,1.0,1.0,64.0,0.8953,1,1,53376,0,SUPER_LIKE,1,3,100.0
932,565,BUDGET_CONSCIOUS,1,1,0,0,0,1,2,2,1,1,0,1.0,0.6667,1.0,1.0,0.0,76.67,0.8235,0,0,0,0,YES,1,3,100.0
337,811,SOCIAL_EXPLORER,1,0,0,0,1,1,2,3,1,0,1,1.0,0.75,1.0,0.0,1.0,79.17,1.0,1,1,63455,0,YES,1,3,100.0
571,134,SELECTIVE_PLANNER,0,1,1,1,0,0,1,0,0,0,1,1.0,0.0,0.0,0.0,1.0,48.33,0.2955,0,0,0,0,NO,0,0,30.33
30,18,CAUTIOUS_INTROVERT,0,0,0,1,1,1,1,0,0,0,0,1.0,0.0,0.0,0.0,0.0,55.0,0.6025,1,1,41914,0,NO,0,1,59.67
1011,379,BUDGET_CONSCIOUS,1,2,2,0,0,0,1,1,1,1,0,0.5,0.1667,0.5,1.0,0.0,34.17,0.4284,0,0,0,0,NO,0,0,16.17
977,239,SELECTIVE_PLANNER,0,1,1,1,0,0,1,0,0,0,1,0.5,0.0,0.0,0.0,1.0,38.33,0.0559,0,0,0,0,NO,0,0,20.33
356,889,SPONTANEOUS_ADVENTURER,0,0,1,1,1,0,2,3,1,0,1,1.0,0.75,0.5,0.0,1.0,74.17,1.0,1,1,60926,0,YES,1,3,100.0
874,930,SOCIAL_EXPLORER,1,1,0,0,0,1,1,1,0,0,0,1.0,0.1667,0.0,0.0,0.0,46.67,0.7226,1,0,0,0,YES,1,3,98.67
262,641,CAUTIOUS_INTROVERT,1,0,0,0,1,1,1,1,1,0,0,1.0,0.1667,1.0,0.0,0.0,62.5,0.5399,1,1,41274,0,NO,0,1,66.95
189,378,SOCIAL_EXPLORER,1,0,0,0,1,1,1,1,1,0,0,0.25,0.2,0.5,0.0,0.0,43.17,0.6341,1,0,0,0,YES,0,2,65.17
342,445,SOCIAL_EXPLORER,1,1,2,0,0,0,1,2,0,1,1,0.5,0.5,0.0,1.0,1.0,46.67,0.4542,1,1,34042,1,SAVE_ONLY,0,1,78.58
618,951,CAUTIOUS_INTROVERT,1,0,1,0,1,0,1,1,1,1,1,1.0,0.25,0.5,1.0,1.0,68.33,0.6714,0,0,0,0,YES,0,2,90.33
246,535,CAUTIOUS_INTROVERT,1,1,1,0,0,0,1,2,0,0,0,0.3333,0.4,0.0,0.0,0.0,32.17,0.5137,1,0,0,1,SAVE_ONLY,0,1,44.17
923,896,SOCIAL_EXPLORER,0,0,0,1,1,1,1,1,1,0,1,1.0,0.2,0.5,0.0,1.0,69.0,0.8123,1,1,47196,0,YES,1,3,100.0
575,73,SELECTIVE_PLANNER,1,0,1,0,1,0,1,1,1,1,1,0.3333,0.25,0.5,1.0,1.0,55.0,0.8829,1,1,59086,1,YES,1,3,100.0
823,733,SPONTANEOUS_ADVENTURER,1,1,1,0,0,0,1,1,0,0,0,0.5,0.25,0.0,0.0,0.0,32.5,0.5262,1,1,34438,1,SAVE_ONLY,0,1,64.55
571,32,CAUTIOUS_INTROVERT,0,1,0,1,0,1,1,0,0,0,1,0.5,0.0,0.0,0.0,1.0,44.17,0.5609,1,1,35673,0,NO,0,1,46.66
789,127,SPONTANEOUS_ADVENTURER,1,1,1,0,0,0,1,1,1,0,0,1.0,0.2,1.0,0.0,0.0,51.5,0.8373,1,1,53454,0,SUPER_LIKE,1,3,100.0
829,256,SOCIAL_EXPLORER,0,1,1,1,0,0,1,1,1,0,0,1.0,0.3333,1.0,0.0,0.0,60.0,0.8947,1,0,0,0,YES,1,3,100.0
320,782,SPONTANEOUS_ADVENTURER,0,2,1,1,0,0,1,2,2,1,1,0.5,0.5,1.0,1.0,1.0,62.5,0.6615,0,0,0,1,YES,0,2,96.5
42,293,CAUTIOUS_INTROVERT,1,1,1,0,0,0,1,1,1,0,1,0.5,0.2,0.5,0.0,1.0,41.5,0.4872,1,1,28352,0,NO,0,1,41.42
342,786,SOCIAL_EXPLORER,1,0,1,0,1,0,1,2,1,0,1,0.5,0.3333,0.5,0.0,1.0,50.0,0.7609,1,1,47015,1,YES,1,3,100.0
119,481,SOCIAL_EXPLORER,1,0,1,0,1,0,1,3,1,0,1,1.0,0.75,1.0,0.0,1.0,73.33,0.8103,1,1,54325,1,YES,1,3,100.0
472,493,SOCIAL_EXPLORER,1,1,1,0,0,0,1,2,0,1,1,0.5,0.3333,0.0,1.0,1.0,49.17,0.827,1,1,56093,0,SUPER_LIKE,1,3,100.0
39,295,SOCIAL_EXPLORER,0,0,2,1,1,0,1,1,0,0,0,1.0,0.1429,0.0,0.0,0.0,46.19,0.4661,1,0,0,1,SAVE_ONLY,0,1,58.19
24,131,BUDGET_CONSCIOUS,1,1,0,0,0,1,1,3,1,1,0,1.0,0.75,0.5,1.0,0.0,73.33,0.7314,1,1,45307,0,YES,1,3,100.0
991,691,BUDGET_CONSCIOUS,0,2,1,1,0,0,1,3,0,0,0,0.5,0.6,0.0,0.0,0.0,39.5,0.6445,1,1,42655,0,YES,0,2,84.43
716,188,BUDGET_CONSCIOUS,1,1,1,0,0,0,1,0,0,0,0,0.3333,0.0,0.0,0.0,0.0,24.17,0.3231,0,0,0,0,NO,0,0,6.17
108,680,SPONTANEOUS_ADVENTURER,1,2,0,0,0,1,1,2,1,0,1,0.3333,0.3333,0.5,0.0,1.0,40.83,0.6492,0,0,0,0,YES,0,2,62.83
222,969,CAUTIOUS_INTROVERT,0,1,0,1,0,1,1,0,0,0,0,0.3333,0.0,0.0,0.0,0.0,35.83,0.5025,1,0,0,1,SAVE_ONLY,0,1,47.83
114,493,CAUTIOUS_INTROVERT,1,1,1,0,0,0,1,0,0,0,0,1.0,0.0,0.0,0.0,0.0,37.5,0.4063,1,1,35848,0,NO,0,1,40.05
193,534,SOCIAL_EXPLORER,1,0,0,0,1,1,1,0,0,0,0,0.5,0.0,0.0,0.0,0.0,39.17,0.6578,1,1,34810,1,YES,0,2,93.35
962,809,CAUTIOUS_INTROVERT,1,1,1,0,0,0,1,1,0,0,0,0.5,0.1667,0.0,0.0,0.0,30.83,0.2234,1,1,26146,0,NO,0,1,29.98
82,361,BUDGET_CONSCIOUS,0,0,1,1,1,0,1,1,0,0,0,1.0,0.1667,0.0,0.0,0.0,52.5,0.7303,1,1,46378,1,YES,1,3,100.0
362,537,SOCIAL_EXPLORER,1,2,1,0,0,0,1,2,2,1,1,0.3333,0.5,1.0,1.0,1.0,53.33,0.7698,1,1,40810,0,YES,1,3,100.0
324,725,SELECTIVE_PLANNER,0,2,0,1,0,1,1,0,0,0,0,1.0,0.0,0.0,0.0,0.0,43.33,0.2341,0,0,0,0,NO,0,0,25.33
792,898,CAUTIOUS_INTROVERT,2,0,0,0,1,1,1,1,1,0,0,0.5,0.2,1.0,0.0,0.0,47.33,0.3729,0,0,0,0,NO,0,0,29.33
61,226,SELECTIVE_PLANNER,0,1,0,1,0,1,1,0,0,0,0,1.0,0.0,0.0,0.0,0.0,49.17,0.2627,0,0,0,0,NO,0,0,31.17
232,868,SOCIAL_EXPLORER,1,0,1,0,1,0,1,1,1,0,0,0.5,0.125,0.5,0.0,0.0,40.83,0.6219,1,1,44096,0,YES,0,2,86.26
780,700,PASSIVE_BROWSER,0,0,1,1,1,0,1,1,0,0,1,0.5,0.2,0.0,0.0,1.0,48.17,0.2472,0,0,0,0,NO,0,0,30.17
289,560,BUDGET_CONSCIOUS,1,0,0,0,1,1,1,2,1,0,0,1.0,0.2857,0.5,0.0,0.0,59.88,0.5295,1,1,42696,1,SAVE_ONLY,0,1,94.82
263,562,BUDGET_CONSCIOUS,1,2,1,0,0,0,1,1,1,0,0,0.5,0.2,1.0,0.0,0.0,35.67,0.2493,1,0,0,0,NO,0,0,17.67
432,479,BUDGET_CONSCIOUS,2,1,1,0,0,0,1,1,1,1,0,0.5,0.25,1.0,1.0,0.0,46.67,0.0,0,0,0,0,NO,0,0,28.67
910,367,BUDGET_CONSCIOUS,1,1,2,0,0,0,2,1,1,0,0,1.0,0.25,0.5,0.0,0.0,41.67,0.5634,1,0,0,1,SAVE_ONLY,0,1,53.67
153,185,SOCIAL_EXPLORER,1,1,2,0,0,0,1,1,0,0,0,0.5,0.3333,0.0,0.0,0.0,28.33,0.1876,1,0,0,0,NO,0,0,10.33
611,169,SOCIAL_EXPLORER,1,0,1,0,1,0,1,1,0,0,0,0.5,0.25,0.0,0.0,0.0,38.33,0.6908,1,0,0,0,YES,0,2,60.33
458,59,BUDGET_CONSCIOUS,0,1,2,1,0,0,1,0,0,0,0,1.0,0.0,0.0,0.0,0.0,37.5,0.4444,0,0,0,1,SAVE_ONLY,0,1,49.5
500,537,SPONTANEOUS_ADVENTURER,0,0,0,1,1,1,1,0,1,0,0,0.3333,0.0,0.5,0.0,0.0,46.67,0.5688,1,0,0,1,SAVE_ONLY,0,1,58.67
831,605,CAUTIOUS_INTROVERT,0,0,2,1,1,0,1,1,0,0,1,0.5,0.1429,0.0,0.0,1.0,41.19,0.2168,0,0,0,0,NO,0,0,23.19
901,67,CAUTIOUS_INTROVERT,1,2,0,0,0,1,1,2,1,1,0,0.5,0.5,1.0,1.0,0.0,57.5,0.5953,1,1,40857,1,SAVE_ONLY,0,1,91.8
949,195,BUDGET_CONSCIOUS,0,1,1,1,0,0,1,2,1,0,1,0.5,0.4,1.0,0.0,1.0,56.33,0.6621,1,1,41895,1,YES,0,2,100.0
369,330,SOCIAL_EXPLORER,0,1,1,1,0,0,2,3,1,1,0,1.0,0.75,1.0,1.0,0.0,78.33,0.9093,1,1,49457,0,YES,1,3,100.0
255,902,CAUTIOUS_INTROVERT,1,1,0,0,0,1,1,0,0,0,1,1.0,0.0,0.0,0.0,1.0,48.33,0.394,1,0,0,0,NO,0,0,30.33
68,811,CAUTIOUS_INTROVERT,0,0,2,1,1,0,1,3,0,0,0,0.3333,0.75,0.0,0.0,0.0,45.0,0.4558,1,0,0,1,SAVE_ONLY,0,1,57.0
520,572,SOCIAL_EXPLORER,0,0,2,1,1,0,1,1,1,1,0,0.5,0.25,1.0,1.0,0.0,58.33,0.528,1,1,31674,1,SAVE_ONLY,0,1,89.42
733,272,SOCIAL_EXPLORER,1,0,1,0,1,0,1,1,0,0,0,0.5,0.25,0.0,0.0,0.0,38.33,0.6222,1,1,39777,0,YES,0,2,82.25
941,998,SOCIAL_EXPLORER,1,2,2,0,0,0,1,1,0,1,0,1.0,0.1429,0.0,1.0,0.0,38.69,0.4742,0,0,0,1,SAVE_ONLY,0,1,50.69
55,210,PASSIVE_BROWSER,1,0,1,0,1,0,1,4,1,0,1,1.0,1.0,1.0,0.0,1.0,78.33,0.5888,1,1,45922,1,SAVE_ONLY,0,1,100.0
776,58,SPONTANEOUS_ADVENTURER,1,2,1,0,0,0,1,3,1,1,1,1.0,0.75,0.3333,1.0,1.0,65.0,0.6097,0,0,0,1,SAVE_ONLY,0,1,77.0
855,195,SELECTIVE_PLANNER,1,0,1,0,1,0,1,1,1,1,1,1.0,0.2,1.0,1.0,1.0,72.33,1.0,1,1,60761,0,YES,1,3,100.0
261,723,BUDGET_CONSCIOUS,0,1,1,1,0,0,1,2,1,0,1,0.5,0.5,0.3333,0.0,1.0,51.67,0.5669,1,0,0,1,SAVE_ONLY,0,1,63.67
753,598,SELECTIVE_PLANNER,0,1,1,1,0,0,1,2,1,1,1,0.5,0.6667,1.0,1.0,1.0,71.67,0.3954,0,0,0,0,NO,0,0,53.67
268,562,SOCIAL_EXPLORER,1,2,0,0,0,1,1,0,0,0,0,1.0,0.0,0.0,0.0,0.0,37.5,0.6998,1,1,45828,0,YES,0,2,83.54
222,745,CAUTIOUS_INTROVERT,0,2,0,1,0,1,1,1,1,0,0,0.5,0.1667,1.0,0.0,0.0,46.67,0.4301,1,1,24524,0,NO,0,1,45.25
52,408,SPONTANEOUS_ADVENTURER,1,2,1,0,0,0,1,2,1,1,0,0.5,0.3333,0.5,1.0,0.0,43.33,0.6601,0,0,0,1,YES,0,2,77.33
629,584,BUDGET_CONSCIOUS,1,1,0,0,0,1,1,0,1,0,0,1.0,0.0,1.0,0.0,0.0,53.33,0.6366,1,1,39440,1,YES,0,2,100.0
765,885,BUDGET_CONSCIOUS,0,1,1,1,0,0,2,2,1,0,0,0.6667,0.4,1.0,0.0,0.0,54.67,0.6989,1,1,47459,1,YES,0,2,100.0
1000,344,SOCIAL_EXPLORER,2,1,1,0,0,0,1,0,0,0,0,0.5,0.0,0.0,0.0,0.0,21.67,0.4841,1,0,0,0,NO,0,0,3.67
925,411,SPONTANEOUS_ADVENTURER,1,0,1,0,1,0,1,0,0,0,0,0.5,0.0,0.0,0.0,0.0,33.33,0.6392,0,0,0,0,YES,0,2,55.33
570,475,BUDGET_CONSCIOUS,1,1,1,0,0,0,1,1,0,0,1,0.3333,0.25,0.0,0.0,1.0,34.17,0.3159,1,0,0,0,NO,0,0,16.17
695,231,BUDGET_CONSCIOUS,0,1,0,1,0,1,1,0,0,0,0,1.0,0.0,0.0,0.0,0.0,49.17,0.525,1,1,33321,1,SAVE_ONLY,0,1,80.83
446,205,BUDGET_CONSCIOUS,1,0,1,0,1,0,1,0,0,0,0,0.5,0.0,0.0,0.0,0.0,33.33,0.3074,0,0,0,0,NO,0,0,15.33
751,939,CAUTIOUS_INTROVERT,0,0,1,1,1,0,1,1,0,0,1,1.0,0.2,0.0,0.0,1.0,58.17,0.7159,1,1,47192,1,YES,1,3,100.0
233,593,SOCIAL_EXPLORER,1,2,1,0,0,0,1,2,1,1,0,1.0,0.5,1.0,1.0,0.0,61.67,0.7795,1,1,43674,1,YES,1,3,100.0
862,601,BUDGET_CONSCIOUS,1,0,1,0,1,0,1,1,0,1,0,1.0,0.25,0.0,1.0,0.0,58.33,0.5904,0,0,0,1,SAVE_ONLY,0,1,70.33
987,652,SOCIAL_EXPLORER,1,1,0,0,0,1,1,0,0,0,0,1.0,0.0,0.0,0.0,0.0,43.33,0.5181,0,0,0,0,NO,0,0,25.33
131,805,CAUTIOUS_INTROVERT,0,0,1,1,1,0,1,0,0,0,0,0.5,0.0,0.0,0.0,0.0,39.17,0.5133,0,0,0,1,SAVE_ONLY,0,1,51.17
117,785,CAUTIOUS_INTROVERT,2,0,2,0,1,0,1,0,0,0,0,0.3333,0.0,0.0,0.0,0.0,18.33,0.0049,0,0,0,0,NO,0,0,0.33
821,738,PASSIVE_BROWSER,0,0,0,1,1,1,1,0,0,0,0,0.3333,0.0,0.0,0.0,0.0,41.67,0.2069,0,0,0,0,NO,0,0,23.67
581,328,SOCIAL_EXPLORER,1,0,1,0,1,0,1,0,1,1,0,0.5,0.0,0.5,1.0,0.0,48.33,0.6487,0,0,0,0,YES,0,2,70.33
561,756,SOCIAL_EXPLORER,0,2,0,1,0,1,1,0,0,0,0,0.5,0.0,0.0,0.0,0.0,33.33,0.4823,1,1,34641,0,NO,0,1,35.45
635,920,BUDGET_CONSCIOUS,2,2,1,0,0,0,2,1,1,0,0,0.6667,0.2,0.5,0.0,0.0,28.17,0.0728,1,0,0,0,NO,0,0,10.17
767,341,CAUTIOUS_INTROVERT,0,2,0,1,0,1,1,2,1,1,0,0.3333,0.5,1.0,1.0,0.0,60.0,0.8472,1,1,55161,0,SUPER_LIKE,1,3,100.0
339,775,BUDGET_CONSCIOUS,0,1,1,1,0,0,1,0,0,0,0,1.0,0.0,0.0,0.0,0.0,43.33,0.523,0,0,0,1,SAVE_ONLY,0,1,55.33
105,691,SOCIAL_EXPLORER,1,1,2,0,0,0,1,2,1,1,0,0.5,0.3333,1.0,1.0,0.0,48.33,0.4717,1,1,32118,1,SAVE_ONLY,0,1,79.57
510,240,SOCIAL_EXPLORER,0,0,2,1,1,0,1,0,0,0,0,1.0,0.0,0.0,0.0,0.0,43.33,0.4367,0,0,0,1,SAVE_ONLY,0,1,55.33
170,167,SOCIAL_EXPLORER,0,2,2,1,0,0,1,1,1,0,0,0.5,0.1429,0.5,0.0,0.0,29.52,0.1147,0,0,0,0,NO,0,0,11.52
669,551,SOCIAL_EXPLORER,1,2,1,0,0,0,1,2,1,1,0,0.5,0.5,0.5,1.0,0.0,46.67,0.6998,0,0,0,1,YES,0,2,80.67
610,844,SELECTIVE_PLANNER,1,0,1,0,1,0,1,1,1,0,1,1.0,0.1429,0.5,0.0,1.0,56.19,0.6787,1,1,43314,0,YES,0,2,100.0
608,252,BUDGET_CONSCIOUS,2,0,0,0,1,1,1,3,1,0,0,0.5,1.0,1.0,0.0,0.0,63.33,0.319,0,0,0,0,NO,0,0,45.33
260,814,SOCIAL_EXPLORER,2,0,1,0,1,0,1,1,0,0,0,1.0,0.25,0.0,0.0,0.0,42.5,0.5142,1,1,41522,1,SAVE_ONLY,0,1,77.03
818,947,BUDGET_CONSCIOUS,2,1,1,0,0,0,1,4,1,0,1,0.5,1.0,1.0,0.0,1.0,56.67,0.1401,1,0,0,0,NO,0,0,38.67
686,287,SELECTIVE_PLANNER,1,0,0,0,1,1,1,1,1,1,0,0.5,0.2,0.5,1.0,0.0,58.17,0.696,1,1,37848,0,YES,0,2,100.0
308,401,CAUTIOUS_INTROVERT,1,1,1,0,0,0,1,2,1,0,1,0.5,0.6667,0.5,0.0,1.0,50.83,0.6823,1,0,0,1,YES,0,2,84.83
583,868,BUDGET_CONSCIOUS,0,1,1,1,0,0,2,0,0,0,0,1.0,0.0,0.0,0.0,0.0,43.33,0.6929,1,0,0,1,YES,0,2,77.33
989,713,BUDGET_CONSCIOUS,1,2,0,0,0,1,1,0,0,0,0,1.0,0.0,0.0,0.0,0.0,37.5,0.3185,1,1,28097,0,NO,0,1,37.33
631,257,BUDGET_CONSCIOUS,1,1,1,0,0,0,1,2,1,1,0,0.5,0.5,1.0,1.0,0.0,57.5,0.6926,1,1,51796,0,YES,0,2,100.0
65,216,SOCIAL_EXPLORER,2,0,1,0,1,0,1,1,1,0,0,0.5,0.1667,0.5,0.0,0.0,35.83,0.5173,1,1,37245,1,SAVE_ONLY,0,1,68.87
35,458,BUDGET_CONSCIOUS,0,1,2,1,0,0,1,0,0,0,0,0.5,0.0,0.0,0.0,0.0,27.5,0.4055,0,0,0,0,NO,0,0,9.5
705,282,SPONTANEOUS_ADVENTURER,1,0,1,0,1,0,1,1,1,0,0,0.3333,0.1667,0.5,0.0,0.0,38.33,0.7492,0,0,0,0,YES,1,3,90.33
237,315,BUDGET_CONSCIOUS,1,0,0,0,1,1,1,2,1,1,1,1.0,0.6667,0.5,1.0,1.0,82.5,0.8327,1,1,52703,1,YES,1,3,100.0
240,55,CAUTIOUS_INTROVERT,1,1,1,0,0,0,1,0,0,0,0,1.0,0.0,0.0,0.0,0.0,37.5,0.2792,1,0,0,0,NO,0,0,19.5
672,210,CAUTIOUS_INTROVERT,0,1,2,1,0,0,1,2,1,1,0,0.5,0.4,1.0,1.0,0.0,55.5,0.6348,1,1,35411,0,YES,0,2,97.89
413,674,SOCIAL_EXPLORER,0,1,1,1,0,0,1,3,1,0,0,0.5,0.75,0.5,0.0,0.0,53.33,0.7306,1,1,51593,0,YES,1,3,100.0
41,652,SOCIAL_EXPLORER,1,1,0,0,0,1,1,3,1,0,0,1.0,0.5,1.0,0.0,0.0,63.33,0.6969,1,1,37315,0,YES,0,2,100.0
93,512,CAUTIOUS_INTROVERT,0,0,1,1,1,0,1,2,1,1,1,0.5,0.5,0.5,1.0,1.0,69.17,0.8847,1,1,48350,1,SUPER_LIKE,1,3,100.0
589,218,SOCIAL_EXPLORER,0,0,0,1,1,1,1,1,0,0,0,0.5,0.1429,0.0,0.0,0.0,47.86,0.7283,0,0,0,0,YES,1,3,99.86
255,719,CAUTIOUS_INTROVERT,1,1,1,0,0,0,1,3,1,0,1,0.5,0.5,1.0,0.0,1.0,52.5,0.646,1,1,48150,1,YES,0,2,100.0
795,604,CAUTIOUS_INTROVERT,2,2,2,0,0,0,1,3,1,1,1,1.0,0.6,1.0,1.0,1.0,57.0,0.5061,0,0,0,1,SAVE_ONLY,0,1,69.0
387,981,BUDGET_CONSCIOUS,0,0,0,1,1,1,1,0,1,1,0,0.5,0.0,1.0,1.0,0.0,65.0,0.8336,1,1,51017,0,YES,1,3,100.0
952,994,SOCIAL_EXPLORER,1,0,2,0,1,0,1,3,0,0,1,0.5,0.5,0.0,0.0,1.0,42.5,0.4172,1,1,35333,0,NO,0,1,44.87
300,509,SOCIAL_EXPLORER,0,0,0,1,1,1,1,0,0,0,0,1.0,0.0,0.0,0.0,0.0,55.0,0.833,0,0,0,1,YES,1,3,100.0
770,644,CAUTIOUS_INTROVERT,0,0,0,1,1,1,1,2,0,0,0,1.0,0.5,0.0,0.0,0.0,65.0,0.9011,1,1,61317,0,YES,1,3,100.0
668,759,SOCIAL_EXPLORER,1,0,2,0,1,0,1,0,0,0,0,0.3333,0.0,0.0,0.0,0.0,24.17,0.2623,1,1,20063,0,NO,0,1,21.19
32,391,SELECTIVE_PLANNER,1,0,0,0,1,1,1,2,1,1,1,0.3333,0.4,1.0,1.0,1.0,68.83,0.96,1,1,60164,1,YES,1,3,100.0
661,674,SOCIAL_EXPLORER,0,1,1,1,0,0,1,2,1,1,0,1.0,0.5,1.0,1.0,0.0,73.33,0.8733,1,1,55448,1,YES,1,3,100.0
676,308,CAUTIOUS_INTROVERT,0,1,0,1,0,1,1,2,1,0,0,0.3333,0.6667,1.0,0.0,0.0,59.17,0.6648,1,1,35585,0,YES,0,2,100.0
559,491,SOCIAL_EXPLORER,0,1,2,1,0,0,1,2,0,0,1,1.0,0.4,0.0,0.0,1.0,50.5,0.4279,1,0,0,1,SAVE_ONLY,0,1,62.5
600,611,SPONTANEOUS_ADVENTURER,0,0,1,1,1,0,1,2,0,0,1,1.0,0.6667,0.0,0.0,1.0,67.5,0.9864,1,1,67369,0,SUPER_LIKE,1,3,100.0
338,49,PASSIVE_BROWSER,1,0,1,0,1,0,1,1,1,0,0,0.5,0.1429,1.0,0.0,0.0,46.19,0.3285,0,0,0,0,NO,0,0,28.19
275,526,BUDGET_CONSCIOUS,0,0,1,1,1,0,1,0,0,1,0,1.0,0.0,0.0,1.0,0.0,59.17,0.7989,1,1,53380,1,YES,1,3,100.0
82,634,BUDGET_CONSCIOUS,1,0,1,0,1,0,1,4,2,1,1,0.5,0.8,1.0,1.0,1.0,74.33,0.6119,1,1,45004,0,NO,0,1,80.08
284,652,SOCIAL_EXPLORER,1,1,0,0,0,1,1,2,1,0,0,1.0,0.2857,0.5,0.0,0.0,54.05,0.7885,1,0,0,0,YES,1,3,100.0
879,892,SELECTIVE_PLANNER,2,0,0,0,1,1,1,1,0,0,0,0.5,0.1429,0.0,0.0,0.0,36.19,0.629,1,0,0,1,YES,0,2,70.19
858,411,SOCIAL_EXPLORER,1,1,0,0,0,1,1,0,1,0,0,0.3333,0.0,0.3333,0.0,0.0,33.33,0.3884,1,1,29452,0,NO,0,1,33.64
444,66,CAUTIOUS_INTROVERT,0,0,0,1,1,1,1,1,1,0,0,0.5,0.2,0.5,0.0,0.0,54.0,0.5629,1,1,35963,1,SAVE_ONLY,0,1,86.59
319,351,SOCIAL_EXPLORER,1,0,0,0,1,1,1,1,0,0,0,1.0,0.1667,0.0,0.0,0.0,52.5,0.6258,1,1,42745,1,YES,0,2,100.0
188,735,SOCIAL_EXPLORER,0,0,0,1,1,1,1,0,0,0,0,0.3333,0.0,0.0,0.0,0.0,41.67,0.7393,1,1,51062,0,YES,1,3,100.0
302,395,BUDGET_CONSCIOUS,0,0,0,1,1,1,1,1,1,0,0,0.5,0.2,1.0,0.0,0.0,59.0,0.6974,1,1,41931,0,YES,0,2,100.0
75,727,BUDGET_CONSCIOUS,0,2,1,1,0,0,1,0,0,0,0,0.5,0.0,0.0,0.0,0.0,27.5,0.5267,1,0,0,1,SAVE_ONLY,0,1,39.5
509,481,SOCIAL_EXPLORER,1,1,1,0,0,0,1,0,0,0,0,1.0,0.0,0.0,0.0,0.0,37.5,0.6829,1,1,46405,0,YES,0,2,83.74
464,527,PASSIVE_BROWSER,2,1,1,0,0,0,1,2,1,0,0,1.0,0.4,0.5,0.0,0.0,44.67,0.3878,1,1,34735,0,NO,0,1,46.83
776,886,SPONTANEOUS_ADVENTURER,1,1,1,0,0,0,1,1,0,0,0,0.5,0.1667,0.0,0.0,0.0,30.83,0.6649,0,0,0,0,YES,0,2,52.83
774,497,BUDGET_CONSCIOUS,1,1,1,0,0,0,1,0,0,0,0,0.5,0.0,0.0,0.0,0.0,27.5,0.1509,1,0,0,0,NO,0,0,9.5
734,1007,SOCIAL_EXPLORER,2,1,1,0,0,0,1,1,0,0,1,0.5,0.1667,0.0,0.0,1.0,30.0,0.4205,0,0,0,0,NO,0,0,12.0
144,202,SPONTANEOUS_ADVENTURER,0,1,0,1,0,1,1,2,2,1,1,0.5,0.4,1.0,1.0,1.0,72.17,1.0,1,1,65555,0,YES,1,3,100.0
472,778,SOCIAL_EXPLORER,0,1,1,1,0,0,1,2,0,1,1,0.5,0.2857,0.0,1.0,1.0,54.05,0.8597,1,0,0,0,SUPER_LIKE,1,3,100.0
94,90,BUDGET_CONSCIOUS,1,0,1,0,1,0,1,4,2,1,1,1.0,0.8,1.0,1.0,1.0,84.33,0.7353,1,1,48154,1,YES,1,3,100.0
963,669,SOCIAL_EXPLORER,0,1,0,1,0,1,1,2,1,1,1,0.3333,0.5,0.5,1.0,1.0,65.83,0.7179,1,1,44854,0,YES,1,3,100.0
573,127,CAUTIOUS_INTROVERT,1,1,0,0,0,1,1,1,1,0,0,0.5,0.25,1.0,0.0,0.0,48.33,0.3935,0,0,0,0,NO,0,0,30.33
778,33,SPONTANEOUS_ADVENTURER,1,1,0,0,0,1,1,2,1,0,1,1.0,0.4,0.5,0.0,1.0,61.33,0.9799,1,1,62833,0,SUPER_LIKE,1,3,100.0
289,553,BUDGET_CONSCIOUS,0,1,0,1,0,1,1,1,0,0,0,1.0,0.1429,0.0,0.0,0.0,52.02,0.681,1,1,42463,0,YES,0,2,96.88
428,391,CAUTIOUS_INTROVERT,1,1,1,0,0,0,1,0,0,0,0,0.3333,0.0,0.0,0.0,0.0,24.17,0.2185,0,0,0,0,NO,0,0,6.17
98,818,BUDGET_CONSCIOUS,0,0,2,1,1,0,1,2,1,0,1,0.5,0.3333,1.0,0.0,1.0,55.0,0.8149,1,0,0,1,YES,1,3,100.0
1003,339,BUDGET_CONSCIOUS,0,1,1,1,0,0,1,0,0,0,0,1.0,0.0,0.0,0.0,0.0,43.33,0.5915,1,0,0,1,SAVE_ONLY,0,1,55.33
526,672,BUDGET_CONSCIOUS,1,1,1,0,0,0,1,1,0,0,0,0.5,0.1667,0.0,0.0,0.0,30.83,0.2849,0,0,0,0,NO,0,0,12.83
638,94,CAUTIOUS_INTROVERT,2,0,1,0,1,0,1,4,1,1,1,1.0,1.0,0.3333,1.0,1.0,75.83,0.9988,1,1,59295,0,YES,1,3,100.0
43,467,SOCIAL_EXPLORER,2,1,1,0,0,0,1,1,0,0,0,1.0,0.2,0.0,0.0,0.0,35.67,0.6615,1,1,47583,0,YES,0,2,82.32
741,619,SOCIAL_EXPLORER,1,0,0,0,1,1,1,0,0,0,1,0.3333,0.0,0.0,0.0,1.0,40.83,0.5733,1,0,0,0,NO,0,0,22.83
449,837,BUDGET_CONSCIOUS,0,0,1,1,1,0,1,1,0,0,0,0.3333,0.1667,0.0,0.0,0.0,39.17,0.6505,1,1,41837,0,YES,0,2,83.81
524,133,CAUTIOUS_INTROVERT,1,2,0,0,0,1,1,1,0,0,0,1.0,0.2,0.0,0.0,0.0,41.5,0.5232,1,1,27146,1,SAVE_ONLY,0,1,71.0
475,445,CAUTIOUS_INTROVERT,1,0,0,0,1,1,1,0,1,1,1,0.5,0.0,1.0,1.0,1.0,64.17,0.7381,0,0,0,1,YES,1,3,100.0
407,172,SELECTIVE_PLANNER,1,1,1,0,0,0,1,0,0,0,0,0.5,0.0,0.0,0.0,0.0,27.5,0.176,0,0,0,0,NO,0,0,9.5
535,97,BUDGET_CONSCIOUS,0,0,1,1,1,0,1,1,1,1,0,0.5,0.1667,0.5,1.0,0.0,57.5,0.8738,1,1,48359,1,YES,1,3,100.0
874,895,PASSIVE_BROWSER,0,0,0,1,1,1,1,0,1,0,1,1.0,0.0,1.0,0.0,1.0,70.0,0.57,1,0,0,1,SAVE_ONLY,0,1,82.0
157,494,SELECTIVE_PLANNER,1,2,1,0,0,0,1,0,0,0,0,1.0,0.0,0.0,0.0,0.0,31.67,0.0711,0,0,0,0,NO,0,0,13.67
118,733,SOCIAL_EXPLORER,1,0,0,0,1,1,1,1,0,1,1,0.3333,0.2,0.0,1.0,1.0,54.83,0.7938,1,1,48963,1,YES,1,3,100.0
919,753,SOCIAL_EXPLORER,1,2,1,0,0,0,1,3,1,0,1,0.3333,0.75,0.5,0.0,1.0,43.33,0.7727,1,0,0,1,YES,1,3,100.0
1013,813,CAUTIOUS_INTROVERT,1,1,0,0,0,1,1,2,1,1,1,0.3333,0.4,1.0,1.0,1.0,63.0,0.7592,1,1,53819,0,YES,1,3,100.0
260,84,SOCIAL_EXPLORER,1,2,1,0,0,0,1,0,0,0,0,1.0,0.0,0.0,0.0,0.0,31.67,0.6629,1,0,0,0,YES,0,2,53.67
346,848,SPONTANEOUS_ADVENTURER,0,2,1,1,0,0,1,1,1,0,0,0.3333,0.1667,0.5,0.0,0.0,32.5,0.3741,0,0,0,0,NO,0,0,14.5
640,721,BUDGET_CONSCIOUS,1,1,1,0,0,0,1,3,1,0,1,0.5,0.5,0.5,0.0,1.0,47.5,0.481,1,1,39096,0,NO,0,1,51.18
990,992,SELECTIVE_PLANNER,1,0,0,0,1,1,1,2,1,1,1,0.5,0.3333,1.0,1.0,1.0,70.83,0.9488,1,1,64341,1,YES,1,3,100.0
951,213,SELECTIVE_PLANNER,1,2,0,0,0,1,1,1,1,0,0,0.5,0.1667,1.0,0.0,0.0,40.83,0.2829,0,0,0,0,NO,0,0,22.83
588,789,SPONTANEOUS_ADVENTURER,0,0,0,1,1,1,1,0,0,0,0,1.0,0.0,0.0,0.0,0.0,55.0,0.63,1,1,36938,1,YES,0,2,100.0
289,701,BUDGET_CONSCIOUS,1,0,0,0,1,1,1,1,1,0,1,1.0,0.2,0.5,0.0,1.0,63.17,0.6531,1,1,47417,0,YES,0,2,100.0
514,741,SOCIAL_EXPLORER,0,0,0,1,1,1,1,0,0,0,0,0.25,0.0,0.0,0.0,0.0,40.0,0.5749,1,1,34336,1,SAVE_ONLY,0,1,72.02
519,471,SOCIAL_EXPLORER,0,0,1,1,1,0,1,2,1,0,0,1.0,0.6667,0.5,0.0,0.0,67.5,0.8586,0,0,0,0,YES,1,3,100.0
610,216,SELECTIVE_PLANNER,2,1,0,0,0,1,1,1,0,0,0,0.5,0.1429,0.0,0.0,0.0,30.36,0.1755,1,1,19521,0,NO,0,1,27.19
747,430,BUDGET_CONSCIOUS,1,0,0,0,1,1,1,1,1,0,0,1.0,0.25,1.0,0.0,0.0,64.17,0.5937,1,1,35959,0,NO,0,1,66.76
546,999,CAUTIOUS_INTROVERT,0,0,2,1,1,0,1,0,0,0,0,1.0,0.0,0.0,0.0,0.0,43.33,0.3826,1,1,26774,0,NO,0,1,42.7
596,869,SELECTIVE_PLANNER,0,2,1,1,0,0,1,0,0,0,0,1.0,0.0,0.0,0.0,0.0,37.5,0.0985,0,0,0,0,NO,0,0,19.5
481,895,CAUTIOUS_INTROVERT,0,0,0,1,1,1,1,2,1,0,1,1.0,0.5,1.0,0.0,1.0,80.0,1.0,1,1,53833,0,YES,1,3,100.0
610,330,SELECTIVE_PLANNER,1,0,0,0,1,1,1,0,1,0,0,0.5,0.0,0.5,0.0,0.0,44.17,0.521,1,1,37588,0,NO,0,1,47.33
390,48,BUDGET_CONSCIOUS,0,1,0,1,0,1,1,3,1,1,0,1.0,0.75,0.5,1.0,0.0,79.17,0.922,1,1,63156,1,YES,1,3,100.0
883,213,SOCIAL_EXPLORER,1,0,1,0,1,0,1,2,1,1,0,0.5,0.3333,1.0,1.0,0.0,60.0,0.8198,1,1,43225,1,YES,1,3,100.0
631,619,BUDGET_CONSCIOUS,0,1,1,1,0,0,1,1,1,1,0,0.5,0.2,1.0,1.0,0.0,57.33,0.6726,1,1,43684,0,YES,0,2,100.0
170,686,SOCIAL_EXPLORER,1,1,1,0,0,0,1,2,1,0,0,1.0,0.4,0.5,0.0,0.0,50.5,0.6311,0,0,0,0,YES,0,2,72.5
628,894,BUDGET_CONSCIOUS,1,1,0,0,0,1,1,1,0,0,0,0.3333,0.1429,0.0,0.0,0.0,32.86,0.1899,1,0,0,0,NO,0,0,14.86
93,145,CAUTIOUS_INTROVERT,2,0,1,0,1,0,1,0,0,0,1,0.5,0.0,0.0,0.0,1.0,32.5,0.2549,0,0,0,0,NO,0,0,14.5
446,130,BUDGET_CONSCIOUS,0,1,1,1,0,0,1,0,0,0,0,1.0,0.0,0.0,0.0,0.0,43.33,0.6825,1,1,46953,0,YES,0,2,89.76
363,955,BUDGET_CONSCIOUS,0,0,1,1,1,0,1,0,0,0,0,1.0,0.0,0.0,0.0,0.0,49.17,0.697,1,1,49846,1,YES,0,2,100.0
781,328,BUDGET_CONSCIOUS,0,1,0,1,0,1,1,1,0,0,0,1.0,0.25,0.0,0.0,0.0,54.17,0.6469,1,1,43131,0,YES,0,2,99.27
612,242,BUDGET_CONSCIOUS,1,1,0,0,0,1,1,0,0,1,0,0.3333,0.0,0.0,1.0,0.0,40.0,0.4181,1,0,0,0,NO,0,0,22.0
611,807,SOCIAL_EXPLORER,1,2,0,0,0,1,1,2,1,1,1,0.5,0.5,1.0,1.0,1.0,62.5,0.7496,1,1,50719,1,YES,1,3,100.0
909,738,BUDGET_CONSCIOUS,1,1,0,0,0,1,1,1,0,0,0,0.5,0.25,0.0,0.0,0.0,38.33,0.3546,1,1,31399,0,NO,0,1,39.32
1001,32,SOCIAL_EXPLORER,0,0,1,1,1,0,1,1,1,1,0,0.5,0.1429,1.0,1.0,0.0,62.02,0.8936,1,1,55013,1,YES,1,3,100.0
134,922,SOCIAL_EXPLORER,0,0,0,1,1,1,1,0,0,0,0,1.0,0.0,0.0,0.0,0.0,55.0,0.6157,0,0,0,0,NO,0,0,37.0
344,386,BUDGET_CONSCIOUS,0,1,1,1,0,0,1,1,1,1,1,0.5,0.25,1.0,1.0,1.0,63.33,0.7534,1,1,42663,1,YES,1,3,100.0
173,490,BUDGET_CONSCIOUS,0,1,0,1,0,1,1,0,0,0,0,0.5,0.0,0.0,0.0,0.0,39.17,0.5854,1,1,33655,1,SAVE_ONLY,0,1,70.95
425,199,SOCIAL_EXPLORER,1,1,1,0,0,0,1,0,0,0,0,1.0,0.0,0.0,0.0,0.0,37.5,0.6594,1,0,0,1,YES,0,2,71.5
659,288,CAUTIOUS_INTROVERT,0,0,1,1,1,0,1,0,1,1,0,1.0,0.0,0.5,1.0,0.0,64.17,0.5116,0,0,0,1,SAVE_ONLY,0,1,76.17
796,657,SOCIAL_EXPLORER,1,1,2,0,0,0,1,2,0,0,1,1.0,0.5,0.0,0.0,1.0,46.67,0.355,1,1,28934,0,NO,0,1,46.8
991,982,BUDGET_CONSCIOUS,0,0,0,1,1,1,1,2,0,0,1,0.25,0.4,0.0,0.0,1.0,53.0,0.6883,1,1,43629,1,YES,0,2,100.0
570,268,BUDGET_CONSCIOUS,2,0,1,0,1,0,1,0,0,0,0,0.5,0.0,0.0,0.0,0.0,27.5,0.0,1,0,0,0,NO,0,0,9.5
144,382,SPONTANEOUS_ADVENTURER,0,0,1,1,1,0,1,0,0,0,0,0.5,0.0,0.0,0.0,0.0,39.17,0.7124,1,1,38722,0,YES,1,3,100.0
49,872,CAUTIOUS_INTROVERT,0,1,0,1,0,1,1,1,0,0,0,0.5,0.125,0.0,0.0,0.0,41.67,0.3713,0,0,0,0,NO,0,0,23.67
261,597,BUDGET_CONSCIOUS,0,2,2,1,0,0,1,0,0,0,0,0.3333,0.0,0.0,0.0,0.0,18.33,0.3008,1,1,27160,0,NO,0,1,17.84
580,822,CAUTIOUS_INTROVERT,1,2,2,0,0,0,1,0,1,0,0,1.0,0.0,1.0,0.0,0.0,35.83,0.2411,0,0,0,0,NO,0,0,17.83
891,129,SPONTANEOUS_ADVENTURER,1,0,1,0,1,0,1,0,0,1,0,1.0,0.0,0.0,1.0,0.0,53.33,0.5721,0,0,0,1,SAVE_ONLY,0,1,65.33
189,272,SOCIAL_EXPLORER,1,0,1,0,1,0,1,0,1,0,0,0.3333,0.0,0.5,0.0,0.0,35.0,0.6937,1,1,42118,0,YES,0,2,79.74
49,809,CAUTIOUS_INTROVERT,0,1,1,1,0,0,1,3,0,0,1,0.5,0.5,0.0,0.0,1.0,48.33,0.7249,1,1,47649,0,YES,1,3,100.0
541,946,CAUTIOUS_INTROVERT,1,1,1,0,0,0,1,2,0,1,1,1.0,0.5,0.0,1.0,1.0,62.5,0.8785,1,1,49106,1,YES,1,3,100.0
157,578,SELECTIVE_PLANNER,0,0,0,1,1,1,1,2,1,0,1,0.5,0.4,0.5,0.0,1.0,63.0,0.8321,1,1,55197,0,SUPER_LIKE,1,3,100.0
188,319,SOCIAL_EXPLORER,0,1,0,1,0,1,1,1,1,0,1,0.5,0.2,0.5,0.0,1.0,53.17,0.6699,1,1,38526,1,YES,0,2,100.0
795,626,CAUTIOUS_INTROVERT,1,2,2,0,0,0,1,1,0,0,0,1.0,0.1667,0.0,0.0,0.0,29.17,0.0889,1,0,0,0,NO,0,0,11.17
773,876,SOCIAL_EXPLORER,2,1,0,0,0,1,1,0,0,0,0,0.5,0.0,0.0,0.0,0.0,27.5,0.463,0,0,0,1,SAVE_ONLY,0,1,39.5
847,369,SOCIAL_EXPLORER,1,0,0,0,1,1,1,1,0,0,0,0.3333,0.25,0.0,0.0,0.0,40.83,0.697,0,0,0,1,YES,0,2,74.83
668,393,SOCIAL_EXPLORER,0,2,2,1,0,0,1,3,1,0,1,1.0,0.5,1.0,0.0,1.0,56.67,0.4646,1,0,0,1,SAVE_ONLY,0,1,68.67
498,230,SOCIAL_EXPLORER,1,0,0,0,1,1,1,0,0,0,0,1.0,0.0,0.0,0.0,0.0,49.17,0.6382,1,1,46225,1,YES,0,2,100.0
838,99,SOCIAL_EXPLORER,1,0,0,0,1,1,1,0,0,0,1,0.5,0.0,0.0,0.0,1.0,44.17,0.7392,1,0,0,1,YES,1,3,100.0
39,287,SOCIAL_EXPLORER,1,0,1,0,1,0,1,1,1,1,0,0.5,0.1429,0.5,1.0,0.0,51.19,0.5676,1,1,40529,1,SAVE_ONLY,0,1,85.38
681,428,BUDGET_CONSCIOUS,1,1,1,0,0,0,2,2,0,1,0,1.0,0.4,0.0,1.0,0.0,55.5,0.6878,1,1,48896,1,YES,0,2,100.0
738,308,SOCIAL_EXPLORER,0,1,1,1,0,0,1,2,1,0,0,0.5,0.5,1.0,0.0,0.0,53.33,0.4044,0,0,0,0,NO,0,0,35.33
350,201,BUDGET_CONSCIOUS,2,1,1,0,0,0,1,0,1,1,0,0.5,0.0,0.5,1.0,0.0,36.67,0.0,1,0,0,0,NO,0,0,18.67
27,705,BUDGET_CONSCIOUS,1,0,0,0,1,1,1,2,2,1,0,0.3333,0.3333,1.0,1.0,0.0,62.5,0.7169,1,1,39318,0,YES,1,3,100.0
999,808,SOCIAL_EXPLORER,0,0,1,1,1,0,1,1,1,0,0,1.0,0.2,0.5,0.0,0.0,58.17,0.7965,0,0,0,1,YES,1,3,100.0
736,696,SOCIAL_EXPLORER,0,2,0,1,0,1,1,1,0,1,0,0.5,0.125,0.0,1.0,0.0,45.83,0.661,1,1,49709,1,YES,0,2,100.0
701,445,PASSIVE_BROWSER,1,0,1,0,1,0,1,1,1,0,1,1.0,0.3333,1.0,0.0,1.0,65.0,0.5544,1,1,35824,1,SAVE_ONLY,0,1,97.54
295,502,CAUTIOUS_INTROVERT,0,0,1,1,1,0,1,2,1,0,1,1.0,0.3333,0.5,0.0,1.0,65.83,0.7998,1,1,42910,0,YES,1,3,100.0
159,840,SELECTIVE_PLANNER,2,0,1,0,1,0,1,0,0,0,0,1.0,0.0,0.0,0.0,0.0,37.5,0.6354,1,1,34880,0,YES,0,2,79.71
841,200,SOCIAL_EXPLORER,1,1,1,0,0,0,1,1,0,0,0,0.5,0.25,0.0,0.0,0.0,32.5,0.5665,1,1,35289,0,NO,0,1,34.85
394,413,SPONTANEOUS_ADVENTURER,0,1,1,1,0,0,1,1,1,0,0,0.5,0.1667,0.5,0.0,0.0,41.67,0.3961,0,0,0,0,NO,0,0,23.67
715,432,SOCIAL_EXPLORER,1,0,0,0,1,1,1,0,0,0,1,0.5,0.0,0.0,0.0,1.0,44.17,0.6972,0,0,0,0,YES,0,2,66.17
464,119,SELECTIVE_PLANNER,0,0,1,1,1,0,1,1,0,0,0,1.0,0.1667,0.0,0.0,0.0,52.5,0.6609,0,0,0,0,YES,0,2,74.5
730,781,SOCIAL_EXPLORER,1,1,1,0,0,0,1,1,0,0,0,1.0,0.25,0.0,0.0,0.0,42.5,0.6746,1,1,41461,0,YES,0,2,87.01
551,473,SPONTANEOUS_ADVENTURER,1,1,1,0,0,0,1,0,0,0,0,0.5,0.0,0.0,0.0,0.0,27.5,0.5175,1,1,37121,1,SAVE_ONLY,0,1,60.49
701,555,SPONTANEOUS_ADVENTURER,1,0,1,0,1,0,1,1,1,0,0,0.5,0.3333,1.0,0.0,0.0,50.0,0.8015,1,1,50386,0,YES,1,3,100.0
179,135,CAUTIOUS_INTROVERT,0,1,2,1,0,0,1,3,1,1,0,1.0,0.75,1.0,1.0,0.0,72.5,0.745,0,0,0,0,YES,1,3,100.0
206,43,SOCIAL_EXPLORER,1,0,1,0,1,0,1,2,1,0,1,0.5,0.3333,1.0,0.0,1.0,55.0,0.7267,1,1,53509,0,YES,1,3,100.0
538,741,SOCIAL_EXPLORER,0,1,0,1,0,1,1,1,1,1,0,0.25,0.25,0.5,1.0,0.0,54.17,0.6274,0,0,0,0,YES,0,2,76.17
591,623,SOCIAL_EXPLORER,1,0,0,0,1,1,1,3,0,0,0,0.3333,0.6,0.0,0.0,0.0,47.83,0.772,1,0,0,1,YES,1,3,100.0
862,880,BUDGET_CONSCIOUS,1,1,0,0,0,1,1,2,1,0,1,1.0,0.4,0.3333,0.0,1.0,59.67,0.5425,1,0,0,1,SAVE_ONLY,0,1,71.67
990,947,SELECTIVE_PLANNER,1,0,0,0,1,1,1,2,1,1,0,0.5,0.3333,1.0,1.0,0.0,65.83,0.8826,1,1,52096,0,YES,1,3,100.0
764,671,BUDGET_CONSCIOUS,0,1,2,1,0,0,1,2,0,1,1,0.5,0.5,0.0,1.0,1.0,52.5,0.5612,1,1,37579,0,NO,0,1,55.65
710,51,SOCIAL_EXPLORER,1,0,1,0,1,0,1,0,0,0,0,1.0,0.0,0.0,0.0,0.0,43.33,0.6368,1,1,44763,0,YES,0,2,89.0
767,539,CAUTIOUS_INTROVERT,2,0,0,0,1,1,1,3,1,1,1,0.3333,1.0,1.0,1.0,1.0,75.0,0.7696,0,0,0,0,YES,1,3,100.0
521,326,SPONTANEOUS_ADVENTURER,0,1,0,1,0,1,1,0,0,0,0,1.0,0.0,0.0,0.0,0.0,49.17,0.7659,1,1,46774,0,YES,1,3,100.0
572,840,CAUTIOUS_INTROVERT,1,1,2,0,0,0,1,1,1,0,1,1.0,0.2,0.5,0.0,1.0,45.67,0.2508,0,0,0,0,NO,0,0,27.67
796,30,SOCIAL_EXPLORER,0,0,2,1,1,0,1,1,0,0,0,1.0,0.1667,0.0,0.0,0.0,46.67,0.5623,1,0,0,0,NO,0,0,28.67
119,100,SOCIAL_EXPLORER,0,1,0,1,0,1,1,1,1,0,1,1.0,0.25,1.0,0.0,1.0,69.17,0.9216,1,1,59276,0,YES,1,3,100.0
223,33,BUDGET_CONSCIOUS,0,0,0,1,1,1,1,2,1,0,0,1.0,0.5,1.0,0.0,0.0,75.0,0.8283,1,1,44279,0,YES,1,3,100.0
664,942,CAUTIOUS_INTROVERT,1,0,0,0,1,1,1,2,1,0,0,0.3333,0.3333,1.0,0.0,0.0,52.5,0.7101,1,1,41343,0,YES,1,3,100.0
102,51,BUDGET_CONSCIOUS,0,2,1,1,0,0,1,2,1,1,1,1.0,0.5,0.5,1.0,1.0,67.5,0.9041,1,1,48195,1,YES,1,3,100.0
254,874,BUDGET_CONSCIOUS,1,1,0,0,0,1,1,0,0,0,0,1.0,0.0,0.0,0.0,0.0,43.33,0.5218,1,1,27661,0,NO,0,1,43.01
895,695,SPONTANEOUS_ADVENTURER,1,1,0,0,0,1,1,0,1,0,0,1.0,0.0,1.0,0.0,0.0,53.33,0.4287,0,0,0,1,SAVE_ONLY,0,1,65.33
162,824,SPONTANEOUS_ADVENTURER,1,2,1,0,0,0,1,0,0,0,0,1.0,0.0,0.0,0.0,0.0,31.67,0.239,0,0,0,0,NO,0,0,13.67
103,251,BUDGET_CONSCIOUS,0,2,2,1,0,0,1,1,1,1,1,0.5,0.1667,1.0,1.0,1.0,50.0,0.757,0,0,0,0,YES,1,3,100.0
668,858,SOCIAL_EXPLORER,1,1,0,0,0,1,1,2,0,1,1,0.5,0.2857,0.0,1.0,1.0,54.05,0.6289,0,0,0,1,YES,0,2,88.05
870,255,BUDGET_CONSCIOUS,1,0,0,0,1,1,1,2,1,0,0,0.5,0.3333,1.0,0.0,0.0,55.83,0.6102,0,0,0,1,SAVE_ONLY,0,1,67.83
247,830,SOCIAL_EXPLORER,1,0,1,0,1,0,1,0,0,0,0,1.0,0.0,0.0,0.0,0.0,43.33,0.6895,1,1,47343,0,YES,0,2,89.9
389,982,BUDGET_CONSCIOUS,0,0,1,1,1,0,2,0,0,0,1,0.6667,0.0,0.0,0.0,1.0,47.5,0.6273,1,0,0,0,YES,0,2,69.5
457,94,SOCIAL_EXPLORER,1,2,1,0,0,0,1,0,0,0,0,1.0,0.0,0.0,0.0,0.0,31.67,0.5086,0,0,0,1,SAVE_ONLY,0,1,43.67
76,916,SOCIAL_EXPLORER,1,1,1,0,0,0,1,1,1,0,1,0.3333,0.1429,0.5,0.0,1.0,37.02,0.7012,1,1,49198,1,YES,1,3,100.0
295,236,CAUTIOUS_INTROVERT,0,1,0,1,0,1,1,0,0,0,0,1.0,0.0,0.0,0.0,0.0,49.17,0.593,1,0,0,0,NO,0,0,31.17
792,396,CAUTIOUS_INTROVERT,1,0,0,0,1,1,1,0,0,0,1,0.5,0.0,0.0,0.0,1.0,44.17,0.3717,0,0,0,0,NO,0,0,26.17
682,758,CAUTIOUS_INTROVERT,0,0,0,1,1,1,1,1,0,0,0,0.3333,0.1667,0.0,0.0,0.0,45.0,0.4896,1,1,31951,0,NO,0,1,46.18
951,530,SELECTIVE_PLANNER,0,0,0,1,1,1,1,2,1,0,1,1.0,0.4,0.5,0.0,1.0,73.0,0.8931,1,1,62763,0,YES,1,3,100.0
123,465,BUDGET_CONSCIOUS,1,2,0,0,0,1,1,0,0,0,0,0.5,0.0,0.0,0.0,0.0,27.5,0.3908,1,1,27202,0,NO,0,1,27.02
492,569,BUDGET_CONSCIOUS,2,1,0,0,0,1,1,1,0,0,0,0.5,0.1667,0.0,0.0,0.0,30.83,0.0,0,0,0,0,NO,0,0,12.83
489,597,SOCIAL_EXPLORER,2,0,2,0,1,0,1,2,0,1,0,0.5,0.3333,0.0,1.0,0.0,38.33,0.2815,0,0,0,0,NO,0,0,20.33
91,281,SOCIAL_EXPLORER,0,1,1,1,0,0,1,2,1,0,0,1.0,0.3333,0.5,0.0,0.0,55.0,0.8951,1,1,48511,0,YES,1,3,100.0
401,1003,SPONTANEOUS_ADVENTURER,2,0,0,0,1,1,1,1,0,0,0,0.5,0.25,0.0,0.0,0.0,38.33,0.6738,1,1,50439,1,YES,0,2,97.98
349,820,SOCIAL_EXPLORER,1,2,1,0,0,0,1,0,0,0,0,1.0,0.0,0.0,0.0,0.0,31.67,0.6516,1,0,0,1,YES,0,2,65.67
136,20,SELECTIVE_PLANNER,1,0,1,0,1,0,1,1,0,0,0,0.5,0.25,0.0,0.0,0.0,38.33,0.7173,1,1,49593,0,YES,1,3,100.0
207,446,SOCIAL_EXPLORER,1,1,0,0,0,1,1,1,1,0,0,0.3333,0.1667,0.3333,0.0,0.0,36.67,0.6477,1,1,39543,0,YES,0,2,80.51
361,765,BUDGET_CONSCIOUS,0,0,1,1,1,0,1,0,0,0,0,0.3333,0.0,0.0,0.0,0.0,35.83,0.5341,0,0,0,1,SAVE_ONLY,0,1,47.83
88,119,CAUTIOUS_INTROVERT,0,1,2,1,0,0,1,1,0,1,0,0.5,0.2,0.0,1.0,0.0,41.5,0.2519,0,0,0,0,NO,0,0,23.5
168,229,BUDGET_CONSCIOUS,2,2,0,0,0,1,1,1,1,0,0,0.5,0.2,1.0,0.0,0.0,35.67,0.0814,0,0,0,0,NO,0,0,17.67
887,127,CAUTIOUS_INTROVERT,1,0,0,0,1,1,1,0,0,0,0,0.5,0.0,0.0,0.0,0.0,39.17,0.3011,0,0,0,0,NO,0,0,21.17
792,808,CAUTIOUS_INTROVERT,1,1,1,0,0,0,1,1,1,1,0,1.0,0.1667,0.5,1.0,0.0,55.83,0.5732,1,1,38695,0,NO,0,1,59.37
868,711,BUDGET_CONSCIOUS,0,1,1,1,0,0,1,0,0,0,0,0.3333,0.0,0.0,0.0,0.0,30.0,0.3844,0,0,0,0,NO,0,0,12.0
369,907,SOCIAL_EXPLORER,1,1,0,0,0,1,1,1,1,1,0,0.25,0.1667,1.0,1.0,0.0,51.67,0.8169,1,1,52988,1,YES,1,3,100.0
391,608,SELECTIVE_PLANNER,2,1,1,0,0,0,1,2,1,0,0,0.5,0.5,1.0,0.0,0.0,41.67,0.2411,1,1,11758,0,NO,0,0,35.79
775,367,BUDGET_CONSCIOUS,1,1,1,0,0,0,1,0,0,0,0,0.5,0.0,0.0,0.0,0.0,27.5,0.1889,1,1,9504,0,NO,0,0,20.83
570,702,BUDGET_CONSCIOUS,1,1,1,0,0,0,2,2,0,0,0,1.0,0.4,0.0,0.0,0.0,45.5,0.4943,1,1,36528,0,NO,0,1,48.28
745,879,CAUTIOUS_INTROVERT,1,1,1,0,0,0,1,3,1,1,1,0.3333,0.75,1.0,1.0,1.0,64.17,0.8863,1,1,55353,0,SUPER_LIKE,1,3,100.0
491,160,CAUTIOUS_INTROVERT,1,0,2,0,1,0,1,1,0,1,0,0.5,0.25,0.0,1.0,0.0,42.5,0.1394,1,1,9491,0,NO,0,0,35.82
513,316,CAUTIOUS_INTROVERT,2,1,0,0,0,1,1,2,0,1,0,1.0,0.3333,0.0,1.0,0.0,54.17,0.6565,0,0,0,1,YES,0,2,88.17
716,92,BUDGET_CONSCIOUS,1,1,1,0,0,0,1,2,2,1,1,0.5,0.5,1.0,1.0,1.0,62.5,0.6414,1,1,48705,1,YES,0,2,100.0
438,395,SOCIAL_EXPLORER,1,0,1,0,1,0,1,2,1,0,0,0.3333,0.3333,1.0,0.0,0.0,46.67,0.6239,0,0,0,0,YES,0,2,68.67
131,357,CAUTIOUS_INTROVERT,0,2,1,1,0,0,1,0,0,0,0,1.0,0.0,0.0,0.0,0.0,37.5,0.4269,1,0,0,1,SAVE_ONLY,0,1,49.5
563,632,SOCIAL_EXPLORER,1,0,1,0,1,0,1,1,0,0,0,0.5,0.1667,0.0,0.0,0.0,36.67,0.6275,1,0,0,0,YES,0,2,58.67
767,233,CAUTIOUS_INTROVERT,1,0,2,0,1,0,1,1,1,1,0,0.5,0.25,1.0,1.0,0.0,52.5,0.2757,0,0,0,0,NO,0,0,34.5
161,976,SPONTANEOUS_ADVENTURER,1,1,1,0,0,0,1,3,1,1,0,0.5,0.75,0.5,1.0,0.0,57.5,0.9632,1,1,62727,0,SUPER_LIKE,1,3,100.0
231,970,BUDGET_CONSCIOUS,1,1,1,0,0,0,1,1,0,0,0,1.0,0.1667,0.0,0.0,0.0,40.83,0.3422,1,0,0,0,NO,0,0,22.83
448,615,SOCIAL_EXPLORER,2,2,2,0,0,0,1,0,0,0,0,0.5,0.0,0.0,0.0,0.0,10.0,0.1272,0,0,0,0,NO,0,0,0.0
832,492,CAUTIOUS_INTROVERT,1,0,0,0,1,1,1,2,1,1,0,1.0,0.5,1.0,1.0,0.0,79.17,0.9605,1,1,63391,0,YES,1,3,100.0
735,159,SOCIAL_EXPLORER,1,0,1,0,1,0,1,4,2,1,1,0.5,0.8,1.0,1.0,1.0,74.33,1.0,1,1,65396,0,SUPER_LIKE,1,3,100.0
343,751,SOCIAL_EXPLORER,1,1,2,0,0,0,1,1,1,0,0,1.0,0.1429,1.0,0.0,0.0,44.52,0.3932,0,0,0,0,NO,0,0,26.52
770,35,CAUTIOUS_INTROVERT,1,1,0,0,0,1,1,0,0,1,0,0.5,0.0,0.0,1.0,0.0,43.33,0.5394,1,1,33849,1,SAVE_ONLY,0,1,75.18
734,557,SOCIAL_EXPLORER,1,2,1,0,0,0,1,2,0,1,1,0.5,0.5,0.0,1.0,1.0,46.67,0.6909,1,1,42175,1,YES,0,2,100.0
815,867,SOCIAL_EXPLORER,1,0,1,0,1,0,1,3,0,0,1,1.0,0.5,0.0,0.0,1.0,58.33,0.6339,1,1,42299,0,YES,0,2,100.0
523,734,SPONTANEOUS_ADVENTURER,0,0,1,1,1,0,1,1,0,0,0,0.5,0.1429,0.0,0.0,0.0,42.02,0.68,1,1,43518,0,YES,0,2,87.25
430,259,SPONTANEOUS_ADVENTURER,0,1,1,1,0,0,1,0,0,0,1,1.0,0.0,0.0,0.0,1.0,48.33,0.7795,1,1,43699,1,YES,1,3,100.0
48,754,BUDGET_CONSCIOUS,0,1,1,1,0,0,1,1,1,0,0,0.5,0.2,0.5,0.0,0.0,42.33,0.5512,1,0,0,0,NO,0,0,24.33
647,668,SOCIAL_EXPLORER,1,1,0,0,0,1,1,2,1,0,1,1.0,0.3333,0.5,0.0,1.0,60.0,0.8921,1,1,58851,0,SUPER_LIKE,1,3,100.0
548,390,CAUTIOUS_INTROVERT,1,1,1,0,0,0,1,3,0,1,1,0.5,0.75,0.0,1.0,1.0,57.5,0.8277,1,1,51274,1,SUPER_LIKE,1,3,100.0
421,250,CAUTIOUS_INTROVERT,1,1,0,0,0,1,1,1,0,0,0,0.5,0.1667,0.0,0.0,0.0,36.67,0.5049,1,1,35109,1,SAVE_ONLY,0,1,68.96
461,742,CAUTIOUS_INTROVERT,1,2,1,0,0,0,1,1,0,0,0,1.0,0.25,0.0,0.0,0.0,36.67,0.3222,1,1,22674,0,NO,0,1,34.61
297,665,BUDGET_CONSCIOUS,1,1,0,0,0,1,1,0,0,1,0,1.0,0.0,0.0,1.0,0.0,53.33,0.5219,1,1,29217,1,SAVE_ONLY,0,1,83.56
275,355,BUDGET_CONSCIOUS,2,1,2,0,0,0,1,0,0,0,0,1.0,0.0,0.0,0.0,0.0,25.83,0.0059,0,0,0,0,NO,0,0,7.83
495,123,SELECTIVE_PLANNER,1,2,0,0,0,1,1,0,0,0,1,1.0,0.0,0.0,0.0,1.0,42.5,0.1335,0,0,0,0,NO,0,0,24.5
129,513,SOCIAL_EXPLORER,1,1,2,0,0,0,1,1,0,1,0,1.0,0.1667,0.0,1.0,0.0,45.0,0.5251,1,1,41639,1,SAVE_ONLY,0,1,79.57
926,672,BUDGET_CONSCIOUS,1,1,0,0,0,1,1,3,1,1,0,0.3333,0.75,1.0,1.0,0.0,65.0,0.6756,0,0,0,1,YES,0,2,99.0
810,478,BUDGET_CONSCIOUS,1,1,0,0,0,1,1,1,1,0,0,0.25,0.25,1.0,0.0,0.0,43.33,0.4567,1,1,34491,1,SAVE_ONLY,0,1,75.4
591,104,SOCIAL_EXPLORER,1,1,0,0,0,1,1,2,1,0,0,1.0,0.3333,1.0,0.0,0.0,60.0,0.8783,0,0,0,0,YES,1,3,100.0
963,737,SOCIAL_EXPLORER,0,0,0,1,1,1,1,2,0,1,1,0.3333,0.6667,0.0,1.0,1.0,70.0,0.754,1,1,47654,0,YES,1,3,100.0
947,107,SELECTIVE_PLANNER,1,0,1,0,1,0,1,0,0,0,0,1.0,0.0,0.0,0.0,0.0,43.33,0.6705,1,1,35321,1,YES,0,2,97.69
734,398,SOCIAL_EXPLORER,1,1,1,0,0,0,1,1,1,1,1,0.5,0.2,1.0,1.0,1.0,56.5,0.6195,1,1,47522,1,SAVE_ONLY,0,1,93.13
590,183,SOCIAL_EXPLORER,1,0,2,0,1,0,1,1,1,0,0,1.0,0.2,1.0,0.0,0.0,51.5,0.602,1,0,0,1,SAVE_ONLY,0,1,63.5
540,869,BUDGET_CONSCIOUS,1,0,0,0,1,1,1,0,0,0,0,1.0,0.0,0.0,0.0,0.0,49.17,0.348,1,0,0,0,NO,0,0,31.17
351,960,BUDGET_CONSCIOUS,1,2,1,0,0,0,1,0,0,0,0,0.5,0.0,0.0,0.0,0.0,21.67,0.3092,0,0,0,0,NO,0,0,3.67
207,411,SOCIAL_EXPLORER,1,1,0,0,0,1,1,0,1,0,0,0.25,0.0,0.3333,0.0,0.0,31.67,0.5933,1,1,35345,1,SAVE_ONLY,0,1,64.04
169,1005,SPONTANEOUS_ADVENTURER,1,1,0,0,0,1,1,0,1,0,0,0.5,0.0,1.0,0.0,0.0,43.33,0.6913,1,1,48700,1,YES,0,2,100.0
45,536,SELECTIVE_PLANNER,1,2,1,0,0,0,1,1,0,0,0,0.5,0.3333,0.0,0.0,0.0,28.33,0.1727,0,0,0,0,NO,0,0,10.33
965,935,CAUTIOUS_INTROVERT,1,2,1,0,0,0,1,2,1,0,0,1.0,0.4,0.5,0.0,0.0,44.67,0.6508,1,0,0,1,YES,0,2,78.67
174,368,SELECTIVE_PLANNER,1,2,0,0,0,1,1,0,0,0,0,0.5,0.0,0.0,0.0,0.0,27.5,0.0159,1,0,0,0,NO,0,0,9.5
235,891,SOCIAL_EXPLORER,0,1,1,1,0,0,1,1,0,0,0,1.0,0.25,0.0,0.0,0.0,48.33,0.7447,1,1,39575,1,YES,1,3,100.0
330,380,SELECTIVE_PLANNER,1,0,0,0,1,1,1,1,1,0,0,0.5,0.1667,0.5,0.0,0.0,47.5,0.6855,1,1,48810,1,YES,0,2,100.0
283,710,SOCIAL_EXPLORER,0,0,0,1,1,1,1,0,0,0,0,0.5,0.0,0.0,0.0,0.0,45.0,0.6681,1,1,38147,1,YES,0,2,100.0
76,462,SOCIAL_EXPLORER,1,1,1,0,0,0,2,1,1,0,1,1.0,0.1667,0.5,0.0,1.0,50.83,0.7685,1,1,41954,1,YES,1,3,100.0
876,272,BUDGET_CONSCIOUS,0,1,1,1,0,0,1,2,1,1,1,1.0,0.5,1.0,1.0,1.0,78.33,1.0,1,1,68919,0,YES,1,3,100.0
705,873,SPONTANEOUS_ADVENTURER,1,0,1,0,1,0,1,0,0,0,0,0.25,0.0,0.0,0.0,0.0,28.33,0.602,1,1,45717,1,SAVE_ONLY,0,1,64.33
413,717,SOCIAL_EXPLORER,0,1,0,1,0,1,1,2,2,0,1,0.3333,0.2857,1.0,0.0,1.0,56.55,0.8919,1,1,55612,0,SUPER_LIKE,1,3,100.0
468,78,BUDGET_CONSCIOUS,0,0,1,1,1,0,1,1,0,0,1,0.3333,0.2,0.0,0.0,1.0,44.83,0.7184,1,1,40723,0,YES,1,3,100.0
911,585,CAUTIOUS_INTROVERT,1,1,0,0,0,1,1,2,1,0,1,1.0,0.4,0.5,0.0,1.0,61.33,0.6743,1,1,37539,0,YES,0,2,100.0
980,543,SELECTIVE_PLANNER,1,0,1,0,1,0,1,4,2,1,1,0.5,1.0,1.0,1.0,1.0,78.33,0.9646,1,1,58298,1,YES,1,3,100.0
111,487,CAUTIOUS_INTROVERT,0,0,1,1,1,0,1,0,1,0,0,0.3333,0.0,1.0,0.0,0.0,45.83,0.5389,1,0,0,1,SAVE_ONLY,0,1,57.83
460,903,BUDGET_CONSCIOUS,1,1,0,0,0,1,1,0,0,1,0,0.5,0.0,0.0,1.0,0.0,43.33,0.5654,1,1,38545,1,SAVE_ONLY,0,1,76.82
953,300,SPONTANEOUS_ADVENTURER,0,0,1,1,1,0,1,0,0,0,1,1.0,0.0,0.0,0.0,1.0,54.17,0.7953,1,1,56268,0,YES,1,3,100.0
323,927,SOCIAL_EXPLORER,1,1,1,0,0,0,1,0,1,1,0,0.3333,0.0,1.0,1.0,0.0,44.17,0.6237,1,1,39459,0,YES,0,2,87.98
110,506,CAUTIOUS_INTROVERT,1,1,2,0,0,0,1,3,2,1,1,1.0,0.6,1.0,1.0,1.0,68.67,0.7733,1,1,56417,1,YES,1,3,100.0
235,977,SOCIAL_EXPLORER,1,1,1,0,0,0,1,0,1,0,0,1.0,0.0,0.5,0.0,0.0,42.5,0.5535,1,1,38653,1,SAVE_ONLY,0,1,76.03
536,563,BUDGET_CONSCIOUS,1,0,0,0,1,1,1,0,0,0,0,0.5,0.0,0.0,0.0,0.0,39.17,0.3363,1,0,0,0,NO,0,0,21.17
893,412,SOCIAL_EXPLORER,0,0,2,1,1,0,1,3,1,0,0,0.5,0.6,0.5,0.0,0.0,50.33,0.3138,1,0,0,0,NO,0,0,32.33
797,905,SPONTANEOUS_ADVENTURER,1,1,0,0,0,1,1,0,0,0,0,1.0,0.0,0.0,0.0,0.0,43.33,0.5698,1,1,44195,1,SAVE_ONLY,0,1,78.8
925,476,SPONTANEOUS_ADVENTURER,1,1,0,0,0,1,1,1,0,0,0,1.0,0.125,0.0,0.0,0.0,45.83,0.6587,1,0,0,0,YES,0,2,67.83
790,571,CAUTIOUS_INTROVERT,0,1,1,1,0,0,1,0,0,0,1,1.0,0.0,0.0,0.0,1.0,48.33,0.4788,0,0,0,0,NO,0,0,30.33
581,716,SOCIAL_EXPLORER,1,0,1,0,1,0,1,1,1,1,0,0.3333,0.3333,0.5,1.0,0.0,51.67,0.8626,1,1,52498,0,YES,1,3,100.0
630,480,BUDGET_CONSCIOUS,0,0,0,1,1,1,1,1,1,1,1,0.5,0.25,0.3333,1.0,1.0,68.33,0.9393,1,1,50891,1,YES,1,3,100.0
342,553,SOCIAL_EXPLORER,1,2,1,0,0,0,1,1,0,0,0,0.5,0.1429,0.0,0.0,0.0,24.52,0.4446,1,0,0,0,NO,0,0,6.52
678,844,BUDGET_CONSCIOUS,1,0,2,0,1,0,1,2,1,1,0,1.0,0.3333,1.0,1.0,0.0,64.17,0.6228,1,1,34819,0,YES,0,2,100.0
368,73,BUDGET_CONSCIOUS,0,1,1,1,0,0,1,1,1,1,0,0.5,0.1429,0.5,1.0,0.0,51.19,0.6383,1,1,40398,1,YES,0,2,100.0
121,23,SELECTIVE_PLANNER,1,2,0,0,0,1,1,1,0,0,0,0.3333,0.3333,0.0,0.0,0.0,30.83,0.1932,0,0,0,0,NO,0,0,12.83
543,252,CAUTIOUS_INTROVERT,0,1,2,1,0,0,1,1,0,0,0,0.5,0.1667,0.0,0.0,0.0,30.83,0.0594,0,0,0,0,NO,0,0,12.83
992,133,SELECTIVE_PLANNER,2,2,1,0,0,0,1,1,0,0,0,1.0,0.1429,0.0,0.0,0.0,28.69,0.1881,1,1,16444,0,NO,0,0,24.45
534,923,SOCIAL_EXPLORER,1,1,0,0,0,1,1,1,1,1,1,0.5,0.25,0.5,1.0,1.0,58.33,0.6948,1,1,41948,0,YES,0,2,100.0
265,462,SOCIAL_EXPLORER,1,0,1,0,1,0,1,1,1,0,0,0.5,0.2,1.0,0.0,0.0,47.33,0.7331,1,1,48280,1,YES,1,3,100.0
230,414,SOCIAL_EXPLORER,1,0,2,0,1,0,1,0,0,0,0,1.0,0.0,0.0,0.0,0.0,37.5,0.3311,0,0,0,0,NO,0,0,19.5
497,1000,SPONTANEOUS_ADVENTURER,1,1,1,0,0,0,1,0,0,0,0,0.5,0.0,0.0,0.0,0.0,27.5,0.4458,0,0,0,0,NO,0,0,9.5
533,990,SOCIAL_EXPLORER,1,1,1,0,0,0,1,4,1,1,1,0.5,0.8,1.0,1.0,1.0,68.5,0.831,1,1,58523,0,YES,1,3,100.0
394,787,SELECTIVE_PLANNER,1,0,1,0,1,0,1,0,1,0,0,0.5,0.0,0.5,0.0,0.0,38.33,0.6456,1,1,46898,0,YES,0,2,84.74
126,220,CAUTIOUS_INTROVERT,2,1,0,0,0,1,1,1,1,1,0,0.3333,0.2,1.0,1.0,0.0,48.17,0.5617,1,1,33032,1,SAVE_ONLY,0,1,79.73
794,209,SELECTIVE_PLANNER,1,0,1,0,1,0,1,1,0,0,0,0.5,0.2,0.0,0.0,0.0,37.33,0.6437,1,1,34472,0,YES,0,2,79.4
970,486,SOCIAL_EXPLORER,1,2,1,0,0,0,1,0,0,0,0,0.5,0.0,0.0,0.0,0.0,21.67,0.5392,0,0,0,0,NO,0,0,3.67
304,84,SELECTIVE_PLANNER,1,0,0,0,1,1,1,0,1,0,0,1.0,0.0,0.5,0.0,0.0,54.17,0.6572,1,0,0,1,YES,0,2,88.17
351,959,BUDGET_CONSCIOUS,2,1,1,0,0,0,1,2,1,1,1,0.5,0.5,0.5,1.0,1.0,51.67,0.1608,1,0,0,0,NO,0,0,33.67
512,1009,SPONTANEOUS_ADVENTURER,2,1,1,0,0,0,1,1,1,0,0,0.3333,0.1667,1.0,0.0,0.0,31.67,0.6608,1,1,36766,0,YES,0,2,74.54
263,142,BUDGET_CONSCIOUS,1,0,1,0,1,0,1,2,1,0,0,0.3333,0.3333,1.0,0.0,0.0,46.67,0.605,1,1,40026,0,NO,0,1,50.68
247,407,SOCIAL_EXPLORER,0,2,1,1,0,0,1,0,0,0,0,1.0,0.0,0.0,0.0,0.0,37.5,0.7176,1,1,44680,1,YES,1,3,100.0
302,537,CAUTIOUS_INTROVERT,0,1,0,1,0,1,1,0,1,0,0,0.5,0.0,0.5,0.0,0.0,44.17,0.499,0,0,0,1,SAVE_ONLY,0,1,56.17
567,597,PASSIVE_BROWSER,1,1,1,0,0,0,1,1,1,0,0,0.5,0.1429,1.0,0.0,0.0,40.36,0.3421,0,0,0,0,NO,0,0,22.36
308,459,CAUTIOUS_INTROVERT,0,1,1,1,0,0,1,3,1,0,0,0.5,0.6,1.0,0.0,0.0,55.33,0.8395,1,1,46035,0,SUPER_LIKE,1,3,100.0
79,511,SPONTANEOUS_ADVENTURER,1,0,1,0,1,0,1,3,1,0,1,0.5,0.6,0.5,0.0,1.0,55.33,0.9299,1,1,59251,1,SUPER_LIKE,1,3,100.0
598,108,CAUTIOUS_INTROVERT,0,1,1,1,0,0,1,2,1,0,1,0.3333,0.6667,0.5,0.0,1.0,53.33,0.7368,1,1,39053,1,YES,1,3,100.0
749,433,SOCIAL_EXPLORER,1,0,1,0,1,0,1,1,0,1,0,0.5,0.2,0.0,1.0,0.0,47.33,0.6308,1,1,34912,0,YES,0,2,89.55
742,45,SELECTIVE_PLANNER,0,0,0,1,1,1,1,0,0,0,0,0.5,0.0,0.0,0.0,0.0,45.0,0.7793,1,1,44916,0,YES,1,3,100.0
815,643,SOCIAL_EXPLORER,1,2,2,0,0,0,1,1,0,0,0,0.5,0.1667,0.0,0.0,0.0,19.17,0.2141,0,0,0,0,NO,0,0,1.17
758,96,CAUTIOUS_INTROVERT,2,0,0,0,1,1,1,2,0,0,0,1.0,0.3333,0.0,0.0,0.0,50.0,0.7724,0,0,0,0,YES,1,3,100.0
681,609,BUDGET_CONSCIOUS,0,2,1,1,0,0,1,4,0,1,1,0.3333,0.6667,0.0,1.0,1.0,52.5,0.6674,1,0,0,1,YES,0,2,86.5
453,987,SPONTANEOUS_ADVENTURER,0,1,1,1,0,0,1,0,0,0,0,1.0,0.0,0.0,0.0,0.0,43.33,0.6308,0,0,0,1,YES,0,2,77.33
153,291,SOCIAL_EXPLORER,1,0,1,0,1,0,1,1,0,0,0,1.0,0.3333,0.0,0.0,0.0,50.0,0.7202,0,0,0,0,YES,1,3,100.0
319,953,SOCIAL_EXPLORER,1,0,1,0,1,0,1,1,0,0,1,1.0,0.1667,0.0,0.0,1.0,51.67,0.8444,1,1,50361,0,SUPER_LIKE,1,3,100.0
205,896,SPONTANEOUS_ADVENTURER,1,1,1,0,0,0,1,1,1,0,0,0.5,0.125,0.5,0.0,0.0,35.0,0.7077,1,1,38432,1,YES,1,3,100.0
446,335,BUDGET_CONSCIOUS,2,0,1,0,1,0,1,1,0,0,0,1.0,0.1667,0.0,0.0,0.0,40.83,0.0937,1,0,0,0,NO,0,0,22.83
249,713,SOCIAL_EXPLORER,1,1,1,0,0,0,1,0,0,0,0,1.0,0.0,0.0,0.0,0.0,37.5,0.6508,1,1,49745,0,YES,0,2,84.91
911,680,CAUTIOUS_INTROVERT,1,0,1,0,1,0,1,3,1,0,1,0.5,0.5,0.5,0.0,1.0,53.33,0.7727,0,0,0,1,YES,1,3,100.0
434,280,BUDGET_CONSCIOUS,0,1,1,1,0,0,1,0,1,1,0,1.0,0.0,0.5,1.0,0.0,58.33,0.8194,1,1,46306,0,YES,1,3,100.0
650,853,SOCIAL_EXPLORER,0,1,0,1,0,1,1,1,1,0,0,1.0,0.1667,0.5,0.0,0.0,57.5,0.6498,0,0,0,0,YES,0,2,79.5
971,145,BUDGET_CONSCIOUS,0,1,1,1,0,0,1,1,0,0,0,0.5,0.1429,0.0,0.0,0.0,36.19,0.6553,1,1,38154,0,YES,0,2,79.54
366,257,SELECTIVE_PLANNER,0,0,1,1,1,0,1,2,1,1,1,0.5,0.5,1.0,1.0,1.0,74.17,0.8699,1,1,49195,1,SUPER_LIKE,1,3,100.0
796,362,SOCIAL_EXPLORER,1,1,0,0,0,1,1,3,1,1,1,0.5,0.75,0.5,1.0,1.0,68.33,0.8835,1,1,51788,0,YES,1,3,100.0
747,226,BUDGET_CONSCIOUS,1,1,0,0,0,1,1,0,0,0,0,1.0,0.0,0.0,0.0,0.0,43.33,0.5825,0,0,0,1,SAVE_ONLY,0,1,55.33
34,777,BUDGET_CONSCIOUS,1,0,0,0,1,1,1,1,1,0,1,1.0,0.1667,0.3333,0.0,1.0,60.83,0.6451,1,0,0,0,YES,0,2,82.83
675,194,BUDGET_CONSCIOUS,0,0,1,1,1,0,1,1,1,1,0,1.0,0.1429,0.5,1.0,0.0,67.02,0.8567,1,1,58739,1,YES,1,3,100.0
509,567,SOCIAL_EXPLORER,1,1,1,0,0,0,1,1,1,0,0,1.0,0.2,1.0,0.0,0.0,51.5,0.7221,0,0,0,0,YES,1,3,100.0
619,47,BUDGET_CONSCIOUS,1,0,0,0,1,1,1,0,0,0,1,0.5,0.0,0.0,0.0,1.0,44.17,0.535,0,0,0,1,SAVE_ONLY,0,1,56.17
592,302,BUDGET_CONSCIOUS,0,0,0,1,1,1,1,0,0,0,0,1.0,0.0,0.0,0.0,0.0,55.0,0.8051,1,1,49373,0,YES,1,3,100.0
165,785,CAUTIOUS_INTROVERT,2,1,2,0,0,0,1,2,1,1,1,0.5,0.6667,0.5,1.0,1.0,49.17,0.4091,1,1,35449,0,NO,0,1,51.58
797,714,SPONTANEOUS_ADVENTURER,1,1,1,0,0,0,1,0,0,0,0,0.5,0.0,0.0,0.0,0.0,27.5,0.4289,0,0,0,0,NO,0,0,9.5
819,998,BUDGET_CONSCIOUS,0,1,2,1,0,0,1,1,1,0,1,0.5,0.2,1.0,0.0,1.0,46.5,0.5217,1,1,38077,1,SAVE_ONLY,0,1,79.83
918,723,BUDGET_CONSCIOUS,0,1,1,1,0,0,1,0,1,1,1,0.5,0.0,0.5,1.0,1.0,53.33,0.5349,0,0,0,1,SAVE_ONLY,0,1,65.33
267,826,SOCIAL_EXPLORER,2,2,0,0,0,1,1,1,0,0,1,1.0,0.3333,0.0,0.0,1.0,43.33,0.6833,1,0,0,0,YES,0,2,65.33
858,941,SOCIAL_EXPLORER,0,1,0,1,0,1,1,1,1,1,1,0.5,0.1429,0.3333,1.0,1.0,60.36,0.6818,1,1,47097,1,YES,0,2,100.0
889,687,SOCIAL_EXPLORER,1,1,0,0,0,1,1,2,1,0,0,0.25,0.5,0.5,0.0,0.0,43.33,0.6708,0,0,0,1,YES,0,2,77.33
626,747,SOCIAL_EXPLORER,1,1,1,0,0,0,1,0,0,0,0,1.0,0.0,0.0,0.0,0.0,37.5,0.6463,0,0,0,1,YES,0,2,71.5
164,969,BUDGET_CONSCIOUS,1,1,2,0,0,0,2,4,0,1,0,0.6667,1.0,0.0,1.0,0.0,55.0,0.5564,1,1,42324,0,NO,0,1,59.81
956,19,SPONTANEOUS_ADVENTURER,1,1,0,0,0,1,1,4,2,1,1,1.0,1.0,1.0,1.0,1.0,88.33,1.0,1,1,61595,0,SUPER_LIKE,1,3,100.0
29,915,SOCIAL_EXPLORER,1,1,0,0,0,1,1,0,0,0,0,0.5,0.0,0.0,0.0,0.0,33.33,0.5113,0,0,0,1,SAVE_ONLY,0,1,45.33
948,208,SPONTANEOUS_ADVENTURER,1,0,0,0,1,1,1,0,0,0,0,0.25,0.0,0.0,0.0,0.0,34.17,0.5361,1,1,35452,0,NO,0,1,36.58
818,812,BUDGET_CONSCIOUS,0,0,1,1,1,0,1,0,0,0,0,0.5,0.0,0.0,0.0,0.0,39.17,0.6716,1,1,39334,1,YES,0,2,94.94
853,118,SOCIAL_EXPLORER,1,0,0,0,1,1,1,1,0,1,0,0.5,0.2,0.0,1.0,0.0,53.17,0.6691,1,1,43311,0,YES,0,2,98.33
892,337,BUDGET_CONSCIOUS,2,1,1,0,0,0,1,2,0,0,0,0.5,0.4,0.0,0.0,0.0,29.67,0.0382,0,0,0,0,NO,0,0,11.67
235,342,SOCIAL_EXPLORER,1,1,0,0,0,1,1,0,0,0,0,0.5,0.0,0.0,0.0,0.0,33.33,0.5513,1,1,43911,0,NO,0,1,38.7
236,66,CAUTIOUS_INTROVERT,0,1,1,1,0,0,1,0,1,0,0,0.5,0.0,0.5,0.0,0.0,38.33,0.366,1,1,26199,0,NO,0,1,37.5
485,279,BUDGET_CONSCIOUS,2,2,1,0,0,0,1,0,0,0,0,0.5,0.0,0.0,0.0,0.0,15.83,0.0,1,0,0,0,NO,0,0,0.0
384,425,SOCIAL_EXPLORER,0,0,0,1,1,1,1,0,1,0,0,0.5,0.0,0.5,0.0,0.0,50.0,0.6153,1,1,32266,0,NO,0,1,51.29
282,181,BUDGET_CONSCIOUS,1,1,0,0,0,1,1,0,0,0,0,1.0,0.0,0.0,0.0,0.0,43.33,0.4748,1,1,36431,1,SAVE_ONLY,0,1,76.08
617,997,SPONTANEOUS_ADVENTURER,1,1,1,0,0,0,1,1,1,0,1,0.5,0.1667,0.5,0.0,1.0,40.83,0.6317,1,1,39062,1,YES,0,2,96.5
949,150,BUDGET_CONSCIOUS,0,1,0,1,0,1,2,3,1,0,1,0.6667,0.75,1.0,0.0,1.0,72.5,0.8599,1,1,58406,1,SUPER_LIKE,1,3,100.0
344,225,BUDGET_CONSCIOUS,0,1,1,1,0,0,1,1,1,1,1,0.5,0.2,1.0,1.0,1.0,62.33,0.7787,1,1,47180,0,YES,1,3,100.0
180,387,SOCIAL_EXPLORER,2,0,0,0,1,1,1,1,1,1,1,1.0,0.2,1.0,1.0,1.0,72.33,0.9563,1,1,58360,0,YES,1,3,100.0
206,328,SOCIAL_EXPLORER,1,1,1,0,0,0,1,0,0,0,1,0.5,0.0,0.0,0.0,1.0,32.5,0.6712,1,1,47259,1,YES,0,2,91.04
171,810,BUDGET_CONSCIOUS,0,1,1,1,0,0,2,0,0,0,0,0.6667,0.0,0.0,0.0,0.0,36.67,0.649,1,1,35624,1,YES,0,2,91.14
71,825,SELECTIVE_PLANNER,1,0,0,0,1,1,1,0,0,0,0,1.0,0.0,0.0,0.0,0.0,49.17,0.5697,1,0,0,1,SAVE_ONLY,0,1,61.17
26,176,SPONTANEOUS_ADVENTURER,1,0,0,0,1,1,1,1,0,1,0,1.0,0.125,0.0,1.0,0.0,61.67,0.9545,1,1,64462,0,YES,1,3,100.0
22,326,SOCIAL_EXPLORER,1,1,1,0,0,0,1,2,1,0,0,1.0,0.5,0.5,0.0,0.0,52.5,0.7598,0,0,0,0,YES,1,3,100.0
158,757,SELECTIVE_PLANNER,1,1,1,0,0,0,1,0,0,0,0,0.3333,0.0,0.0,0.0,0.0,24.17,0.1477,0,0,0,0,NO,0,0,6.17
793,535,BUDGET_CONSCIOUS,0,2,1,1,0,0,1,3,0,0,1,0.3333,0.75,0.0,0.0,1.0,44.17,0.6162,0,0,0,1,SAVE_ONLY,0,1,56.17
806,113,CAUTIOUS_INTROVERT,0,2,0,1,0,1,2,3,1,1,1,1.0,0.6,0.5,1.0,1.0,75.33,0.9803,1,1,58785,1,YES,1,3,100.0
550,273,CAUTIOUS_INTROVERT,1,1,2,0,0,0,1,4,1,1,0,0.5,1.0,1.0,1.0,0.0,61.67,0.6482,1,0,0,0,YES,0,2,83.67
949,140,BUDGET_CONSCIOUS,1,0,0,0,1,1,1,1,1,0,1,0.5,0.25,1.0,0.0,1.0,59.17,0.5223,1,0,0,1,SAVE_ONLY,0,1,71.17
259,856,CAUTIOUS_INTROVERT,1,0,1,0,1,0,1,0,1,0,0,1.0,0.0,0.3333,0.0,0.0,46.67,0.4468,0,0,0,1,SAVE_ONLY,0,1,58.67
372,199,SOCIAL_EXPLORER,1,1,1,0,0,0,1,1,2,1,0,1.0,0.25,1.0,1.0,0.0,62.5,0.8995,0,0,0,0,YES,1,3,100.0
478,366,SPONTANEOUS_ADVENTURER,0,1,0,1,0,1,1,2,1,0,1,0.3333,0.5,1.0,0.0,1.0,60.83,0.75,0,0,0,1,YES,1,3,100.0
399,726,SPONTANEOUS_ADVENTURER,0,0,0,1,1,1,1,1,1,1,1,0.5,0.2,0.5,1.0,1.0,69.0,1.0,1,1,65345,0,SUPER_LIKE,1,3,100.0
639,655,CAUTIOUS_INTROVERT,0,1,2,1,0,0,1,0,0,0,0,0.5,0.0,0.0,0.0,0.0,27.5,0.2166,0,0,0,0,NO,0,0,9.5
819,856,BUDGET_CONSCIOUS,0,1,1,1,0,0,1,0,0,0,0,0.5,0.0,0.0,0.0,0.0,33.33,0.533,1,0,0,1,SAVE_ONLY,0,1,45.33
858,152,SOCIAL_EXPLORER,1,0,1,0,1,0,1,1,1,1,1,0.5,0.2,0.3333,1.0,1.0,55.67,0.8274,1,1,47124,0,YES,1,3,100.0
249,194,SOCIAL_EXPLORER,0,0,0,1,1,1,1,0,0,0,0,1.0,0.0,0.0,0.0,0.0,55.0,0.6583,1,0,0,0,YES,0,2,77.0
287,692,BUDGET_CONSCIOUS,0,0,0,1,1,1,1,1,0,0,0,0.5,0.2,0.0,0.0,0.0,49.0,0.7426,1,1,39071,1,YES,1,3,100.0
960,508,SELECTIVE_PLANNER,1,2,1,0,0,0,1,2,0,1,1,0.3333,0.6667,0.0,1.0,1.0,46.67,0.2861,0,0,0,0,NO,0,0,28.67
318,895,BUDGET_CONSCIOUS,1,1,1,0,0,0,1,0,1,0,1,1.0,0.0,1.0,0.0,1.0,52.5,0.6515,1,0,0,0,YES,0,2,74.5
474,25,BUDGET_CONSCIOUS,1,0,2,0,1,0,1,2,1,1,1,0.5,0.3333,0.5,1.0,1.0,54.17,0.6807,1,0,0,0,YES,0,2,76.17
293,519,SELECTIVE_PLANNER,1,0,1,0,1,0,1,1,1,1,0,1.0,0.2,0.3333,1.0,0.0,60.67,0.8678,1,1,57175,0,YES,1,3,100.0
205,363,SPONTANEOUS_ADVENTURER,1,0,1,0,1,0,1,0,0,0,0,0.5,0.0,0.0,0.0,0.0,33.33,0.634,1,1,37624,0,YES,0,2,76.5
938,548,BUDGET_CONSCIOUS,1,1,2,0,0,0,1,0,0,0,0,0.5,0.0,0.0,0.0,0.0,21.67,0.3178,0,0,0,0,NO,0,0,3.67
313,964,SPONTANEOUS_ADVENTURER,1,1,1,0,0,0,1,1,0,0,0,0.5,0.2,0.0,0.0,0.0,31.5,0.4443,1,1,30369,1,SAVE_ONLY,0,1,62.13
864,545,SOCIAL_EXPLORER,0,1,2,1,0,0,1,1,0,1,0,1.0,0.2,0.0,1.0,0.0,51.5,0.3944,1,0,0,0,NO,0,0,33.5
520,554,SOCIAL_EXPLORER,1,1,2,0,0,0,1,0,1,0,1,0.5,0.0,1.0,0.0,1.0,36.67,0.2306,0,0,0,0,NO,0,0,18.67
70,575,SELECTIVE_PLANNER,0,1,0,1,0,1,2,2,2,1,1,1.0,1.0,1.0,1.0,1.0,94.17,0.852,1,1,54759,0,SUPER_LIKE,1,3,100.0
230,498,SOCIAL_EXPLORER,1,0,0,0,1,1,1,0,0,0,0,1.0,0.0,0.0,0.0,0.0,49.17,0.71,1,0,0,1,YES,1,3,100.0
705,123,SPONTANEOUS_ADVENTURER,1,0,0,0,1,1,1,4,2,1,1,0.3333,1.0,1.0,1.0,1.0,80.83,1.0,1,1,66120,1,SUPER_LIKE,1,3,100.0
797,666,SPONTANEOUS_ADVENTURER,1,2,1,0,0,0,1,1,0,0,0,1.0,0.1667,0.0,0.0,0.0,35.0,0.5041,0,0,0,1,SAVE_ONLY,0,1,47.0
21,143,SELECTIVE_PLANNER,1,0,1,0,1,0,1,0,0,0,1,1.0,0.0,0.0,0.0,1.0,48.33,0.679,1,1,48420,1,YES,0,2,100.0
758,332,CAUTIOUS_INTROVERT,1,1,2,0,0,0,1,1,2,1,1,1.0,0.2,1.0,1.0,1.0,60.67,0.5402,0,0,0,1,SAVE_ONLY,0,1,72.67
950,250,SELECTIVE_PLANNER,0,2,1,1,0,0,1,2,1,1,0,0.5,0.4,1.0,1.0,0.0,55.5,0.3098,1,0,0,0,NO,0,0,37.5
792,116,CAUTIOUS_INTROVERT,0,0,1,1,1,0,1,1,0,0,0,1.0,0.1429,0.0,0.0,0.0,52.02,0.5868,0,0,0,1,SAVE_ONLY,0,1,64.02
702,492,SOCIAL_EXPLORER,1,1,2,0,0,0,1,3,1,1,0,0.5,0.75,1.0,1.0,0.0,56.67,0.4019,1,1,24125,0,NO,0,1,55.11
181,56,SOCIAL_EXPLORER,1,1,0,0,0,1,1,0,1,0,0,0.5,0.0,0.5,0.0,0.0,38.33,0.6204,1,1,37403,1,YES,0,2,93.42
136,327,SELECTIVE_PLANNER,1,2,0,0,0,1,1,1,0,1,0,0.5,0.25,0.0,1.0,0.0,42.5,0.2412,0,0,0,0,NO,0,0,24.5
593,791,SPONTANEOUS_ADVENTURER,2,0,0,0,1,1,1,0,1,1,0,1.0,0.0,1.0,1.0,0.0,63.33,0.7849,1,1,42961,0,YES,1,3,100.0
191,671,BUDGET_CONSCIOUS,0,1,0,1,0,1,1,1,0,0,1,0.5,0.25,0.0,0.0,1.0,49.17,0.7188,1,1,39751,1,YES,1,3,100.0
689,657,SELECTIVE_PLANNER,2,0,1,0,1,0,1,1,0,0,1,0.3333,0.2,0.0,0.0,1.0,33.17,0.481,0,0,0,0,NO,0,0,15.17
930,875,SPONTANEOUS_ADVENTURER,1,2,1,0,0,0,1,1,0,0,0,0.5,0.1429,0.0,0.0,0.0,24.52,0.4129,0,0,0,0,NO,0,0,6.52
504,809,SELECTIVE_PLANNER,0,0,0,1,1,1,1,1,0,0,0,0.3333,0.1667,0.0,0.0,0.0,45.0,0.5036,1,1,29075,0,NO,0,1,45.18
134,763,SOCIAL_EXPLORER,0,2,1,1,0,0,1,0,1,1,0,1.0,0.0,1.0,1.0,0.0,57.5,0.6616,1,0,0,1,YES,0,2,91.5
131,818,CAUTIOUS_INTROVERT,1,1,2,0,0,0,1,0,0,0,0,0.5,0.0,0.0,0.0,0.0,21.67,0.1086,1,0,0,0,NO,0,0,3.67
683,508,BUDGET_CONSCIOUS,2,2,0,0,0,1,1,2,0,1,1,0.3333,0.6667,0.0,1.0,1.0,46.67,0.2325,0,0,0,0,NO,0,0,28.67
247,504,SOCIAL_EXPLORER,0,2,1,1,0,0,1,2,1,0,1,0.5,0.5,1.0,0.0,1.0,52.5,0.727,1,1,52185,1,YES,1,3,100.0
541,361,CAUTIOUS_INTROVERT,1,1,1,0,0,0,1,2,0,1,1,1.0,0.5,0.0,1.0,1.0,62.5,0.8135,1,0,0,1,YES,1,3,100.0
392,186,SOCIAL_EXPLORER,0,2,0,1,0,1,1,0,0,0,0,1.0,0.0,0.0,0.0,0.0,43.33,0.5542,1,1,31802,1,SAVE_ONLY,0,1,74.46
593,816,SPONTANEOUS_ADVENTURER,0,2,0,1,0,1,1,1,0,0,1,1.0,0.1667,0.0,0.0,1.0,51.67,0.5179,1,1,35307,1,SAVE_ONLY,0,1,84.03
732,349,BUDGET_CONSCIOUS,1,0,2,0,1,0,1,0,1,1,0,1.0,0.0,1.0,1.0,0.0,57.5,0.6974,1,1,37129,0,YES,0,2,100.0
511,145,SOCIAL_EXPLORER,1,1,1,0,0,0,1,1,0,0,1,0.3333,0.125,0.0,0.0,1.0,31.67,0.387,0,0,0,0,NO,0,0,13.67
897,421,CAUTIOUS_INTROVERT,0,0,0,1,1,1,1,2,0,0,0,1.0,0.4,0.0,0.0,0.0,63.0,0.69,0,0,0,1,YES,0,2,97.0
687,832,BUDGET_CONSCIOUS,1,1,2,0,0,0,1,1,1,1,1,0.3333,0.2,1.0,1.0,1.0,47.33,0.4333,0,0,0,0,NO,0,0,29.33
352,146,SOCIAL_EXPLORER,1,1,0,0,0,1,1,0,1,1,0,0.25,0.0,1.0,1.0,0.0,48.33,0.6817,0,0,0,1,YES,0,2,82.33
174,383,SELECTIVE_PLANNER,1,1,1,0,0,0,2,0,0,0,0,1.0,0.0,0.0,0.0,0.0,37.5,0.1224,0,0,0,0,NO,0,0,19.5
623,849,SOCIAL_EXPLORER,0,1,1,1,0,0,1,1,0,0,0,0.3333,0.2,0.0,0.0,0.0,34.0,0.5906,1,0,0,0,NO,0,0,16.0
727,151,BUDGET_CONSCIOUS,0,2,0,1,0,1,1,1,1,1,1,0.5,0.1667,0.3333,1.0,1.0,55.0,0.6478,1,1,35316,1,YES,0,2,100.0
20,90,BUDGET_CONSCIOUS,1,0,0,0,1,1,1,0,0,0,0,0.5,0.0,0.0,0.0,0.0,39.17,0.401,0,0,0,0,NO,0,0,21.17
128,415,CAUTIOUS_INTROVERT,0,0,0,1,1,1,1,0,0,1,1,0.5,0.0,0.0,1.0,1.0,60.0,0.4619,0,0,0,1,SAVE_ONLY,0,1,72.0
34,49,BUDGET_CONSCIOUS,1,1,1,0,0,0,1,4,1,1,1,1.0,0.6667,0.5,1.0,1.0,70.83,0.6351,0,0,0,0,YES,0,2,92.83
575,451,SPONTANEOUS_ADVENTURER,0,0,0,1,1,1,1,1,1,1,0,0.5,0.3333,0.5,1.0,0.0,66.67,1.0,1,1,56742,0,SUPER_LIKE,1,3,100.0
48,685,BUDGET_CONSCIOUS,1,0,1,0,1,0,1,0,0,0,0,0.5,0.0,0.0,0.0,0.0,33.33,0.4259,1,1,35711,1,SAVE_ONLY,0,1,65.83
13,119,SOCIAL_EXPLORER,0,1,0,1,0,1,0,0,0,0,0,0.0,0.0,0.0,0.0,0.0,29.17,0.4217,0,0,0,1,SAVE_ONLY,0,1,41.17
916,679,SELECTIVE_PLANNER,0,0,1,1,1,0,1,0,0,0,0,0.5,0.0,0.0,0.0,0.0,39.17,0.6541,1,1,39220,1,YES,0,2,94.9
988,459,SOCIAL_EXPLORER,0,0,1,1,1,0,1,2,0,1,0,0.3333,0.2857,0.0,1.0,0.0,51.55,0.6905,1,1,43921,1,YES,0,2,100.0
623,786,SOCIAL_EXPLORER,2,1,1,0,0,0,1,4,1,1,1,0.3333,1.0,0.5,1.0,1.0,58.33,0.6417,1,1,45930,0,YES,0,2,100.0
359,775,SOCIAL_EXPLORER,2,0,1,0,1,0,1,0,0,0,0,1.0,0.0,0.0,0.0,0.0,37.5,0.5116,1,1,31006,0,NO,0,1,38.35
860,515,BUDGET_CONSCIOUS,2,0,0,0,1,1,1,1,0,0,0,0.5,0.1429,0.0,0.0,0.0,36.19,0.0184,0,0,0,0,NO,0,0,18.19
602,391,CAUTIOUS_INTROVERT,1,2,1,0,0,0,1,2,1,0,1,0.5,0.6667,1.0,0.0,1.0,50.0,0.6547,1,1,40601,1,YES,0,2,100.0
274,553,BUDGET_CONSCIOUS,0,2,1,1,0,0,1,0,0,0,0,0.5,0.0,0.0,0.0,0.0,27.5,0.4343,1,0,0,1,SAVE_ONLY,0,1,39.5
374,31,SELECTIVE_PLANNER,1,1,1,0,0,0,1,1,0,0,0,1.0,0.1429,0.0,0.0,0.0,40.36,0.2816,1,1,17511,0,NO,0,0,36.49
122,958,BUDGET_CONSCIOUS,1,1,0,0,0,1,1,1,0,0,0,0.5,0.2,0.0,0.0,0.0,37.33,0.4965,1,0,0,1,SAVE_ONLY,0,1,49.33
647,635,SOCIAL_EXPLORER,1,1,1,0,0,0,1,1,1,0,0,0.3333,0.25,0.5,0.0,0.0,34.17,0.6394,1,1,34022,1,YES,0,2,88.08
713,864,SPONTANEOUS_ADVENTURER,1,2,1,0,0,0,1,3,1,1,1,1.0,0.75,0.5,1.0,1.0,66.67,0.7694,1,1,40703,0,YES,1,3,100.0
349,611,SOCIAL_EXPLORER,0,0,0,1,1,1,1,1,0,0,0,1.0,0.2,0.0,0.0,0.0,59.0,0.727,1,1,52413,0,YES,1,3,100.0
244,21,BUDGET_CONSCIOUS,1,1,1,0,0,0,1,0,2,1,0,0.5,0.0,1.0,1.0,0.0,47.5,0.5942,1,1,31049,0,NO,0,1,48.37
526,366,BUDGET_CONSCIOUS,1,1,0,0,0,1,1,2,0,0,1,0.5,0.3333,0.0,0.0,1.0,45.0,0.3185,1,1,19616,0,NO,0,1,41.87
894,874,SPONTANEOUS_ADVENTURER,0,1,0,1,0,1,1,2,1,1,0,0.5,0.5,1.0,1.0,0.0,69.17,1.0,1,1,68994,1,YES,1,3,100.0
194,538,SOCIAL_EXPLORER,1,0,0,0,1,1,1,0,1,1,0,0.5,0.0,0.5,1.0,0.0,54.17,0.7274,0,0,0,0,YES,1,3,100.0
647,915,SOCIAL_EXPLORER,0,0,0,1,1,1,1,1,0,0,0,1.0,0.25,0.0,0.0,0.0,60.0,0.658,1,1,35893,0,YES,0,2,100.0
613,588,SOCIAL_EXPLORER,0,2,1,1,0,0,1,1,0,0,1,1.0,0.1667,0.0,0.0,1.0,45.83,0.6589,1,0,0,0,YES,0,2,67.83
763,32,SELECTIVE_PLANNER,0,0,0,1,1,1,1,0,1,1,0,0.5,0.0,1.0,1.0,0.0,65.0,0.7256,1,1,51828,0,YES,1,3,100.0
221,404,SOCIAL_EXPLORER,0,1,1,1,0,0,1,0,1,0,0,0.5,0.0,0.5,0.0,0.0,38.33,0.6572,1,1,48643,1,YES,0,2,97.36
625,942,CAUTIOUS_INTROVERT,1,0,1,0,1,0,2,0,0,0,0,1.0,0.0,0.0,0.0,0.0,43.33,0.4106,1,0,0,0,NO,0,0,25.33
73,285,BUDGET_CONSCIOUS,2,1,0,0,0,1,1,0,0,0,0,0.5,0.0,0.0,0.0,0.0,27.5,0.0,0,0,0,0,NO,0,0,9.5
62,723,CAUTIOUS_INTROVERT,2,0,1,0,1,0,1,0,0,0,0,1.0,0.0,0.0,0.0,0.0,37.5,0.35,1,0,0,0,NO,0,0,19.5
611,156,SOCIAL_EXPLORER,0,0,0,1,1,1,1,0,0,0,0,0.5,0.0,0.0,0.0,0.0,45.0,0.5963,1,1,31672,0,NO,0,1,46.09
947,218,SELECTIVE_PLANNER,1,2,1,0,0,0,1,0,0,0,0,1.0,0.0,0.0,0.0,0.0,31.67,0.2139,0,0,0,0,NO,0,0,13.67
893,272,SOCIAL_EXPLORER,1,1,1,0,0,0,1,1,1,0,0,0.5,0.2,0.5,0.0,0.0,36.5,0.6455,1,1,33937,0,YES,0,2,78.38
537,547,SPONTANEOUS_ADVENTURER,1,2,1,0,0,0,1,1,1,0,1,0.3333,0.25,0.5,0.0,1.0,33.33,0.3709,1,0,0,0,NO,0,0,15.33
397,819,BUDGET_CONSCIOUS,0,0,1,1,1,0,1,1,1,0,0,0.5,0.3333,1.0,0.0,0.0,55.83,0.7254,0,0,0,1,YES,1,3,100.0
834,585,SOCIAL_EXPLORER,1,0,2,0,1,0,1,0,0,0,0,0.5,0.0,0.0,0.0,0.0,27.5,0.1822,0,0,0,0,NO,0,0,9.5
157,592,SELECTIVE_PLANNER,1,1,0,0,0,1,1,2,2,0,1,1.0,0.3333,1.0,0.0,1.0,65.0,0.5267,1,1,36995,1,SAVE_ONLY,0,1,97.95
861,803,SOCIAL_EXPLORER,2,0,0,0,1,1,1,0,0,0,0,0.3333,0.0,0.0,0.0,0.0,30.0,0.4313,1,1,27426,0,NO,0,1,29.6
783,230,BUDGET_CONSCIOUS,0,0,1,1,1,0,1,0,1,1,0,1.0,0.0,0.3333,1.0,0.0,62.5,0.7554,1,1,54586,0,YES,1,3,100.0
506,401,SOCIAL_EXPLORER,1,1,1,0,0,0,1,0,0,0,0,0.5,0.0,0.0,0.0,0.0,27.5,0.4458,1,1,35459,1,SAVE_ONLY,0,1,59.91
250,214,CAUTIOUS_INTROVERT,2,0,2,0,1,0,1,1,0,0,0,0.5,0.1667,0.0,0.0,0.0,25.0,0.1293,0,0,0,0,NO,0,0,7.0
366,657,SELECTIVE_PLANNER,1,0,1,0,1,0,1,2,0,0,1,0.5,0.4,0.0,0.0,1.0,46.33,0.803,1,1,49289,0,YES,1,3,100.0
909,928,BUDGET_CONSCIOUS,0,2,0,1,0,1,1,0,0,0,1,0.5,0.0,0.0,0.0,1.0,38.33,0.6363,1,1,44474,0,YES,0,2,83.9
103,377,BUDGET_CONSCIOUS,0,2,2,1,0,0,1,0,0,0,0,0.5,0.0,0.0,0.0,0.0,21.67,0.4699,1,1,30802,0,NO,0,1,22.45
762,444,SOCIAL_EXPLORER,1,1,1,0,0,0,1,0,0,0,1,0.5,0.0,0.0,0.0,1.0,32.5,0.5812,0,0,0,1,SAVE_ONLY,0,1,44.5
41,634,SOCIAL_EXPLORER,0,1,1,1,0,0,1,1,1,0,0,0.5,0.1429,0.5,0.0,0.0,41.19,0.4684,1,1,27333,0,NO,0,1,40.76
244,678,BUDGET_CONSCIOUS,0,1,0,1,0,1,1,0,0,0,0,0.5,0.0,0.0,0.0,0.0,39.17,0.6835,1,0,0,0,YES,0,2,61.17
439,715,BUDGET_CONSCIOUS,1,1,2,0,0,0,1,4,1,1,0,0.5,0.8,1.0,1.0,0.0,57.67,0.7169,1,1,47749,1,YES,1,3,100.0
313,963,CAUTIOUS_INTROVERT,0,0,1,1,1,0,1,1,1,0,0,0.3333,0.2,1.0,0.0,0.0,49.83,0.1752,0,0,0,0,NO,0,0,31.83
331,419,CAUTIOUS_INTROVERT,1,0,0,0,1,1,1,2,1,1,0,0.5,0.4,0.5,1.0,0.0,62.17,0.6254,1,1,33283,1,YES,0,2,100.0
56,427,BUDGET_CONSCIOUS,1,1,2,0,0,0,1,1,2,1,1,0.5,0.25,1.0,1.0,1.0,51.67,0.6336,1,1,43750,0,YES,0,2,96.98
87,607,CAUTIOUS_INTROVERT,1,0,2,0,1,0,1,1,1,1,0,0.3333,0.1429,1.0,1.0,0.0,47.02,0.2371,0,0,0,0,NO,0,0,29.02
616,237,SELECTIVE_PLANNER,2,0,0,0,1,1,1,2,1,1,0,0.5,0.6667,0.5,1.0,0.0,61.67,0.9121,1,1,53725,0,YES,1,3,100.0
553,612,BUDGET_CONSCIOUS,0,1,0,1,0,1,1,1,1,0,0,1.0,0.1667,1.0,0.0,0.0,62.5,0.8253,1,1,55614,0,SUPER_LIKE,1,3,100.0
195,478,BUDGET_CONSCIOUS,1,1,1,0,0,0,1,1,1,0,0,0.5,0.2,1.0,0.0,0.0,41.5,0.5053,1,1,29813,0,NO,0,1,41.93
739,28,BUDGET_CONSCIOUS,1,0,1,0,1,0,1,0,0,0,0,0.3333,0.0,0.0,0.0,0.0,30.0,0.1976,1,1,11100,0,NO,0,0,23.88
640,223,BUDGET_CONSCIOUS,0,1,1,1,0,0,1,1,1,1,0,1.0,0.1667,1.0,1.0,0.0,66.67,0.8652,0,0,0,0,YES,1,3,100.0
139,66,CAUTIOUS_INTROVERT,0,0,0,1,1,1,1,0,1,0,1,0.5,0.0,0.5,0.0,1.0,55.0,0.6675,0,0,0,0,YES,0,2,77.0
919,511,SOCIAL_EXPLORER,1,0,0,0,1,1,1,3,1,0,1,0.25,0.6,0.5,0.0,1.0,56.17,0.6308,1,1,37103,0,YES,0,2,99.16
258,474,CAUTIOUS_INTROVERT,1,1,0,0,0,1,1,2,2,1,0,0.5,0.4,1.0,1.0,0.0,61.33,0.8715,1,1,55658,1,YES,1,3,100.0
512,766,SELECTIVE_PLANNER,0,1,0,1,0,1,1,1,1,0,1,0.5,0.1667,0.5,0.0,1.0,52.5,0.2306,1,0,0,0,NO,0,0,34.5
940,946,SELECTIVE_PLANNER,1,0,0,0,1,1,1,0,1,0,0,0.5,0.0,1.0,0.0,0.0,49.17,0.6542,1,1,42432,0,YES,0,2,94.02
448,904,SOCIAL_EXPLORER,1,1,1,0,0,0,1,1,0,0,1,1.0,0.2,0.0,0.0,1.0,46.5,0.6373,1,0,0,0,YES,0,2,68.5
921,169,SPONTANEOUS_ADVENTURER,0,0,0,1,1,1,1,1,1,0,0,0.3333,0.2,0.5,0.0,0.0,50.67,0.7032,1,1,41724,0,YES,1,3,100.0
999,607,SOCIAL_EXPLORER,0,1,0,1,0,1,1,1,1,0,0,0.5,0.1667,1.0,0.0,0.0,52.5,0.7201,1,1,53312,0,YES,1,3,100.0
334,728,BUDGET_CONSCIOUS,1,1,0,0,0,1,1,1,1,1,0,0.3333,0.2,1.0,1.0,0.0,54.0,0.4515,0,0,0,0,NO,0,0,36.0
521,905,SPONTANEOUS_ADVENTURER,1,1,0,0,0,1,1,0,0,1,0,1.0,0.0,0.0,1.0,0.0,53.33,0.663,1,1,39628,1,YES,0,2,100.0
17,991,SELECTIVE_PLANNER,2,2,0,0,0,1,2,3,1,1,1,0.6667,0.75,1.0,1.0,1.0,65.0,0.5707,1,1,35786,1,SAVE_ONLY,0,1,97.53
986,82,BUDGET_CONSCIOUS,0,2,0,1,0,1,1,2,1,0,0,1.0,0.4,0.5,0.0,0.0,56.33,0.8074,1,1,54803,0,YES,1,3,100.0
51,25,BUDGET_CONSCIOUS,1,0,1,0,1,0,1,2,1,1,1,1.0,0.6667,0.5,1.0,1.0,76.67,0.6578,0,0,0,0,YES,0,2,98.67
999,1011,SOCIAL_EXPLORER,1,0,0,0,1,1,1,0,0,0,0,0.5,0.0,0.0,0.0,0.0,39.17,0.6451,1,1,36698,0,YES,0,2,82.01
60,874,SELECTIVE_PLANNER,1,1,0,0,0,1,1,1,1,0,0,1.0,0.25,0.5,0.0,0.0,53.33,0.2205,1,0,0,0,NO,0,0,35.33
885,163,BUDGET_CONSCIOUS,2,0,1,0,1,0,1,3,1,0,0,0.5,0.6,0.5,0.0,0.0,44.5,0.0462,1,0,0,0,NO,0,0,26.5
32,79,SELECTIVE_PLANNER,1,2,0,0,0,1,1,2,1,0,0,0.5,0.3333,0.5,0.0,0.0,39.17,0.0534,0,0,0,0,NO,0,0,21.17
634,66,SELECTIVE_PLANNER,0,1,0,1,0,1,2,2,2,1,1,1.0,0.5,1.0,1.0,1.0,84.17,0.6255,1,0,0,0,YES,0,2,100.0
87,910,CAUTIOUS_INTROVERT,2,0,0,0,1,1,1,1,1,0,1,0.3333,0.1667,1.0,0.0,1.0,48.33,0.4781,1,1,39427,1,SAVE_ONLY,0,1,82.13
254,571,BUDGET_CONSCIOUS,1,1,0,0,0,1,1,0,0,0,0,1.0,0.0,0.0,0.0,0.0,43.33,0.4211,1,1,35047,0,NO,0,1,45.6
297,344,BUDGET_CONSCIOUS,0,0,1,1,1,0,1,2,1,0,1,1.0,0.6667,1.0,0.0,1.0,77.5,0.8866,1,1,52356,1,YES,1,3,100.0
194,142,SOCIAL_EXPLORER,1,1,0,0,0,1,1,0,0,0,0,0.5,0.0,0.0,0.0,0.0,33.33,0.4846,0,0,0,1,SAVE_ONLY,0,1,45.33
734,247,SOCIAL_EXPLORER,1,0,0,0,1,1,1,0,0,1,0,0.5,0.0,0.0,1.0,0.0,49.17,0.7794,1,1,55651,0,YES,1,3,100.0
546,971,CAUTIOUS_INTROVERT,1,2,2,0,0,0,1,1,0,1,0,1.0,0.25,0.0,1.0,0.0,40.83,0.3295,0,0,0,0,NO,0,0,22.83
663,610,SOCIAL_EXPLORER,1,2,1,0,0,0,1,1,1,0,0,1.0,0.2,0.5,0.0,0.0,40.67,0.5756,1,0,0,1,SAVE_ONLY,0,1,52.67
709,136,BUDGET_CONSCIOUS,1,1,0,0,0,1,1,1,1,0,0,1.0,0.2,0.3333,0.0,0.0,50.67,0.5178,1,1,29121,1,SAVE_ONLY,0,1,80.86
685,226,CAUTIOUS_INTROVERT,0,1,1,1,0,0,1,1,0,0,0,0.5,0.25,0.0,0.0,0.0,38.33,0.4227,1,1,22806,1,SAVE_ONLY,0,1,66.31
130,732,BUDGET_CONSCIOUS,0,1,1,1,0,0,1,0,1,0,0,1.0,0.0,1.0,0.0,0.0,53.33,0.5338,1,0,0,1,SAVE_ONLY,0,1,65.33
243,859,PASSIVE_BROWSER,1,1,0,0,0,1,1,2,1,1,1,1.0,0.5,1.0,1.0,1.0,78.33,0.6235,0,0,0,1,YES,0,2,100.0
973,174,BUDGET_CONSCIOUS,1,1,1,0,0,0,2,1,1,0,0,1.0,0.25,1.0,0.0,0.0,52.5,0.6495,1,1,38457,1,YES,0,2,100.0
850,609,SPONTANEOUS_ADVENTURER,1,0,1,0,1,0,1,0,0,0,0,0.5,0.0,0.0,0.0,0.0,33.33,0.5875,0,0,0,0,NO,0,0,15.33
104,699,SOCIAL_EXPLORER,1,1,1,0,0,0,1,2,1,0,0,1.0,0.5,1.0,0.0,0.0,57.5,0.6635,1,0,0,0,YES,0,2,79.5
819,905,BUDGET_CONSCIOUS,2,0,1,0,1,0,1,0,0,0,0,0.5,0.0,0.0,0.0,0.0,27.5,0.0,0,0,0,0,NO,0,0,9.5
840,154,BUDGET_CONSCIOUS,1,1,1,0,0,0,1,1,1,0,1,1.0,0.2,0.5,0.0,1.0,51.5,0.5074,0,0,0,0,NO,0,0,33.5
258,940,CAUTIOUS_INTROVERT,0,1,1,1,0,0,1,1,1,0,0,0.5,0.2,0.5,0.0,0.0,42.33,0.5442,1,1,31531,0,NO,0,1,43.37
316,934,BUDGET_CONSCIOUS,0,2,0,1,0,1,1,0,0,0,0,1.0,0.0,0.0,0.0,0.0,43.33,0.5379,0,0,0,1,SAVE_ONLY,0,1,55.33
890,30,BUDGET_CONSCIOUS,0,0,1,1,1,0,1,1,2,0,0,0.5,0.2,1.0,0.0,0.0,53.17,0.6099,0,0,0,1,SAVE_ONLY,0,1,65.17
69,627,SOCIAL_EXPLORER,1,1,0,0,0,1,1,0,0,0,0,0.5,0.0,0.0,0.0,0.0,33.33,0.5534,0,0,0,0,NO,0,0,15.33
144,225,SPONTANEOUS_ADVENTURER,2,0,1,0,1,0,1,0,0,0,0,0.3333,0.0,0.0,0.0,0.0,24.17,0.4941,1,0,0,1,SAVE_ONLY,0,1,36.17
226,163,SPONTANEOUS_ADVENTURER,1,1,1,0,0,0,1,0,1,1,0,1.0,0.0,0.3333,1.0,0.0,50.83,0.5637,1,1,33586,0,NO,0,1,52.59
841,767,SOCIAL_EXPLORER,1,2,2,0,0,0,1,0,0,0,0,0.5,0.0,0.0,0.0,0.0,15.83,0.0,1,0,0,0,NO,0,0,0.0
595,339,CAUTIOUS_INTROVERT,1,1,0,0,0,1,1,1,0,0,0,1.0,0.1429,0.0,0.0,0.0,46.19,0.502,1,1,40449,0,NO,0,1,50.35
122,949,BUDGET_CONSCIOUS,0,0,1,1,1,0,1,1,0,0,0,0.3333,0.25,0.0,0.0,0.0,40.83,0.5483,1,1,40742,0,NO,0,1,45.09
803,396,BUDGET_CONSCIOUS,1,0,2,0,1,0,1,0,0,0,1,0.3333,0.0,0.0,0.0,1.0,29.17,0.4396,0,0,0,1,SAVE_ONLY,0,1,41.17
483,18,BUDGET_CONSCIOUS,1,0,2,0,1,0,1,1,1,0,1,1.0,0.1667,1.0,0.0,1.0,55.83,0.6713,1,1,48701,0,YES,0,2,100.0
84,908,SELECTIVE_PLANNER,1,2,1,0,0,0,1,0,1,0,0,1.0,0.0,0.5,0.0,0.0,36.67,0.28,0,0,0,0,NO,0,0,18.67
1010,584,SOCIAL_EXPLORER,0,0,1,1,1,0,1,1,0,0,0,1.0,0.25,0.0,0.0,0.0,54.17,0.6858,0,0,0,1,YES,0,2,88.17
138,962,BUDGET_CONSCIOUS,2,0,1,0,1,0,1,1,1,0,0,1.0,0.2,0.5,0.0,0.0,46.5,0.2599,1,0,0,0,NO,0,0,28.5
106,387,SOCIAL_EXPLORER,1,1,0,0,0,1,1,1,0,0,0,0.5,0.2,0.0,0.0,0.0,37.33,0.5094,1,0,0,1,SAVE_ONLY,0,1,49.33
587,443,SOCIAL_EXPLORER,1,1,1,0,0,0,1,0,0,0,0,0.5,0.0,0.0,0.0,0.0,27.5,0.496,1,0,0,1,SAVE_ONLY,0,1,39.5
637,354,CAUTIOUS_INTROVERT,1,1,2,0,0,0,1,0,0,1,0,1.0,0.0,0.0,1.0,0.0,41.67,0.0893,0,0,0,0,NO,0,0,23.67
369,86,SOCIAL_EXPLORER,1,0,0,0,1,1,2,1,1,1,0,1.0,0.25,1.0,1.0,0.0,74.17,0.8759,1,1,52725,0,YES,1,3,100.0
477,678,CAUTIOUS_INTROVERT,2,2,0,0,0,1,1,2,1,1,0,1.0,0.4,1.0,1.0,0.0,59.67,0.8307,0,0,0,0,YES,1,3,100.0
580,825,CAUTIOUS_INTROVERT,0,0,1,1,1,0,1,1,0,0,0,1.0,0.25,0.0,0.0,0.0,54.17,0.677,1,1,49830,0,YES,0,2,100.0
311,346,SPONTANEOUS_ADVENTURER,1,0,0,0,1,1,1,1,2,0,0,0.5,0.1667,1.0,0.0,0.0,52.5,0.9109,1,1,57337,1,SUPER_LIKE,1,3,100.0
690,61,CAUTIOUS_INTROVERT,0,1,1,1,0,0,1,2,1,0,1,1.0,0.6667,1.0,0.0,1.0,71.67,1.0,1,1,67946,0,SUPER_LIKE,1,3,100.0
861,1017,SOCIAL_EXPLORER,1,0,1,0,1,0,0,0,0,0,0,0.0,0.0,0.0,0.0,0.0,23.33,0.5256,0,0,0,1,SAVE_ONLY,0,1,35.33
523,317,SPONTANEOUS_ADVENTURER,2,2,1,0,0,0,1,1,0,0,0,0.5,0.2,0.0,0.0,0.0,19.83,0.3817,0,0,0,0,NO,0,0,1.83
953,701,SPONTANEOUS_ADVENTURER,1,1,0,0,0,1,1,0,0,0,1,1.0,0.0,0.0,0.0,1.0,48.33,0.8123,1,1,43308,0,YES,1,3,100.0
849,118,SELECTIVE_PLANNER,0,1,1,1,0,0,1,0,0,0,0,0.5,0.0,0.0,0.0,0.0,33.33,0.1588,0,0,0,0,NO,0,0,15.33
743,814,SELECTIVE_PLANNER,1,2,0,0,0,1,1,1,0,0,0,0.5,0.2,0.0,0.0,0.0,31.5,0.0356,0,0,0,0,NO,0,0,13.5
522,942,SOCIAL_EXPLORER,1,0,1,0,1,0,1,1,0,1,1,0.25,0.1429,0.0,1.0,1.0,46.19,0.5928,1,1,42410,1,SAVE_ONLY,0,1,81.03
653,585,BUDGET_CONSCIOUS,0,0,0,1,1,1,1,2,1,0,0,0.5,0.5,1.0,0.0,0.0,65.0,0.8541,1,1,59661,1,SUPER_LIKE,1,3,100.0
414,729,CAUTIOUS_INTROVERT,0,1,2,1,0,0,1,2,1,1,1,1.0,0.5,1.0,1.0,1.0,72.5,0.7768,1,1,48455,0,YES,1,3,100.0
290,303,SELECTIVE_PLANNER,1,1,0,0,0,1,1,0,0,0,0,0.5,0.0,0.0,0.0,0.0,33.33,0.2634,0,0,0,0,NO,0,0,15.33
39,294,SOCIAL_EXPLORER,0,1,2,1,0,0,1,1,0,0,0,1.0,0.2,0.0,0.0,0.0,41.5,0.2337,1,1,16177,0,NO,0,0,37.16
284,903,SOCIAL_EXPLORER,0,1,1,1,0,0,1,1,1,1,0,0.5,0.2,0.5,1.0,0.0,52.33,0.6872,1,0,0,0,YES,0,2,74.33
698,346,SOCIAL_EXPLORER,0,0,1,1,1,0,1,1,1,0,0,0.5,0.2,0.3333,0.0,0.0,46.5,0.6781,0,0,0,1,YES,0,2,80.5
229,385,SOCIAL_EXPLORER,2,0,1,0,1,0,1,2,1,0,0,0.3333,0.3333,1.0,0.0,0.0,40.83,0.4936,0,0,0,0,NO,0,0,22.83
668,85,SOCIAL_EXPLORER,1,0,1,0,1,0,1,1,0,0,0,0.5,0.1429,0.0,0.0,0.0,36.19,0.4889,1,0,0,0,NO,0,0,18.19
936,62,SPONTANEOUS_ADVENTURER,1,0,1,0,1,0,1,0,0,0,0,1.0,0.0,0.0,0.0,0.0,43.33,0.688,0,0,0,0,YES,0,2,65.33
327,290,SPONTANEOUS_ADVENTURER,0,2,0,1,0,1,1,0,0,0,0,0.5,0.0,0.0,0.0,0.0,33.33,0.4108,1,1,22544,0,NO,0,1,31.22
497,105,SELECTIVE_PLANNER,0,0,1,1,1,0,1,3,1,1,1,0.5,0.75,1.0,1.0,1.0,79.17,0.9933,1,1,53640,1,YES,1,3,100.0
690,271,CAUTIOUS_INTROVERT,1,2,1,0,0,0,1,0,0,0,0,0.5,0.0,0.0,0.0,0.0,21.67,0.237,1,0,0,0,NO,0,0,3.67
210,854,SOCIAL_EXPLORER,0,0,1,1,1,0,1,0,0,0,0,1.0,0.0,0.0,0.0,0.0,49.17,0.7555,1,1,52940,0,YES,1,3,100.0
582,942,CAUTIOUS_INTROVERT,1,1,1,0,0,0,1,2,1,0,0,0.5,0.2857,0.5,0.0,0.0,38.21,0.5531,1,1,37246,1,SAVE_ONLY,0,1,71.25
885,356,BUDGET_CONSCIOUS,1,1,0,0,0,1,1,4,1,0,0,0.3333,1.0,1.0,0.0,0.0,60.0,0.6257,0,0,0,1,YES,0,2,94.0
272,887,BUDGET_CONSCIOUS,1,0,1,0,1,0,1,2,1,1,1,0.5,0.5,1.0,1.0,1.0,68.33,0.7414,1,0,0,0,YES,1,3,100.0
579,278,SOCIAL_EXPLORER,1,1,1,0,0,0,1,2,0,0,0,1.0,0.3333,0.0,0.0,0.0,44.17,0.6953,0,0,0,0,YES,0,2,66.17
52,44,SPONTANEOUS_ADVENTURER,1,0,1,0,1,0,1,1,0,0,0,1.0,0.1667,0.0,0.0,0.0,46.67,0.8827,1,1,61699,0,YES,1,3,100.0
46,77,SOCIAL_EXPLORER,1,0,2,0,1,0,1,3,1,1,1,0.3333,0.75,1.0,1.0,1.0,64.17,0.4834,1,1,25620,1,SAVE_ONLY,0,1,93.14
591,219,SOCIAL_EXPLORER,0,1,0,1,0,1,1,0,0,0,0,1.0,0.0,0.0,0.0,0.0,49.17,0.8139,1,0,0,0,YES,1,3,100.0
942,473,BUDGET_CONSCIOUS,1,0,1,0,1,0,1,1,0,0,0,0.5,0.1429,0.0,0.0,0.0,36.19,0.4145,1,0,0,0,NO,0,0,18.19
907,879,SOCIAL_EXPLORER,0,1,1,1,0,0,1,2,1,1,0,0.25,0.3333,1.0,1.0,0.0,55.0,0.682,1,1,41620,1,YES,0,2,100.0
893,458,SOCIAL_EXPLORER,1,0,0,0,1,1,1,2,1,0,0,0.5,0.5,0.5,0.0,0.0,54.17,0.8293,1,1,52345,0,SUPER_LIKE,1,3,100.0
869,571,SOCIAL_EXPLORER,0,1,1,1,0,0,1,0,1,0,0,1.0,0.0,0.3333,0.0,0.0,46.67,0.5894,1,0,0,1,SAVE_ONLY,0,1,58.67
909,251,BUDGET_CONSCIOUS,0,0,1,1,1,0,1,0,0,0,0,1.0,0.0,0.0,0.0,0.0,49.17,0.6098,1,1,35599,1,SAVE_ONLY,0,1,81.63
23,336,BUDGET_CONSCIOUS,1,0,1,0,1,0,2,0,0,0,0,0.6667,0.0,0.0,0.0,0.0,36.67,0.4425,1,1,26997,1,SAVE_ONLY,0,1,66.12
484,342,BUDGET_CONSCIOUS,1,1,0,0,0,1,1,4,1,1,1,0.5,1.0,1.0,1.0,1.0,78.33,0.8298,0,0,0,0,YES,1,3,100.0
219,732,SOCIAL_EXPLORER,1,0,2,0,1,0,1,0,0,0,0,1.0,0.0,0.0,0.0,0.0,37.5,0.3243,0,0,0,0,NO,0,0,19.5
186,787,SOCIAL_EXPLORER,1,1,0,0,0,1,1,0,1,0,0,0.5,0.0,0.5,0.0,0.0,38.33,0.7011,1,1,52032,0,YES,1,3,100.0
327,659,SPONTANEOUS_ADVENTURER,0,1,0,1,0,1,1,0,0,1,0,0.5,0.0,0.0,1.0,0.0,49.17,0.6872,1,0,0,0,YES,0,2,71.17
853,540,SOCIAL_EXPLORER,1,1,0,0,0,1,1,0,0,0,0,1.0,0.0,0.0,0.0,0.0,43.33,0.7636,1,1,53119,0,YES,1,3,100.0
343,311,SOCIAL_EXPLORER,0,2,1,1,0,0,1,2,0,0,0,0.5,0.3333,0.0,0.0,0.0,34.17,0.662,1,0,0,1,YES,0,2,68.17
650,848,SOCIAL_EXPLORER,1,2,0,0,0,1,1,1,1,0,0,0.3333,0.1429,1.0,0.0,0.0,37.02,0.6774,1,1,41264,1,YES,0,2,93.46
513,675,CAUTIOUS_INTROVERT,0,0,1,1,1,0,1,2,1,0,0,1.0,0.25,0.3333,0.0,0.0,57.5,0.8652,1,1,49447,0,YES,1,3,100.0
883,770,SOCIAL_EXPLORER,0,2,2,1,0,0,1,1,0,0,0,1.0,0.1667,0.0,0.0,0.0,35.0,0.4024,0,0,0,0,NO,0,0,17.0
141,437,SOCIAL_EXPLORER,0,1,1,1,0,0,1,1,1,1,1,0.5,0.1429,1.0,1.0,1.0,61.19,0.8672,1,1,60469,1,SUPER_LIKE,1,3,100.0
553,797,BUDGET_CONSCIOUS,1,2,0,0,0,1,1,2,1,1,1,1.0,0.5,1.0,1.0,1.0,72.5,0.7383,1,0,0,0,YES,1,3,100.0
295,185,CAUTIOUS_INTROVERT,1,1,0,0,0,1,1,2,1,1,1,0.5,0.5,0.5,1.0,1.0,63.33,0.9101,1,1,61769,0,YES,1,3,100.0
663,858,SOCIAL_EXPLORER,0,1,0,1,0,1,1,0,0,1,0,0.5,0.0,0.0,1.0,0.0,49.17,0.7269,1,1,38750,0,YES,1,3,100.0
46,709,SOCIAL_EXPLORER,2,0,1,0,1,0,1,1,0,0,0,0.5,0.1667,0.0,0.0,0.0,30.83,0.6442,1,0,0,1,YES,0,2,64.83
25,865,SOCIAL_EXPLORER,1,0,0,0,1,1,1,1,0,0,0,0.5,0.25,0.0,0.0,0.0,44.17,0.5633,1,0,0,1,SAVE_ONLY,0,1,56.17
812,342,BUDGET_CONSCIOUS,1,1,1,0,0,0,1,0,0,0,0,0.5,0.0,0.0,0.0,0.0,27.5,0.4223,1,0,0,1,SAVE_ONLY,0,1,39.5
665,102,SOCIAL_EXPLORER,1,2,0,0,0,1,1,0,0,0,0,1.0,0.0,0.0,0.0,0.0,37.5,0.6879,1,1,51387,1,YES,0,2,97.49
729,858,SOCIAL_EXPLORER,0,1,0,1,0,1,1,1,0,0,1,0.5,0.1429,0.0,0.0,1.0,47.02,0.5776,1,1,31367,1,SAVE_ONLY,0,1,78.0
385,508,BUDGET_CONSCIOUS,2,0,1,0,1,0,1,1,0,0,1,0.3333,0.2,0.0,0.0,1.0,33.17,0.0,0,0,0,0,NO,0,0,15.17
74,351,SOCIAL_EXPLORER,1,0,0,0,1,1,1,1,0,0,0,1.0,0.1667,0.0,0.0,0.0,52.5,0.6591,1,1,35136,0,YES,0,2,94.8
687,409,BUDGET_CONSCIOUS,2,1,2,0,0,0,1,3,1,0,0,0.3333,0.75,1.0,0.0,0.0,37.5,0.1426,1,0,0,0,NO,0,0,19.5
238,190,SOCIAL_EXPLORER,1,1,0,0,0,1,1,1,1,0,0,1.0,0.25,1.0,0.0,0.0,58.33,0.8216,1,1,57324,1,YES,1,3,100.0
847,361,SOCIAL_EXPLORER,2,1,1,0,0,0,1,0,1,1,0,0.5,0.0,1.0,1.0,0.0,41.67,0.6882,1,1,35898,0,YES,0,2,84.23
785,438,BUDGET_CONSCIOUS,2,0,0,0,1,1,2,1,0,1,1,1.0,0.2,0.0,1.0,1.0,62.33,0.3986,0,0,0,0,NO,0,0,44.33
1009,578,BUDGET_CONSCIOUS,2,2,1,0,0,0,1,0,0,0,0,0.3333,0.0,0.0,0.0,0.0,12.5,0.0,0,0,0,0,NO,0,0,0.0
791,817,BUDGET_CONSCIOUS,2,2,1,0,0,0,1,2,1,1,0,1.0,0.6667,1.0,1.0,0.0,59.17,0.1963,1,0,0,0,NO,0,0,41.17
928,571,BUDGET_CONSCIOUS,1,1,0,0,0,1,1,0,1,0,0,0.5,0.0,0.3333,0.0,0.0,36.67,0.262,0,0,0,0,NO,0,0,18.67
661,677,SOCIAL_EXPLORER,0,2,0,1,0,1,1,0,0,0,0,1.0,0.0,0.0,0.0,0.0,43.33,0.7134,1,0,0,0,YES,1,3,95.33
677,826,SOCIAL_EXPLORER,1,0,0,0,1,1,1,0,0,0,0,1.0,0.0,0.0,0.0,0.0,49.17,0.6885,1,0,0,0,YES,0,2,71.17
370,257,BUDGET_CONSCIOUS,1,2,0,0,0,1,1,2,1,0,0,1.0,0.6667,1.0,0.0,0.0,60.83,0.6195,0,0,0,0,NO,0,0,42.83
560,867,SELECTIVE_PLANNER,1,1,0,0,0,1,1,2,1,1,0,1.0,0.2857,1.0,1.0,0.0,69.05,0.5415,1,1,31314,0,NO,0,1,70.01
709,102,BUDGET_CONSCIOUS,0,1,1,1,0,0,1,2,1,1,0,1.0,0.3333,0.5,1.0,0.0,65.0,0.8808,1,0,0,0,YES,1,3,100.0
649,583,BUDGET_CONSCIOUS,0,0,0,1,1,1,2,0,0,0,0,1.0,0.0,0.0,0.0,0.0,55.0,0.6261,0,0,0,0,YES,0,2,77.0
251,560,BUDGET_CONSCIOUS,1,1,1,0,0,0,1,1,1,1,0,1.0,0.1429,1.0,1.0,0.0,60.36,0.6671,1,1,37077,1,YES,0,2,100.0
999,33,SOCIAL_EXPLORER,1,1,1,0,0,0,1,1,1,0,0,1.0,0.2,1.0,0.0,0.0,51.5,0.7478,1,1,50096,1,YES,1,3,100.0
273,377,SOCIAL_EXPLORER,1,0,0,0,1,1,1,0,0,0,0,1.0,0.0,0.0,0.0,0.0,49.17,0.6565,0,0,0,0,YES,0,2,71.17
600,680,SPONTANEOUS_ADVENTURER,1,2,0,0,0,1,1,2,1,0,1,0.5,0.3333,1.0,0.0,1.0,49.17,0.7015,1,1,46531,1,YES,1,3,100.0
694,257,CAUTIOUS_INTROVERT,0,2,0,1,0,1,1,1,1,0,1,1.0,0.25,0.5,0.0,1.0,58.33,0.4408,0,0,0,1,SAVE_ONLY,0,1,70.33
262,656,SOCIAL_EXPLORER,2,1,0,0,0,1,1,2,1,1,1,1.0,0.5,1.0,1.0,1.0,72.5,0.8532,1,1,58180,1,YES,1,3,100.0
75,745,BUDGET_CONSCIOUS,1,0,1,0,1,0,1,0,0,0,1,0.5,0.0,0.0,0.0,1.0,38.33,0.3273,0,0,0,0,NO,0,0,20.33
507,444,CAUTIOUS_INTROVERT,1,1,1,0,0,0,1,0,0,0,0,0.5,0.0,0.0,0.0,0.0,27.5,0.2797,1,1,24800,0,NO,0,1,26.18
719,720,SPONTANEOUS_ADVENTURER,0,1,0,1,0,1,2,0,0,0,0,1.0,0.0,0.0,0.0,0.0,49.17,0.7696,1,1,41382,0,YES,1,3,100.0
271,885,BUDGET_CONSCIOUS,0,1,0,1,0,1,1,0,0,0,0,0.3333,0.0,0.0,0.0,0.0,35.83,0.6381,1,0,0,1,YES,0,2,69.83
498,501,SOCIAL_EXPLORER,1,0,0,0,1,1,1,1,1,1,0,0.5,0.2,1.0,1.0,0.0,63.17,0.9242,1,1,57528,0,YES,1,3,100.0
454,582,SELECTIVE_PLANNER,0,0,1,1,1,0,1,1,1,0,1,1.0,0.1667,0.3333,0.0,1.0,60.83,0.8413,0,0,0,0,YES,1,3,100.0
636,99,SPONTANEOUS_ADVENTURER,2,2,1,0,0,0,1,0,0,0,0,0.3333,0.0,0.0,0.0,0.0,12.5,0.1102,0,0,0,0,NO,0,0,0.0
287,633,BUDGET_CONSCIOUS,0,0,1,1,1,0,1,1,0,0,0,0.5,0.1667,0.0,0.0,0.0,42.5,0.6116,1,1,40250,1,SAVE_ONLY,0,1,76.59
746,164,SOCIAL_EXPLORER,2,1,0,0,0,1,1,0,1,0,0,0.5,0.0,0.5,0.0,0.0,32.5,0.4295,0,0,0,1,SAVE_ONLY,0,1,44.5
855,568,SELECTIVE_PLANNER,0,1,1,1,0,0,1,0,0,0,0,1.0,0.0,0.0,0.0,0.0,43.33,0.2342,0,0,0,0,NO,0,0,25.33
830,408,SPONTANEOUS_ADVENTURER,2,2,1,0,0,0,1,2,1,1,0,0.5,0.4,0.5,1.0,0.0,38.83,0.6364,0,0,0,1,YES,0,2,72.83
494,328,SOCIAL_EXPLORER,1,0,1,0,1,0,1,1,0,0,0,1.0,0.2,0.0,0.0,0.0,47.33,0.619,0,0,0,0,NO,0,0,29.33
553,519,BUDGET_CONSCIOUS,1,1,1,0,0,0,1,0,0,0,0,1.0,0.0,0.0,0.0,0.0,37.5,0.3589,1,0,0,0,NO,0,0,19.5
248,578,SOCIAL_EXPLORER,1,2,1,0,0,0,1,2,1,0,0,0.3333,0.4,0.5,0.0,0.0,31.33,0.366,0,0,0,0,NO,0,0,13.33
168,224,BUDGET_CONSCIOUS,0,0,0,1,1,1,1,0,0,0,1,0.5,0.0,0.0,0.0,1.0,50.0,0.7641,1,1,54597,1,YES,1,3,100.0
744,655,SOCIAL_EXPLORER,1,1,0,0,0,1,1,1,0,0,0,1.0,0.2,0.0,0.0,0.0,47.33,0.6211,1,0,0,0,YES,0,2,69.33
877,720,CAUTIOUS_INTROVERT,0,0,1,1,1,0,1,1,0,0,0,0.3333,0.2,0.0,0.0,0.0,39.83,0.4258,0,0,0,1,SAVE_ONLY,0,1,51.83
28,79,SELECTIVE_PLANNER,1,2,0,0,0,1,1,4,1,1,1,0.5,1.0,0.3333,1.0,1.0,65.83,0.5658,1,1,33226,0,NO,0,1,67.46
611,587,SOCIAL_EXPLORER,0,0,0,1,1,1,1,0,0,0,0,0.5,0.0,0.0,0.0,0.0,45.0,0.6739,0,0,0,0,YES,0,2,67.0
733,110,SOCIAL_EXPLORER,1,0,2,0,1,0,1,1,1,0,0,0.5,0.2,0.3333,0.0,0.0,34.83,0.3159,0,0,0,0,NO,0,0,16.83
369,910,SOCIAL_EXPLORER,1,0,2,0,1,0,2,3,1,1,1,1.0,1.0,1.0,1.0,1.0,82.5,0.6486,1,1,38713,0,YES,0,2,100.0
739,847,BUDGET_CONSCIOUS,2,1,2,0,0,0,1,0,0,1,0,0.3333,0.0,0.0,1.0,0.0,22.5,0.0,0,0,0,0,NO,0,0,4.5
288,321,CAUTIOUS_INTROVERT,0,1,2,1,0,0,1,0,1,0,1,0.5,0.0,1.0,0.0,1.0,42.5,0.1809,1,0,0,0,NO,0,0,24.5
610,287,SELECTIVE_PLANNER,2,1,0,0,0,1,1,1,0,0,0,0.5,0.1429,0.0,0.0,0.0,30.36,0.183,0,0,0,0,NO,0,0,12.36
966,173,SELECTIVE_PLANNER,1,1,1,0,0,0,1,2,1,1,1,0.3333,0.5,0.5,1.0,1.0,54.17,0.2553,1,1,14134,0,NO,0,0,49.12
429,1017,SELECTIVE_PLANNER,0,1,0,1,0,1,0,0,0,0,0,0.0,0.0,0.0,0.0,0.0,29.17,0.1396,1,1,20179,0,NO,0,1,26.23
687,860,BUDGET_CONSCIOUS,0,1,0,1,0,1,1,2,1,1,0,0.3333,0.4,1.0,1.0,0.0,63.83,0.7007,1,1,37420,0,YES,1,3,100.0
394,393,PASSIVE_BROWSER,1,1,1,0,0,0,1,2,1,0,0,1.0,0.4,1.0,0.0,0.0,55.5,0.4042,0,0,0,0,NO,0,0,37.5
663,936,SOCIAL_EXPLORER,0,1,1,1,0,0,1,1,1,0,0,1.0,0.25,1.0,0.0,0.0,58.33,0.664,1,1,34517,0,YES,0,2,100.0
972,852,CAUTIOUS_INTROVERT,1,1,2,0,0,0,1,1,0,0,0,1.0,0.25,0.0,0.0,0.0,36.67,0.1325,0,0,0,0,NO,0,0,18.67
11,525,CAUTIOUS_INTROVERT,0,0,1,1,1,0,0,0,0,0,0,0.0,0.0,0.0,0.0,0.0,29.17,0.1905,1,0,0,0,NO,0,0,11.17
416,389,SPONTANEOUS_ADVENTURER,1,0,1,0,1,0,1,1,0,0,1,0.3333,0.1667,0.0,0.0,1.0,38.33,0.6979,1,1,40891,1,YES,0,2,94.64
862,626,BUDGET_CONSCIOUS,1,2,2,0,0,0,1,0,0,0,0,1.0,0.0,0.0,0.0,0.0,25.83,0.2828,1,0,0,0,NO,0,0,7.83
281,172,SELECTIVE_PLANNER,0,0,1,1,1,0,1,1,0,1,0,0.5,0.1429,0.0,1.0,0.0,52.02,0.5965,1,0,0,0,NO,0,0,34.02
169,986,SPONTANEOUS_ADVENTURER,2,0,1,0,1,0,1,1,1,0,0,0.5,0.25,1.0,0.0,0.0,42.5,0.7484,1,1,53146,0,YES,1,3,100.0
395,70,SPONTANEOUS_ADVENTURER,0,1,0,1,0,1,1,0,0,0,0,0.3333,0.0,0.0,0.0,0.0,35.83,0.2749,0,0,0,0,NO,0,0,17.83
160,257,BUDGET_CONSCIOUS,1,0,2,0,1,0,1,1,1,0,0,0.5,0.3333,1.0,0.0,0.0,44.17,0.374,0,0,0,0,NO,0,0,26.17
338,367,BUDGET_CONSCIOUS,1,1,1,0,0,0,2,1,1,0,0,1.0,0.25,0.5,0.0,0.0,47.5,0.4407,0,0,0,1,SAVE_ONLY,0,1,59.5
801,372,BUDGET_CONSCIOUS,1,1,1,0,0,0,1,1,2,1,0,1.0,0.25,1.0,1.0,0.0,62.5,0.6166,1,1,39180,0,NO,0,1,66.21
967,57,CAUTIOUS_INTROVERT,1,0,0,0,1,1,1,0,0,0,0,1.0,0.0,0.0,0.0,0.0,49.17,0.5265,1,0,0,1,SAVE_ONLY,0,1,61.17
533,649,SOCIAL_EXPLORER,2,0,0,0,1,1,1,3,1,1,0,0.5,0.6,1.0,1.0,0.0,65.33,0.9793,1,1,67012,1,SUPER_LIKE,1,3,100.0
719,735,SPONTANEOUS_ADVENTURER,1,1,1,0,0,0,2,0,0,0,0,1.0,0.0,0.0,0.0,0.0,37.5,0.5856,1,1,36675,0,NO,0,1,40.34
650,53,SOCIAL_EXPLORER,0,0,2,1,1,0,1,1,1,1,0,0.5,0.2,0.5,1.0,0.0,52.33,0.3864,1,1,23946,0,NO,0,1,50.71
718,561,BUDGET_CONSCIOUS,1,2,0,0,0,1,1,0,0,0,0,0.5,0.0,0.0,0.0,0.0,27.5,0.1304,0,0,0,0,NO,0,0,9.5
683,337,BUDGET_CONSCIOUS,2,2,0,0,0,1,1,2,0,0,0,0.3333,0.5,0.0,0.0,0.0,28.33,0.0,0,0,0,0,NO,0,0,10.33
580,147,CAUTIOUS_INTROVERT,0,2,2,1,0,0,1,2,1,0,0,1.0,0.4,1.0,0.0,0.0,49.67,0.4938,1,0,0,1,SAVE_ONLY,0,1,61.67
826,353,BUDGET_CONSCIOUS,2,1,1,0,0,0,1,0,1,1,1,1.0,0.0,0.5,1.0,1.0,51.67,0.1492,0,0,0,0,NO,0,0,33.67
900,697,CAUTIOUS_INTROVERT,0,0,0,1,1,1,1,2,0,0,0,0.5,0.3333,0.0,0.0,0.0,51.67,0.7099,1,1,46738,0,YES,1,3,100.0
448,207,SOCIAL_EXPLORER,1,1,0,0,0,1,1,1,1,1,1,0.3333,0.1667,0.3333,1.0,1.0,51.67,0.6722,1,1,37866,0,YES,0,2,94.92
144,513,SPONTANEOUS_ADVENTURER,0,1,1,1,0,0,1,2,1,0,0,0.5,0.2857,0.3333,0.0,0.0,42.38,0.8396,1,1,55345,0,YES,1,3,100.0
558,275,SELECTIVE_PLANNER,1,1,1,0,0,0,1,1,1,0,1,1.0,0.25,0.5,0.0,1.0,52.5,0.3259,0,0,0,0,NO,0,0,34.5
465,649,SELECTIVE_PLANNER,1,1,1,0,0,0,1,3,1,1,0,0.3333,0.75,1.0,1.0,0.0,59.17,0.5156,1,1,36833,0,NO,0,1,62.06
524,735,CAUTIOUS_INTROVERT,0,1,2,1,0,0,1,0,0,0,0,0.5,0.0,0.0,0.0,0.0,27.5,0.0,0,0,0,0,NO,0,0,9.5
681,690,BUDGET_CONSCIOUS,1,2,1,0,0,0,1,1,0,0,0,0.5,0.1667,0.0,0.0,0.0,25.0,0.3501,0,0,0,0,NO,0,0,7.0
348,723,SOCIAL_EXPLORER,1,1,1,0,0,0,1,1,1,0,0,1.0,0.25,0.5,0.0,0.0,47.5,0.6998,1,1,48115,0,YES,0,2,94.34
1002,809,CAUTIOUS_INTROVERT,0,0,1,1,1,0,1,0,0,1,1,0.3333,0.0,0.0,1.0,1.0,50.83,0.4959,1,0,0,1,SAVE_ONLY,0,1,62.83
849,566,SELECTIVE_PLANNER,1,2,1,0,0,0,1,2,1,0,0,1.0,0.5,1.0,0.0,0.0,51.67,0.4427,1,0,0,1,SAVE_ONLY,0,1,63.67
322,624,BUDGET_CONSCIOUS,0,0,2,1,1,0,1,2,1,1,1,0.5,0.4,0.5,1.0,1.0,61.33,0.8751,1,1,57074,0,YES,1,3,100.0
381,818,BUDGET_CONSCIOUS,0,0,1,1,1,0,1,0,0,0,0,0.5,0.0,0.0,0.0,0.0,39.17,0.6348,1,0,0,0,YES,0,2,61.17
750,108,CAUTIOUS_INTROVERT,0,0,1,1,1,0,1,2,1,0,1,0.5,0.5,0.5,0.0,1.0,59.17,0.6557,1,1,44458,0,YES,0,2,100.0
921,126,SPONTANEOUS_ADVENTURER,0,1,1,1,0,0,1,1,1,0,0,0.5,0.25,0.5,0.0,0.0,43.33,0.8508,1,1,59517,0,SUPER_LIKE,1,3,100.0
228,383,BUDGET_CONSCIOUS,0,0,2,1,1,0,1,0,0,0,0,0.5,0.0,0.0,0.0,0.0,33.33,0.6222,1,1,41308,1,YES,0,2,89.79
466,191,BUDGET_CONSCIOUS,0,1,1,1,0,0,1,1,1,0,1,1.0,0.2,0.5,0.0,1.0,57.33,0.6492,1,1,46812,1,YES,0,2,100.0
799,871,SPONTANEOUS_ADVENTURER,1,0,1,0,1,0,1,0,0,0,1,0.5,0.0,0.0,0.0,1.0,38.33,0.604,1,1,35545,0,NO,0,1,40.77
622,82,SPONTANEOUS_ADVENTURER,1,2,1,0,0,0,1,2,1,0,0,1.0,0.3333,0.5,0.0,0.0,43.33,0.6342,1,1,46245,1,YES,0,2,100.0
64,140,CAUTIOUS_INTROVERT,0,1,1,1,0,0,1,1,1,1,0,1.0,0.2,1.0,1.0,0.0,67.33,0.709,1,1,40385,0,YES,1,3,100.0
130,197,BUDGET_CONSCIOUS,0,0,1,1,1,0,1,0,0,0,0,0.5,0.0,0.0,0.0,0.0,39.17,0.5881,0,0,0,1,SAVE_ONLY,0,1,51.17
251,50,BUDGET_CONSCIOUS,1,1,0,0,0,1,1,0,0,0,0,1.0,0.0,0.0,0.0,0.0,43.33,0.3304,0,0,0,0,NO,0,0,25.33
465,857,SELECTIVE_PLANNER,0,0,0,1,1,1,1,0,0,0,0,0.5,0.0,0.0,0.0,0.0,45.0,0.5092,1,0,0,1,SAVE_ONLY,0,1,57.0
978,519,BUDGET_CONSCIOUS,1,0,2,0,1,0,1,1,1,0,1,0.5,0.1667,0.3333,0.0,1.0,39.17,0.5347,0,0,0,1,SAVE_ONLY,0,1,51.17
34,410,BUDGET_CONSCIOUS,0,1,0,1,0,1,1,0,1,0,0,1.0,0.0,0.5,0.0,0.0,54.17,0.7599,1,1,44512,1,YES,1,3,100.0
382,978,CAUTIOUS_INTROVERT,2,1,0,0,0,1,1,1,1,0,0,0.5,0.1429,0.5,0.0,0.0,35.36,0.4549,0,0,0,1,SAVE_ONLY,0,1,47.36
931,43,SPONTANEOUS_ADVENTURER,0,1,0,1,0,1,1,1,1,0,0,1.0,0.1429,1.0,0.0,0.0,62.02,0.7809,1,1,47004,0,YES,1,3,100.0
97,866,BUDGET_CONSCIOUS,0,2,1,1,0,0,1,0,1,0,0,1.0,0.0,0.3333,0.0,0.0,40.83,0.5495,0,0,0,1,SAVE_ONLY,0,1,52.83
497,80,SOCIAL_EXPLORER,1,1,1,0,0,0,1,0,0,0,0,0.5,0.0,0.0,0.0,0.0,27.5,0.3436,0,0,0,0,NO,0,0,9.5
777,341,SPONTANEOUS_ADVENTURER,1,0,1,0,1,0,1,2,0,0,1,0.5,0.6667,0.0,0.0,1.0,51.67,0.9122,1,1,59340,1,YES,1,3,100.0
510,952,SOCIAL_EXPLORER,1,1,0,0,0,1,1,2,1,0,1,1.0,0.4,0.5,0.0,1.0,61.33,0.8889,1,1,46963,1,YES,1,3,100.0
233,524,SOCIAL_EXPLORER,0,0,2,1,1,0,1,0,1,1,0,1.0,0.0,1.0,1.0,0.0,63.33,0.6433,1,0,0,1,YES,0,2,97.33
964,75,CAUTIOUS_INTROVERT,2,0,1,0,1,0,1,1,1,0,0,0.5,0.2,0.5,0.0,0.0,36.5,0.353,1,0,0,0,NO,0,0,18.5
24,686,BUDGET_CONSCIOUS,1,0,1,0,1,0,1,1,1,1,1,1.0,0.25,0.5,1.0,1.0,68.33,0.7144,1,1,48339,0,YES,1,3,100.0
793,122,BUDGET_CONSCIOUS,0,1,0,1,0,1,1,0,0,0,0,0.3333,0.0,0.0,0.0,0.0,35.83,0.6427,1,1,38131,1,YES,0,2,91.18
966,66,SELECTIVE_PLANNER,0,1,0,1,0,1,2,0,0,0,0,0.6667,0.0,0.0,0.0,0.0,42.5,0.0837,1,1,2629,0,NO,0,0,33.42
649,570,BUDGET_CONSCIOUS,0,1,1,1,0,0,1,1,0,0,1,0.3333,0.2,0.0,0.0,1.0,39.0,0.5091,1,1,27694,0,NO,0,1,38.69
148,726,SPONTANEOUS_ADVENTURER,0,1,0,1,0,1,1,1,0,0,0,1.0,0.2,0.0,0.0,0.0,53.17,0.6985,1,1,39376,1,YES,0,2,100.0
102,703,BUDGET_CONSCIOUS,1,2,0,0,0,1,1,1,0,0,0,0.3333,0.1429,0.0,0.0,0.0,27.02,0.4123,1,1,28935,0,NO,0,1,27.15
30,917,CAUTIOUS_INTROVERT,0,1,0,1,0,1,1,0,0,0,0,1.0,0.0,0.0,0.0,0.0,49.17,0.5206,0,0,0,1,SAVE_ONLY,0,1,61.17
559,127,SOCIAL_EXPLORER,1,0,2,0,1,0,1,0,0,0,0,1.0,0.0,0.0,0.0,0.0,37.5,0.2557,1,1,23026,0,NO,0,1,35.56
867,900,BUDGET_CONSCIOUS,2,2,1,0,0,0,1,1,0,0,1,0.5,0.1429,0.0,0.0,1.0,23.69,0.0,0,0,0,0,NO,0,0,5.69
588,471,SPONTANEOUS_ADVENTURER,0,1,0,1,0,1,1,0,1,0,0,1.0,0.0,1.0,0.0,0.0,59.17,0.6531,1,1,44065,0,YES,0,2,100.0
603,120,BUDGET_CONSCIOUS,0,1,1,1,0,0,1,1,1,1,1,0.5,0.3333,0.5,1.0,1.0,60.0,0.8751,1,1,59613,1,SUPER_LIKE,1,3,100.0
707,529,CAUTIOUS_INTROVERT,0,1,0,1,0,1,1,1,0,0,0,1.0,0.25,0.0,0.0,0.0,54.17,0.5132,0,0,0,0,NO,0,0,36.17
653,160,BUDGET_CONSCIOUS,0,1,2,1,0,0,1,2,1,1,1,0.3333,0.6667,1.0,1.0,1.0,62.5,0.7435,1,0,0,1,YES,1,3,100.0
329,766,CAUTIOUS_INTROVERT,0,2,1,1,0,0,1,2,1,0,1,1.0,0.3333,0.5,0.0,1.0,54.17,0.6886,1,1,45171,0,YES,0,2,99.98
528,603,BUDGET_CONSCIOUS,1,0,1,0,1,0,1,1,2,1,1,0.5,0.25,1.0,1.0,1.0,63.33,0.6726,1,1,49744,1,YES,0,2,100.0
485,20,BUDGET_CONSCIOUS,0,2,2,1,0,0,1,2,0,1,1,0.5,0.6667,0.0,1.0,1.0,50.0,0.5772,1,1,37015,1,SAVE_ONLY,0,1,82.96
200,1011,BUDGET_CONSCIOUS,0,1,1,1,0,0,1,0,0,0,0,0.3333,0.0,0.0,0.0,0.0,30.0,0.5275,1,1,31535,1,SAVE_ONLY,0,1,61.04
690,445,CAUTIOUS_INTROVERT,1,1,0,0,0,1,1,1,1,0,1,1.0,0.3333,1.0,0.0,1.0,65.0,0.7052,1,0,0,0,YES,1,3,100.0
890,645,SOCIAL_EXPLORER,1,1,0,0,0,1,1,1,2,1,0,0.5,0.25,1.0,1.0,0.0,58.33,0.9206,1,1,63836,1,YES,1,3,100.0
338,449,SOCIAL_EXPLORER,0,0,0,1,1,1,1,2,1,0,0,0.5,0.4,1.0,0.0,0.0,63.0,0.916,1,1,63613,1,YES,1,3,100.0
170,961,SOCIAL_EXPLORER,1,1,1,0,0,0,1,2,0,0,0,0.5,0.2857,0.0,0.0,0.0,33.21,0.5326,0,0,0,1,SAVE_ONLY,0,1,45.21
38,219,CAUTIOUS_INTROVERT,0,2,2,1,0,0,1,0,0,0,0,1.0,0.0,0.0,0.0,0.0,31.67,0.1708,1,0,0,0,NO,0,0,13.67
310,201,SELECTIVE_PLANNER,1,0,1,0,1,0,1,0,0,0,1,0.3333,0.0,0.0,0.0,1.0,35.0,0.553,1,1,40159,0,NO,0,1,39.06
472,480,SOCIAL_EXPLORER,1,1,1,0,0,0,1,2,0,1,1,0.3333,0.3333,0.0,1.0,1.0,45.83,0.743,1,1,46131,1,YES,1,3,100.0
242,744,SPONTANEOUS_ADVENTURER,1,1,1,0,0,0,1,1,0,0,0,0.3333,0.1667,0.0,0.0,0.0,27.5,0.6655,1,1,35600,0,YES,0,2,69.96
893,72,SOCIAL_EXPLORER,1,1,2,0,0,0,2,0,0,0,0,1.0,0.0,0.0,0.0,0.0,31.67,0.2985,0,0,0,0,NO,0,0,13.67
219,988,SOCIAL_EXPLORER,0,1,0,1,0,1,1,0,0,0,0,0.5,0.0,0.0,0.0,0.0,39.17,0.6464,1,1,44717,0,YES,0,2,84.82
489,718,SOCIAL_EXPLORER,2,2,0,0,0,1,1,0,0,0,0,0.5,0.0,0.0,0.0,0.0,21.67,0.4581,0,0,0,0,NO,0,0,3.67
762,610,SOCIAL_EXPLORER,0,2,1,1,0,0,1,1,0,0,0,0.5,0.2,0.0,0.0,0.0,31.5,0.6524,1,1,41453,1,YES,0,2,88.01
138,748,BUDGET_CONSCIOUS,0,0,1,1,1,0,1,1,0,1,0,0.5,0.25,0.0,1.0,0.0,54.17,0.5749,1,1,36517,0,NO,0,1,56.95
828,377,BUDGET_CONSCIOUS,0,0,1,1,1,0,1,0,0,0,0,0.5,0.0,0.0,0.0,0.0,39.17,0.6409,1,1,41128,1,YES,0,2,95.56
84,281,SELECTIVE_PLANNER,1,1,0,0,0,1,1,1,0,0,0,1.0,0.1667,0.0,0.0,0.0,46.67,0.3948,0,0,0,0,NO,0,0,28.67
346,187,SPONTANEOUS_ADVENTURER,0,2,0,1,0,1,1,1,1,1,0,0.5,0.2,0.5,1.0,0.0,52.33,0.5197,1,0,0,1,SAVE_ONLY,0,1,64.33
70,196,SELECTIVE_PLANNER,0,2,0,1,0,1,1,2,1,1,0,0.5,0.5,0.5,1.0,0.0,58.33,0.2451,0,0,0,0,NO,0,0,40.33
610,483,SELECTIVE_PLANNER,2,1,1,0,0,0,1,4,1,1,1,1.0,1.0,0.5,1.0,1.0,71.67,0.6598,1,1,41567,0,YES,0,2,100.0
346,120,SPONTANEOUS_ADVENTURER,1,0,1,0,1,0,1,1,1,1,1,1.0,0.25,0.5,1.0,1.0,68.33,0.987,1,1,55550,1,SUPER_LIKE,1,3,100.0
638,724,CAUTIOUS_INTROVERT,1,2,0,0,0,1,1,2,1,1,1,0.5,0.4,0.3333,1.0,1.0,53.83,0.6074,1,1,41774,0,NO,0,1,58.45
858,190,SOCIAL_EXPLORER,0,0,0,1,1,1,1,0,0,1,0,0.5,0.0,0.0,1.0,0.0,55.0,0.6953,1,1,51491,1,YES,0,2,100.0
988,648,SOCIAL_EXPLORER,1,1,1,0,0,0,1,0,0,0,0,0.3333,0.0,0.0,0.0,0.0,24.17,0.3784,0,0,0,0,NO,0,0,6.17
842,356,SOCIAL_EXPLORER,0,2,1,1,0,0,1,2,1,0,0,0.3333,0.4,1.0,0.0,0.0,42.17,0.645,1,1,44763,0,YES,0,2,87.84
439,514,BUDGET_CONSCIOUS,1,1,2,0,0,0,1,1,0,0,0,0.5,0.1429,0.0,0.0,0.0,24.52,0.1381,0,0,0,0,NO,0,0,6.52
374,587,SELECTIVE_PLANNER,0,2,1,1,0,0,1,1,0,1,1,0.5,0.2,0.0,1.0,1.0,46.5,0.2271,1,0,0,0,NO,0,0,28.5
455,718,SELECTIVE_PLANNER,2,0,1,0,1,0,1,1,1,0,0,0.3333,0.2,1.0,0.0,0.0,38.17,0.6344,1,1,46318,0,YES,0,2,84.38
702,621,SOCIAL_EXPLORER,0,0,1,1,1,0,2,2,1,0,0,1.0,0.3333,1.0,0.0,0.0,65.83,0.7835,1,1,41205,1,YES,1,3,100.0
334,804,BUDGET_CONSCIOUS,0,1,2,1,0,0,1,1,1,0,0,0.5,0.2,1.0,0.0,0.0,41.5,0.7087,1,1,49565,1,YES,1,3,100.0
578,784,SELECTIVE_PLANNER,0,0,1,1,1,0,1,3,0,1,0,0.3333,0.75,0.0,1.0,0.0,60.83,0.7208,1,1,47070,0,YES,1,3,100.0
308,864,CAUTIOUS_INTROVERT,1,0,2,0,1,0,1,0,0,0,0,1.0,0.0,0.0,0.0,0.0,37.5,0.1389,0,0,0,0,NO,0,0,19.5
483,239,BUDGET_CONSCIOUS,1,0,0,0,1,1,1,1,0,0,1,0.5,0.1429,0.0,0.0,1.0,47.02,0.4447,0,0,0,1,SAVE_ONLY,0,1,59.02
548,396,CAUTIOUS_INTROVERT,0,0,0,1,1,1,1,3,0,1,1,0.3333,0.75,0.0,1.0,1.0,71.67,0.7189,1,0,0,1,YES,1,3,100.0
571,189,SOCIAL_EXPLORER,0,0,1,1,1,0,1,0,0,0,0,0.3333,0.0,0.0,0.0,0.0,35.83,0.4383,1,0,0,0,NO,0,0,17.83
759,777,CAUTIOUS_INTROVERT,0,0,1,1,1,0,1,0,0,0,0,0.3333,0.0,0.0,0.0,0.0,35.83,0.3806,0,0,0,0,NO,0,0,17.83
902,108,BUDGET_CONSCIOUS,1,0,1,0,1,0,1,0,0,0,1,0.5,0.0,0.0,0.0,1.0,38.33,0.3647,1,1,24769,0,NO,0,1,37.0
243,237,PASSIVE_BROWSER,1,0,0,0,1,1,1,2,1,1,0,1.0,0.5,0.5,1.0,0.0,74.17,0.6885,1,0,0,0,YES,0,2,96.17
339,780,BUDGET_CONSCIOUS,2,1,1,0,0,0,1,1,1,1,1,1.0,0.2,1.0,1.0,1.0,60.67,0.2199,0,0,0,0,NO,0,0,42.67
216,357,BUDGET_CONSCIOUS,1,1,0,0,0,1,1,0,0,0,0,0.5,0.0,0.0,0.0,0.0,33.33,0.3181,1,0,0,0,NO,0,0,15.33
663,156,SOCIAL_EXPLORER,0,0,0,1,1,1,1,0,1,0,0,0.5,0.0,1.0,0.0,0.0,55.0,0.6896,1,1,43118,1,YES,0,2,100.0
287,73,BUDGET_CONSCIOUS,0,0,1,1,1,0,1,1,1,1,0,0.3333,0.1667,1.0,1.0,0.0,59.17,0.6324,1,1,48482,0,YES,0,2,100.0
1011,910,BUDGET_CONSCIOUS,0,1,2,1,0,0,2,0,0,0,0,1.0,0.0,0.0,0.0,0.0,37.5,0.6512,0,0,0,0,YES,0,2,59.5
192,939,BUDGET_CONSCIOUS,2,0,0,0,1,1,1,1,0,0,0,1.0,0.25,0.0,0.0,0.0,48.33,0.2794,0,0,0,0,NO,0,0,30.33
502,194,CAUTIOUS_INTROVERT,1,0,1,0,1,0,1,1,0,0,0,1.0,0.1667,0.0,0.0,0.0,46.67,0.2648,1,1,22196,0,NO,0,1,44.44
262,440,SELECTIVE_PLANNER,0,0,1,1,1,0,1,0,1,0,0,0.5,0.0,1.0,0.0,0.0,49.17,0.7177,0,0,0,0,YES,1,3,100.0
1012,213,SOCIAL_EXPLORER,2,0,1,0,1,0,1,0,1,0,0,0.5,0.0,0.5,0.0,0.0,32.5,0.4566,0,0,0,1,SAVE_ONLY,0,1,44.5
957,77,SOCIAL_EXPLORER,0,1,2,1,0,0,2,1,0,0,0,0.6667,0.1667,0.0,0.0,0.0,34.17,0.1517,0,0,0,0,NO,0,0,16.17
171,649,BUDGET_CONSCIOUS,0,0,0,1,1,1,1,0,0,0,1,0.3333,0.0,0.0,0.0,1.0,46.67,0.6594,0,0,0,1,YES,0,2,80.67
338,859,BUDGET_CONSCIOUS,2,1,0,0,0,1,1,0,0,0,0,0.5,0.0,0.0,0.0,0.0,27.5,0.0,0,0,0,0,NO,0,0,9.5
916,260,SELECTIVE_PLANNER,0,2,1,1,0,0,1,0,0,0,0,0.5,0.0,0.0,0.0,0.0,27.5,0.0,0,0,0,0,NO,0,0,9.5
381,815,BUDGET_CONSCIOUS,1,1,1,0,0,0,1,1,0,1,0,1.0,0.1667,0.0,1.0,0.0,50.83,0.6001,1,1,41141,0,NO,0,1,55.23
1011,970,BUDGET_CONSCIOUS,1,2,0,0,0,1,1,2,1,1,0,0.5,0.4,0.5,1.0,0.0,50.5,0.478,1,0,0,0,NO,0,0,32.5
329,661,CAUTIOUS_INTROVERT,1,2,2,0,0,0,1,2,1,0,0,1.0,0.3333,1.0,0.0,0.0,42.5,0.4479,1,1,34462,0,NO,0,1,44.56
961,418,SELECTIVE_PLANNER,0,0,1,1,1,0,2,1,0,0,0,1.0,0.1667,0.0,0.0,0.0,52.5,0.6553,1,1,41190,0,YES,0,2,96.92
250,23,CAUTIOUS_INTROVERT,2,0,1,0,1,0,2,0,1,0,0,0.6667,0.0,0.5,0.0,0.0,35.83,0.4561,1,1,29007,0,NO,0,1,35.98
313,497,PASSIVE_BROWSER,0,0,0,1,1,1,1,0,0,0,0,1.0,0.0,0.0,0.0,0.0,55.0,0.4923,1,0,0,1,SAVE_ONLY,0,1,67.0
11,860,SPONTANEOUS_ADVENTURER,1,1,1,0,0,0,0,0,0,0,0,0.0,0.0,0.0,0.0,0.0,17.5,0.3316,1,1,24515,0,NO,0,1,16.08
84,1009,SELECTIVE_PLANNER,1,2,1,0,0,0,1,0,1,0,0,0.5,0.0,0.5,0.0,0.0,26.67,0.1328,0,0,0,0,NO,0,0,8.67
454,862,SELECTIVE_PLANNER,1,0,1,0,1,0,1,0,1,1,0,1.0,0.0,0.3333,1.0,0.0,56.67,0.822,1,1,56649,1,YES,1,3,100.0
637,594,CAUTIOUS_INTROVERT,1,1,2,0,0,0,1,1,0,0,0,0.5,0.25,0.0,0.0,0.0,26.67,0.1693,1,1,18218,0,NO,0,1,23.05
113,40,CAUTIOUS_INTROVERT,1,0,1,0,1,0,2,0,0,0,1,1.0,0.0,0.0,0.0,1.0,48.33,0.5467,0,0,0,0,NO,0,0,30.33
338,379,CAUTIOUS_INTROVERT,1,1,1,0,0,0,1,0,0,0,0,0.5,0.0,0.0,0.0,0.0,27.5,0.392,1,1,23592,0,NO,0,1,25.76
823,921,SPONTANEOUS_ADVENTURER,0,0,0,1,1,1,1,1,2,1,1,0.5,0.25,1.0,1.0,1.0,75.0,0.9181,1,1,57354,0,YES,1,3,100.0
436,781,CAUTIOUS_INTROVERT,1,1,1,0,0,0,1,0,0,0,1,1.0,0.0,0.0,0.0,1.0,42.5,0.2765,0,0,0,0,NO,0,0,24.5
348,283,SOCIAL_EXPLORER,0,0,0,1,1,1,1,0,0,0,1,0.5,0.0,0.0,0.0,1.0,50.0,0.6586,1,1,41123,1,YES,0,2,100.0
493,463,SPONTANEOUS_ADVENTURER,0,1,0,1,0,1,1,2,1,0,1,1.0,0.4,0.5,0.0,1.0,67.17,0.9931,1,1,60397,0,YES,1,3,100.0
268,320,SOCIAL_EXPLORER,0,0,1,1,1,0,1,2,2,0,0,0.5,0.3333,1.0,0.0,0.0,55.83,0.7778,1,0,0,1,YES,1,3,100.0
347,113,CAUTIOUS_INTROVERT,1,2,0,0,0,1,1,1,0,0,0,0.5,0.1429,0.0,0.0,0.0,30.36,0.4308,1,0,0,1,SAVE_ONLY,0,1,42.36
163,805,CAUTIOUS_INTROVERT,1,1,1,0,0,0,1,2,1,0,1,0.5,0.5,0.5,0.0,1.0,47.5,0.5813,1,1,41637,1,SAVE_ONLY,0,1,82.07
741,857,SOCIAL_EXPLORER,0,2,1,1,0,0,1,1,0,1,0,0.3333,0.25,0.0,1.0,0.0,39.17,0.6635,1,1,41554,0,YES,0,2,83.71
880,690,CAUTIOUS_INTROVERT,0,1,0,1,0,1,1,1,1,0,1,1.0,0.2,0.5,0.0,1.0,63.17,0.6485,1,1,45892,1,YES,0,2,100.0
953,275,SPONTANEOUS_ADVENTURER,2,1,1,0,0,0,1,1,1,1,0,1.0,0.25,0.3333,1.0,0.0,50.0,0.6705,1,1,41266,0,YES,0,2,94.44
95,155,CAUTIOUS_INTROVERT,0,0,1,1,1,0,2,0,0,0,1,1.0,0.0,0.0,0.0,1.0,54.17,0.6847,1,0,0,0,YES,0,2,76.17
997,128,BUDGET_CONSCIOUS,1,1,2,0,0,0,1,2,1,0,1,0.5,0.4,0.5,0.0,1.0,39.67,0.2522,0,0,0,0,NO,0,0,21.67
833,451,SOCIAL_EXPLORER,0,0,1,1,1,0,1,2,0,1,1,0.5,0.5,0.0,1.0,1.0,64.17,0.7952,1,1,42354,0,YES,1,3,100.0
323,691,SOCIAL_EXPLORER,1,2,2,0,0,0,1,1,1,1,0,0.5,0.1667,1.0,1.0,0.0,39.17,0.1957,1,1,12113,0,NO,0,0,33.41
563,502,SOCIAL_EXPLORER,0,1,1,1,0,0,1,1,1,1,0,0.5,0.1667,0.3333,1.0,0.0,50.0,0.835,1,1,44604,0,YES,1,3,100.0
801,363,BUDGET_CONSCIOUS,0,2,1,1,0,0,1,2,1,0,0,1.0,0.5,0.3333,0.0,0.0,50.83,0.7602,1,1,52487,1,YES,1,3,100.0
626,48,SOCIAL_EXPLORER,1,1,1,0,0,0,1,1,2,1,1,1.0,0.25,1.0,1.0,1.0,67.5,0.7367,1,1,45804,0,YES,1,3,100.0
1011,866,BUDGET_CONSCIOUS,0,0,1,1,1,0,1,1,2,1,1,0.5,0.2,1.0,1.0,1.0,68.17,0.962,1,1,62040,0,SUPER_LIKE,1,3,100.0
928,796,BUDGET_CONSCIOUS,1,1,1,0,0,0,1,0,0,0,1,0.5,0.0,0.0,0.0,1.0,32.5,0.4024,1,0,0,0,NO,0,0,14.5
202,452,CAUTIOUS_INTROVERT,1,1,0,0,0,1,1,2,1,1,0,1.0,0.4,0.5,1.0,0.0,66.33,0.7636,1,1,41952,0,YES,1,3,100.0
259,834,CAUTIOUS_INTROVERT,0,1,2,1,0,0,1,2,1,1,0,0.5,0.5,0.5,1.0,0.0,52.5,0.6002,1,0,0,0,NO,0,0,34.5
662,412,BUDGET_CONSCIOUS,1,0,2,0,1,0,1,2,1,0,0,0.5,0.4,1.0,0.0,0.0,45.5,0.6039,1,1,46960,0,NO,0,1,51.94
551,200,SPONTANEOUS_ADVENTURER,2,1,0,0,0,1,1,0,0,0,0,0.3333,0.0,0.0,0.0,0.0,24.17,0.4924,0,0,0,1,SAVE_ONLY,0,1,36.17
928,95,BUDGET_CONSCIOUS,1,0,1,0,1,0,1,1,1,0,0,0.3333,0.1667,0.3333,0.0,0.0,36.67,0.3299,1,0,0,0,NO,0,0,18.67
1012,689,SOCIAL_EXPLORER,0,2,1,1,0,0,1,2,1,1,1,0.3333,0.5,0.5,1.0,1.0,54.17,0.8243,0,0,0,0,YES,1,3,100.0
418,81,SOCIAL_EXPLORER,1,1,0,0,0,1,1,1,0,0,0,0.3333,0.25,0.0,0.0,0.0,35.0,0.6585,0,0,0,1,YES,0,2,69.0
883,834,SOCIAL_EXPLORER,0,1,0,1,0,1,1,0,0,0,0,0.5,0.0,0.0,0.0,0.0,39.17,0.4917,1,0,0,0,NO,0,0,21.17
808,632,SPONTANEOUS_ADVENTURER,1,0,0,0,1,1,1,1,1,0,0,1.0,0.1667,0.5,0.0,0.0,57.5,0.8539,1,1,59669,0,YES,1,3,100.0
140,1019,SPONTANEOUS_ADVENTURER,0,0,0,1,1,1,0,0,0,0,0,0.0,0.0,0.0,0.0,0.0,35.0,0.5272,0,0,0,0,NO,0,0,17.0
104,743,SOCIAL_EXPLORER,1,2,1,0,0,0,1,1,0,0,0,0.5,0.1429,0.0,0.0,0.0,24.52,0.3319,1,1,31692,0,NO,0,1,25.61
350,632,SOCIAL_EXPLORER,0,1,0,1,0,1,1,1,0,0,0,1.0,0.2,0.0,0.0,0.0,53.17,0.784,1,1,51161,1,YES,1,3,100.0
960,700,SELECTIVE_PLANNER,1,1,1,0,0,0,2,3,0,1,1,1.0,0.75,0.0,1.0,1.0,67.5,0.3621,0,0,0,0,NO,0,0,49.5
124,832,SOCIAL_EXPLORER,1,1,2,0,0,0,1,1,1,0,0,0.5,0.25,1.0,0.0,0.0,36.67,0.2584,0,0,0,0,NO,0,0,18.67
846,173,SOCIAL_EXPLORER,2,1,2,0,0,0,1,0,0,0,0,1.0,0.0,0.0,0.0,0.0,25.83,0.0799,0,0,0,0,NO,0,0,7.83
588,688,SPONTANEOUS_ADVENTURER,1,0,1,0,1,0,1,0,1,0,0,0.5,0.0,1.0,0.0,0.0,43.33,0.5842,0,0,0,1,SAVE_ONLY,0,1,55.33
949,67,BUDGET_CONSCIOUS,0,1,1,1,0,0,1,1,1,0,0,0.3333,0.1667,1.0,0.0,0.0,43.33,0.4448,1,1,35788,1,SAVE_ONLY,0,1,75.86
99,510,BUDGET_CONSCIOUS,1,0,0,0,1,1,1,1,1,1,1,1.0,0.25,0.5,1.0,1.0,74.17,0.8844,1,1,54404,0,YES,1,3,100.0
1000,128,SOCIAL_EXPLORER,1,2,2,0,0,0,1,0,0,0,0,0.5,0.0,0.0,0.0,0.0,15.83,0.1825,1,0,0,0,NO,0,0,0.0
139,563,PASSIVE_BROWSER,0,1,1,1,0,0,1,0,0,0,0,0.5,0.0,0.0,0.0,0.0,33.33,0.2785,1,0,0,0,NO,0,0,15.33
478,523,BUDGET_CONSCIOUS,1,1,0,0,0,1,1,0,0,0,0,0.5,0.0,0.0,0.0,0.0,33.33,0.2744,1,0,0,0,NO,0,0,15.33
178,801,BUDGET_CONSCIOUS,0,0,0,1,1,1,1,0,0,0,0,1.0,0.0,0.0,0.0,0.0,55.0,0.7663,1,0,0,1,YES,1,3,100.0
948,728,SPONTANEOUS_ADVENTURER,1,1,1,0,0,0,2,1,0,0,0,0.6667,0.2,0.0,0.0,0.0,34.83,0.6509,1,0,0,1,YES,0,2,68.83
68,596,CAUTIOUS_INTROVERT,0,2,1,1,0,0,1,3,0,0,1,0.5,0.75,0.0,0.0,1.0,47.5,0.5219,1,0,0,0,NO,0,0,29.5
521,342,SPONTANEOUS_ADVENTURER,0,0,1,1,1,0,1,1,0,0,0,0.5,0.1667,0.0,0.0,0.0,42.5,0.6409,1,1,43654,1,YES,0,2,99.78
20,880,BUDGET_CONSCIOUS,1,1,2,0,0,0,1,0,0,0,0,0.5,0.0,0.0,0.0,0.0,21.67,0.1067,0,0,0,0,NO,0,0,3.67
229,378,SOCIAL_EXPLORER,2,1,0,0,0,1,1,2,1,0,0,0.3333,0.3333,1.0,0.0,0.0,40.83,0.6143,1,1,41655,0,NO,0,1,45.41
399,762,SPONTANEOUS_ADVENTURER,0,0,1,1,1,0,2,0,0,0,0,1.0,0.0,0.0,0.0,0.0,49.17,0.626,0,0,0,1,YES,0,2,83.17
744,921,SOCIAL_EXPLORER,0,1,1,1,0,0,1,0,0,0,0,0.5,0.0,0.0,0.0,0.0,33.33,0.5525,1,1,43891,1,SAVE_ONLY,0,1,68.69
312,945,BUDGET_CONSCIOUS,1,1,1,0,0,0,1,1,0,0,0,0.3333,0.1429,0.0,0.0,0.0,27.02,0.1898,0,0,0,0,NO,0,0,9.02
727,86,BUDGET_CONSCIOUS,2,1,0,0,0,1,2,1,0,0,0,1.0,0.2,0.0,0.0,0.0,41.5,0.0,1,0,0,0,NO,0,0,23.5
921,227,SPONTANEOUS_ADVENTURER,0,1,1,1,0,0,1,0,1,0,0,0.3333,0.0,0.5,0.0,0.0,35.0,0.5504,0,0,0,1,SAVE_ONLY,0,1,47.0
752,658,CAUTIOUS_INTROVERT,1,1,0,0,0,1,1,0,0,1,1,0.3333,0.0,0.0,1.0,1.0,45.0,0.3871,1,1,27730,0,NO,0,1,44.71
751,770,CAUTIOUS_INTROVERT,1,1,0,0,0,1,1,3,0,0,1,1.0,0.75,0.0,0.0,1.0,63.33,0.7128,1,0,0,1,YES,1,3,100.0
261,479,BUDGET_CONSCIOUS,2,1,1,0,0,0,1,0,0,0,0,0.3333,0.0,0.0,0.0,0.0,18.33,0.0,1,0,0,0,NO,0,0,0.33
36,86,SOCIAL_EXPLORER,0,0,0,1,1,1,1,1,0,0,0,0.3333,0.3333,0.0,0.0,0.0,48.33,0.6204,1,1,43747,0,YES,0,2,93.64
248,74,SOCIAL_EXPLORER,0,0,0,1,1,1,1,0,0,0,0,0.5,0.0,0.0,0.0,0.0,45.0,0.6189,1,1,35792,0,NO,0,1,47.53
875,994,SOCIAL_EXPLORER,0,1,2,1,0,0,1,2,0,0,0,0.3333,0.3333,0.0,0.0,0.0,30.83,0.3564,1,0,0,0,NO,0,0,12.83
39,472,SOCIAL_EXPLORER,0,0,0,1,1,1,1,2,2,0,0,0.5,0.2857,1.0,0.0,0.0,60.71,0.6873,0,0,0,1,YES,0,2,94.71
44,447,BUDGET_CONSCIOUS,2,0,2,0,1,0,1,1,0,0,1,1.0,0.1667,0.0,0.0,1.0,40.0,0.0119,0,0,0,0,NO,0,0,22.0
398,988,SELECTIVE_PLANNER,0,0,1,1,1,0,1,2,0,1,1,0.5,0.5,0.0,1.0,1.0,64.17,0.8598,1,1,46324,1,YES,1,3,100.0
269,260,SOCIAL_EXPLORER,1,1,0,0,0,1,1,1,0,0,0,1.0,0.1667,0.0,0.0,0.0,46.67,0.6167,1,1,43501,0,NO,0,1,51.9
676,936,CAUTIOUS_INTROVERT,0,0,1,1,1,0,1,2,1,0,1,0.3333,0.6667,1.0,0.0,1.0,64.17,0.6753,0,0,0,0,YES,0,2,86.17
295,449,CAUTIOUS_INTROVERT,1,0,1,0,1,0,1,2,0,0,1,1.0,0.3333,0.0,0.0,1.0,55.0,0.8137,1,0,0,1,YES,1,3,100.0
704,313,CAUTIOUS_INTROVERT,1,1,1,0,0,0,1,0,1,1,0,1.0,0.0,0.5,1.0,0.0,52.5,0.5682,0,0,0,0,NO,0,0,34.5
848,940,SOCIAL_EXPLORER,1,0,1,0,1,0,2,4,0,1,0,0.6667,1.0,0.0,1.0,0.0,66.67,0.7922,1,1,46686,1,YES,1,3,100.0
975,284,SELECTIVE_PLANNER,1,0,1,0,1,0,1,1,0,1,0,1.0,0.1667,0.0,1.0,0.0,56.67,0.7973,1,1,43701,1,YES,1,3,100.0
529,789,CAUTIOUS_INTROVERT,0,0,1,1,1,0,1,0,0,0,0,1.0,0.0,0.0,0.0,0.0,49.17,0.473,1,1,38962,1,SAVE_ONLY,0,1,82.81
515,33,SOCIAL_EXPLORER,2,1,1,0,0,0,1,0,0,0,0,0.5,0.0,0.0,0.0,0.0,21.67,0.4945,1,1,36868,1,SAVE_ONLY,0,1,54.57
198,1004,BUDGET_CONSCIOUS,2,1,2,0,0,0,1,1,0,0,0,0.3333,0.1667,0.0,0.0,0.0,15.83,0.0,0,0,0,0,NO,0,0,0.0
245,275,SELECTIVE_PLANNER,2,0,1,0,1,0,1,1,1,1,1,0.5,0.25,0.3333,1.0,1.0,50.83,0.7577,1,1,45482,1,YES,1,3,100.0
180,725,SOCIAL_EXPLORER,0,1,1,1,0,0,1,0,0,0,0,1.0,0.0,0.0,0.0,0.0,43.33,0.7249,0,0,0,0,YES,1,3,95.33
995,1012,SELECTIVE_PLANNER,0,2,1,1,0,0,1,0,1,0,0,1.0,0.0,0.5,0.0,0.0,42.5,0.3468,0,0,0,0,NO,0,0,24.5
485,741,BUDGET_CONSCIOUS,1,0,2,0,1,0,1,1,1,1,0,0.3333,0.3333,1.0,1.0,0.0,50.83,0.4858,1,0,0,0,NO,0,0,32.83
155,860,SPONTANEOUS_ADVENTURER,1,0,1,0,1,0,1,0,1,1,0,0.5,0.0,1.0,1.0,0.0,53.33,0.7705,0,0,0,1,YES,1,3,100.0
652,478,SOCIAL_EXPLORER,1,1,1,0,0,0,1,1,1,0,0,0.5,0.1667,1.0,0.0,0.0,40.83,0.5769,1,0,0,1,SAVE_ONLY,0,1,52.83
130,866,BUDGET_CONSCIOUS,0,1,0,1,0,1,1,1,0,0,0,1.0,0.2,0.0,0.0,0.0,53.17,0.7313,1,1,41679,0,YES,1,3,100.0
1003,174,BUDGET_CONSCIOUS,1,1,0,0,0,1,1,0,0,0,0,0.5,0.0,0.0,0.0,0.0,33.33,0.3795,1,1,23381,0,NO,0,1,31.51
301,674,BUDGET_CONSCIOUS,0,0,0,1,1,1,1,1,1,0,0,0.5,0.2,1.0,0.0,0.0,59.0,0.7658,1,1,51635,1,YES,1,3,100.0
632,251,SPONTANEOUS_ADVENTURER,2,2,1,0,0,0,1,1,1,1,0,1.0,0.1667,1.0,1.0,0.0,49.17,0.659,1,1,47181,0,YES,0,2,95.68
688,855,BUDGET_CONSCIOUS,1,2,1,0,0,0,1,1,1,1,1,0.5,0.25,1.0,1.0,1.0,51.67,0.5099,0,0,0,0,NO,0,0,33.67
44,894,BUDGET_CONSCIOUS,1,0,1,0,1,0,1,0,1,0,0,0.5,0.0,0.5,0.0,0.0,38.33,0.3027,0,0,0,0,NO,0,0,20.33
593,528,SPONTANEOUS_ADVENTURER,2,1,1,0,0,0,1,1,0,0,1,1.0,0.1667,0.0,0.0,1.0,40.0,0.6228,1,0,0,0,YES,0,2,62.0
812,651,BUDGET_CONSCIOUS,1,1,0,0,0,1,1,0,0,0,0,1.0,0.0,0.0,0.0,0.0,43.33,0.5816,1,1,40833,0,NO,0,1,47.62
537,487,SPONTANEOUS_ADVENTURER,0,0,0,1,1,1,1,1,1,0,1,0.3333,0.25,0.5,0.0,1.0,56.67,0.9899,1,1,63721,0,YES,1,3,100.0
588,983,SPONTANEOUS_ADVENTURER,1,0,0,0,1,1,1,0,1,0,0,1.0,0.0,1.0,0.0,0.0,59.17,0.902,1,1,48744,0,YES,1,3,100.0
414,277,CAUTIOUS_INTROVERT,0,0,1,1,1,0,1,1,1,0,0,1.0,0.25,1.0,0.0,0.0,64.17,0.6649,1,1,42205,0,YES,0,2,100.0
535,963,BUDGET_CONSCIOUS,1,1,1,0,0,0,2,1,0,1,1,0.6667,0.1667,0.0,1.0,1.0,49.17,0.4159,1,1,21319,0,NO,0,1,46.63
128,805,CAUTIOUS_INTROVERT,0,2,1,1,0,0,1,2,1,0,1,0.5,0.6667,0.5,0.0,1.0,50.83,0.5797,0,0,0,0,NO,0,0,32.83
746,893,SOCIAL_EXPLORER,1,1,0,0,0,1,1,0,0,0,0,0.5,0.0,0.0,0.0,0.0,33.33,0.5705,0,0,0,1,SAVE_ONLY,0,1,45.33
82,727,BUDGET_CONSCIOUS,0,2,2,1,0,0,1,3,1,0,1,0.5,0.5,0.3333,0.0,1.0,40.0,0.6832,0,0,0,1,YES,0,2,74.0
931,394,SPONTANEOUS_ADVENTURER,1,1,0,0,0,1,1,2,1,1,0,1.0,0.4,1.0,1.0,0.0,71.33,0.9373,1,1,63346,1,YES,1,3,100.0
638,32,CAUTIOUS_INTROVERT,1,0,1,0,1,0,1,2,1,0,0,0.5,0.3333,0.5,0.0,0.0,45.0,0.5467,1,1,33979,1,SAVE_ONLY,0,1,76.89
755,813,SELECTIVE_PLANNER,0,0,1,1,1,0,1,0,0,0,0,0.5,0.0,0.0,0.0,0.0,39.17,0.674,1,1,49879,1,YES,0,2,98.63
771,498,BUDGET_CONSCIOUS,1,0,0,0,1,1,1,1,0,0,0,0.5,0.25,0.0,0.0,0.0,44.17,0.408,1,0,0,0,NO,0,0,26.17
1002,477,CAUTIOUS_INTROVERT,1,2,0,0,0,1,1,1,0,0,0,0.5,0.2,0.0,0.0,0.0,31.5,0.3714,0,0,0,0,NO,0,0,13.5
620,996,CAUTIOUS_INTROVERT,1,2,1,0,0,0,1,2,2,1,1,0.5,0.5,1.0,1.0,1.0,56.67,0.8537,1,1,59245,1,SUPER_LIKE,1,3,100.0
74,265,SOCIAL_EXPLORER,0,2,0,1,0,1,1,1,1,0,0,1.0,0.1429,0.5,0.0,0.0,51.19,0.846,1,0,0,1,YES,1,3,100.0
147,410,SOCIAL_EXPLORER,1,1,1,0,0,0,1,1,1,1,1,1.0,0.1429,1.0,1.0,1.0,65.36,0.7335,1,1,38877,0,YES,1,3,100.0
324,393,SELECTIVE_PLANNER,0,0,1,1,1,0,1,1,1,0,0,1.0,0.2,1.0,0.0,0.0,63.17,0.9759,1,1,62803,1,YES,1,3,100.0
253,936,SOCIAL_EXPLORER,1,0,0,0,1,1,1,3,1,0,1,1.0,0.75,1.0,0.0,1.0,79.17,1.0,1,1,64637,0,YES,1,3,100.0
980,32,SELECTIVE_PLANNER,0,0,0,1,1,1,2,0,0,0,0,1.0,0.0,0.0,0.0,0.0,55.0,0.8102,1,1,50164,0,YES,1,3,100.0
164,330,BUDGET_CONSCIOUS,1,0,1,0,1,0,1,1,0,0,0,0.3333,0.1429,0.0,0.0,0.0,32.86,0.1901,1,0,0,0,NO,0,0,14.86
892,199,BUDGET_CONSCIOUS,2,1,0,0,0,1,1,0,0,0,0,1.0,0.0,0.0,0.0,0.0,37.5,0.0,1,0,0,0,NO,0,0,19.5
167,851,CAUTIOUS_INTROVERT,1,0,1,0,1,0,2,0,0,0,0,1.0,0.0,0.0,0.0,0.0,43.33,0.5336,1,0,0,0,NO,0,0,25.33
715,336,SOCIAL_EXPLORER,0,0,0,1,1,1,1,0,0,0,1,0.3333,0.0,0.0,0.0,1.0,46.67,0.6943,1,1,45889,1,YES,0,2,100.0
772,181,BUDGET_CONSCIOUS,1,1,2,0,0,0,1,0,0,0,0,1.0,0.0,0.0,0.0,0.0,31.67,0.4536,1,0,0,1,SAVE_ONLY,0,1,43.67
788,164,SPONTANEOUS_ADVENTURER,1,2,1,0,0,0,1,1,1,0,0,0.5,0.2,0.3333,0.0,0.0,29.0,0.4874,0,0,0,1,SAVE_ONLY,0,1,41.0
219,508,SOCIAL_EXPLORER,1,0,0,0,1,1,1,0,0,0,0,0.5,0.0,0.0,0.0,0.0,39.17,0.5635,1,1,44387,0,NO,0,1,44.71
889,123,SOCIAL_EXPLORER,1,0,1,0,1,0,1,0,0,0,0,0.5,0.0,0.0,0.0,0.0,33.33,0.5764,1,1,31368,1,SAVE_ONLY,0,1,64.31
184,381,SELECTIVE_PLANNER,2,1,0,0,0,1,1,1,1,0,0,1.0,0.2,0.5,0.0,0.0,46.5,0.1253,0,0,0,0,NO,0,0,28.5
934,925,BUDGET_CONSCIOUS,1,0,1,0,1,0,1,0,0,0,0,1.0,0.0,0.0,0.0,0.0,43.33,0.5526,1,1,38559,1,SAVE_ONLY,0,1,76.83
202,961,SOCIAL_EXPLORER,1,0,0,0,1,1,1,0,0,0,0,0.5,0.0,0.0,0.0,0.0,39.17,0.6998,1,0,0,1,YES,0,2,73.17
971,294,BUDGET_CONSCIOUS,1,0,2,0,1,0,1,0,0,0,0,1.0,0.0,0.0,0.0,0.0,37.5,0.3438,1,1,26956,0,NO,0,1,36.93
906,618,SOCIAL_EXPLORER,0,2,2,1,0,0,1,2,2,1,1,0.5,0.6667,1.0,1.0,1.0,60.0,0.651,0,0,0,1,YES,0,2,94.0
201,963,BUDGET_CONSCIOUS,1,1,0,0,0,1,2,1,0,0,0,0.6667,0.1667,0.0,0.0,0.0,40.0,0.2896,1,1,16408,0,NO,0,0,35.74
141,701,SOCIAL_EXPLORER,0,1,1,1,0,0,1,1,1,0,0,1.0,0.2,1.0,0.0,0.0,57.33,0.8295,1,1,50609,0,SUPER_LIKE,1,3,100.0
791,633,BUDGET_CONSCIOUS,0,1,1,1,0,0,1,0,0,0,0,1.0,0.0,0.0,0.0,0.0,43.33,0.6542,1,0,0,1,YES,0,2,77.33
990,272,SELECTIVE_PLANNER,1,1,0,0,0,1,1,2,1,1,1,0.5,0.5,1.0,1.0,1.0,68.33,0.5965,1,1,35237,1,SAVE_ONLY,0,1,100.0
555,364,BUDGET_CONSCIOUS,0,1,0,1,0,1,1,0,0,0,0,0.5,0.0,0.0,0.0,0.0,39.17,0.6663,1,1,36763,1,YES,0,2,94.04
124,408,SOCIAL_EXPLORER,2,1,0,0,0,1,1,0,0,0,0,0.3333,0.0,0.0,0.0,0.0,24.17,0.4968,1,0,0,0,NO,0,0,6.17
489,163,SOCIAL_EXPLORER,0,1,2,1,0,0,1,0,0,0,0,1.0,0.0,0.0,0.0,0.0,37.5,0.2226,0,0,0,0,NO,0,0,19.5
389,715,BUDGET_CONSCIOUS,1,0,0,0,1,1,1,0,0,0,0,0.3333,0.0,0.0,0.0,0.0,35.83,0.2547,0,0,0,0,NO,0,0,17.83
268,779,SOCIAL_EXPLORER,0,1,2,1,0,0,1,1,1,0,0,1.0,0.1667,0.3333,0.0,0.0,44.17,0.29,1,1,18861,0,NO,0,1,40.77
950,80,SELECTIVE_PLANNER,0,0,1,1,1,0,1,1,0,0,0,0.5,0.1667,0.0,0.0,0.0,42.5,0.5698,0,0,0,1,SAVE_ONLY,0,1,54.5
860,612,BUDGET_CONSCIOUS,0,1,1,1,0,0,1,0,0,0,0,1.0,0.0,0.0,0.0,0.0,43.33,0.6772,0,0,0,0,YES,0,2,65.33
473,511,SOCIAL_EXPLORER,0,1,0,1,0,1,1,2,1,1,0,0.5,0.3333,1.0,1.0,0.0,65.83,0.8473,1,1,49412,0,SUPER_LIKE,1,3,100.0
79,479,SPONTANEOUS_ADVENTURER,0,1,0,1,0,1,1,0,0,0,0,0.5,0.0,0.0,0.0,0.0,39.17,0.6213,0,0,0,1,YES,0,2,73.17
578,365,SELECTIVE_PLANNER,2,1,0,0,0,1,1,0,0,1,0,0.5,0.0,0.0,1.0,0.0,37.5,0.3027,0,0,0,0,NO,0,0,19.5
912,35,SOCIAL_EXPLORER,1,1,2,0,0,0,1,2,0,1,1,0.5,0.6667,0.0,1.0,1.0,50.0,0.4232,0,0,0,1,SAVE_ONLY,0,1,62.0
777,497,SPONTANEOUS_ADVENTURER,0,1,0,1,0,1,1,1,0,0,0,1.0,0.25,0.0,0.0,0.0,54.17,0.8479,1,1,46445,1,SUPER_LIKE,1,3,100.0
186,842,SOCIAL_EXPLORER,0,0,0,1,1,1,1,1,1,1,1,0.5,0.25,1.0,1.0,1.0,75.0,0.9278,1,1,63207,0,YES,1,3,100.0
819,125,BUDGET_CONSCIOUS,0,1,0,1,0,1,1,0,0,0,0,0.3333,0.0,0.0,0.0,0.0,35.83,0.3809,0,0,0,0,NO,0,0,17.83
877,39,CAUTIOUS_INTROVERT,1,0,2,0,1,0,1,2,0,0,0,0.5,0.3333,0.0,0.0,0.0,34.17,0.1834,0,0,0,0,NO,0,0,16.17
648,65,BUDGET_CONSCIOUS,2,1,1,0,0,0,1,2,0,1,1,0.5,0.4,0.0,1.0,1.0,44.67,0.0052,1,0,0,0,NO,0,0,26.67
111,444,CAUTIOUS_INTROVERT,0,1,1,1,0,0,1,2,1,1,1,0.5,0.3333,1.0,1.0,1.0,65.0,0.7969,0,0,0,0,YES,1,3,100.0
426,30,BUDGET_CONSCIOUS,1,1,1,0,0,0,1,1,0,1,0,1.0,0.1429,0.0,1.0,0.0,50.36,0.5656,0,0,0,0,NO,0,0,32.36
761,428,SOCIAL_EXPLORER,0,1,2,1,0,0,1,0,0,0,0,0.3333,0.0,0.0,0.0,0.0,24.17,0.2755,0,0,0,0,NO,0,0,6.17
848,463,SOCIAL_EXPLORER,0,1,1,1,0,0,1,1,0,0,0,0.3333,0.1429,0.0,0.0,0.0,32.86,0.5959,1,1,38932,1,SAVE_ONLY,0,1,66.49
423,244,SOCIAL_EXPLORER,1,0,2,0,1,0,1,1,2,1,0,0.3333,0.1667,1.0,1.0,0.0,47.5,0.5218,0,0,0,1,SAVE_ONLY,0,1,59.5
131,73,CAUTIOUS_INTROVERT,1,1,2,0,0,0,1,2,1,1,1,0.5,0.4,0.5,1.0,1.0,49.67,0.5587,0,0,0,0,NO,0,0,31.67
83,53,BUDGET_CONSCIOUS,1,1,1,0,0,0,1,0,2,1,0,0.5,0.0,1.0,1.0,0.0,47.5,0.3706,1,1,18811,0,NO,0,1,44.08
263,483,BUDGET_CONSCIOUS,0,1,1,1,0,0,1,1,1,0,0,0.5,0.1667,1.0,0.0,0.0,46.67,0.6273,0,0,0,0,YES,0,2,68.67
37,622,SOCIAL_EXPLORER,0,2,1,1,0,0,1,1,1,0,0,1.0,0.2,1.0,0.0,0.0,51.5,0.6452,1,1,38242,0,YES,0,2,94.88
40,1009,BUDGET_CONSCIOUS,0,2,1,1,0,0,1,1,1,0,0,0.3333,0.25,1.0,0.0,0.0,39.17,0.6681,1,0,0,0,YES,0,2,61.17
613,424,SOCIAL_EXPLORER,1,0,0,0,1,1,1,1,0,1,1,1.0,0.1667,0.0,1.0,1.0,67.5,0.8036,1,1,52942,1,YES,1,3,100.0
257,1009,CAUTIOUS_INTROVERT,1,2,0,0,0,1,1,2,1,0,0,0.5,0.6667,1.0,0.0,0.0,50.83,0.6816,1,1,42507,0,YES,0,2,95.71
850,46,SPONTANEOUS_ADVENTURER,1,1,1,0,0,0,1,1,1,0,1,0.5,0.25,0.5,0.0,1.0,42.5,0.6684,1,1,41884,0,YES,0,2,87.16
390,34,BUDGET_CONSCIOUS,0,0,0,1,1,1,1,1,0,0,0,1.0,0.125,0.0,0.0,0.0,57.5,0.8328,0,0,0,0,YES,1,3,100.0
984,378,SOCIAL_EXPLORER,2,0,0,0,1,1,1,1,1,0,0,0.5,0.2,1.0,0.0,0.0,47.33,0.6804,0,0,0,0,YES,0,2,69.33
22,257,SOCIAL_EXPLORER,1,2,2,0,0,0,1,0,0,0,1,1.0,0.0,0.0,0.0,1.0,30.83,0.1206,0,0,0,0,NO,0,0,12.83
153,351,SOCIAL_EXPLORER,1,1,0,0,0,1,1,0,1,1,0,1.0,0.0,1.0,1.0,0.0,63.33,0.954,1,1,61702,0,YES,1,3,100.0
720,721,SPONTANEOUS_ADVENTURER,1,0,0,0,1,1,1,0,0,0,0,0.3333,0.0,0.0,0.0,0.0,35.83,0.607,1,1,42690,1,SAVE_ONLY,0,1,70.77
346,194,SPONTANEOUS_ADVENTURER,0,1,1,1,0,0,1,1,1,1,1,1.0,0.2,0.5,1.0,1.0,67.33,0.9306,1,0,0,0,SUPER_LIKE,1,3,100.0
724,497,CAUTIOUS_INTROVERT,0,1,1,1,0,0,1,0,0,0,0,0.5,0.0,0.0,0.0,0.0,33.33,0.2971,1,1,27714,0,NO,0,1,33.03
661,336,SOCIAL_EXPLORER,0,0,0,1,1,1,1,0,0,0,1,0.5,0.0,0.0,0.0,1.0,50.0,0.6652,0,0,0,0,YES,0,2,72.0
84,557,SELECTIVE_PLANNER,0,0,0,1,1,1,1,1,0,0,1,1.0,0.25,0.0,0.0,1.0,65.0,0.7858,1,1,56274,1,YES,1,3,100.0
585,576,BUDGET_CONSCIOUS,0,0,1,1,1,0,1,0,0,0,0,0.5,0.0,0.0,0.0,0.0,39.17,0.4973,1,0,0,1,SAVE_ONLY,0,1,51.17
419,791,CAUTIOUS_INTROVERT,2,1,1,0,0,0,1,1,0,0,0,1.0,0.25,0.0,0.0,0.0,36.67,0.461,1,0,0,1,SAVE_ONLY,0,1,48.67
588,411,SPONTANEOUS_ADVENTURER,1,0,1,0,1,0,1,0,0,0,0,0.5,0.0,0.0,0.0,0.0,33.33,0.6316,1,1,37365,1,YES,0,2,88.41
969,161,CAUTIOUS_INTROVERT,1,1,1,0,0,0,2,3,0,1,1,0.6667,0.75,0.0,1.0,1.0,60.83,0.6627,1,1,37042,0,YES,0,2,100.0
796,333,SOCIAL_EXPLORER,1,1,0,0,0,1,1,1,0,0,0,1.0,0.2,0.0,0.0,0.0,47.33,0.5267,0,0,0,1,SAVE_ONLY,0,1,59.33
268,808,SOCIAL_EXPLORER,1,0,1,0,1,0,1,0,0,0,0,1.0,0.0,0.0,0.0,0.0,43.33,0.7092,1,1,51057,1,YES,1,3,100.0
914,321,CAUTIOUS_INTROVERT,0,1,2,1,0,0,1,0,0,0,0,0.3333,0.0,0.0,0.0,0.0,24.17,0.0,0,0,0,0,NO,0,0,6.17
824,343,SOCIAL_EXPLORER,1,0,0,0,1,1,1,1,1,1,0,1.0,0.2,1.0,1.0,0.0,73.17,1.0,1,1,63271,1,YES,1,3,100.0
55,452,SPONTANEOUS_ADVENTURER,1,1,0,0,0,1,1,1,0,0,0,1.0,0.1429,0.0,0.0,0.0,46.19,0.4866,0,0,0,1,SAVE_ONLY,0,1,58.19
775,472,BUDGET_CONSCIOUS,1,0,1,0,1,0,1,1,1,0,0,0.5,0.1667,0.5,0.0,0.0,41.67,0.433,1,0,0,0,NO,0,0,23.67
728,554,CAUTIOUS_INTROVERT,1,0,0,0,1,1,1,3,1,0,1,0.5,0.75,1.0,0.0,1.0,69.17,0.978,1,1,58912,0,YES,1,3,100.0
638,657,CAUTIOUS_INTROVERT,2,0,0,0,1,1,1,3,1,1,1,1.0,0.75,0.5,1.0,1.0,78.33,1.0,1,1,61447,0,YES,1,3,100.0
780,894,CAUTIOUS_INTROVERT,1,1,0,0,0,1,1,1,0,0,0,0.5,0.25,0.0,0.0,0.0,38.33,0.441,1,0,0,0,NO,0,0,20.33
851,599,SELECTIVE_PLANNER,0,0,0,1,1,1,1,2,1,1,1,0.3333,0.5,0.5,1.0,1.0,71.67,1.0,1,1,62671,0,YES,1,3,100.0
755,180,SELECTIVE_PLANNER,0,0,1,1,1,0,1,0,0,0,0,1.0,0.0,0.0,0.0,0.0,49.17,0.6888,0,0,0,1,YES,0,2,83.17
378,822,BUDGET_CONSCIOUS,2,1,0,0,0,1,1,1,1,0,0,0.5,0.1667,1.0,0.0,0.0,40.83,0.1382,0,0,0,0,NO,0,0,22.83
66,124,SPONTANEOUS_ADVENTURER,1,0,1,0,1,0,1,1,1,0,1,0.3333,0.3333,0.5,0.0,1.0,46.67,0.6064,0,0,0,1,SAVE_ONLY,0,1,58.67
255,891,CAUTIOUS_INTROVERT,1,1,1,0,0,0,1,1,0,0,0,1.0,0.1667,0.0,0.0,0.0,40.83,0.5155,1,0,0,1,SAVE_ONLY,0,1,52.83
647,367,SOCIAL_EXPLORER,0,1,0,1,0,1,1,1,1,0,1,0.5,0.25,0.3333,0.0,1.0,52.5,0.6516,1,0,0,1,YES,0,2,86.5
675,898,SELECTIVE_PLANNER,2,0,1,0,1,0,1,0,0,0,0,0.5,0.0,0.0,0.0,0.0,27.5,0.4259,1,0,0,1,SAVE_ONLY,0,1,39.5
317,160,BUDGET_CONSCIOUS,0,0,2,1,1,0,1,0,0,1,0,0.3333,0.0,0.0,1.0,0.0,40.0,0.5574,1,1,44458,0,NO,0,1,45.56
364,622,BUDGET_CONSCIOUS,1,0,1,0,1,0,1,0,0,0,1,1.0,0.0,0.0,0.0,1.0,48.33,0.4096,1,1,33773,0,NO,0,1,50.15
103,200,BUDGET_CONSCIOUS,0,1,1,1,0,0,1,1,1,0,1,0.3333,0.2,1.0,0.0,1.0,49.0,0.7833,1,0,0,1,YES,1,3,100.0
168,293,BUDGET_CONSCIOUS,2,1,1,0,0,0,1,0,0,0,0,1.0,0.0,0.0,0.0,0.0,31.67,0.0,1,0,0,0,NO,0,0,13.67
335,101,SPONTANEOUS_ADVENTURER,2,0,1,0,1,0,1,2,1,0,0,0.3333,0.4,0.5,0.0,0.0,37.17,0.5365,0,0,0,0,NO,0,0,19.17
985,492,SOCIAL_EXPLORER,1,0,2,0,1,0,1,2,1,1,0,1.0,0.5,1.0,1.0,0.0,67.5,0.7428,1,0,0,1,YES,1,3,100.0
824,459,SOCIAL_EXPLORER,1,1,1,0,0,0,1,2,1,0,0,0.5,0.4,1.0,0.0,0.0,45.5,0.5184,0,0,0,1,SAVE_ONLY,0,1,57.5
972,481,CAUTIOUS_INTROVERT,1,1,1,0,0,0,1,1,0,0,0,1.0,0.1667,0.0,0.0,0.0,40.83,0.5499,0,0,0,1,SAVE_ONLY,0,1,52.83
737,866,SOCIAL_EXPLORER,1,1,1,0,0,0,1,0,1,0,0,1.0,0.0,0.3333,0.0,0.0,40.83,0.6589,1,1,46639,1,YES,0,2,99.15
584,483,SPONTANEOUS_ADVENTURER,2,1,1,0,0,0,1,0,1,0,0,1.0,0.0,1.0,0.0,0.0,41.67,0.6484,1,0,0,1,YES,0,2,75.67
826,324,BUDGET_CONSCIOUS,2,0,1,0,1,0,1,0,1,0,0,1.0,0.0,1.0,0.0,0.0,47.5,0.0682,1,1,17688,0,NO,0,0,43.69
296,818,BUDGET_CONSCIOUS,2,0,1,0,1,0,1,3,1,1,1,0.5,0.75,1.0,1.0,1.0,67.5,0.4391,1,1,26404,0,NO,0,1,66.74
823,162,SPONTANEOUS_ADVENTURER,1,0,0,0,1,1,1,0,0,0,0,1.0,0.0,0.0,0.0,0.0,49.17,0.645,1,1,42529,1,YES,0,2,100.0
687,493,BUDGET_CONSCIOUS,2,1,1,0,0,0,1,1,1,0,0,0.3333,0.2,1.0,0.0,0.0,32.33,0.0542,0,0,0,0,NO,0,0,14.33
393,194,CAUTIOUS_INTROVERT,0,1,2,1,0,0,1,0,0,0,0,1.0,0.0,0.0,0.0,0.0,37.5,0.0357,0,0,0,0,NO,0,0,19.5
494,740,SOCIAL_EXPLORER,1,0,1,0,1,0,1,1,0,0,0,1.0,0.1429,0.0,0.0,0.0,46.19,0.7027,1,1,41037,0,YES,1,3,100.0
36,819,SOCIAL_EXPLORER,2,0,0,0,1,1,1,0,0,0,0,0.3333,0.0,0.0,0.0,0.0,30.0,0.6037,1,1,32264,1,SAVE_ONLY,0,1,61.29
147,738,SOCIAL_EXPLORER,0,1,1,1,0,0,1,2,1,1,1,0.5,0.3333,1.0,1.0,1.0,65.0,0.8368,1,1,52910,0,YES,1,3,100.0
196,969,SPONTANEOUS_ADVENTURER,0,1,1,1,0,0,1,2,0,0,1,0.3333,0.3333,0.0,0.0,1.0,41.67,0.8217,1,0,0,1,YES,1,3,100.0
81,574,SOCIAL_EXPLORER,2,1,2,0,0,0,1,0,0,0,0,0.3333,0.0,0.0,0.0,0.0,12.5,0.1536,0,0,0,0,NO,0,0,0.0
451,78,CAUTIOUS_INTROVERT,1,1,0,0,0,1,1,0,0,0,0,0.5,0.0,0.0,0.0,0.0,33.33,0.3358,1,1,28864,0,NO,0,1,33.43
676,964,CAUTIOUS_INTROVERT,1,1,0,0,0,1,2,0,0,0,0,0.6667,0.0,0.0,0.0,0.0,36.67,0.3476,0,0,0,0,NO,0,0,18.67
667,57,BUDGET_CONSCIOUS,2,1,2,0,0,0,1,0,0,0,0,0.5,0.0,0.0,0.0,0.0,15.83,0.0,0,0,0,0,NO,0,0,0.0
871,702,CAUTIOUS_INTROVERT,0,1,2,1,0,0,1,0,0,0,0,0.5,0.0,0.0,0.0,0.0,27.5,0.0,1,0,0,0,NO,0,0,9.5
223,34,BUDGET_CONSCIOUS,0,1,0,1,0,1,1,2,1,0,0,1.0,0.3333,0.5,0.0,0.0,60.83,0.8473,1,1,56675,0,YES,1,3,100.0
71,467,SELECTIVE_PLANNER,2,2,1,0,0,0,1,1,0,0,0,1.0,0.25,0.0,0.0,0.0,30.83,0.1952,1,0,0,0,NO,0,0,12.83
605,264,SOCIAL_EXPLORER,0,1,0,1,0,1,1,0,0,0,0,0.3333,0.0,0.0,0.0,0.0,35.83,0.639,1,1,35290,1,YES,0,2,90.18
179,769,CAUTIOUS_INTROVERT,1,0,0,0,1,1,1,2,1,0,1,1.0,0.5,1.0,0.0,1.0,74.17,1.0,1,1,66476,0,SUPER_LIKE,1,3,100.0
373,517,SOCIAL_EXPLORER,0,0,1,1,1,0,1,0,0,0,0,1.0,0.0,0.0,0.0,0.0,49.17,0.7263,1,1,43341,1,YES,1,3,100.0
338,766,SELECTIVE_PLANNER,0,1,0,1,0,1,1,1,1,0,0,0.5,0.2,0.5,0.0,0.0,48.17,0.41,1,0,0,0,NO,0,0,30.17
54,640,CAUTIOUS_INTROVERT,2,0,2,0,1,0,1,2,1,1,0,1.0,0.3333,1.0,1.0,0.0,58.33,0.6256,1,0,0,0,YES,0,2,80.33
650,69,SOCIAL_EXPLORER,0,0,0,1,1,1,1,0,0,0,0,0.5,0.0,0.0,0.0,0.0,45.0,0.5806,1,0,0,1,SAVE_ONLY,0,1,57.0
323,846,SOCIAL_EXPLORER,1,2,0,0,0,1,1,1,0,0,0,0.5,0.25,0.0,0.0,0.0,32.5,0.3792,1,0,0,0,NO,0,0,14.5
958,586,CAUTIOUS_INTROVERT,1,1,1,0,0,0,1,0,0,0,0,1.0,0.0,0.0,0.0,0.0,37.5,0.3516,1,1,27590,0,NO,0,1,37.16
436,586,CAUTIOUS_INTROVERT,1,1,1,0,0,0,1,1,0,0,0,1.0,0.1667,0.0,0.0,0.0,40.83,0.4307,0,0,0,0,NO,0,0,22.83
420,897,SOCIAL_EXPLORER,1,0,2,0,1,0,1,1,0,0,0,0.5,0.1429,0.0,0.0,0.0,30.36,0.2055,1,0,0,0,NO,0,0,12.36
135,115,SOCIAL_EXPLORER,1,2,1,0,0,0,1,1,0,0,0,1.0,0.1429,0.0,0.0,0.0,34.52,0.5486,1,0,0,1,SAVE_ONLY,0,1,46.52
46,202,SOCIAL_EXPLORER,0,0,1,1,1,0,1,1,0,0,0,0.5,0.2,0.0,0.0,0.0,43.17,0.6667,1,1,34778,0,YES,0,2,85.34
772,91,BUDGET_CONSCIOUS,2,0,2,0,1,0,1,4,1,1,0,1.0,1.0,0.5,1.0,0.0,66.67,0.2421,0,0,0,0,NO,0,0,48.67
969,216,CAUTIOUS_INTROVERT,1,0,1,0,1,0,2,4,1,1,1,0.6667,1.0,0.5,1.0,1.0,76.67,1.0,1,1,68319,1,YES,1,3,100.0
853,523,SOCIAL_EXPLORER,1,1,1,0,0,0,1,1,0,0,0,1.0,0.1667,0.0,0.0,0.0,40.83,0.6846,1,1,41504,0,YES,0,2,85.36
513,277,CAUTIOUS_INTROVERT,1,0,1,0,1,0,1,0,0,1,0,1.0,0.0,0.0,1.0,0.0,53.33,0.5132,0,0,0,1,SAVE_ONLY,0,1,65.33
431,651,BUDGET_CONSCIOUS,1,0,0,0,1,1,1,0,0,0,0,1.0,0.0,0.0,0.0,0.0,49.17,0.3857,1,1,31413,0,NO,0,1,50.16
33,431,BUDGET_CONSCIOUS,0,1,0,1,0,1,1,0,0,0,0,1.0,0.0,0.0,0.0,0.0,49.17,0.6536,1,1,44794,1,YES,0,2,100.0
90,336,SOCIAL_EXPLORER,0,2,0,1,0,1,1,0,0,0,0,0.5,0.0,0.0,0.0,0.0,33.33,0.5904,1,0,0,0,NO,0,0,15.33
578,480,SELECTIVE_PLANNER,2,0,0,0,1,1,1,1,0,1,0,0.3333,0.2,0.0,1.0,0.0,44.0,0.6929,1,1,37365,0,YES,0,2,87.08
624,705,BUDGET_CONSCIOUS,1,1,1,0,0,0,2,4,2,1,0,0.6667,0.8,1.0,1.0,0.0,66.83,0.6325,1,1,45423,1,YES,0,2,100.0
544,223,BUDGET_CONSCIOUS,0,1,0,1,0,1,1,1,0,0,0,1.0,0.2,0.0,0.0,0.0,53.17,0.7671,1,1,47620,0,YES,1,3,100.0
377,630,BUDGET_CONSCIOUS,0,0,1,1,1,0,1,0,0,0,0,1.0,0.0,0.0,0.0,0.0,49.17,0.75,1,1,53579,1,YES,1,3,100.0
631,799,BUDGET_CONSCIOUS,2,1,0,0,0,1,2,2,1,1,0,1.0,0.4,1.0,1.0,0.0,65.5,0.439,1,1,34358,0,NO,0,1,67.53
488,256,SOCIAL_EXPLORER,0,0,1,1,1,0,1,0,1,0,0,1.0,0.0,0.5,0.0,0.0,54.17,0.6607,1,1,35484,1,YES,0,2,100.0
100,794,SOCIAL_EXPLORER,0,0,1,1,1,0,1,1,1,1,1,0.5,0.2,1.0,1.0,1.0,68.17,0.7324,1,0,0,0,YES,1,3,100.0
201,732,BUDGET_CONSCIOUS,0,2,2,1,0,0,1,0,0,0,0,0.5,0.0,0.0,0.0,0.0,21.67,0.3987,1,0,0,0,NO,0,0,3.67
632,326,SPONTANEOUS_ADVENTURER,1,1,0,0,0,1,1,1,0,0,0,1.0,0.2,0.0,0.0,0.0,47.33,0.7626,0,0,0,1,YES,1,3,100.0
862,295,BUDGET_CONSCIOUS,1,1,0,0,0,1,1,2,1,0,1,1.0,0.4,0.5,0.0,1.0,61.33,0.7561,1,1,44517,0,YES,1,3,100.0
919,650,SOCIAL_EXPLORER,1,0,0,0,1,1,1,0,0,0,0,0.3333,0.0,0.0,0.0,0.0,35.83,0.6464,0,0,0,0,YES,0,2,57.83
289,967,BUDGET_CONSCIOUS,1,1,1,0,0,0,1,0,1,0,0,1.0,0.0,0.5,0.0,0.0,42.5,0.3223,1,0,0,0,NO,0,0,24.5
288,723,CAUTIOUS_INTROVERT,2,0,1,0,1,0,1,0,1,1,0,1.0,0.0,0.5,1.0,0.0,52.5,0.4182,1,0,0,0,NO,0,0,34.5
753,228,SELECTIVE_PLANNER,1,1,1,0,0,0,1,3,0,0,1,1.0,0.6,0.0,0.0,1.0,54.5,0.2046,1,1,16219,0,NO,0,0,50.18
989,859,BUDGET_CONSCIOUS,0,2,0,1,0,1,1,1,0,0,0,1.0,0.2,0.0,0.0,0.0,47.33,0.5916,1,0,0,1,SAVE_ONLY,0,1,59.33
252,548,SOCIAL_EXPLORER,1,0,2,0,1,0,1,0,0,0,0,0.3333,0.0,0.0,0.0,0.0,24.17,0.2864,0,0,0,0,NO,0,0,6.17
589,509,SOCIAL_EXPLORER,1,0,0,0,1,1,1,1,0,0,0,0.5,0.2,0.0,0.0,0.0,43.17,0.5266,0,0,0,1,SAVE_ONLY,0,1,55.17
884,836,CAUTIOUS_INTROVERT,0,2,2,1,0,0,1,2,1,1,0,1.0,0.4,1.0,1.0,0.0,59.67,0.5137,0,0,0,1,SAVE_ONLY,0,1,71.67
550,178,CAUTIOUS_INTROVERT,2,1,1,0,0,0,1,1,1,0,1,0.5,0.2,1.0,0.0,1.0,40.67,0.2838,1,1,26920,0,NO,0,1,40.09
74,990,SOCIAL_EXPLORER,0,2,1,1,0,0,1,1,1,0,0,0.5,0.1429,0.5,0.0,0.0,35.36,0.5416,0,0,0,1,SAVE_ONLY,0,1,47.36
921,222,SPONTANEOUS_ADVENTURER,1,0,1,0,1,0,1,2,1,0,0,0.5,0.4,0.5,0.0,0.0,46.33,0.8022,0,0,0,0,YES,1,3,98.33
885,637,BUDGET_CONSCIOUS,1,1,1,0,0,0,1,2,1,0,0,0.5,0.5,1.0,0.0,0.0,47.5,0.4253,0,0,0,1,SAVE_ONLY,0,1,59.5
161,49,SPONTANEOUS_ADVENTURER,1,1,1,0,0,0,1,1,0,0,0,0.5,0.1429,0.0,0.0,0.0,30.36,0.5667,1,1,34507,0,NO,0,1,32.44
338,895,PASSIVE_BROWSER,1,0,0,0,1,1,1,1,1,0,0,0.5,0.25,1.0,0.0,0.0,54.17,0.4279,0,0,0,1,SAVE_ONLY,0,1,66.17
984,843,SOCIAL_EXPLORER,1,0,1,0,1,0,1,1,1,0,0,0.5,0.2,0.5,0.0,0.0,42.33,0.6225,1,1,34880,1,YES,0,2,96.54
302,778,CAUTIOUS_INTROVERT,0,1,0,1,0,1,1,1,1,0,0,1.0,0.2,0.5,0.0,0.0,58.17,0.6941,1,1,47726,1,YES,0,2,100.0
999,260,SOCIAL_EXPLORER,1,0,0,0,1,1,1,1,0,0,0,1.0,0.2,0.0,0.0,0.0,53.17,0.8803,1,1,56983,0,YES,1,3,100.0
440,360,SOCIAL_EXPLORER,1,0,0,0,1,1,1,3,1,1,1,0.5,1.0,1.0,1.0,1.0,84.17,1.0,1,1,68659,1,YES,1,3,100.0
512,421,SPONTANEOUS_ADVENTURER,1,0,1,0,1,0,1,2,0,0,1,0.5,0.4,0.0,0.0,1.0,46.33,0.596,0,0,0,0,NO,0,0,28.33
211,305,SPONTANEOUS_ADVENTURER,0,1,1,1,0,0,1,1,1,0,0,0.3333,0.1667,1.0,0.0,0.0,43.33,0.6515,0,0,0,0,YES,0,2,65.33
61,912,PASSIVE_BROWSER,0,1,1,1,0,0,1,0,0,0,0,1.0,0.0,0.0,0.0,0.0,43.33,0.2408,1,1,22020,0,NO,0,1,41.04
758,546,CAUTIOUS_INTROVERT,1,0,0,0,1,1,1,0,0,0,0,1.0,0.0,0.0,0.0,0.0,49.17,0.5689,1,1,38170,0,NO,0,1,52.53
649,69,BUDGET_CONSCIOUS,1,1,0,0,0,1,1,1,1,0,1,0.3333,0.2,1.0,0.0,1.0,49.0,0.6266,0,0,0,0,YES,0,2,71.0
320,670,SPONTANEOUS_ADVENTURER,1,0,1,0,1,0,1,1,0,0,0,0.3333,0.2,0.0,0.0,0.0,34.0,0.7226,1,1,47553,0,YES,1,3,100.0
904,262,SOCIAL_EXPLORER,1,0,0,0,1,1,1,0,1,0,0,1.0,0.0,1.0,0.0,0.0,59.17,0.6651,0,0,0,0,YES,0,2,81.17
202,59,PASSIVE_BROWSER,2,0,1,0,1,0,1,1,2,0,0,1.0,0.2,1.0,0.0,0.0,51.5,0.2793,0,0,0,0,NO,0,0,33.5
853,100,SOCIAL_EXPLORER,1,1,0,0,0,1,1,0,0,0,0,1.0,0.0,0.0,0.0,0.0,43.33,0.5884,1,1,36655,1,SAVE_ONLY,0,1,76.16
537,935,SPONTANEOUS_ADVENTURER,0,0,0,1,1,1,1,1,1,0,0,0.5,0.2,0.5,0.0,0.0,54.0,0.8047,1,0,0,0,YES,1,3,100.0
814,91,BUDGET_CONSCIOUS,2,2,1,0,0,0,1,1,0,0,0,1.0,0.2,0.0,0.0,0.0,29.83,0.0,0,0,0,0,NO,0,0,11.83
756,329,SOCIAL_EXPLORER,1,0,2,0,1,0,1,3,0,1,1,0.5,0.6,0.0,1.0,1.0,54.5,0.5667,1,1,40528,1,SAVE_ONLY,0,1,88.68
665,911,SOCIAL_EXPLORER,0,2,2,1,0,0,1,3,1,1,1,1.0,0.75,0.5,1.0,1.0,66.67,0.5029,1,1,31717,0,NO,0,1,67.77
1006,24,CAUTIOUS_INTROVERT,1,1,0,0,0,1,1,0,0,0,0,1.0,0.0,0.0,0.0,0.0,43.33,0.4928,1,1,30116,1,SAVE_ONLY,0,1,73.87
939,473,SOCIAL_EXPLORER,1,0,1,0,1,0,1,1,0,0,0,1.0,0.2,0.0,0.0,0.0,47.33,0.6881,1,1,43554,1,YES,0,2,100.0
98,963,BUDGET_CONSCIOUS,1,0,2,0,1,0,1,1,0,0,0,0.3333,0.1667,0.0,0.0,0.0,27.5,0.303,0,0,0,0,NO,0,0,9.5
646,790,CAUTIOUS_INTROVERT,1,0,0,0,1,1,1,1,1,1,0,1.0,0.1667,1.0,1.0,0.0,72.5,0.8479,1,1,57877,1,SUPER_LIKE,1,3,100.0
894,712,SPONTANEOUS_ADVENTURER,1,0,1,0,1,0,1,2,1,1,1,0.25,0.6667,1.0,1.0,1.0,66.67,1.0,1,1,54339,0,YES,1,3,100.0
999,912,SOCIAL_EXPLORER,0,2,0,1,0,1,1,1,0,0,0,1.0,0.2,0.0,0.0,0.0,47.33,0.7069,1,1,43539,0,YES,1,3,100.0
275,940,BUDGET_CONSCIOUS,1,1,1,0,0,0,1,2,1,1,0,0.5,0.5,0.5,1.0,0.0,52.5,0.4254,1,1,36737,1,SAVE_ONLY,0,1,85.36
255,530,CAUTIOUS_INTROVERT,0,1,1,1,0,0,1,3,1,0,1,1.0,0.5,0.5,0.0,1.0,63.33,0.6794,0,0,0,0,YES,0,2,85.33
321,134,SOCIAL_EXPLORER,1,2,0,0,0,1,1,2,1,1,1,0.5,0.6667,1.0,1.0,1.0,65.83,0.9253,1,1,53903,0,YES,1,3,100.0
558,463,SELECTIVE_PLANNER,1,1,0,0,0,1,1,0,0,0,0,1.0,0.0,0.0,0.0,0.0,43.33,0.1212,0,0,0,0,NO,0,0,25.33
471,372,SOCIAL_EXPLORER,0,0,1,1,1,0,1,0,0,0,0,1.0,0.0,0.0,0.0,0.0,49.17,0.7402,1,1,53465,1,YES,1,3,100.0
722,780,SOCIAL_EXPLORER,0,0,1,1,1,0,1,0,1,0,1,1.0,0.0,0.5,0.0,1.0,59.17,0.8053,1,1,44202,0,YES,1,3,100.0
351,615,BUDGET_CONSCIOUS,0,2,2,1,0,0,1,0,0,1,0,0.5,0.0,0.0,1.0,0.0,31.67,0.5495,1,1,34799,1,SAVE_ONLY,0,1,63.85
959,122,SELECTIVE_PLANNER,2,0,1,0,1,0,1,2,1,1,0,0.3333,0.6667,0.5,1.0,0.0,52.5,0.593,1,1,46117,1,SAVE_ONLY,0,1,88.64
1002,649,CAUTIOUS_INTROVERT,1,1,2,0,0,0,1,0,0,0,1,0.3333,0.0,0.0,0.0,1.0,23.33,0.1688,1,1,14818,0,NO,0,0,18.52
693,392,SOCIAL_EXPLORER,0,1,0,1,0,1,1,1,1,1,0,0.5,0.2,0.5,1.0,0.0,58.17,0.7235,1,0,0,0,YES,1,3,100.0
260,832,SOCIAL_EXPLORER,1,0,2,0,1,0,1,1,0,0,0,1.0,0.2,0.0,0.0,0.0,41.5,0.4731,0,0,0,1,SAVE_ONLY,0,1,53.5
485,457,BUDGET_CONSCIOUS,1,0,2,0,1,0,1,2,1,1,0,1.0,0.6667,0.5,1.0,0.0,65.83,0.6629,0,0,0,0,YES,0,2,87.83
439,862,BUDGET_CONSCIOUS,0,1,0,1,0,1,1,0,0,0,0,1.0,0.0,0.0,0.0,0.0,49.17,0.7175,1,0,0,0,YES,1,3,100.0
721,766,SOCIAL_EXPLORER,1,1,0,0,0,1,1,2,2,1,1,0.5,0.3333,1.0,1.0,1.0,65.0,0.9144,1,1,50963,0,SUPER_LIKE,1,3,100.0
858,229,SOCIAL_EXPLORER,1,1,0,0,0,1,1,0,0,1,0,0.3333,0.0,0.0,1.0,0.0,40.0,0.6561,1,1,39245,0,YES,0,2,83.74
35,917,BUDGET_CONSCIOUS,1,1,0,0,0,1,1,0,0,0,0,0.5,0.0,0.0,0.0,0.0,33.33,0.3379,0,0,0,0,NO,0,0,15.33
93,798,CAUTIOUS_INTROVERT,1,0,1,0,1,0,1,0,1,0,1,1.0,0.0,0.5,0.0,1.0,53.33,0.4265,0,0,0,1,SAVE_ONLY,0,1,65.33
987,163,SOCIAL_EXPLORER,1,0,2,0,1,0,1,0,0,0,0,1.0,0.0,0.0,0.0,0.0,37.5,0.3724,0,0,0,0,NO,0,0,19.5
973,73,BUDGET_CONSCIOUS,0,0,0,1,1,1,1,0,0,0,0,0.3333,0.0,0.0,0.0,0.0,41.67,0.5363,1,1,32126,0,NO,0,1,42.91
371,804,CAUTIOUS_INTROVERT,1,0,1,0,1,0,1,0,0,0,0,1.0,0.0,0.0,0.0,0.0,43.33,0.1192,0,0,0,0,NO,0,0,25.33
856,724,BUDGET_CONSCIOUS,1,0,1,0,1,0,1,1,1,1,1,0.5,0.2,0.3333,1.0,1.0,55.67,0.6819,1,0,0,1,YES,0,2,89.67
959,842,CAUTIOUS_INTROVERT,1,1,1,0,0,0,1,0,0,0,0,0.3333,0.0,0.0,0.0,0.0,24.17,0.0812,1,1,17251,0,NO,0,0,20.21
789,952,SPONTANEOUS_ADVENTURER,1,1,1,0,0,0,1,0,0,0,0,1.0,0.0,0.0,0.0,0.0,37.5,0.6525,1,0,0,0,YES,0,2,59.5
957,398,SOCIAL_EXPLORER,0,1,1,1,0,0,1,0,0,0,0,0.3333,0.0,0.0,0.0,0.0,30.0,0.6374,1,0,0,0,YES,0,2,52.0
598,32,CAUTIOUS_INTROVERT,0,1,1,1,0,0,1,1,1,1,0,0.3333,0.2,1.0,1.0,0.0,54.0,0.5667,1,0,0,1,SAVE_ONLY,0,1,66.0
570,721,BUDGET_CONSCIOUS,1,1,0,0,0,1,2,3,1,1,1,1.0,0.6,0.5,1.0,1.0,75.33,0.6223,0,0,0,0,YES,0,2,97.33
985,152,SOCIAL_EXPLORER,1,1,1,0,0,0,1,1,0,0,0,1.0,0.25,0.0,0.0,0.0,42.5,0.6366,0,0,0,0,YES,0,2,64.5
132,857,BUDGET_CONSCIOUS,1,0,0,0,1,1,1,0,0,0,0,1.0,0.0,0.0,0.0,0.0,49.17,0.4088,0,0,0,0,NO,0,0,31.17
584,125,SPONTANEOUS_ADVENTURER,2,0,1,0,1,0,1,0,0,0,0,0.5,0.0,0.0,0.0,0.0,27.5,0.4318,1,0,0,0,NO,0,0,9.5
924,294,SELECTIVE_PLANNER,0,0,1,1,1,0,1,2,1,1,0,1.0,0.5,1.0,1.0,0.0,79.17,1.0,1,1,59697,1,YES,1,3,100.0
341,866,CAUTIOUS_INTROVERT,2,0,1,0,1,0,1,0,0,0,0,0.5,0.0,0.0,0.0,0.0,27.5,0.1931,1,0,0,0,NO,0,0,9.5
101,481,BUDGET_CONSCIOUS,1,1,1,0,0,0,1,2,1,0,0,0.3333,0.3333,1.0,0.0,0.0,40.83,0.4259,0,0,0,0,NO,0,0,22.83
567,242,BUDGET_CONSCIOUS,0,1,0,1,0,1,1,1,0,1,1,0.3333,0.1429,0.0,1.0,1.0,53.69,0.6531,1,1,43079,0,YES,0,2,98.77
998,33,BUDGET_CONSCIOUS,0,1,1,1,0,0,1,1,1,0,0,1.0,0.1667,1.0,0.0,0.0,56.67,0.6545,1,1,34069,1,YES,0,2,100.0
119,511,SOCIAL_EXPLORER,1,1,0,0,0,1,1,2,1,0,0,0.5,0.4,1.0,0.0,0.0,51.33,0.7112,1,1,37229,1,YES,1,3,100.0
327,515,SPONTANEOUS_ADVENTURER,0,0,1,1,1,0,1,1,0,0,1,0.3333,0.1667,0.0,0.0,1.0,44.17,0.6815,1,1,50392,0,YES,0,2,91.81
887,160,CAUTIOUS_INTROVERT,1,1,2,0,0,0,1,1,1,0,1,0.3333,0.2,1.0,0.0,1.0,37.33,0.2566,0,0,0,0,NO,0,0,19.33
491,930,CAUTIOUS_INTROVERT,1,2,1,0,0,0,1,3,1,1,1,1.0,0.75,0.5,1.0,1.0,66.67,0.966,1,1,57293,0,YES,1,3,100.0
1008,998,BUDGET_CONSCIOUS,0,0,1,1,1,0,1,2,1,0,1,0.5,0.5,1.0,0.0,1.0,64.17,0.8321,1,1,49426,1,SUPER_LIKE,1,3,100.0
517,70,SPONTANEOUS_ADVENTURER,1,2,0,0,0,1,1,0,0,0,0,0.5,0.0,0.0,0.0,0.0,27.5,0.2441,0,0,0,0,NO,0,0,9.5
871,887,CAUTIOUS_INTROVERT,0,1,0,1,0,1,1,0,0,0,1,0.5,0.0,0.0,0.0,1.0,44.17,0.5831,1,0,0,1,SAVE_ONLY,0,1,56.17
684,360,SOCIAL_EXPLORER,0,1,0,1,0,1,1,0,0,0,0,0.5,0.0,0.0,0.0,0.0,39.17,0.6862,1,0,0,0,YES,0,2,61.17
256,405,SELECTIVE_PLANNER,1,1,1,0,0,0,1,0,0,0,0,0.5,0.0,0.0,0.0,0.0,27.5,0.1363,0,0,0,0,NO,0,0,9.5
97,184,BUDGET_CONSCIOUS,2,0,1,0,1,0,1,0,1,0,0,1.0,0.0,0.3333,0.0,0.0,40.83,0.0,0,0,0,0,NO,0,0,22.83
100,257,SOCIAL_EXPLORER,1,0,2,0,1,0,1,1,1,1,0,1.0,0.3333,1.0,1.0,0.0,64.17,0.5835,1,0,0,1,SAVE_ONLY,0,1,76.17
531,264,CAUTIOUS_INTROVERT,1,1,2,0,0,0,1,0,0,0,0,0.3333,0.0,0.0,0.0,0.0,18.33,0.012,0,0,0,0,NO,0,0,0.33
443,361,SELECTIVE_PLANNER,2,1,0,0,0,1,1,0,0,0,0,1.0,0.0,0.0,0.0,0.0,37.5,0.1917,1,0,0,0,NO,0,0,19.5
827,611,SOCIAL_EXPLORER,1,2,0,0,0,1,1,0,0,0,1,0.5,0.0,0.0,0.0,1.0,32.5,0.6426,1,1,34103,1,YES,0,2,86.44
201,586,BUDGET_CONSCIOUS,0,1,1,1,0,0,1,4,0,1,1,0.5,1.0,0.0,1.0,1.0,68.33,0.853,1,0,0,0,SUPER_LIKE,1,3,100.0
845,36,CAUTIOUS_INTROVERT,1,0,2,0,1,0,1,2,1,1,1,0.5,0.5,1.0,1.0,1.0,62.5,0.5016,0,0,0,1,SAVE_ONLY,0,1,74.5
371,958,SOCIAL_EXPLORER,0,1,1,1,0,0,1,0,0,0,0,1.0,0.0,0.0,0.0,0.0,43.33,0.4126,1,1,30749,0,NO,0,1,44.09
822,334,SOCIAL_EXPLORER,2,0,2,0,1,0,1,1,1,1,0,0.5,0.25,1.0,1.0,0.0,46.67,0.3952,0,0,0,0,NO,0,0,28.67
237,639,BUDGET_CONSCIOUS,1,0,1,0,1,0,1,1,2,1,0,0.5,0.25,1.0,1.0,0.0,58.33,0.6731,0,0,0,1,YES,0,2,92.33
171,981,BUDGET_CONSCIOUS,0,0,0,1,1,1,2,0,0,0,0,1.0,0.0,0.0,0.0,0.0,55.0,0.683,1,1,43847,1,YES,0,2,100.0
664,836,SPONTANEOUS_ADVENTURER,0,1,1,1,0,0,1,1,0,0,0,0.5,0.1429,0.0,0.0,0.0,36.19,0.6714,1,1,38589,0,YES,0,2,79.7
451,54,PASSIVE_BROWSER,1,1,1,0,0,0,1,0,0,0,0,1.0,0.0,0.0,0.0,0.0,37.5,0.1152,1,0,0,0,NO,0,0,19.5
339,874,BUDGET_CONSCIOUS,1,1,1,0,0,0,1,1,0,0,0,1.0,0.1667,0.0,0.0,0.0,40.83,0.4431,1,0,0,1,SAVE_ONLY,0,1,52.83
82,238,BUDGET_CONSCIOUS,2,0,2,0,1,0,1,1,1,0,1,1.0,0.1667,0.5,0.0,1.0,45.0,0.0,0,0,0,0,NO,0,0,27.0
239,169,SOCIAL_EXPLORER,1,1,1,0,0,0,2,0,0,1,0,1.0,0.0,0.0,1.0,0.0,47.5,0.6046,1,1,46648,0,NO,0,1,53.83
341,242,CAUTIOUS_INTROVERT,1,0,1,0,1,0,2,3,1,0,1,0.6667,0.75,0.5,0.0,1.0,61.67,0.6173,1,1,41483,0,NO,0,1,66.19
630,498,BUDGET_CONSCIOUS,1,1,1,0,0,0,1,1,1,0,0,1.0,0.25,0.5,0.0,0.0,47.5,0.4567,1,0,0,0,NO,0,0,29.5
275,645,BUDGET_CONSCIOUS,2,1,1,0,0,0,1,0,2,0,0,1.0,0.0,1.0,0.0,0.0,41.67,0.1414,0,0,0,0,NO,0,0,23.67
218,502,SOCIAL_EXPLORER,0,1,1,1,0,0,1,0,0,0,0,1.0,0.0,0.0,0.0,0.0,43.33,0.6488,0,0,0,1,YES,0,2,77.33
653,248,BUDGET_CONSCIOUS,1,1,2,0,0,0,2,0,0,0,0,1.0,0.0,0.0,0.0,0.0,31.67,0.1973,1,0,0,0,NO,0,0,13.67
50,270,SOCIAL_EXPLORER,0,1,0,1,0,1,1,0,0,0,1,0.5,0.0,0.0,0.0,1.0,44.17,0.6241,1,0,0,1,YES,0,2,78.17
622,129,SPONTANEOUS_ADVENTURER,0,0,1,1,1,0,1,0,1,1,0,1.0,0.0,1.0,1.0,0.0,69.17,1.0,1,1,57598,0,YES,1,3,100.0
787,925,SOCIAL_EXPLORER,1,1,1,0,0,0,1,0,1,0,1,0.5,0.0,0.5,0.0,1.0,37.5,0.6856,1,0,0,0,YES,0,2,59.5
333,429,SOCIAL_EXPLORER,1,2,1,0,0,0,1,0,0,0,0,1.0,0.0,0.0,0.0,0.0,31.67,0.456,1,1,33583,1,SAVE_ONLY,0,1,63.42
819,594,BUDGET_CONSCIOUS,0,0,0,1,1,1,1,1,0,0,0,0.3333,0.25,0.0,0.0,0.0,46.67,0.4763,0,0,0,0,NO,0,0,28.67
222,201,CAUTIOUS_INTROVERT,1,2,2,0,0,0,1,0,0,0,0,0.5,0.0,0.0,0.0,0.0,15.83,0.0887,0,0,0,0,NO,0,0,0.0
246,706,CAUTIOUS_INTROVERT,1,0,0,0,1,1,1,0,0,0,0,0.3333,0.0,0.0,0.0,0.0,35.83,0.2847,0,0,0,0,NO,0,0,17.83
24,487,BUDGET_CONSCIOUS,1,1,1,0,0,0,1,0,0,0,0,0.5,0.0,0.0,0.0,0.0,27.5,0.2162,1,1,18739,0,NO,0,1,24.06
257,944,CAUTIOUS_INTROVERT,1,2,0,0,0,1,1,1,1,1,1,1.0,0.25,1.0,1.0,1.0,67.5,0.6683,1,1,38711,0,YES,0,2,100.0
178,30,BUDGET_CONSCIOUS,1,1,1,0,0,0,1,0,0,1,0,1.0,0.0,0.0,1.0,0.0,47.5,0.4373,0,0,0,1,SAVE_ONLY,0,1,59.5
823,687,SPONTANEOUS_ADVENTURER,2,1,1,0,0,0,1,1,1,0,0,0.3333,0.25,0.5,0.0,0.0,28.33,0.4441,1,1,34750,0,NO,0,1,30.49
125,564,BUDGET_CONSCIOUS,2,2,0,0,0,1,2,0,0,0,0,0.6667,0.0,0.0,0.0,0.0,25.0,0.0,0,0,0,0,NO,0,0,7.0
835,805,SPONTANEOUS_ADVENTURER,0,0,0,1,1,1,1,1,1,0,1,0.5,0.2,0.5,0.0,1.0,59.0,0.827,1,1,53636,0,SUPER_LIKE,1,3,100.0
763,933,SELECTIVE_PLANNER,0,1,0,1,0,1,1,0,0,0,0,1.0,0.0,0.0,0.0,0.0,49.17,0.3396,1,0,0,0,NO,0,0,31.17
264,137,SOCIAL_EXPLORER,1,2,1,0,0,0,1,2,1,0,0,0.5,0.3333,1.0,0.0,0.0,38.33,0.6623,1,0,0,0,YES,0,2,60.33
524,386,CAUTIOUS_INTROVERT,1,2,2,0,0,0,1,2,1,1,1,0.5,1.0,1.0,1.0,1.0,60.83,0.502,0,0,0,1,SAVE_ONLY,0,1,72.83
187,968,SELECTIVE_PLANNER,1,1,1,0,0,0,1,0,0,0,0,0.3333,0.0,0.0,0.0,0.0,24.17,0.0182,0,0,0,0,NO,0,0,6.17
489,277,SOCIAL_EXPLORER,1,1,1,0,0,0,1,0,0,0,0,1.0,0.0,0.0,0.0,0.0,37.5,0.5838,1,1,43005,0,NO,0,1,42.55
255,487,CAUTIOUS_INTROVERT,0,1,1,1,0,0,1,2,1,0,1,0.5,0.3333,1.0,0.0,1.0,55.0,0.614,0,0,0,0,NO,0,0,37.0
908,879,CAUTIOUS_INTROVERT,0,1,1,1,0,0,1,1,1,1,0,0.5,0.1667,1.0,1.0,0.0,56.67,0.6469,1,1,49239,0,YES,0,2,100.0
922,583,SOCIAL_EXPLORER,1,1,0,0,0,1,1,0,0,0,1,0.5,0.0,0.0,0.0,1.0,38.33,0.6685,1,1,37050,1,YES,0,2,93.3
163,459,CAUTIOUS_INTROVERT,1,0,1,0,1,0,1,2,1,1,0,0.5,0.2857,0.5,1.0,0.0,54.05,0.6981,1,0,0,1,YES,0,2,88.05
456,86,SOCIAL_EXPLORER,0,0,0,1,1,1,1,1,0,0,0,0.5,0.2,0.0,0.0,0.0,49.0,0.6673,1,0,0,1,YES,0,2,83.0
828,444,BUDGET_CONSCIOUS,1,1,0,0,0,1,1,1,0,0,0,0.5,0.1667,0.0,0.0,0.0,36.67,0.2686,1,0,0,0,NO,0,0,18.67
362,159,SOCIAL_EXPLORER,0,1,1,1,0,0,1,0,0,0,0,0.5,0.0,0.0,0.0,0.0,33.33,0.6351,1,0,0,1,YES,0,2,67.33
890,19,PASSIVE_BROWSER,1,1,0,0,0,1,1,0,0,0,0,0.5,0.0,0.0,0.0,0.0,33.33,0.0563,0,0,0,0,NO,0,0,15.33
525,621,CAUTIOUS_INTROVERT,0,0,1,1,1,0,1,1,0,0,0,0.3333,0.1667,0.0,0.0,0.0,39.17,0.4692,1,1,36536,1,SAVE_ONLY,0,1,71.96
889,130,SOCIAL_EXPLORER,1,1,1,0,0,0,1,1,1,1,0,0.5,0.1667,0.5,1.0,0.0,45.83,0.6673,1,0,0,0,YES,0,2,67.83
917,574,CAUTIOUS_INTROVERT,1,1,0,0,0,1,1,1,0,0,0,0.5,0.2,0.0,0.0,0.0,37.33,0.4914,0,0,0,0,NO,0,0,19.33
851,776,SELECTIVE_PLANNER,1,2,0,0,0,1,1,0,0,0,1,0.5,0.0,0.0,0.0,1.0,32.5,0.1901,0,0,0,0,NO,0,0,14.5
441,733,SOCIAL_EXPLORER,0,0,0,1,1,1,1,1,1,0,1,0.5,0.1667,0.3333,0.0,1.0,56.67,0.8251,1,1,57188,0,YES,1,3,100.0
537,512,SPONTANEOUS_ADVENTURER,1,1,0,0,0,1,1,2,1,1,1,0.3333,0.5,0.5,1.0,1.0,60.0,1.0,1,1,60258,0,SUPER_LIKE,1,3,100.0
50,359,SOCIAL_EXPLORER,1,0,0,0,1,1,1,0,0,0,0,1.0,0.0,0.0,0.0,0.0,49.17,0.6752,1,1,37112,0,YES,0,2,92.16
158,1002,SELECTIVE_PLANNER,1,0,1,0,1,0,1,0,0,0,1,0.3333,0.0,0.0,0.0,1.0,35.0,0.4303,1,1,30521,1,SAVE_ONLY,0,1,65.68
757,156,SOCIAL_EXPLORER,0,1,0,1,0,1,1,1,1,0,0,0.3333,0.3333,1.0,0.0,0.0,52.5,0.7604,1,1,50937,0,YES,1,3,100.0
695,981,BUDGET_CONSCIOUS,0,1,1,1,0,0,1,2,1,1,1,0.5,1.0,1.0,1.0,1.0,78.33,0.7882,1,0,0,0,YES,1,3,100.0
948,174,SPONTANEOUS_ADVENTURER,1,2,0,0,0,1,2,1,0,0,1,0.6667,0.3333,0.0,0.0,1.0,42.5,0.4975,0,0,0,1,SAVE_ONLY,0,1,54.5
501,845,SOCIAL_EXPLORER,1,0,2,0,1,0,1,2,0,0,0,0.5,0.4,0.0,0.0,0.0,35.5,0.3875,1,0,0,0,NO,0,0,17.5
239,1014,SOCIAL_EXPLORER,1,1,0,0,0,1,1,0,0,0,1,0.5,0.0,0.0,0.0,1.0,38.33,0.6384,1,0,0,0,YES,0,2,60.33
661,376,SOCIAL_EXPLORER,0,0,2,1,1,0,1,1,0,0,0,0.3333,0.1429,0.0,0.0,0.0,32.86,0.4207,0,0,0,1,SAVE_ONLY,0,1,44.86
1009,220,BUDGET_CONSCIOUS,0,0,0,1,1,1,1,2,1,0,0,0.25,0.4,1.0,0.0,0.0,58.0,0.7671,1,1,50321,0,YES,1,3,100.0
357,981,SELECTIVE_PLANNER,1,1,1,0,0,0,1,1,1,1,1,0.5,0.2,1.0,1.0,1.0,56.5,0.3043,1,0,0,0,NO,0,0,38.5
244,447,BUDGET_CONSCIOUS,2,1,0,0,0,1,1,0,0,0,0,0.5,0.0,0.0,0.0,0.0,27.5,0.0581,0,0,0,0,NO,0,0,9.5
897,491,CAUTIOUS_INTROVERT,0,1,0,1,0,1,1,1,0,0,0,1.0,0.1667,0.0,0.0,0.0,52.5,0.6221,1,1,43232,1,YES,0,2,100.0
221,101,SOCIAL_EXPLORER,2,1,0,0,0,1,1,2,1,0,1,0.3333,0.5,1.0,0.0,1.0,49.17,0.7427,0,0,0,0,YES,1,3,100.0
831,156,CAUTIOUS_INTROVERT,0,1,2,1,0,0,1,1,0,0,0,0.5,0.2,0.0,0.0,0.0,31.5,0.1371,0,0,0,0,NO,0,0,13.5
281,581,SPONTANEOUS_ADVENTURER,1,1,1,0,0,0,1,0,0,0,1,0.5,0.0,0.0,0.0,1.0,32.5,0.5745,0,0,0,1,SAVE_ONLY,0,1,44.5
429,613,SELECTIVE_PLANNER,0,0,1,1,1,0,1,0,0,0,1,1.0,0.0,0.0,0.0,1.0,54.17,0.8279,0,0,0,1,YES,1,3,100.0
324,79,SELECTIVE_PLANNER,0,2,0,1,0,1,1,1,1,0,0,1.0,0.2,0.5,0.0,0.0,52.33,0.3601,1,0,0,0,NO,0,0,34.33
75,159,BUDGET_CONSCIOUS,2,1,0,0,0,1,1,3,2,1,0,1.0,0.6,1.0,1.0,0.0,69.5,0.3369,1,1,18732,0,NO,0,1,66.06
585,594,BUDGET_CONSCIOUS,0,0,2,1,1,0,1,0,0,0,0,0.5,0.0,0.0,0.0,0.0,33.33,0.5097,1,1,40149,0,NO,0,1,37.38
785,213,BUDGET_CONSCIOUS,0,1,1,1,0,0,1,0,0,0,0,0.3333,0.0,0.0,0.0,0.0,30.0,0.5143,1,1,29524,0,NO,0,1,30.33
594,231,BUDGET_CONSCIOUS,0,0,1,1,1,0,1,1,0,0,0,0.5,0.1667,0.0,0.0,0.0,42.5,0.6161,1,1,42488,1,SAVE_ONLY,0,1,77.37
514,777,SOCIAL_EXPLORER,0,0,1,1,1,0,1,0,0,1,1,0.5,0.0,0.0,1.0,1.0,54.17,0.6424,1,1,38999,0,YES,0,2,97.82
130,721,BUDGET_CONSCIOUS,1,0,0,0,1,1,1,1,1,1,0,0.5,0.125,0.5,1.0,0.0,56.67,0.6369,0,0,0,0,YES,0,2,78.67
652,744,SOCIAL_EXPLORER,0,1,0,1,0,1,1,1,0,0,0,1.0,0.1429,0.0,0.0,0.0,52.02,0.7958,1,1,54846,0,YES,1,3,100.0
752,466,SPONTANEOUS_ADVENTURER,2,0,0,0,1,1,1,3,1,0,1,0.5,0.6,0.5,0.0,1.0,55.33,0.819,1,1,47895,1,YES,1,3,100.0
697,615,CAUTIOUS_INTROVERT,2,2,0,0,0,1,1,2,1,1,1,0.5,0.3333,0.5,1.0,1.0,48.33,0.6801,0,0,0,1,YES,0,2,82.33
731,68,CAUTIOUS_INTROVERT,0,0,0,1,1,1,1,0,0,0,0,0.5,0.0,0.0,0.0,0.0,45.0,0.5878,0,0,0,1,SAVE_ONLY,0,1,57.0
772,179,BUDGET_CONSCIOUS,1,1,0,0,0,1,1,0,0,0,0,1.0,0.0,0.0,0.0,0.0,43.33,0.29,1,1,16260,0,NO,0,0,39.02
83,923,BUDGET_CONSCIOUS,2,0,1,0,1,0,1,0,0,0,0,1.0,0.0,0.0,0.0,0.0,37.5,0.1632,0,0,0,0,NO,0,0,19.5
487,619,SPONTANEOUS_ADVENTURER,1,0,1,0,1,0,1,0,1,0,0,0.5,0.0,1.0,0.0,0.0,43.33,0.5484,1,1,36017,1,SAVE_ONLY,0,1,75.94
682,774,CAUTIOUS_INTROVERT,2,2,2,0,0,0,1,1,1,1,1,0.25,0.25,0.5,1.0,1.0,30.0,0.1693,1,0,0,0,NO,0,0,12.0
186,654,SOCIAL_EXPLORER,1,2,1,0,0,0,1,1,1,0,1,0.5,0.3333,1.0,0.0,1.0,43.33,0.6643,1,1,48779,0,YES,0,2,90.4
227,235,SOCIAL_EXPLORER,0,0,0,1,1,1,1,2,1,1,1,0.5,0.6667,1.0,1.0,1.0,83.33,0.916,1,1,57058,0,YES,1,3,100.0
574,953,BUDGET_CONSCIOUS,2,1,1,0,0,0,1,1,1,0,0,0.5,0.1667,0.5,0.0,0.0,30.0,0.0,0,0,0,0,NO,0,0,12.0
346,443,SPONTANEOUS_ADVENTURER,0,1,0,1,0,1,1,0,0,0,0,1.0,0.0,0.0,0.0,0.0,49.17,0.7826,1,0,0,1,YES,1,3,100.0
73,270,BUDGET_CONSCIOUS,1,1,0,0,0,1,2,2,0,0,0,1.0,0.4,0.0,0.0,0.0,51.33,0.6391,1,0,0,0,YES,0,2,73.33
709,453,BUDGET_CONSCIOUS,1,1,0,0,0,1,1,0,0,0,0,1.0,0.0,0.0,0.0,0.0,43.33,0.4781,1,1,26512,0,NO,0,1,42.61
85,196,SPONTANEOUS_ADVENTURER,0,0,0,1,1,1,1,3,1,1,1,0.5,0.75,0.5,1.0,1.0,80.0,1.0,1,1,55920,1,SUPER_LIKE,1,3,100.0
632,875,SPONTANEOUS_ADVENTURER,1,2,1,0,0,0,1,3,1,1,1,0.5,0.6,1.0,1.0,1.0,58.67,0.7633,1,0,0,1,YES,1,3,100.0
357,898,SELECTIVE_PLANNER,1,1,1,0,0,0,1,2,1,0,0,0.5,0.5,1.0,0.0,0.0,47.5,0.3578,1,0,0,0,NO,0,0,29.5
574,693,BUDGET_CONSCIOUS,1,0,2,0,1,0,2,3,0,1,1,1.0,0.75,0.0,1.0,1.0,67.5,0.6747,0,0,0,1,YES,0,2,100.0
466,398,BUDGET_CONSCIOUS,1,0,0,0,1,1,1,1,0,0,1,1.0,0.2,0.0,0.0,1.0,58.17,0.6087,1,1,46387,0,NO,0,1,64.41
883,742,SOCIAL_EXPLORER,0,2,1,1,0,0,1,3,1,0,1,1.0,0.75,1.0,0.0,1.0,67.5,0.8948,1,1,52061,1,YES,1,3,100.0
675,679,BUDGET_CONSCIOUS,0,1,1,1,0,0,1,2,1,1,1,1.0,0.2857,0.5,1.0,1.0,69.05,0.7158,1,1,47351,0,YES,1,3,100.0
614,971,SOCIAL_EXPLORER,1,2,0,0,0,1,1,1,1,1,0,1.0,0.1667,0.5,1.0,0.0,55.83,0.7854,1,1,43937,1,YES,1,3,100.0
329,698,CAUTIOUS_INTROVERT,0,2,2,1,0,0,1,0,0,0,1,0.5,0.0,0.0,0.0,1.0,26.67,0.0172,0,0,0,0,NO,0,0,8.67
805,703,SPONTANEOUS_ADVENTURER,0,0,1,1,1,0,2,2,1,0,0,0.6667,0.5,1.0,0.0,0.0,62.5,0.7693,1,1,42719,1,YES,1,3,100.0
452,362,SELECTIVE_PLANNER,1,0,1,0,1,0,1,1,0,0,0,0.5,0.1429,0.0,0.0,0.0,36.19,0.657,0,0,0,0,YES,0,2,58.19
962,586,CAUTIOUS_INTROVERT,2,0,1,0,1,0,1,1,0,0,0,1.0,0.1667,0.0,0.0,0.0,40.83,0.4558,1,1,38858,1,SAVE_ONLY,0,1,74.43
602,311,CAUTIOUS_INTROVERT,0,0,1,1,1,0,1,1,0,1,0,0.5,0.2,0.0,1.0,0.0,53.17,0.3905,1,0,0,0,NO,0,0,35.17
867,793,BUDGET_CONSCIOUS,0,2,1,1,0,0,1,3,1,0,1,0.5,0.75,1.0,0.0,1.0,57.5,0.6043,0,0,0,1,SAVE_ONLY,0,1,69.5
62,848,CAUTIOUS_INTROVERT,0,1,2,1,0,0,1,0,1,0,0,0.3333,0.0,0.5,0.0,0.0,29.17,0.1308,1,0,0,0,NO,0,0,11.17
162,653,SPONTANEOUS_ADVENTURER,1,1,1,0,0,0,1,0,0,0,0,0.5,0.0,0.0,0.0,0.0,27.5,0.54,0,0,0,0,NO,0,0,9.5
799,233,SPONTANEOUS_ADVENTURER,1,2,1,0,0,0,1,1,1,1,0,0.5,0.25,1.0,1.0,0.0,46.67,0.4468,0,0,0,1,SAVE_ONLY,0,1,58.67
504,88,SELECTIVE_PLANNER,1,2,1,0,0,0,1,1,0,0,0,0.3333,0.2,0.0,0.0,0.0,22.33,0.0,0,0,0,0,NO,0,0,4.33
191,801,BUDGET_CONSCIOUS,0,0,1,1,1,0,1,0,0,0,0,1.0,0.0,0.0,0.0,0.0,49.17,0.6389,0,0,0,1,YES,0,2,83.17
464,159,CAUTIOUS_INTROVERT,0,0,0,1,1,1,1,2,1,1,0,1.0,0.2857,0.5,1.0,0.0,75.71,0.9698,1,1,62738,0,SUPER_LIKE,1,3,100.0
591,730,SOCIAL_EXPLORER,0,1,0,1,0,1,1,0,0,0,0,1.0,0.0,0.0,0.0,0.0,49.17,0.6387,1,1,44757,1,YES,0,2,100.0
156,788,SOCIAL_EXPLORER,0,0,1,1,1,0,1,0,0,0,0,0.5,0.0,0.0,0.0,0.0,39.17,0.6106,1,0,0,1,SAVE_ONLY,0,1,51.17
643,524,CAUTIOUS_INTROVERT,1,2,0,0,0,1,1,1,0,0,0,0.5,0.3333,0.0,0.0,0.0,34.17,0.2285,0,0,0,0,NO,0,0,16.17
176,831,SELECTIVE_PLANNER,0,0,1,1,1,0,1,1,0,1,0,1.0,0.1429,0.0,1.0,0.0,62.02,0.9466,1,1,63980,0,SUPER_LIKE,1,3,100.0
77,428,CAUTIOUS_INTROVERT,0,0,0,1,1,1,2,0,0,0,0,1.0,0.0,0.0,0.0,0.0,55.0,0.5476,1,1,44004,1,SAVE_ONLY,0,1,90.4
28,130,SELECTIVE_PLANNER,1,1,0,0,0,1,1,1,1,1,0,0.5,0.1429,0.5,1.0,0.0,51.19,0.3553,1,1,33407,0,NO,0,1,52.88
567,611,PASSIVE_BROWSER,0,1,1,1,0,0,1,1,0,0,1,1.0,0.2,0.0,0.0,1.0,52.33,0.3475,0,0,0,0,NO,0,0,34.33
1012,295,SOCIAL_EXPLORER,1,1,2,0,0,0,1,3,1,1,1,1.0,0.75,0.5,1.0,1.0,66.67,0.6502,1,1,36554,1,YES,0,2,100.0
37,593,SOCIAL_EXPLORER,1,2,1,0,0,0,1,0,1,1,0,1.0,0.0,1.0,1.0,0.0,51.67,0.6519,1,1,49523,0,YES,0,2,99.0
597,622,BUDGET_CONSCIOUS,1,0,1,0,1,0,1,0,0,0,0,0.5,0.0,0.0,0.0,0.0,33.33,0.2851,1,1,29618,0,NO,0,1,33.7
205,177,SPONTANEOUS_ADVENTURER,1,0,1,0,1,0,1,1,0,0,0,0.5,0.1667,0.0,0.0,0.0,36.67,0.6331,0,0,0,1,YES,0,2,70.67
651,924,SELECTIVE_PLANNER,0,0,0,1,1,1,1,0,1,0,0,1.0,0.0,1.0,0.0,0.0,65.0,0.7212,1,0,0,0,YES,1,3,100.0
464,486,BUDGET_CONSCIOUS,0,1,0,1,0,1,1,0,0,0,0,0.5,0.0,0.0,0.0,0.0,39.17,0.6653,0,0,0,0,YES,0,2,61.17
549,38,BUDGET_CONSCIOUS,1,2,2,0,0,0,1,0,1,0,0,0.5,0.0,0.5,0.0,0.0,20.83,0.1597,1,1,18077,0,NO,0,1,17.16
574,860,BUDGET_CONSCIOUS,0,1,2,1,0,0,1,1,0,0,0,0.5,0.1429,0.0,0.0,0.0,30.36,0.5789,1,0,0,1,SAVE_ONLY,0,1,42.36
690,451,CAUTIOUS_INTROVERT,0,1,1,1,0,0,1,0,0,0,0,1.0,0.0,0.0,0.0,0.0,43.33,0.4453,0,0,0,0,NO,0,0,25.33
723,748,BUDGET_CONSCIOUS,0,0,1,1,1,0,1,1,0,1,0,0.5,0.25,0.0,1.0,0.0,54.17,0.7993,1,1,52049,0,YES,1,3,100.0
265,548,SOCIAL_EXPLORER,0,1,2,1,0,0,1,0,0,0,1,0.5,0.0,0.0,0.0,1.0,32.5,0.3299,0,0,0,0,NO,0,0,14.5
678,439,BUDGET_CONSCIOUS,0,1,0,1,0,1,1,4,1,1,1,1.0,0.8,1.0,1.0,1.0,90.17,0.9915,1,1,62010,0,YES,1,3,100.0
857,467,SELECTIVE_PLANNER,1,2,1,0,0,0,1,1,0,1,0,1.0,0.25,0.0,1.0,0.0,46.67,0.2401,0,0,0,0,NO,0,0,28.67
768,661,CAUTIOUS_INTROVERT,0,0,2,1,1,0,1,2,1,0,1,0.5,0.5,1.0,0.0,1.0,58.33,0.63,1,0,0,0,YES,0,2,80.33
726,155,SPONTANEOUS_ADVENTURER,1,0,0,0,1,1,1,0,0,0,0,0.5,0.0,0.0,0.0,0.0,39.17,0.5279,1,1,34155,0,NO,0,1,41.12
540,971,BUDGET_CONSCIOUS,0,2,0,1,0,1,1,0,0,0,0,1.0,0.0,0.0,0.0,0.0,43.33,0.4889,1,0,0,0,NO,0,0,25.33
753,619,SELECTIVE_PLANNER,1,2,1,0,0,0,1,1,1,1,0,1.0,0.25,1.0,1.0,0.0,56.67,0.4349,1,1,31101,1,SAVE_ONLY,0,1,87.56
34,101,BUDGET_CONSCIOUS,0,0,1,1,1,0,1,2,1,0,0,0.3333,0.2857,0.5,0.0,0.0,46.55,0.6317,1,1,43160,1,YES,0,2,100.0
601,495,SELECTIVE_PLANNER,0,0,0,1,1,1,1,1,0,0,0,1.0,0.3333,0.0,0.0,0.0,61.67,0.8497,1,1,48997,1,YES,1,3,100.0
416,450,SPONTANEOUS_ADVENTURER,1,0,0,0,1,1,1,2,1,1,1,0.5,0.5,1.0,1.0,1.0,74.17,1.0,1,1,63758,1,YES,1,3,100.0
829,529,SOCIAL_EXPLORER,0,0,2,1,1,0,1,0,1,0,1,1.0,0.0,1.0,0.0,1.0,58.33,0.6512,1,1,49023,1,YES,0,2,100.0
603,304,PASSIVE_BROWSER,1,1,0,0,0,1,1,0,0,0,1,0.5,0.0,0.0,0.0,1.0,38.33,0.1363,0,0,0,0,NO,0,0,20.33
352,750,SOCIAL_EXPLORER,0,0,2,1,1,0,1,1,0,0,0,0.5,0.2,0.0,0.0,0.0,37.33,0.3651,0,0,0,0,NO,0,0,19.33
34,173,BUDGET_CONSCIOUS,0,1,1,1,0,0,1,1,0,0,0,1.0,0.125,0.0,0.0,0.0,45.83,0.5305,1,0,0,1,SAVE_ONLY,0,1,57.83
49,787,CAUTIOUS_INTROVERT,1,0,2,0,1,0,1,3,1,1,1,0.5,0.6,0.5,1.0,1.0,59.5,0.6277,1,0,0,0,YES,0,2,81.5
994,704,CAUTIOUS_INTROVERT,1,1,0,0,0,1,1,1,0,0,0,0.5,0.2,0.0,0.0,0.0,37.33,0.2427,1,0,0,0,NO,0,0,19.33
323,562,SOCIAL_EXPLORER,0,2,0,1,0,1,1,0,1,0,0,0.5,0.0,1.0,0.0,0.0,43.33,0.6499,1,1,43726,1,YES,0,2,100.0
526,970,BUDGET_CONSCIOUS,1,1,1,0,0,0,1,1,0,0,0,1.0,0.1667,0.0,0.0,0.0,40.83,0.433,1,0,0,1,SAVE_ONLY,0,1,52.83
41,185,SOCIAL_EXPLORER,1,1,2,0,0,0,1,0,1,0,0,0.5,0.0,0.5,0.0,0.0,26.67,0.3559,0,0,0,0,NO,0,0,8.67
658,586,SPONTANEOUS_ADVENTURER,1,1,0,0,0,1,1,1,0,0,0,0.5,0.2,0.0,0.0,0.0,37.33,0.6326,0,0,0,0,YES,0,2,59.33
262,243,SELECTIVE_PLANNER,1,0,0,0,1,1,1,0,0,0,0,1.0,0.0,0.0,0.0,0.0,49.17,0.8339,1,1,44809,1,YES,1,3,100.0
952,359,SOCIAL_EXPLORER,0,0,0,1,1,1,1,1,0,0,1,1.0,0.1667,0.0,0.0,1.0,63.33,0.6987,1,0,0,0,YES,0,2,85.33
352,603,SOCIAL_EXPLORER,0,1,1,1,0,0,2,0,0,0,1,1.0,0.0,0.0,0.0,1.0,48.33,0.6159,1,0,0,1,SAVE_ONLY,0,1,60.33
477,281,CAUTIOUS_INTROVERT,0,1,1,1,0,0,1,1,0,0,0,1.0,0.1667,0.0,0.0,0.0,46.67,0.4323,0,0,0,0,NO,0,0,28.67
508,206,SOCIAL_EXPLORER,1,1,0,0,0,1,1,1,0,0,0,0.3333,0.2,0.0,0.0,0.0,34.0,0.6232,0,0,0,0,YES,0,2,56.0
86,199,SOCIAL_EXPLORER,0,1,1,1,0,0,1,0,0,0,0,0.5,0.0,0.0,0.0,0.0,33.33,0.6225,1,1,42512,0,YES,0,2,78.21
233,808,SOCIAL_EXPLORER,0,2,1,1,0,0,1,1,1,0,1,1.0,0.25,0.5,0.0,1.0,52.5,0.7319,1,1,47600,1,YES,1,3,100.0
381,175,BUDGET_CONSCIOUS,1,1,0,0,0,1,1,0,0,0,0,0.5,0.0,0.0,0.0,0.0,33.33,0.4576,0,0,0,1,SAVE_ONLY,0,1,45.33
175,643,SPONTANEOUS_ADVENTURER,1,0,1,0,1,0,1,1,0,0,0,0.3333,0.2,0.0,0.0,0.0,34.0,0.6087,0,0,0,0,NO,0,0,16.0
611,526,SOCIAL_EXPLORER,1,1,1,0,0,0,1,2,1,0,1,1.0,0.5,0.5,0.0,1.0,57.5,0.6424,0,0,0,0,YES,0,2,79.5
291,701,SOCIAL_EXPLORER,1,0,0,0,1,1,1,1,0,0,1,1.0,0.3333,0.0,0.0,1.0,60.83,0.8952,1,0,0,1,YES,1,3,100.0
332,273,SOCIAL_EXPLORER,0,1,0,1,0,1,1,0,1,0,0,1.0,0.0,0.5,0.0,0.0,54.17,0.8764,0,0,0,0,YES,1,3,100.0
807,632,SOCIAL_EXPLORER,0,2,1,1,0,0,1,1,0,0,0,0.5,0.1429,0.0,0.0,0.0,30.36,0.4083,1,1,33424,0,NO,0,1,32.06
798,663,PASSIVE_BROWSER,0,1,1,1,0,0,1,1,1,0,0,1.0,0.2,1.0,0.0,0.0,57.33,0.4845,1,0,0,1,SAVE_ONLY,0,1,69.33
827,86,SOCIAL_EXPLORER,0,1,0,1,0,1,1,0,1,1,0,0.3333,0.0,1.0,1.0,0.0,55.83,0.748,0,0,0,1,YES,1,3,100.0
232,146,SOCIAL_EXPLORER,1,1,0,0,0,1,1,0,1,0,0,0.3333,0.0,1.0,0.0,0.0,40.0,0.6542,0,0,0,0,YES,0,2,62.0
646,500,CAUTIOUS_INTROVERT,1,0,1,0,1,0,1,0,1,1,0,0.5,0.0,1.0,1.0,0.0,53.33,0.6526,0,0,0,1,YES,0,2,87.33
134,737,SOCIAL_EXPLORER,0,1,0,1,0,1,1,0,0,0,0,1.0,0.0,0.0,0.0,0.0,49.17,0.7393,1,0,0,0,YES,1,3,100.0
109,125,BUDGET_CONSCIOUS,0,1,1,1,0,0,1,1,0,1,1,0.5,0.2,0.0,1.0,1.0,52.33,0.5679,1,1,33496,1,SAVE_ONLY,0,1,84.05
789,403,SPONTANEOUS_ADVENTURER,1,2,0,0,0,1,1,1,0,0,0,1.0,0.1429,0.0,0.0,0.0,40.36,0.6465,1,1,44122,0,YES,0,2,85.8
855,50,SELECTIVE_PLANNER,0,1,1,1,0,0,1,0,0,0,1,1.0,0.0,0.0,0.0,1.0,48.33,0.2674,1,0,0,0,NO,0,0,30.33
44,185,BUDGET_CONSCIOUS,0,2,2,1,0,0,1,1,2,1,1,0.5,0.25,1.0,1.0,1.0,51.67,0.7741,1,1,41271,1,YES,1,3,100.0
473,270,SOCIAL_EXPLORER,0,1,0,1,0,1,1,3,1,1,0,0.5,0.6,1.0,1.0,0.0,71.17,0.8761,1,1,62118,0,YES,1,3,100.0
937,588,SOCIAL_EXPLORER,0,2,1,1,0,0,1,0,1,0,0,0.5,0.0,1.0,0.0,0.0,37.5,0.6807,1,1,37069,1,YES,0,2,92.47
315,543,SPONTANEOUS_ADVENTURER,1,1,1,0,0,0,1,2,1,1,0,1.0,0.4,0.5,1.0,0.0,60.5,0.8265,1,1,59054,0,SUPER_LIKE,1,3,100.0
471,121,SELECTIVE_PLANNER,0,1,0,1,0,1,1,0,0,0,0,1.0,0.0,0.0,0.0,0.0,49.17,0.2811,1,0,0,0,NO,0,0,31.17
652,969,SOCIAL_EXPLORER,1,1,2,0,0,0,1,1,0,0,0,0.3333,0.125,0.0,0.0,0.0,20.83,0.0309,0,0,0,0,NO,0,0,2.83
625,337,CAUTIOUS_INTROVERT,1,1,2,0,0,0,1,3,1,0,1,0.3333,0.75,1.0,0.0,1.0,48.33,0.3301,1,1,28055,0,NO,0,1,48.15
60,822,SELECTIVE_PLANNER,0,2,1,1,0,0,1,1,1,0,0,1.0,0.25,0.5,0.0,0.0,47.5,0.2072,0,0,0,0,NO,0,0,29.5
495,950,SELECTIVE_PLANNER,1,0,0,0,1,1,1,2,1,1,0,1.0,0.6667,1.0,1.0,0.0,82.5,0.96,1,1,62539,0,SUPER_LIKE,1,3,100.0
360,34,SOCIAL_EXPLORER,1,1,1,0,0,0,1,3,1,1,1,1.0,0.6,0.5,1.0,1.0,69.5,0.992,1,1,60648,0,SUPER_LIKE,1,3,100.0
586,886,BUDGET_CONSCIOUS,1,0,1,0,1,0,1,0,0,0,1,0.5,0.0,0.0,0.0,1.0,38.33,0.4534,1,1,30271,1,SAVE_ONLY,0,1,68.92
698,694,SOCIAL_EXPLORER,1,0,2,0,1,0,1,0,1,1,1,0.5,0.0,0.3333,1.0,1.0,45.83,0.3767,1,1,32421,0,NO,0,1,47.18
432,489,BUDGET_CONSCIOUS,2,0,0,0,1,1,1,1,0,1,0,1.0,0.2,0.0,1.0,0.0,57.33,0.2472,1,1,15355,0,NO,0,0,52.7
718,608,BUDGET_CONSCIOUS,0,1,0,1,0,1,1,2,1,0,0,0.5,0.5,1.0,0.0,0.0,59.17,0.801,1,1,51489,1,YES,1,3,100.0
200,389,BUDGET_CONSCIOUS,0,1,1,1,0,0,1,1,0,0,0,0.3333,0.25,0.0,0.0,0.0,35.0,0.424,0,0,0,1,SAVE_ONLY,0,1,47.0
605,289,SOCIAL_EXPLORER,1,0,1,0,1,0,1,4,2,1,1,0.5,1.0,1.0,1.0,1.0,78.33,0.9318,1,1,54416,0,YES,1,3,100.0
949,707,BUDGET_CONSCIOUS,1,0,1,0,1,0,1,0,0,1,0,0.5,0.0,0.0,1.0,0.0,43.33,0.5347,1,1,33456,0,NO,0,1,45.04
326,693,SELECTIVE_PLANNER,0,0,1,1,1,0,1,1,1,1,0,0.5,0.25,1.0,1.0,0.0,64.17,0.9374,1,1,61743,0,SUPER_LIKE,1,3,100.0
358,72,SELECTIVE_PLANNER,1,0,1,0,1,0,1,0,0,0,0,0.5,0.0,0.0,0.0,0.0,33.33,0.608,1,1,39405,1,SAVE_ONLY,0,1,67.12
204,680,SOCIAL_EXPLORER,1,1,1,0,0,0,1,1,0,0,0,0.5,0.125,0.0,0.0,0.0,30.0,0.6327,0,0,0,0,YES,0,2,52.0
537,515,SPONTANEOUS_ADVENTURER,1,0,1,0,1,0,2,0,0,0,0,1.0,0.0,0.0,0.0,0.0,43.33,0.591,1,1,37041,1,SAVE_ONLY,0,1,76.29
189,698,SOCIAL_EXPLORER,1,1,0,0,0,1,1,0,0,0,1,0.25,0.0,0.0,0.0,1.0,33.33,0.5542,0,0,0,0,NO,0,0,15.33
690,873,CAUTIOUS_INTROVERT,1,0,2,0,1,0,1,1,1,0,0,0.5,0.25,1.0,0.0,0.0,42.5,0.1091,0,0,0,0,NO,0,0,24.5
518,52,BUDGET_CONSCIOUS,1,0,0,0,1,1,1,1,2,0,0,0.5,0.1667,1.0,0.0,0.0,52.5,0.6444,1,0,0,0,YES,0,2,74.5
496,793,CAUTIOUS_INTROVERT,1,2,0,0,0,1,1,3,0,0,1,0.5,0.75,0.0,0.0,1.0,47.5,0.7443,1,0,0,0,YES,1,3,99.5
263,389,BUDGET_CONSCIOUS,0,0,1,1,1,0,1,0,0,0,0,0.3333,0.0,0.0,0.0,0.0,35.83,0.5776,1,1,35602,0,NO,0,1,38.29
149,617,CAUTIOUS_INTROVERT,1,1,1,0,0,0,1,2,1,0,1,1.0,0.4,0.3333,0.0,1.0,53.83,0.6366,1,0,0,0,YES,0,2,75.83
815,950,SOCIAL_EXPLORER,1,0,1,0,1,0,1,3,0,0,0,1.0,0.6,0.0,0.0,0.0,55.33,0.6724,1,1,43493,0,YES,0,2,100.0
376,617,CAUTIOUS_INTROVERT,0,0,1,1,1,0,1,2,0,1,1,0.3333,0.3333,0.0,1.0,1.0,57.5,0.7998,1,1,54986,1,YES,1,3,100.0
135,921,SOCIAL_EXPLORER,1,0,1,0,1,0,1,1,1,0,0,0.5,0.1667,0.5,0.0,0.0,41.67,0.7126,1,1,42104,0,YES,1,3,100.0
65,140,SOCIAL_EXPLORER,1,0,1,0,1,0,1,1,0,0,0,1.0,0.25,0.0,0.0,0.0,48.33,0.7069,1,1,43224,0,YES,1,3,100.0
658,195,SPONTANEOUS_ADVENTURER,1,2,1,0,0,0,1,1,0,0,0,0.5,0.2,0.0,0.0,0.0,25.67,0.3342,0,0,0,0,NO,0,0,7.67
630,31,BUDGET_CONSCIOUS,2,1,1,0,0,0,1,1,1,0,0,1.0,0.1667,0.5,0.0,0.0,40.0,0.0489,0,0,0,0,NO,0,0,22.0
882,219,BUDGET_CONSCIOUS,1,1,1,0,0,0,1,0,0,0,0,0.3333,0.0,0.0,0.0,0.0,24.17,0.2684,0,0,0,0,NO,0,0,6.17
789,184,SPONTANEOUS_ADVENTURER,1,2,0,0,0,1,1,2,1,1,0,1.0,0.3333,0.5,1.0,0.0,59.17,0.6708,1,1,38524,0,YES,0,2,100.0
134,693,SOCIAL_EXPLORER,0,1,0,1,0,1,1,0,0,0,1,0.5,0.0,0.0,0.0,1.0,44.17,0.6952,0,0,0,1,YES,0,2,78.17
915,298,SOCIAL_EXPLORER,1,0,1,0,1,0,1,2,0,1,0,1.0,0.6667,0.0,1.0,0.0,66.67,0.971,1,1,60224,0,YES,1,3,100.0
802,226,CAUTIOUS_INTROVERT,1,1,0,0,0,1,1,1,0,1,0,0.5,0.2,0.0,1.0,0.0,47.33,0.5535,0,0,0,1,SAVE_ONLY,0,1,59.33
482,365,CAUTIOUS_INTROVERT,2,1,1,0,0,0,1,1,0,0,1,0.5,0.25,0.0,0.0,1.0,31.67,0.4148,1,0,0,0,NO,0,0,13.67
292,902,SELECTIVE_PLANNER,1,2,1,0,0,0,1,1,0,0,1,1.0,0.2,0.0,0.0,1.0,40.67,0.3045,0,0,0,0,NO,0,0,22.67
72,443,CAUTIOUS_INTROVERT,0,0,1,1,1,0,1,0,0,0,0,0.5,0.0,0.0,0.0,0.0,39.17,0.3657,0,0,0,0,NO,0,0,21.17
105,81,SOCIAL_EXPLORER,1,1,0,0,0,1,1,1,1,1,0,0.3333,0.2,1.0,1.0,0.0,54.0,0.7635,1,1,49270,0,YES,1,3,100.0
726,147,SPONTANEOUS_ADVENTURER,1,0,1,0,1,0,1,0,0,0,0,1.0,0.0,0.0,0.0,0.0,43.33,0.6229,1,0,0,1,YES,0,2,77.33
159,203,BUDGET_CONSCIOUS,0,1,1,1,0,0,1,1,0,0,0,1.0,0.125,0.0,0.0,0.0,45.83,0.5298,1,1,33903,0,NO,0,1,47.7
489,271,SOCIAL_EXPLORER,2,2,1,0,0,0,1,4,1,1,0,0.5,1.0,0.5,1.0,0.0,50.83,0.5833,0,0,0,0,NO,0,0,32.83
240,811,CAUTIOUS_INTROVERT,0,2,2,1,0,0,1,0,0,0,0,0.5,0.0,0.0,0.0,0.0,21.67,0.0,1,0,0,0,NO,0,0,3.67
763,301,SELECTIVE_PLANNER,0,1,0,1,0,1,1,0,1,0,0,0.5,0.0,1.0,0.0,0.0,49.17,0.3685,0,0,0,0,NO,0,0,31.17
903,599,SELECTIVE_PLANNER,0,0,0,1,1,1,2,1,1,0,0,1.0,0.25,0.5,0.0,0.0,65.0,0.9595,1,1,59389,0,YES,1,3,100.0
451,464,SPONTANEOUS_ADVENTURER,1,0,0,0,1,1,1,2,0,1,1,1.0,0.5,0.0,1.0,1.0,74.17,1.0,1,1,55154,0,YES,1,3,100.0
333,681,SOCIAL_EXPLORER,2,2,1,0,0,0,1,2,1,0,1,0.5,0.3333,1.0,0.0,1.0,37.5,0.6251,1,1,43827,0,YES,0,2,82.84
192,895,BUDGET_CONSCIOUS,1,0,0,0,1,1,1,0,1,0,0,1.0,0.0,1.0,0.0,0.0,59.17,0.6627,1,1,41260,0,YES,0,2,100.0
835,383,SPONTANEOUS_ADVENTURER,1,1,1,0,0,0,1,0,0,0,0,0.5,0.0,0.0,0.0,0.0,27.5,0.5578,1,1,37864,1,SAVE_ONLY,0,1,60.75
961,973,BUDGET_CONSCIOUS,1,0,1,0,1,0,1,3,1,1,1,0.3333,0.75,1.0,1.0,1.0,70.0,0.8475,1,1,49746,0,SUPER_LIKE,1,3,100.0
239,909,SOCIAL_EXPLORER,1,1,1,0,0,0,1,0,0,0,1,0.5,0.0,0.0,0.0,1.0,32.5,0.6743,0,0,0,1,YES,0,2,66.5
583,1005,BUDGET_CONSCIOUS,1,0,1,0,1,0,1,0,0,0,0,0.5,0.0,0.0,0.0,0.0,33.33,0.3496,1,0,0,0,NO,0,0,15.33
281,144,BUDGET_CONSCIOUS,0,1,0,1,0,1,1,2,1,0,0,0.5,0.3333,0.5,0.0,0.0,50.83,0.7148,1,1,52361,0,YES,1,3,100.0
933,215,CAUTIOUS_INTROVERT,1,0,1,0,1,0,1,1,1,1,0,0.5,0.25,0.5,1.0,0.0,53.33,0.486,1,1,26911,0,NO,0,1,52.75
872,221,CAUTIOUS_INTROVERT,1,1,2,0,0,0,1,0,0,0,0,0.5,0.0,0.0,0.0,0.0,21.67,0.0847,0,0,0,0,NO,0,0,3.67
23,54,BUDGET_CONSCIOUS,2,2,1,0,0,0,1,0,1,0,0,0.3333,0.0,0.5,0.0,0.0,17.5,0.0,1,0,0,0,NO,0,0,0.0
874,365,BUDGET_CONSCIOUS,1,0,0,0,1,1,1,1,0,0,0,1.0,0.25,0.0,0.0,0.0,54.17,0.5428,1,1,42713,0,NO,0,1,59.12
897,745,CAUTIOUS_INTROVERT,0,1,0,1,0,1,1,2,1,1,0,0.5,0.4,1.0,1.0,0.0,67.17,0.7234,1,1,47900,0,YES,1,3,100.0
912,753,SOCIAL_EXPLORER,0,0,1,1,1,0,1,0,0,0,0,1.0,0.0,0.0,0.0,0.0,49.17,0.7821,1,0,0,1,YES,1,3,100.0
599,891,SELECTIVE_PLANNER,1,2,0,0,0,1,1,0,0,0,0,0.5,0.0,0.0,0.0,0.0,27.5,0.0404,1,0,0,0,NO,0,0,9.5
884,632,CAUTIOUS_INTROVERT,1,2,1,0,0,0,1,2,1,1,0,1.0,0.4,1.0,1.0,0.0,59.67,0.692,1,1,41214,1,YES,0,2,100.0
249,153,SOCIAL_EXPLORER,1,0,0,0,1,1,1,0,0,0,0,1.0,0.0,0.0,0.0,0.0,49.17,0.6478,1,1,46754,0,YES,0,2,95.53
426,263,BUDGET_CONSCIOUS,0,0,0,1,1,1,1,2,1,0,0,0.5,0.4,1.0,0.0,0.0,63.0,0.8196,1,0,0,0,YES,1,3,100.0
752,204,SELECTIVE_PLANNER,1,0,1,0,1,0,1,0,0,0,0,0.5,0.0,0.0,0.0,0.0,33.33,0.602,1,1,38725,1,SAVE_ONLY,0,1,66.88
188,455,SOCIAL_EXPLORER,1,1,1,0,0,0,1,1,1,0,0,0.3333,0.25,0.5,0.0,0.0,34.17,0.6785,0,0,0,0,YES,0,2,56.17
407,638,SELECTIVE_PLANNER,1,0,1,0,1,0,1,0,0,0,0,1.0,0.0,0.0,0.0,0.0,43.33,0.6162,1,1,45858,1,SAVE_ONLY,0,1,79.38
685,811,CAUTIOUS_INTROVERT,0,1,2,1,0,0,2,1,1,1,0,1.0,0.1667,1.0,1.0,0.0,60.83,0.5125,1,1,30360,1,SAVE_ONLY,0,1,91.46
475,553,CAUTIOUS_INTROVERT,1,1,1,0,0,0,1,1,0,0,0,0.5,0.2,0.0,0.0,0.0,31.5,0.3431,0,0,0,0,NO,0,0,13.5
726,188,SPONTANEOUS_ADVENTURER,1,1,1,0,0,0,1,1,1,0,1,0.5,0.2,0.5,0.0,1.0,41.5,0.6718,1,0,0,0,YES,0,2,63.5
737,326,SOCIAL_EXPLORER,0,0,1,1,1,0,1,1,0,0,0,1.0,0.3333,0.0,0.0,0.0,55.83,0.8625,1,0,0,0,SUPER_LIKE,1,3,100.0
1010,333,SOCIAL_EXPLORER,0,0,0,1,1,1,1,1,0,1,0,1.0,0.2,0.0,1.0,0.0,69.0,1.0,1,1,66028,1,SUPER_LIKE,1,3,100.0
261,34,BUDGET_CONSCIOUS,0,2,1,1,0,0,1,3,2,1,1,0.5,0.6,1.0,1.0,1.0,64.5,0.6618,1,0,0,0,YES,0,2,86.5
922,160,SOCIAL_EXPLORER,1,2,0,0,0,1,1,0,0,1,0,0.5,0.0,0.0,1.0,0.0,37.5,0.5017,0,0,0,1,SAVE_ONLY,0,1,49.5
401,284,BUDGET_CONSCIOUS,1,0,1,0,1,0,1,2,1,1,1,0.5,0.5,0.3333,1.0,1.0,61.67,0.764,0,0,0,1,YES,1,3,100.0
537,917,SPONTANEOUS_ADVENTURER,0,2,1,1,0,0,1,1,1,1,1,0.5,0.3333,0.5,1.0,1.0,54.17,0.6423,0,0,0,1,YES,0,2,88.17
874,101,CAUTIOUS_INTROVERT,1,1,1,0,0,0,1,1,1,0,0,0.3333,0.1667,1.0,0.0,0.0,37.5,0.2096,1,1,22540,0,NO,0,1,35.39
458,650,BUDGET_CONSCIOUS,1,0,0,0,1,1,1,0,0,0,0,1.0,0.0,0.0,0.0,0.0,49.17,0.5999,0,0,0,1,SAVE_ONLY,0,1,61.17
69,56,SOCIAL_EXPLORER,1,2,0,0,0,1,2,1,1,0,1,1.0,0.25,0.5,0.0,1.0,52.5,0.7102,1,1,46631,1,YES,1,3,100.0
920,348,CAUTIOUS_INTROVERT,1,2,2,0,0,0,1,2,1,0,0,0.5,0.5,0.5,0.0,0.0,30.83,0.3739,1,0,0,0,NO,0,0,12.83
728,368,CAUTIOUS_INTROVERT,1,1,1,0,0,0,1,0,0,0,1,0.5,0.0,0.0,0.0,1.0,32.5,0.4441,0,0,0,1,SAVE_ONLY,0,1,44.5
135,620,SOCIAL_EXPLORER,0,2,2,1,0,0,1,0,0,0,0,0.5,0.0,0.0,0.0,0.0,21.67,0.0834,0,0,0,0,NO,0,0,3.67
806,681,CAUTIOUS_INTROVERT,1,2,1,0,0,0,2,2,1,1,0,1.0,0.25,0.5,1.0,0.0,51.67,0.7337,1,1,45322,0,YES,1,3,100.0
521,796,SPONTANEOUS_ADVENTURER,0,1,1,1,0,0,1,1,1,0,0,1.0,0.2,1.0,0.0,0.0,57.33,0.9932,1,1,60265,1,YES,1,3,100.0
667,952,BUDGET_CONSCIOUS,2,0,0,0,1,1,1,0,0,0,0,0.5,0.0,0.0,0.0,0.0,33.33,0.0,0,0,0,0,NO,0,0,15.33
186,674,SOCIAL_EXPLORER,0,1,1,1,0,0,1,0,1,0,0,1.0,0.0,1.0,0.0,0.0,53.33,0.645,1,1,38842,1,YES,0,2,100.0
135,856,SOCIAL_EXPLORER,1,0,1,0,1,0,1,1,0,0,0,1.0,0.1667,0.0,0.0,0.0,46.67,0.6725,0,0,0,0,YES,0,2,68.67
939,255,SELECTIVE_PLANNER,1,0,1,0,1,0,1,1,0,0,1,1.0,0.1667,0.0,0.0,1.0,51.67,0.7635,1,0,0,1,YES,1,3,100.0
957,292,SOCIAL_EXPLORER,0,2,1,1,0,0,1,1,1,0,0,0.3333,0.1667,0.5,0.0,0.0,32.5,0.578,1,0,0,1,SAVE_ONLY,0,1,44.5
481,770,BUDGET_CONSCIOUS,0,1,1,1,0,0,1,1,0,0,0,1.0,0.1667,0.0,0.0,0.0,46.67,0.6876,0,0,0,1,YES,0,2,80.67
586,667,BUDGET_CONSCIOUS,0,0,1,1,1,0,1,1,1,1,0,0.5,0.1667,1.0,1.0,0.0,62.5,0.737,1,0,0,0,YES,1,3,100.0
992,663,SELECTIVE_PLANNER,1,2,1,0,0,0,1,1,1,0,1,1.0,0.2,1.0,0.0,1.0,50.67,0.2948,1,0,0,0,NO,0,0,32.67
20,35,BUDGET_CONSCIOUS,0,1,2,1,0,0,2,1,1,0,0,1.0,0.25,1.0,0.0,0.0,52.5,0.6704,1,1,46560,1,YES,0,2,100.0
353,953,CAUTIOUS_INTROVERT,0,1,0,1,0,1,1,1,0,0,1,1.0,0.25,0.0,0.0,1.0,59.17,0.6355,1,1,37118,1,YES,0,2,100.0
787,346,SOCIAL_EXPLORER,0,1,1,1,0,0,1,0,0,0,0,0.5,0.0,0.0,0.0,0.0,33.33,0.6326,1,0,0,1,YES,0,2,67.33
627,661,SOCIAL_EXPLORER,1,1,0,0,0,1,1,1,0,0,0,1.0,0.25,0.0,0.0,0.0,48.33,0.7491,1,1,50244,0,YES,1,3,100.0
619,276,BUDGET_CONSCIOUS,1,1,2,0,0,0,1,1,1,0,0,0.5,0.3333,1.0,0.0,0.0,38.33,0.3658,0,0,0,0,NO,0,0,20.33
641,562,BUDGET_CONSCIOUS,0,1,1,1,0,0,1,3,1,0,0,1.0,0.6,1.0,0.0,0.0,65.33,0.6775,1,1,38520,0,YES,0,2,100.0
899,661,BUDGET_CONSCIOUS,1,2,1,0,0,0,1,2,1,1,0,1.0,0.5,1.0,1.0,0.0,61.67,0.4854,1,1,30242,1,SAVE_ONLY,0,1,92.25
974,609,CAUTIOUS_INTROVERT,2,1,0,0,0,1,1,2,0,0,0,0.3333,0.3333,0.0,0.0,0.0,30.83,0.426,1,1,33977,1,SAVE_ONLY,0,1,62.72
160,103,BUDGET_CONSCIOUS,0,2,2,1,0,0,1,1,1,0,0,0.3333,0.2,1.0,0.0,0.0,32.33,0.554,1,0,0,1,SAVE_ONLY,0,1,44.33
223,234,BUDGET_CONSCIOUS,0,1,0,1,0,1,1,0,0,0,0,0.3333,0.0,0.0,0.0,0.0,35.83,0.4172,1,0,0,0,NO,0,0,17.83
658,52,SPONTANEOUS_ADVENTURER,0,0,0,1,1,1,1,1,1,0,0,0.5,0.2,0.5,0.0,0.0,54.0,0.8314,1,1,53668,0,YES,1,3,100.0
381,954,BUDGET_CONSCIOUS,1,1,1,0,0,0,1,1,1,1,1,1.0,0.3333,0.5,1.0,1.0,64.17,0.7208,1,0,0,1,YES,1,3,100.0
743,686,SELECTIVE_PLANNER,0,1,0,1,0,1,1,2,2,1,1,0.5,0.5,1.0,1.0,1.0,74.17,0.4893,1,1,28272,1,SAVE_ONLY,0,1,100.0
714,937,BUDGET_CONSCIOUS,1,1,0,0,0,1,2,1,0,0,0,1.0,0.2,0.0,0.0,0.0,47.33,0.6154,1,1,41118,0,NO,0,1,51.72
30,388,CAUTIOUS_INTROVERT,1,1,1,0,0,0,1,1,0,1,0,1.0,0.1667,0.0,1.0,0.0,50.83,0.3924,1,1,30700,0,NO,0,1,51.58
389,828,BUDGET_CONSCIOUS,0,2,1,1,0,0,2,1,0,0,0,1.0,0.2,0.0,0.0,0.0,41.5,0.5876,0,0,0,0,NO,0,0,23.5
412,797,CAUTIOUS_INTROVERT,0,0,1,1,1,0,1,0,0,0,0,1.0,0.0,0.0,0.0,0.0,49.17,0.5891,1,1,41226,0,NO,0,1,53.6
239,585,SOCIAL_EXPLORER,1,0,2,0,1,0,1,0,0,0,1,0.5,0.0,0.0,0.0,1.0,32.5,0.2295,1,1,18452,0,NO,0,1,28.96
354,691,SOCIAL_EXPLORER,2,1,2,0,0,0,1,0,0,0,0,1.0,0.0,0.0,0.0,0.0,25.83,0.1885,0,0,0,0,NO,0,0,7.83
788,624,SPONTANEOUS_ADVENTURER,1,1,1,0,0,0,1,2,2,1,1,0.5,0.4,1.0,1.0,1.0,60.5,0.9702,1,1,59684,0,YES,1,3,100.0
758,478,CAUTIOUS_INTROVERT,1,1,1,0,0,0,1,1,1,0,1,0.5,0.2,0.5,0.0,1.0,41.5,0.5067,0,0,0,1,SAVE_ONLY,0,1,53.5
188,349,SOCIAL_EXPLORER,0,1,0,1,0,1,1,0,1,0,0,0.5,0.0,0.5,0.0,0.0,44.17,0.5145,1,0,0,0,NO,0,0,26.17
88,540,CAUTIOUS_INTROVERT,2,0,2,0,1,0,1,0,0,0,0,0.5,0.0,0.0,0.0,0.0,21.67,0.0934,0,0,0,0,NO,0,0,3.67
746,105,SOCIAL_EXPLORER,1,0,0,0,1,1,1,0,0,0,1,0.5,0.0,0.0,0.0,1.0,44.17,0.7624,1,1,42074,1,YES,1,3,100.0
544,111,BUDGET_CONSCIOUS,1,0,1,0,1,0,1,1,0,0,0,0.5,0.1667,0.0,0.0,0.0,36.67,0.4836,0,0,0,1,SAVE_ONLY,0,1,48.67
311,283,SPONTANEOUS_ADVENTURER,0,0,1,1,1,0,1,1,2,0,0,0.3333,0.1429,1.0,0.0,0.0,48.69,0.67,0,0,0,1,YES,0,2,82.69
423,719,SOCIAL_EXPLORER,1,1,1,0,0,0,1,1,0,0,0,0.3333,0.125,0.0,0.0,0.0,26.67,0.5658,1,1,34313,0,NO,0,1,28.68
363,435,BUDGET_CONSCIOUS,1,2,1,0,0,0,1,3,1,1,0,0.5,0.75,0.3333,1.0,0.0,50.0,0.5593,1,1,40256,0,NO,0,1,54.09
903,298,SELECTIVE_PLANNER,1,1,0,0,0,1,1,0,0,1,0,0.5,0.0,0.0,1.0,0.0,43.33,0.3805,1,1,19377,0,NO,0,1,40.11
864,469,SOCIAL_EXPLORER,2,2,1,0,0,0,1,1,0,0,0,1.0,0.1429,0.0,0.0,0.0,28.69,0.6075,1,1,34895,1,SAVE_ONLY,0,1,60.9
653,398,BUDGET_CONSCIOUS,1,0,1,0,1,0,1,0,0,1,0,0.5,0.0,0.0,1.0,0.0,43.33,0.464,1,1,36581,1,SAVE_ONLY,0,1,76.13
702,484,SOCIAL_EXPLORER,1,0,0,0,1,1,1,1,0,0,0,0.5,0.1429,0.0,0.0,0.0,42.02,0.6307,1,1,47188,1,YES,0,2,100.0
177,692,BUDGET_CONSCIOUS,0,1,1,1,0,0,1,0,0,0,0,1.0,0.0,0.0,0.0,0.0,43.33,0.6401,1,1,37428,0,YES,0,2,86.43
166,209,BUDGET_CONSCIOUS,1,1,1,0,0,0,1,2,1,0,1,0.5,1.0,0.5,0.0,1.0,57.5,0.4638,1,0,0,1,SAVE_ONLY,0,1,69.5
578,21,SELECTIVE_PLANNER,1,0,0,0,1,1,1,0,1,0,0,0.5,0.0,0.5,0.0,0.0,44.17,0.5536,1,0,0,1,SAVE_ONLY,0,1,56.17
336,253,SOCIAL_EXPLORER,1,1,1,0,0,0,1,0,0,0,0,0.5,0.0,0.0,0.0,0.0,27.5,0.5094,1,0,0,1,SAVE_ONLY,0,1,39.5
251,468,BUDGET_CONSCIOUS,0,2,0,1,0,1,1,1,1,1,0,0.5,0.25,1.0,1.0,0.0,58.33,0.6991,1,1,51359,1,YES,0,2,100.0
450,587,SPONTANEOUS_ADVENTURER,1,0,1,0,1,0,1,0,0,0,0,0.5,0.0,0.0,0.0,0.0,33.33,0.6256,0,0,0,1,YES,0,2,67.33
564,643,SOCIAL_EXPLORER,0,2,2,1,0,0,1,0,0,0,0,0.25,0.0,0.0,0.0,0.0,16.67,0.1913,0,0,0,0,NO,0,0,0.0
1005,417,CAUTIOUS_INTROVERT,0,0,0,1,1,1,1,2,1,1,1,1.0,0.6667,1.0,1.0,1.0,93.33,0.9402,1,0,0,0,SUPER_LIKE,1,3,100.0
425,251,SOCIAL_EXPLORER,1,1,0,0,0,1,1,1,1,0,0,1.0,0.25,0.5,0.0,0.0,53.33,0.7237,1,1,47271,0,YES,1,3,100.0
354,488,SOCIAL_EXPLORER,1,0,0,0,1,1,1,1,0,0,0,1.0,0.3333,0.0,0.0,0.0,55.83,0.7133,1,0,0,1,YES,1,3,100.0
297,840,BUDGET_CONSCIOUS,0,0,0,1,1,1,1,0,1,0,0,1.0,0.0,0.5,0.0,0.0,60.0,0.751,1,1,42269,1,YES,1,3,100.0
622,985,SPONTANEOUS_ADVENTURER,0,0,1,1,1,0,1,2,1,0,0,1.0,0.5,1.0,0.0,0.0,69.17,1.0,1,1,64775,1,SUPER_LIKE,1,3,100.0
394,765,BUDGET_CONSCIOUS,1,1,1,0,0,0,1,2,1,1,1,0.3333,0.5,1.0,1.0,1.0,59.17,0.6266,0,0,0,1,YES,0,2,93.17
367,166,SOCIAL_EXPLORER,1,1,1,0,0,0,1,1,0,0,1,0.3333,0.3333,0.0,0.0,1.0,35.83,0.6239,1,1,43362,0,YES,0,2,81.01
304,278,SELECTIVE_PLANNER,2,2,0,0,0,1,1,1,0,0,0,1.0,0.1429,0.0,0.0,0.0,34.52,0.078,0,0,0,0,NO,0,0,16.52
236,477,CAUTIOUS_INTROVERT,1,2,0,0,0,1,1,2,1,0,1,1.0,0.5,1.0,0.0,1.0,62.5,0.7821,1,1,54695,1,YES,1,3,100.0
384,471,SOCIAL_EXPLORER,0,0,1,1,1,0,1,1,1,1,0,0.5,0.25,1.0,1.0,0.0,64.17,0.912,1,1,60697,0,SUPER_LIKE,1,3,100.0
809,782,SELECTIVE_PLANNER,1,0,1,0,1,0,1,1,0,1,0,0.5,0.2,0.0,1.0,0.0,47.33,0.7091,1,1,52928,0,YES,1,3,100.0
183,20,CAUTIOUS_INTROVERT,2,2,2,0,0,0,1,0,0,0,0,0.5,0.0,0.0,0.0,0.0,10.0,0.045,0,0,0,0,NO,0,0,0.0
424,362,SOCIAL_EXPLORER,0,0,0,1,1,1,1,1,2,0,1,0.5,0.1667,1.0,0.0,1.0,63.33,0.892,1,1,47246,1,YES,1,3,100.0
202,81,SOCIAL_EXPLORER,0,1,1,1,0,0,1,0,0,0,0,0.5,0.0,0.0,0.0,0.0,33.33,0.4522,1,1,24188,0,NO,0,1,31.8
170,322,SOCIAL_EXPLORER,2,1,0,0,0,1,1,0,0,0,0,1.0,0.0,0.0,0.0,0.0,37.5,0.6367,1,0,0,1,YES,0,2,71.5
633,75,BUDGET_CONSCIOUS,0,1,1,1,0,0,1,0,0,0,0,1.0,0.0,0.0,0.0,0.0,43.33,0.6245,1,0,0,0,YES,0,2,65.33
488,1010,SOCIAL_EXPLORER,1,1,0,0,0,1,1,1,1,0,1,1.0,0.25,0.5,0.0,1.0,58.33,0.7265,1,0,0,1,YES,1,3,100.0
860,266,BUDGET_CONSCIOUS,1,1,1,0,0,0,1,1,1,1,0,1.0,0.1429,1.0,1.0,0.0,60.36,0.6817,1,0,0,1,YES,0,2,94.36
165,929,CAUTIOUS_INTROVERT,0,0,0,1,1,1,1,1,1,0,1,0.5,0.1667,0.5,0.0,1.0,58.33,0.4867,1,1,31000,0,NO,0,1,59.18
66,938,SOCIAL_EXPLORER,1,1,1,0,0,0,1,1,2,0,1,0.5,0.3333,1.0,0.0,1.0,49.17,0.7622,1,1,44494,0,YES,1,3,100.0
445,392,CAUTIOUS_INTROVERT,1,1,2,0,0,0,1,0,0,0,0,1.0,0.0,0.0,0.0,0.0,31.67,0.2027,0,0,0,0,NO,0,0,13.67
136,788,SELECTIVE_PLANNER,0,2,0,1,0,1,1,1,1,0,0,1.0,0.3333,0.3333,0.0,0.0,53.33,0.275,0,0,0,0,NO,0,0,35.33
628,944,SPONTANEOUS_ADVENTURER,0,1,1,1,0,0,1,1,0,0,0,0.5,0.1429,0.0,0.0,0.0,36.19,0.6841,1,0,0,1,YES,0,2,70.19
246,381,CAUTIOUS_INTROVERT,1,0,1,0,1,0,1,0,0,0,0,0.5,0.0,0.0,0.0,0.0,33.33,0.1899,1,0,0,0,NO,0,0,15.33
45,257,SELECTIVE_PLANNER,0,0,1,1,1,0,1,0,0,0,0,0.5,0.0,0.0,0.0,0.0,39.17,0.647,1,1,44368,1,YES,0,2,96.7
694,578,CAUTIOUS_INTROVERT,1,2,1,0,0,0,1,1,0,1,0,0.5,0.2,0.0,1.0,0.0,35.67,0.2774,0,0,0,0,NO,0,0,17.67
100,570,SOCIAL_EXPLORER,2,2,1,0,0,0,1,1,0,0,0,0.5,0.25,0.0,0.0,0.0,20.83,0.3692,1,1,24061,0,NO,0,1,19.25
527,709,BUDGET_CONSCIOUS,0,1,1,1,0,0,1,1,1,0,0,1.0,0.1667,0.3333,0.0,0.0,50.0,0.5931,1,1,41521,0,NO,0,1,54.53
129,183,SOCIAL_EXPLORER,1,0,2,0,1,0,1,1,1,0,1,1.0,0.25,1.0,0.0,1.0,57.5,0.6335,0,0,0,1,YES,0,2,91.5
693,318,SOCIAL_EXPLORER,1,1,0,0,0,1,1,0,0,0,1,0.5,0.0,0.0,0.0,1.0,38.33,0.5777,1,1,33951,1,SAVE_ONLY,0,1,70.21
375,48,CAUTIOUS_INTROVERT,2,1,1,0,0,0,1,1,2,0,0,1.0,0.1667,1.0,0.0,0.0,45.0,0.4322,0,0,0,1,SAVE_ONLY,0,1,57.0
197,330,BUDGET_CONSCIOUS,1,1,1,0,0,0,1,1,0,0,0,0.3333,0.1429,0.0,0.0,0.0,27.02,0.2725,1,0,0,0,NO,0,0,9.02
971,1011,BUDGET_CONSCIOUS,0,2,0,1,0,1,1,1,1,1,1,0.5,0.1667,0.5,1.0,1.0,56.67,0.6814,1,0,0,0,YES,0,2,78.67
989,760,BUDGET_CONSCIOUS,0,0,1,1,1,0,1,1,0,0,0,0.5,0.1667,0.0,0.0,0.0,42.5,0.718,1,1,51665,0,YES,1,3,100.0
310,596,SELECTIVE_PLANNER,0,0,0,1,1,1,1,2,1,0,0,0.5,0.3333,1.0,0.0,0.0,61.67,0.9329,1,1,50138,1,YES,1,3,100.0
979,502,BUDGET_CONSCIOUS,1,1,1,0,0,0,1,1,0,1,0,1.0,0.1429,0.0,1.0,0.0,50.36,0.5456,1,0,0,0,NO,0,0,32.36
59,197,BUDGET_CONSCIOUS,0,0,2,1,1,0,1,1,2,0,0,0.5,0.1667,1.0,0.0,0.0,46.67,0.563,0,0,0,0,NO,0,0,28.67
193,619,SOCIAL_EXPLORER,2,2,0,0,0,1,1,1,0,0,0,1.0,0.2,0.0,0.0,0.0,35.67,0.6918,1,1,38128,0,YES,0,2,79.01
725,53,SPONTANEOUS_ADVENTURER,1,0,1,0,1,0,1,0,2,0,1,0.5,0.0,1.0,0.0,1.0,48.33,0.69,1,1,38215,1,YES,0,2,100.0
391,124,SELECTIVE_PLANNER,0,1,1,1,0,0,1,1,1,0,0,0.3333,0.25,1.0,0.0,0.0,45.0,0.2217,0,0,0,0,NO,0,0,27.0
143,924,BUDGET_CONSCIOUS,1,0,1,0,1,0,1,2,1,1,1,1.0,0.5,1.0,1.0,1.0,78.33,0.6782,1,0,0,0,YES,0,2,100.0
365,918,BUDGET_CONSCIOUS,0,1,1,1,0,0,1,0,1,1,1,0.5,0.0,0.5,1.0,1.0,53.33,0.6961,1,0,0,0,YES,0,2,75.33
97,561,BUDGET_CONSCIOUS,1,2,0,0,0,1,1,0,1,0,1,1.0,0.0,0.3333,0.0,1.0,45.83,0.5547,1,1,37657,0,NO,0,1,49.01
494,184,SOCIAL_EXPLORER,1,2,1,0,0,0,1,1,0,0,0,1.0,0.1429,0.0,0.0,0.0,34.52,0.481,1,1,34047,0,NO,0,1,36.44
595,31,CAUTIOUS_INTROVERT,1,0,0,0,1,1,1,3,1,0,1,1.0,0.5,1.0,0.0,1.0,74.17,1.0,1,1,64320,0,YES,1,3,100.0
339,562,BUDGET_CONSCIOUS,1,0,2,0,1,0,1,0,0,0,1,1.0,0.0,0.0,0.0,1.0,42.5,0.4005,0,0,0,0,NO,0,0,24.5
770,200,CAUTIOUS_INTROVERT,1,1,1,0,0,0,1,2,0,0,0,0.5,0.6667,0.0,0.0,0.0,40.83,0.696,1,1,42740,0,YES,0,2,85.79
142,701,SOCIAL_EXPLORER,0,1,1,1,0,0,1,2,1,1,1,0.5,0.4,1.0,1.0,1.0,66.33,0.7312,1,0,0,0,YES,1,3,100.0
358,614,SOCIAL_EXPLORER,0,1,1,1,0,0,1,1,0,0,0,1.0,0.1667,0.0,0.0,0.0,46.67,0.68,0,0,0,0,YES,0,2,68.67
248,711,SOCIAL_EXPLORER,1,1,0,0,0,1,1,4,1,1,1,0.3333,0.8,0.5,1.0,1.0,66.0,0.9925,1,1,52812,1,YES,1,3,100.0
852,102,SOCIAL_EXPLORER,1,1,0,0,0,1,1,0,0,0,0,1.0,0.0,0.0,0.0,0.0,43.33,0.7673,1,1,47928,1,YES,1,3,100.0
280,137,CAUTIOUS_INTROVERT,1,2,1,0,0,0,1,2,1,0,0,1.0,0.3333,1.0,0.0,0.0,48.33,0.5771,1,1,31985,1,SAVE_ONLY,0,1,79.52
256,516,PASSIVE_BROWSER,1,0,1,0,1,0,1,1,1,0,0,0.5,0.25,1.0,0.0,0.0,48.33,0.4625,0,0,0,1,SAVE_ONLY,0,1,60.33
230,871,SOCIAL_EXPLORER,1,1,2,0,0,0,1,0,1,0,0,1.0,0.0,0.3333,0.0,0.0,35.0,0.3215,0,0,0,0,NO,0,0,17.0
940,651,SELECTIVE_PLANNER,0,0,0,1,1,1,1,1,0,0,1,0.5,0.2,0.0,0.0,1.0,54.0,0.6267,1,1,40668,0,YES,0,2,98.23
344,423,BUDGET_CONSCIOUS,1,0,1,0,1,0,1,0,0,0,1,0.5,0.0,0.0,0.0,1.0,38.33,0.4653,0,0,0,1,SAVE_ONLY,0,1,50.33
186,251,SOCIAL_EXPLORER,1,0,0,0,1,1,1,1,1,0,0,1.0,0.25,1.0,0.0,0.0,64.17,0.9686,1,1,52243,1,YES,1,3,100.0
937,156,SOCIAL_EXPLORER,0,2,0,1,0,1,1,2,1,1,1,0.3333,0.6667,1.0,1.0,1.0,68.33,0.9622,1,1,60666,0,SUPER_LIKE,1,3,100.0
109,403,BUDGET_CONSCIOUS,0,1,0,1,0,1,1,0,0,0,0,1.0,0.0,0.0,0.0,0.0,49.17,0.6216,1,1,34281,0,YES,0,2,91.17
392,237,SOCIAL_EXPLORER,1,1,1,0,0,0,1,1,2,1,0,1.0,0.25,1.0,1.0,0.0,62.5,0.7477,1,1,51607,1,YES,1,3,100.0
855,1002,SELECTIVE_PLANNER,0,0,1,1,1,0,1,1,0,0,0,0.5,0.25,0.0,0.0,0.0,44.17,0.6307,1,0,0,0,YES,0,2,66.17
583,646,BUDGET_CONSCIOUS,2,1,2,0,0,0,1,0,0,0,0,0.5,0.0,0.0,0.0,0.0,15.83,0.0,1,0,0,0,NO,0,0,0.0
284,406,SOCIAL_EXPLORER,1,1,2,0,0,0,1,2,1,1,1,1.0,0.5,0.3333,1.0,1.0,60.0,0.4748,1,1,37339,1,SAVE_ONLY,0,1,93.07
69,1003,SOCIAL_EXPLORER,1,1,1,0,0,0,1,1,0,0,0,0.5,0.2,0.0,0.0,0.0,31.5,0.5787,1,1,35715,1,SAVE_ONLY,0,1,64.0
762,785,SOCIAL_EXPLORER,2,1,0,0,0,1,2,1,0,0,0,1.0,0.3333,0.0,0.0,0.0,44.17,0.6924,1,0,0,1,YES,0,2,78.17
873,343,SOCIAL_EXPLORER,1,2,0,0,0,1,1,2,1,1,0,0.5,0.4,1.0,1.0,0.0,55.5,0.707,1,1,52310,0,YES,1,3,100.0
88,209,CAUTIOUS_INTROVERT,1,2,2,0,0,0,1,0,1,1,0,0.5,0.0,0.3333,1.0,0.0,29.17,0.0353,0,0,0,0,NO,0,0,11.17
207,282,SOCIAL_EXPLORER,1,1,0,0,0,1,1,3,1,1,1,0.3333,1.0,0.5,1.0,1.0,70.0,0.9547,1,1,52754,1,YES,1,3,100.0
791,287,BUDGET_CONSCIOUS,0,1,0,1,0,1,1,0,0,0,0,0.5,0.0,0.0,0.0,0.0,39.17,0.684,1,0,0,1,YES,0,2,73.17
673,360,BUDGET_CONSCIOUS,1,1,1,0,0,0,1,1,1,0,0,0.5,0.2,1.0,0.0,0.0,41.5,0.5426,0,0,0,1,SAVE_ONLY,0,1,53.5
746,816,SOCIAL_EXPLORER,0,1,1,1,0,0,1,2,1,1,1,1.0,0.5,0.5,1.0,1.0,73.33,0.7977,0,0,0,1,YES,1,3,100.0
766,807,SPONTANEOUS_ADVENTURER,0,2,1,1,0,0,1,1,1,0,1,0.5,0.1667,0.5,0.0,1.0,40.83,0.5844,1,0,0,0,NO,0,0,22.83
755,359,CAUTIOUS_INTROVERT,0,0,1,1,1,0,1,0,1,0,1,1.0,0.0,0.5,0.0,1.0,59.17,0.268,1,1,15454,0,NO,0,0,54.58
129,775,SOCIAL_EXPLORER,1,1,1,0,0,0,1,0,0,0,0,1.0,0.0,0.0,0.0,0.0,37.5,0.6536,1,1,48797,0,YES,0,2,84.58
865,692,BUDGET_CONSCIOUS,0,1,1,1,0,0,1,0,1,0,0,0.5,0.0,0.5,0.0,0.0,38.33,0.6662,1,0,0,1,YES,0,2,72.33
699,917,BUDGET_CONSCIOUS,0,1,1,1,0,0,1,0,0,0,1,1.0,0.0,0.0,0.0,1.0,48.33,0.661,1,1,49209,0,YES,0,2,95.55
208,117,SPONTANEOUS_ADVENTURER,1,1,1,0,0,0,1,0,0,0,0,0.3333,0.0,0.0,0.0,0.0,24.17,0.4938,0,0,0,1,SAVE_ONLY,0,1,36.17
756,978,SOCIAL_EXPLORER,1,1,2,0,0,0,2,3,1,1,1,1.0,0.6,0.5,1.0,1.0,63.67,0.6688,1,0,0,0,YES,0,2,85.67
940,909,SELECTIVE_PLANNER,1,0,0,0,1,1,1,0,0,0,1,0.5,0.0,0.0,0.0,1.0,44.17,0.6709,1,1,36077,0,YES,0,2,86.8
947,22,SELECTIVE_PLANNER,0,2,1,1,0,0,1,0,0,0,0,1.0,0.0,0.0,0.0,0.0,37.5,0.148,0,0,0,0,NO,0,0,19.5
844,1003,SOCIAL_EXPLORER,1,1,1,0,0,0,1,1,0,0,0,1.0,0.1667,0.0,0.0,0.0,40.83,0.6433,1,1,42443,1,YES,0,2,97.69
279,642,SELECTIVE_PLANNER,1,0,1,0,1,0,1,1,0,0,0,0.5,0.25,0.0,0.0,0.0,38.33,0.4728,1,1,31930,1,SAVE_ONLY,0,1,69.51
322,128,BUDGET_CONSCIOUS,1,1,2,0,0,0,1,0,0,0,0,1.0,0.0,0.0,0.0,0.0,31.67,0.4508,1,0,0,1,SAVE_ONLY,0,1,43.67
194,394,SOCIAL_EXPLORER,1,0,1,0,1,0,1,0,0,0,1,1.0,0.0,0.0,0.0,1.0,48.33,0.7972,0,0,0,0,YES,1,3,100.0
209,120,SOCIAL_EXPLORER,0,2,0,1,0,1,1,0,0,0,0,1.0,0.0,0.0,0.0,0.0,43.33,0.6242,1,0,0,1,YES,0,2,77.33
413,951,SOCIAL_EXPLORER,0,0,1,1,1,0,1,2,1,0,1,0.5,0.4,0.5,0.0,1.0,57.17,0.7826,1,1,52460,0,YES,1,3,100.0
53,624,CAUTIOUS_INTROVERT,1,1,0,0,0,1,1,1,2,1,0,0.3333,0.1667,1.0,1.0,0.0,53.33,0.603,1,0,0,1,SAVE_ONLY,0,1,65.33
430,211,SPONTANEOUS_ADVENTURER,1,1,0,0,0,1,1,2,1,0,0,0.5,0.5,1.0,0.0,0.0,53.33,0.6814,1,1,47405,1,YES,0,2,100.0
45,502,SELECTIVE_PLANNER,0,1,0,1,0,1,1,0,0,0,0,0.5,0.0,0.0,0.0,0.0,39.17,0.2555,1,1,14714,0,NO,0,0,34.32
973,986,BUDGET_CONSCIOUS,0,1,2,1,0,0,1,2,1,0,0,0.5,0.6667,1.0,0.0,0.0,50.83,0.7189,1,1,51357,0,YES,1,3,100.0
821,887,SOCIAL_EXPLORER,0,0,1,1,1,0,1,0,0,0,0,0.3333,0.0,0.0,0.0,0.0,35.83,0.4163,1,1,33029,0,NO,0,1,37.39
704,405,CAUTIOUS_INTROVERT,0,2,2,1,0,0,1,0,1,0,0,0.5,0.0,0.3333,0.0,0.0,25.0,0.0868,0,0,0,0,NO,0,0,7.0
57,689,CAUTIOUS_INTROVERT,0,0,1,1,1,0,1,2,0,1,1,0.3333,0.5,0.0,1.0,1.0,60.83,0.7423,1,1,39935,1,YES,1,3,100.0
121,391,SELECTIVE_PLANNER,1,0,0,0,1,1,1,0,0,0,0,0.5,0.0,0.0,0.0,0.0,39.17,0.628,1,1,33259,1,YES,0,2,92.81
324,128,SELECTIVE_PLANNER,1,0,1,0,1,0,1,1,1,0,0,1.0,0.25,0.5,0.0,0.0,53.33,0.8492,1,1,53932,0,SUPER_LIKE,1,3,100.0
80,460,CAUTIOUS_INTROVERT,2,1,1,0,0,0,1,3,2,1,0,0.5,0.75,1.0,1.0,0.0,56.67,0.6131,1,1,33988,1,SAVE_ONLY,0,1,88.57
647,1019,SOCIAL_EXPLORER,0,0,1,1,1,0,0,0,0,0,0,0.0,0.0,0.0,0.0,0.0,29.17,0.604,1,1,41006,1,SAVE_ONLY,0,1,63.52
986,244,BUDGET_CONSCIOUS,0,1,0,1,0,1,1,0,0,0,0,0.5,0.0,0.0,0.0,0.0,39.17,0.4119,1,1,29305,0,NO,0,1,39.43
919,572,SOCIAL_EXPLORER,1,0,2,0,1,0,1,2,1,0,1,0.3333,0.4,0.5,0.0,1.0,42.17,0.3504,1,1,25193,0,NO,0,1,40.99
749,542,SOCIAL_EXPLORER,0,2,2,1,0,0,1,0,0,0,0,0.5,0.0,0.0,0.0,0.0,21.67,0.1117,0,0,0,0,NO,0,0,3.67
694,353,CAUTIOUS_INTROVERT,1,1,1,0,0,0,1,1,1,0,1,1.0,0.25,0.3333,0.0,1.0,50.83,0.6008,1,0,0,0,NO,0,0,32.83
450,179,SPONTANEOUS_ADVENTURER,1,1,1,0,0,0,1,1,1,0,0,1.0,0.25,1.0,0.0,0.0,52.5,0.954,1,1,53517,1,YES,1,3,100.0
485,256,BUDGET_CONSCIOUS,1,1,1,0,0,0,1,0,0,0,0,1.0,0.0,0.0,0.0,0.0,37.5,0.4896,1,1,27216,1,SAVE_ONLY,0,1,67.03
490,877,BUDGET_CONSCIOUS,2,1,0,0,0,1,1,2,0,0,0,0.3333,0.4,0.0,0.0,0.0,32.17,0.0,0,0,0,0,NO,0,0,14.17
543,286,CAUTIOUS_INTROVERT,2,0,0,0,1,1,1,0,0,0,0,1.0,0.0,0.0,0.0,0.0,43.33,0.3929,1,1,24132,0,NO,0,1,41.78
554,994,BUDGET_CONSCIOUS,1,0,0,0,1,1,1,0,0,0,0,0.5,0.0,0.0,0.0,0.0,39.17,0.446,1,0,0,0,NO,0,0,21.17
418,271,SOCIAL_EXPLORER,1,1,1,0,0,0,1,3,2,1,1,0.3333,0.75,1.0,1.0,1.0,64.17,0.8313,1,1,47855,0,YES,1,3,100.0
702,483,SOCIAL_EXPLORER,1,0,0,0,1,1,1,1,1,0,0,0.5,0.1429,1.0,0.0,0.0,52.02,0.6846,1,1,46679,1,YES,0,2,100.0
267,321,SOCIAL_EXPLORER,0,2,0,1,0,1,1,1,0,0,0,0.5,0.3333,0.0,0.0,0.0,40.0,0.6516,0,0,0,0,YES,0,2,62.0
527,405,BUDGET_CONSCIOUS,2,2,0,0,0,1,1,1,1,1,0,0.5,0.25,0.3333,1.0,0.0,40.0,0.1497,0,0,0,0,NO,0,0,22.0
153,820,SOCIAL_EXPLORER,1,1,1,0,0,0,1,0,1,1,0,1.0,0.0,1.0,1.0,0.0,57.5,0.6694,1,1,37135,1,YES,0,2,100.0
117,736,CAUTIOUS_INTROVERT,1,1,2,0,0,0,1,0,0,0,0,0.3333,0.0,0.0,0.0,0.0,18.33,0.0,1,0,0,0,NO,0,0,0.33
54,778,CAUTIOUS_INTROVERT,1,2,1,0,0,0,1,2,1,0,0,1.0,0.3333,0.5,0.0,0.0,43.33,0.569,0,0,0,1,SAVE_ONLY,0,1,55.33
261,132,BUDGET_CONSCIOUS,0,0,1,1,1,0,1,1,1,0,0,0.5,0.1667,0.5,0.0,0.0,47.5,0.6496,0,0,0,1,YES,0,2,81.5
465,311,SELECTIVE_PLANNER,0,2,0,1,0,1,1,1,0,0,0,0.3333,0.1429,0.0,0.0,0.0,32.86,0.2725,0,0,0,0,NO,0,0,14.86
626,296,SOCIAL_EXPLORER,1,1,1,0,0,0,1,0,0,0,0,1.0,0.0,0.0,0.0,0.0,37.5,0.5117,0,0,0,1,SAVE_ONLY,0,1,49.5
419,609,CAUTIOUS_INTROVERT,2,1,0,0,0,1,1,2,1,1,0,0.5,0.3333,1.0,1.0,0.0,54.17,0.6715,1,1,39731,1,YES,0,2,100.0
955,82,BUDGET_CONSCIOUS,0,2,1,1,0,0,1,0,1,0,0,1.0,0.0,0.5,0.0,0.0,42.5,0.656,1,0,0,0,YES,0,2,64.5
882,920,CAUTIOUS_INTROVERT,0,1,1,1,0,0,1,0,1,0,0,0.25,0.0,0.5,0.0,0.0,33.33,0.2831,0,0,0,0,NO,0,0,15.33
757,129,SOCIAL_EXPLORER,0,1,0,1,0,1,1,0,1,1,0,0.5,0.0,1.0,1.0,0.0,59.17,0.884,1,1,51310,1,YES,1,3,100.0
420,293,SOCIAL_EXPLORER,0,0,1,1,1,0,1,1,1,0,1,0.5,0.1429,0.3333,0.0,1.0,50.36,0.7864,1,1,54766,1,YES,1,3,100.0
28,270,SELECTIVE_PLANNER,0,2,1,1,0,0,1,1,1,0,0,0.3333,0.1429,0.5,0.0,0.0,32.02,0.269,1,1,21600,0,NO,0,1,29.58
643,113,CAUTIOUS_INTROVERT,1,2,0,0,0,1,1,1,0,1,0,0.3333,0.25,0.0,1.0,0.0,39.17,0.4358,0,0,0,1,SAVE_ONLY,0,1,51.17
57,136,CAUTIOUS_INTROVERT,1,0,1,0,1,0,1,1,0,0,1,1.0,0.25,0.0,0.0,1.0,53.33,0.6789,0,0,0,0,YES,0,2,75.33
40,926,BUDGET_CONSCIOUS,0,1,1,1,0,0,1,0,1,0,0,0.3333,0.0,1.0,0.0,0.0,40.0,0.6426,1,0,0,0,YES,0,2,62.0
781,83,BUDGET_CONSCIOUS,0,0,0,1,1,1,1,1,0,0,0,1.0,0.2,0.0,0.0,0.0,59.0,0.8159,1,0,0,1,YES,1,3,100.0
400,779,CAUTIOUS_INTROVERT,1,0,0,0,1,1,1,2,0,1,1,1.0,0.6667,0.0,1.0,1.0,77.5,0.8971,1,1,62745,0,SUPER_LIKE,1,3,100.0
311,606,SPONTANEOUS_ADVENTURER,0,1,0,1,0,1,1,1,0,0,0,0.5,0.1667,0.0,0.0,0.0,42.5,0.7522,1,0,0,0,YES,1,3,94.5
815,947,SOCIAL_EXPLORER,1,0,1,0,1,0,1,3,0,0,0,1.0,0.5,0.0,0.0,0.0,53.33,0.6268,1,1,35186,1,YES,0,2,100.0
861,953,SOCIAL_EXPLORER,0,1,1,1,0,0,1,1,1,0,0,0.5,0.2,0.3333,0.0,0.0,40.67,0.6924,1,1,47320,1,YES,0,2,99.23
71,119,SELECTIVE_PLANNER,0,1,1,1,0,0,1,2,1,0,1,1.0,0.5,1.0,0.0,1.0,68.33,0.5423,1,1,35644,0,NO,0,1,70.81
935,273,SPONTANEOUS_ADVENTURER,0,2,1,1,0,0,1,2,1,0,1,1.0,0.3333,1.0,0.0,1.0,59.17,0.6781,1,1,40577,0,YES,0,2,100.0
903,113,SELECTIVE_PLANNER,0,0,1,1,1,0,2,0,0,0,1,1.0,0.0,0.0,0.0,1.0,54.17,0.6505,1,1,48958,1,YES,0,2,100.0
456,972,SOCIAL_EXPLORER,0,1,2,1,0,0,1,1,0,0,0,1.0,0.1667,0.0,0.0,0.0,40.83,0.3798,1,0,0,0,NO,0,0,22.83
695,549,BUDGET_CONSCIOUS,0,2,1,1,0,0,1,1,1,1,1,0.5,0.3333,1.0,1.0,1.0,59.17,0.6341,1,1,48346,1,YES,0,2,100.0
259,854,CAUTIOUS_INTROVERT,0,1,1,1,0,0,1,1,2,1,0,1.0,0.1429,1.0,1.0,0.0,66.19,0.6945,1,0,0,0,YES,0,2,88.19
271,106,BUDGET_CONSCIOUS,1,0,1,0,1,0,2,4,2,1,1,1.0,1.0,1.0,1.0,1.0,88.33,0.7501,0,0,0,1,YES,1,3,100.0
981,147,BUDGET_CONSCIOUS,1,1,0,0,0,1,1,1,1,1,1,0.5,0.1667,1.0,1.0,1.0,61.67,0.6492,1,1,33942,1,YES,0,2,100.0
692,269,BUDGET_CONSCIOUS,1,0,1,0,1,0,1,1,2,1,1,1.0,0.2,1.0,1.0,1.0,72.33,0.7005,1,1,42043,1,YES,1,3,100.0
880,849,CAUTIOUS_INTROVERT,1,1,1,0,0,0,1,2,1,0,0,1.0,0.5,0.5,0.0,0.0,52.5,0.6924,1,1,45541,1,YES,0,2,100.0
498,699,SOCIAL_EXPLORER,0,0,1,1,1,0,1,1,1,0,0,1.0,0.25,1.0,0.0,0.0,64.17,0.9077,1,1,51499,0,YES,1,3,100.0
144,352,SPONTANEOUS_ADVENTURER,1,0,1,0,1,0,2,1,0,0,0,1.0,0.1667,0.0,0.0,0.0,46.67,0.6911,0,0,0,1,YES,0,2,80.67
707,866,CAUTIOUS_INTROVERT,1,1,1,0,0,0,1,0,1,0,0,1.0,0.0,0.3333,0.0,0.0,40.83,0.2719,1,1,23784,0,NO,0,1,39.15
808,392,SPONTANEOUS_ADVENTURER,0,0,1,1,1,0,1,1,0,0,0,1.0,0.2,0.0,0.0,0.0,53.17,0.7604,1,1,41086,0,YES,1,3,100.0
358,842,BUDGET_CONSCIOUS,0,1,1,1,0,0,1,0,1,0,1,0.5,0.0,1.0,0.0,1.0,48.33,0.7175,0,0,0,0,YES,1,3,100.0
19,463,SPONTANEOUS_ADVENTURER,0,1,0,1,0,1,1,2,1,0,1,1.0,0.3333,0.3333,0.0,1.0,64.17,1.0,1,1,60066,0,SUPER_LIKE,1,3,100.0
300,253,SOCIAL_EXPLORER,0,1,1,1,0,0,1,3,1,0,0,1.0,0.75,1.0,0.0,0.0,68.33,0.7398,1,1,50401,0,YES,1,3,100.0
198,256,BUDGET_CONSCIOUS,1,1,1,0,0,0,1,1,0,0,0,1.0,0.2,0.0,0.0,0.0,41.5,0.4744,1,0,0,0,NO,0,0,23.5
1001,63,SOCIAL_EXPLORER,1,1,1,0,0,0,1,1,0,0,0,1.0,0.125,0.0,0.0,0.0,40.0,0.7382,0,0,0,1,YES,1,3,100.0
650,934,SOCIAL_EXPLORER,1,0,2,0,1,0,1,3,0,1,1,1.0,0.75,0.0,1.0,1.0,67.5,0.7238,1,1,48774,1,YES,1,3,100.0
79,396,SPONTANEOUS_ADVENTURER,1,1,1,0,0,0,1,0,0,0,0,0.5,0.0,0.0,0.0,0.0,27.5,0.4967,1,0,0,0,NO,0,0,9.5
189,752,SOCIAL_EXPLORER,1,0,1,0,1,0,2,1,2,0,1,0.6667,0.2,1.0,0.0,1.0,55.67,0.8208,1,1,58588,0,SUPER_LIKE,1,3,100.0
632,266,SPONTANEOUS_ADVENTURER,1,1,0,0,0,1,1,4,1,1,1,1.0,1.0,1.0,1.0,1.0,88.33,1.0,1,1,64508,1,YES,1,3,100.0
723,654,BUDGET_CONSCIOUS,0,1,0,1,0,1,1,1,1,0,0,0.5,0.25,0.5,0.0,0.0,49.17,0.6434,1,1,44322,0,YES,0,2,94.68
824,199,SOCIAL_EXPLORER,0,0,1,1,1,0,1,0,0,0,0,1.0,0.0,0.0,0.0,0.0,49.17,0.6945,1,0,0,0,YES,0,2,71.17
140,325,SPONTANEOUS_ADVENTURER,0,1,1,1,0,0,1,2,1,1,1,1.0,1.0,1.0,1.0,1.0,88.33,1.0,1,1,62556,0,SUPER_LIKE,1,3,100.0
891,978,SPONTANEOUS_ADVENTURER,2,1,1,0,0,0,1,0,0,0,0,0.5,0.0,0.0,0.0,0.0,21.67,0.5016,0,0,0,1,SAVE_ONLY,0,1,33.67
952,555,SOCIAL_EXPLORER,2,0,2,0,1,0,1,2,1,0,0,0.5,0.4,1.0,0.0,0.0,39.67,0.3547,0,0,0,0,NO,0,0,21.67
837,443,CAUTIOUS_INTROVERT,0,0,1,1,1,0,1,0,0,0,0,0.3333,0.0,0.0,0.0,0.0,35.83,0.3171,0,0,0,0,NO,0,0,17.83
494,462,SOCIAL_EXPLORER,1,2,1,0,0,0,1,1,1,0,1,0.5,0.2,0.5,0.0,1.0,35.67,0.576,0,0,0,1,SAVE_ONLY,0,1,47.67
92,467,CAUTIOUS_INTROVERT,1,1,2,0,0,0,1,2,1,1,0,1.0,0.5,0.5,1.0,0.0,56.67,0.4672,1,1,34415,0,NO,0,1,58.72
380,911,BUDGET_CONSCIOUS,1,0,1,0,1,0,1,3,1,1,1,1.0,0.75,0.3333,1.0,1.0,76.67,0.7885,1,1,49378,0,YES,1,3,100.0
141,160,SOCIAL_EXPLORER,1,2,0,0,0,1,1,0,1,0,1,0.5,0.0,1.0,0.0,1.0,42.5,0.6549,1,1,44950,0,YES,0,2,88.23
35,870,BUDGET_CONSCIOUS,0,0,0,1,1,1,2,0,0,0,0,1.0,0.0,0.0,0.0,0.0,55.0,0.8097,1,1,48564,1,YES,1,3,100.0
930,350,SPONTANEOUS_ADVENTURER,0,1,0,1,0,1,1,0,0,0,0,1.0,0.0,0.0,0.0,0.0,49.17,0.669,1,1,39575,0,YES,0,2,93.02
291,753,SOCIAL_EXPLORER,1,1,0,0,0,1,1,1,0,0,1,1.0,0.25,0.0,0.0,1.0,53.33,0.6866,1,1,37192,1,YES,0,2,100.0
54,968,CAUTIOUS_INTROVERT,1,1,2,0,0,0,1,2,0,0,0,0.5,0.3333,0.0,0.0,0.0,28.33,0.2373,0,0,0,0,NO,0,0,10.33
118,193,SOCIAL_EXPLORER,0,1,0,1,0,1,1,1,1,0,0,0.5,0.1667,1.0,0.0,0.0,52.5,0.8633,1,1,50365,1,YES,1,3,100.0
134,56,SOCIAL_EXPLORER,1,2,0,0,0,1,1,0,1,0,0,0.5,0.0,0.5,0.0,0.0,32.5,0.4962,1,1,33295,1,SAVE_ONLY,0,1,64.15
421,48,CAUTIOUS_INTROVERT,1,0,1,0,1,0,1,0,0,0,0,1.0,0.0,0.0,0.0,0.0,43.33,0.5289,1,1,40328,1,SAVE_ONLY,0,1,77.44
700,21,SOCIAL_EXPLORER,1,1,1,0,0,0,1,0,0,0,0,0.5,0.0,0.0,0.0,0.0,27.5,0.5238,1,0,0,0,NO,0,0,9.5
206,537,SOCIAL_EXPLORER,0,1,1,1,0,0,2,1,1,0,0,1.0,0.2,0.5,0.0,0.0,52.33,0.8573,1,1,51158,0,YES,1,3,100.0
597,551,BUDGET_CONSCIOUS,2,0,1,0,1,0,1,0,0,0,0,0.3333,0.0,0.0,0.0,0.0,24.17,0.0129,1,0,0,0,NO,0,0,6.17
506,161,SOCIAL_EXPLORER,1,0,1,0,1,0,1,1,0,0,0,0.5,0.1429,0.0,0.0,0.0,36.19,0.4445,1,1,26850,0,NO,0,1,35.59
346,547,SPONTANEOUS_ADVENTURER,0,2,1,1,0,0,1,0,0,0,0,0.5,0.0,0.0,0.0,0.0,27.5,0.3351,1,1,27593,0,NO,0,1,27.16
571,217,SPONTANEOUS_ADVENTURER,1,1,0,0,0,1,1,1,2,1,0,1.0,0.3333,1.0,1.0,0.0,70.0,0.8516,1,1,45217,0,YES,1,3,100.0
465,710,SELECTIVE_PLANNER,0,2,1,1,0,0,1,2,1,1,0,0.5,0.5,1.0,1.0,0.0,57.5,0.4838,0,0,0,1,SAVE_ONLY,0,1,69.5
874,505,CAUTIOUS_INTROVERT,1,0,1,0,1,0,1,0,0,0,1,0.5,0.0,0.0,0.0,1.0,38.33,0.2515,0,0,0,0,NO,0,0,20.33
719,389,SPONTANEOUS_ADVENTURER,2,0,1,0,1,0,1,2,0,0,1,0.3333,0.4,0.0,0.0,1.0,37.17,0.6277,1,0,0,1,YES,0,2,71.17
621,539,SOCIAL_EXPLORER,1,1,1,0,0,0,2,2,1,0,1,1.0,0.4,1.0,0.0,1.0,60.5,0.4854,1,1,30824,1,SAVE_ONLY,0,1,91.29
190,966,SOCIAL_EXPLORER,0,1,1,1,0,0,1,0,0,0,0,0.3333,0.0,0.0,0.0,0.0,30.0,0.5363,1,1,33150,1,SAVE_ONLY,0,1,61.6
253,735,SOCIAL_EXPLORER,1,0,1,0,1,0,1,0,0,0,0,0.5,0.0,0.0,0.0,0.0,33.33,0.514,1,1,41721,1,SAVE_ONLY,0,1,67.93
464,497,SPONTANEOUS_ADVENTURER,1,0,0,0,1,1,1,0,0,0,0,1.0,0.0,0.0,0.0,0.0,49.17,0.5514,1,1,31117,0,NO,0,1,50.06
617,792,SPONTANEOUS_ADVENTURER,1,1,1,0,0,0,1,0,0,1,0,1.0,0.0,0.0,1.0,0.0,47.5,0.7677,1,1,52954,0,YES,1,3,100.0
775,483,BUDGET_CONSCIOUS,0,0,1,1,1,0,1,0,0,0,0,1.0,0.0,0.0,0.0,0.0,49.17,0.6321,1,1,45444,0,YES,0,2,95.08
954,563,CAUTIOUS_INTROVERT,0,0,2,1,1,0,1,2,1,1,1,0.5,0.6667,0.3333,1.0,1.0,65.0,0.7358,1,1,45606,1,YES,1,3,100.0
291,1017,SOCIAL_EXPLORER,1,0,0,0,1,1,0,0,0,0,0,0.0,0.0,0.0,0.0,0.0,29.17,0.5536,1,1,36754,1,SAVE_ONLY,0,1,62.03
64,1020,CAUTIOUS_INTROVERT,1,1,2,0,0,0,0,0,0,0,0,0.0,0.0,0.0,0.0,0.0,11.67,0.0,0,0,0,0,NO,0,0,0.0
696,219,SOCIAL_EXPLORER,0,2,0,1,0,1,1,0,0,0,1,1.0,0.0,0.0,0.0,1.0,48.33,0.5435,1,1,35434,0,NO,0,1,50.73
523,451,SPONTANEOUS_ADVENTURER,1,1,0,0,0,1,1,1,0,1,0,1.0,0.2,0.0,1.0,0.0,57.33,0.7466,1,1,50923,0,YES,1,3,100.0
976,1004,CAUTIOUS_INTROVERT,1,0,2,0,1,0,1,1,0,0,0,0.3333,0.1667,0.0,0.0,0.0,27.5,0.0875,0,0,0,0,NO,0,0,9.5
957,693,SOCIAL_EXPLORER,0,1,0,1,0,1,2,0,0,0,0,0.6667,0.0,0.0,0.0,0.0,42.5,0.7466,1,1,45599,0,YES,1,3,100.0
822,667,SOCIAL_EXPLORER,2,1,0,0,0,1,1,1,0,0,0,0.5,0.2,0.0,0.0,0.0,31.5,0.4634,1,1,28296,1,SAVE_ONLY,0,1,61.4
54,96,CAUTIOUS_INTROVERT,2,2,0,0,0,1,1,1,0,0,0,1.0,0.1429,0.0,0.0,0.0,34.52,0.4292,0,0,0,1,SAVE_ONLY,0,1,46.52
1007,549,BUDGET_CONSCIOUS,0,1,1,1,0,0,1,0,1,0,0,0.5,0.0,1.0,0.0,0.0,43.33,0.6535,1,0,0,1,YES,0,2,77.33
538,866,SOCIAL_EXPLORER,1,1,1,0,0,0,1,1,2,1,0,0.5,0.25,1.0,1.0,0.0,52.5,0.6659,1,1,34849,0,YES,0,2,94.7
786,411,BUDGET_CONSCIOUS,0,0,1,1,1,0,1,0,0,0,0,0.5,0.0,0.0,0.0,0.0,39.17,0.4486,1,1,29870,0,NO,0,1,39.62
23,1008,BUDGET_CONSCIOUS,0,0,0,1,1,1,2,0,1,0,0,0.6667,0.0,0.5,0.0,0.0,53.33,0.5555,1,1,30997,0,NO,0,1,54.18
386,153,BUDGET_CONSCIOUS,1,1,0,0,0,1,1,0,0,0,1,0.5,0.0,0.0,0.0,1.0,38.33,0.4028,0,0,0,0,NO,0,0,20.33
818,313,BUDGET_CONSCIOUS,1,0,1,0,1,0,1,0,0,0,0,0.5,0.0,0.0,0.0,0.0,33.33,0.3488,0,0,0,0,NO,0,0,15.33
781,755,BUDGET_CONSCIOUS,2,0,0,0,1,1,1,0,1,0,1,1.0,0.0,0.5,0.0,1.0,53.33,0.2873,0,0,0,0,NO,0,0,35.33
778,980,SPONTANEOUS_ADVENTURER,0,2,0,1,0,1,1,0,0,0,0,0.5,0.0,0.0,0.0,0.0,33.33,0.473,0,0,0,1,SAVE_ONLY,0,1,45.33
309,890,SOCIAL_EXPLORER,1,0,1,0,1,0,1,2,1,1,0,0.5,0.5,0.5,1.0,0.0,58.33,0.9101,1,1,52392,1,SUPER_LIKE,1,3,100.0
648,858,BUDGET_CONSCIOUS,1,1,1,0,0,0,1,1,0,0,0,0.3333,0.1429,0.0,0.0,0.0,27.02,0.3274,1,1,21608,0,NO,0,1,24.58
996,523,SPONTANEOUS_ADVENTURER,0,0,0,1,1,1,1,0,0,0,0,1.0,0.0,0.0,0.0,0.0,55.0,0.7559,1,1,40062,1,YES,1,3,100.0
856,960,BUDGET_CONSCIOUS,1,2,0,0,0,1,1,1,0,1,1,0.5,0.2,0.0,1.0,1.0,46.5,0.4477,1,1,29882,1,SAVE_ONLY,0,1,76.96
601,190,SELECTIVE_PLANNER,0,1,1,1,0,0,1,0,0,1,0,1.0,0.0,0.0,1.0,0.0,53.33,0.1993,1,1,14589,0,NO,0,0,48.44
144,885,SPONTANEOUS_ADVENTURER,2,1,0,0,0,1,1,0,0,0,0,0.3333,0.0,0.0,0.0,0.0,24.17,0.4855,0,0,0,1,SAVE_ONLY,0,1,36.17
261,706,BUDGET_CONSCIOUS,2,1,2,0,0,0,2,0,0,0,1,1.0,0.0,0.0,0.0,1.0,30.83,0.0,0,0,0,0,NO,0,0,12.83
404,963,SELECTIVE_PLANNER,1,1,1,0,0,0,1,1,0,0,1,0.25,0.2,0.0,0.0,1.0,31.5,0.2243,0,0,0,0,NO,0,0,13.5
137,997,BUDGET_CONSCIOUS,0,1,1,1,0,0,1,2,0,0,1,0.5,0.3333,0.0,0.0,1.0,45.0,0.7299,1,0,0,1,YES,1,3,100.0
818,998,BUDGET_CONSCIOUS,0,1,2,1,0,0,1,2,1,0,0,0.5,0.3333,1.0,0.0,0.0,44.17,0.6641,1,0,0,1,YES,0,2,78.17
184,350,SELECTIVE_PLANNER,0,1,0,1,0,1,1,0,2,1,0,1.0,0.0,1.0,1.0,0.0,69.17,0.5344,0,0,0,1,SAVE_ONLY,0,1,81.17
710,530,SOCIAL_EXPLORER,0,2,1,1,0,0,1,2,1,0,1,1.0,0.5,0.5,0.0,1.0,57.5,0.7901,1,1,49109,1,YES,1,3,100.0
180,1001,SOCIAL_EXPLORER,1,1,0,0,0,1,1,2,1,1,0,1.0,0.3333,1.0,1.0,0.0,70.0,0.9174,1,1,58576,0,YES,1,3,100.0
787,855,SOCIAL_EXPLORER,1,1,1,0,0,0,1,0,1,0,0,0.5,0.0,0.5,0.0,0.0,32.5,0.6648,1,1,35038,0,YES,0,2,74.76
591,435,SOCIAL_EXPLORER,0,1,1,1,0,0,1,0,0,0,0,0.5,0.0,0.0,0.0,0.0,33.33,0.5051,0,0,0,1,SAVE_ONLY,0,1,45.33
325,604,SOCIAL_EXPLORER,1,0,0,0,1,1,1,1,0,0,0,1.0,0.25,0.0,0.0,0.0,54.17,0.6866,1,0,0,0,YES,0,2,76.17
613,22,SOCIAL_EXPLORER,1,2,0,0,0,1,1,4,1,1,1,1.0,1.0,0.5,1.0,1.0,77.5,0.9018,1,1,60765,0,YES,1,3,100.0
529,155,CAUTIOUS_INTROVERT,0,0,1,1,1,0,1,0,1,0,0,0.5,0.0,1.0,0.0,0.0,49.17,0.6167,1,1,47248,1,SAVE_ONLY,0,1,85.71
974,713,CAUTIOUS_INTROVERT,1,1,1,0,0,0,1,1,0,0,0,0.5,0.2,0.0,0.0,0.0,31.5,0.3439,0,0,0,0,NO,0,0,13.5
856,974,BUDGET_CONSCIOUS,2,1,1,0,0,0,1,0,0,1,0,0.5,0.0,0.0,1.0,0.0,31.67,0.0624,0,0,0,0,NO,0,0,13.67
836,757,SOCIAL_EXPLORER,0,1,0,1,0,1,1,2,1,0,1,0.5,0.5,1.0,0.0,1.0,64.17,0.9914,1,1,54365,0,SUPER_LIKE,1,3,100.0
855,791,SELECTIVE_PLANNER,1,2,0,0,0,1,1,1,1,1,0,1.0,0.3333,1.0,1.0,0.0,64.17,0.5013,1,0,0,1,SAVE_ONLY,0,1,76.17
46,129,SOCIAL_EXPLORER,1,1,0,0,0,1,1,1,0,0,1,0.5,0.25,0.0,0.0,1.0,43.33,0.579,0,0,0,0,NO,0,0,25.33
153,829,SOCIAL_EXPLORER,0,1,0,1,0,1,1,0,0,0,0,1.0,0.0,0.0,0.0,0.0,49.17,0.6841,1,1,39946,0,YES,0,2,93.15
522,1006,SOCIAL_EXPLORER,0,1,2,1,0,0,1,4,1,1,1,0.3333,1.0,0.5,1.0,1.0,64.17,0.4477,1,0,0,1,SAVE_ONLY,0,1,76.17
750,761,CAUTIOUS_INTROVERT,0,2,2,1,0,0,1,2,0,1,1,0.5,0.5,0.0,1.0,1.0,46.67,0.4426,1,1,23252,1,SAVE_ONLY,0,1,74.81
175,145,SPONTANEOUS_ADVENTURER,1,1,0,0,0,1,1,1,0,0,0,0.3333,0.125,0.0,0.0,0.0,32.5,0.4841,1,0,0,1,SAVE_ONLY,0,1,44.5
196,587,SPONTANEOUS_ADVENTURER,0,0,1,1,1,0,1,3,0,1,1,0.5,0.75,0.0,1.0,1.0,69.17,0.9137,1,1,48914,0,SUPER_LIKE,1,3,100.0
228,979,BUDGET_CONSCIOUS,0,1,0,1,0,1,1,2,0,1,0,1.0,0.2857,0.0,1.0,0.0,64.88,0.9295,1,0,0,0,YES,1,3,100.0
204,86,SOCIAL_EXPLORER,1,0,0,0,1,1,1,1,0,0,0,0.5,0.2,0.0,0.0,0.0,43.17,0.7213,1,0,0,1,YES,1,3,100.0
640,519,BUDGET_CONSCIOUS,1,1,0,0,0,1,1,2,1,0,1,1.0,0.5,0.5,0.0,1.0,63.33,0.4887,0,0,0,1,SAVE_ONLY,0,1,75.33
440,559,SOCIAL_EXPLORER,1,0,0,0,1,1,1,1,1,0,1,0.5,0.1667,1.0,0.0,1.0,57.5,0.8309,1,1,59384,1,YES,1,3,100.0
434,578,SOCIAL_EXPLORER,1,1,0,0,0,1,1,0,1,0,0,0.5,0.0,0.5,0.0,0.0,38.33,0.7056,1,1,47891,0,YES,1,3,100.0
701,574,SPONTANEOUS_ADVENTURER,1,0,1,0,1,0,1,0,0,0,0,0.5,0.0,0.0,0.0,0.0,33.33,0.6508,1,1,33890,1,YES,0,2,87.19
506,803,SOCIAL_EXPLORER,1,1,0,0,0,1,1,2,0,0,0,0.5,0.2857,0.0,0.0,0.0,39.05,0.7161,1,1,47628,1,YES,1,3,100.0
141,631,SOCIAL_EXPLORER,1,1,1,0,0,0,1,2,1,1,0,0.5,0.3333,1.0,1.0,0.0,54.17,0.7358,1,1,41142,1,YES,1,3,100.0
519,799,SOCIAL_EXPLORER,1,1,1,0,0,0,1,1,1,0,0,0.5,0.25,0.5,0.0,0.0,37.5,0.7163,1,0,0,1,YES,1,3,100.0
28,454,SELECTIVE_PLANNER,0,0,0,1,1,1,1,0,0,1,0,0.5,0.0,0.0,1.0,0.0,55.0,0.6064,0,0,0,1,SAVE_ONLY,0,1,67.0
875,86,SOCIAL_EXPLORER,1,1,0,0,0,1,2,1,1,1,0,1.0,0.2,1.0,1.0,0.0,67.33,0.7797,1,1,45849,0,YES,1,3,100.0
520,789,SOCIAL_EXPLORER,0,0,1,1,1,0,1,0,0,0,0,0.5,0.0,0.0,0.0,0.0,39.17,0.5732,1,1,33566,0,NO,0,1,40.92
171,704,BUDGET_CONSCIOUS,2,1,2,0,0,0,1,1,1,0,0,0.5,0.25,0.5,0.0,0.0,25.83,0.0,0,0,0,0,NO,0,0,7.83
519,279,SOCIAL_EXPLORER,1,1,1,0,0,0,1,2,1,0,0,0.5,1.0,0.5,0.0,0.0,52.5,0.6741,0,0,0,1,YES,0,2,86.5
453,312,SPONTANEOUS_ADVENTURER,1,0,1,0,1,0,1,0,1,0,0,0.5,0.0,1.0,0.0,0.0,43.33,0.6678,1,1,45868,1,YES,0,2,100.0
150,505,BUDGET_CONSCIOUS,2,1,1,0,0,0,2,1,0,0,1,0.6667,0.1667,0.0,0.0,1.0,33.33,0.0107,1,1,1500,0,NO,0,0,23.85
541,891,CAUTIOUS_INTROVERT,1,1,1,0,0,0,1,1,0,0,0,1.0,0.2,0.0,0.0,0.0,41.5,0.4592,1,1,23470,1,SAVE_ONLY,0,1,69.71
892,342,BUDGET_CONSCIOUS,1,1,1,0,0,0,1,2,1,0,1,0.5,0.3333,0.5,0.0,1.0,44.17,0.4354,1,1,25957,1,SAVE_ONLY,0,1,73.25
725,223,SPONTANEOUS_ADVENTURER,2,1,0,0,0,1,1,1,0,0,0,1.0,0.25,0.0,0.0,0.0,42.5,0.6497,1,1,36054,0,YES,0,2,85.12
406,35,CAUTIOUS_INTROVERT,2,1,0,0,0,1,1,0,0,1,0,0.5,0.0,0.0,1.0,0.0,37.5,0.3042,1,1,23684,0,NO,0,1,35.79
680,426,SELECTIVE_PLANNER,2,2,0,0,0,1,1,3,1,0,1,0.5,0.5,1.0,0.0,1.0,46.67,0.375,0,0,0,0,NO,0,0,28.67
61,291,CAUTIOUS_INTROVERT,1,0,0,0,1,1,1,1,0,0,1,1.0,0.25,0.0,0.0,1.0,59.17,0.5199,1,0,0,1,SAVE_ONLY,0,1,71.17
121,604,SELECTIVE_PLANNER,1,2,1,0,0,0,1,1,0,1,0,1.0,0.25,0.0,1.0,0.0,46.67,0.2186,0,0,0,0,NO,0,0,28.67
257,84,CAUTIOUS_INTROVERT,0,0,1,1,1,0,1,0,1,0,1,1.0,0.0,0.5,0.0,1.0,59.17,0.4773,1,1,24763,0,NO,0,1,57.84
17,966,SELECTIVE_PLANNER,1,0,0,0,1,1,2,0,0,0,0,0.5,0.0,0.0,0.0,0.0,39.17,0.5763,1,1,33787,0,NO,0,1,41.0
340,349,CAUTIOUS_INTROVERT,0,1,2,1,0,0,1,0,1,0,0,1.0,0.0,0.5,0.0,0.0,42.5,0.1022,1,0,0,0,NO,0,0,24.5
712,44,BUDGET_CONSCIOUS,0,0,2,1,1,0,1,0,1,0,0,0.3333,0.0,0.5,0.0,0.0,35.0,0.4083,0,0,0,0,NO,0,0,17.0
985,228,SOCIAL_EXPLORER,1,1,2,0,0,0,1,3,0,0,0,1.0,0.6,0.0,0.0,0.0,43.67,0.262,0,0,0,0,NO,0,0,25.67
981,665,BUDGET_CONSCIOUS,1,1,0,0,0,1,1,0,0,0,0,0.5,0.0,0.0,0.0,0.0,33.33,0.2803,1,0,0,0,NO,0,0,15.33
147,554,SOCIAL_EXPLORER,1,1,2,0,0,0,1,1,1,0,0,1.0,0.1429,1.0,0.0,0.0,44.52,0.4401,0,0,0,1,SAVE_ONLY,0,1,56.52
824,65,SOCIAL_EXPLORER,0,1,0,1,0,1,1,1,0,0,0,1.0,0.25,0.0,0.0,0.0,54.17,0.8663,1,1,52957,0,YES,1,3,100.0
691,289,BUDGET_CONSCIOUS,0,1,1,1,0,0,1,1,1,0,0,1.0,0.1429,0.5,0.0,0.0,51.19,0.6526,0,0,0,0,YES,0,2,73.19
844,943,SOCIAL_EXPLORER,0,1,1,1,0,0,1,2,0,0,1,1.0,0.5,0.0,0.0,1.0,58.33,0.6645,1,1,36730,0,YES,0,2,100.0
522,520,SOCIAL_EXPLORER,0,1,0,1,0,1,2,1,0,0,0,0.6667,0.2,0.0,0.0,0.0,46.5,0.6695,0,0,0,0,YES,0,2,68.5
682,671,CAUTIOUS_INTROVERT,2,1,2,0,0,0,2,0,1,0,0,0.6667,0.0,0.5,0.0,0.0,24.17,0.0918,0,0,0,0,NO,0,0,6.17
213,926,BUDGET_CONSCIOUS,0,1,1,1,0,0,2,2,1,1,1,1.0,0.3333,1.0,1.0,1.0,75.0,0.9018,1,1,56878,1,SUPER_LIKE,1,3,100.0
959,1017,SELECTIVE_PLANNER,1,0,0,0,1,1,0,0,0,0,0,0.0,0.0,0.0,0.0,0.0,29.17,0.4363,1,0,0,1,SAVE_ONLY,0,1,41.17
611,427,SOCIAL_EXPLORER,0,1,2,1,0,0,1,1,1,1,1,1.0,0.25,0.5,1.0,1.0,62.5,0.6486,1,1,38356,0,YES,0,2,100.0
521,241,SPONTANEOUS_ADVENTURER,1,0,1,0,1,0,1,1,0,1,0,1.0,0.25,0.0,1.0,0.0,58.33,0.8795,1,0,0,0,YES,1,3,100.0
297,670,BUDGET_CONSCIOUS,1,1,2,0,0,0,1,1,1,0,1,0.5,0.3333,1.0,0.0,1.0,43.33,0.5395,1,0,0,0,NO,0,0,25.33
384,282,SOCIAL_EXPLORER,1,1,0,0,0,1,1,0,0,0,0,0.5,0.0,0.0,0.0,0.0,33.33,0.4525,1,1,34070,0,NO,0,1,35.25
943,508,SOCIAL_EXPLORER,1,1,1,0,0,0,1,0,1,1,1,0.5,0.0,1.0,1.0,1.0,52.5,0.6457,1,1,48323,1,YES,0,2,100.0
212,904,BUDGET_CONSCIOUS,1,0,1,0,1,0,1,1,0,0,1,1.0,0.25,0.0,0.0,1.0,53.33,0.4416,1,1,35821,0,NO,0,1,55.87
149,397,CAUTIOUS_INTROVERT,2,0,1,0,1,0,1,1,1,0,0,1.0,0.2,0.5,0.0,0.0,46.5,0.5576,1,1,31593,0,NO,0,1,47.56
510,955,SOCIAL_EXPLORER,1,2,1,0,0,0,1,0,1,0,0,1.0,0.0,0.5,0.0,0.0,36.67,0.6206,1,1,38325,1,YES,0,2,92.08
879,441,PASSIVE_BROWSER,1,0,1,0,1,0,1,1,0,0,0,0.5,0.1429,0.0,0.0,0.0,36.19,0.3039,1,0,0,0,NO,0,0,18.19
758,449,CAUTIOUS_INTROVERT,0,1,1,1,0,0,1,2,1,0,1,1.0,0.3333,0.5,0.0,1.0,60.0,0.678,1,0,0,1,YES,0,2,94.0
313,586,CAUTIOUS_INTROVERT,1,0,0,0,1,1,1,1,1,1,0,1.0,0.1667,1.0,1.0,0.0,72.5,0.8709,0,0,0,0,YES,1,3,100.0
219,110,SOCIAL_EXPLORER,1,1,2,0,0,0,1,1,1,1,0,1.0,0.25,0.5,1.0,0.0,51.67,0.5141,1,1,41523,1,SAVE_ONLY,0,1,86.2
598,157,CAUTIOUS_INTROVERT,1,1,1,0,0,0,1,0,0,0,0,0.5,0.0,0.0,0.0,0.0,27.5,0.3926,0,0,0,0,NO,0,0,9.5
263,809,BUDGET_CONSCIOUS,1,2,0,0,0,1,2,2,0,0,0,1.0,0.4,0.0,0.0,0.0,45.5,0.3522,1,1,30098,0,NO,0,1,46.03
445,808,CAUTIOUS_INTROVERT,1,1,1,0,0,0,1,1,1,0,1,1.0,0.25,0.5,0.0,1.0,52.5,0.5589,1,1,32528,1,SAVE_ONLY,0,1,83.88
330,50,SELECTIVE_PLANNER,0,1,1,1,0,0,1,1,0,0,0,0.5,0.1667,0.0,0.0,0.0,36.67,0.1914,1,0,0,0,NO,0,0,18.67
941,455,SOCIAL_EXPLORER,1,0,1,0,1,0,1,1,0,0,0,0.5,0.1667,0.0,0.0,0.0,36.67,0.5391,1,1,43511,1,SAVE_ONLY,0,1,71.9
695,982,BUDGET_CONSCIOUS,0,2,0,1,0,1,1,1,1,1,0,0.3333,0.25,1.0,1.0,0.0,55.0,0.6545,0,0,0,0,YES,0,2,77.0
121,379,SELECTIVE_PLANNER,0,0,1,1,1,0,1,0,1,0,0,1.0,0.0,0.5,0.0,0.0,54.17,0.6351,1,0,0,0,YES,0,2,76.17
702,399,SOCIAL_EXPLORER,1,1,1,0,0,0,1,1,1,0,0,0.3333,0.2,0.5,0.0,0.0,33.17,0.63,1,1,40325,0,YES,0,2,77.28
108,637,SPONTANEOUS_ADVENTURER,0,0,1,1,1,0,1,1,1,0,1,0.5,0.25,0.5,0.0,1.0,54.17,0.8152,1,1,54099,0,YES,1,3,100.0
545,131,CAUTIOUS_INTROVERT,1,1,0,0,0,1,1,1,1,1,1,1.0,0.2,0.5,1.0,1.0,67.33,0.5466,1,1,37691,0,NO,0,1,70.52
520,194,SOCIAL_EXPLORER,1,1,0,0,0,1,1,0,0,0,1,0.5,0.0,0.0,0.0,1.0,38.33,0.582,1,1,41717,1,SAVE_ONLY,0,1,72.93
650,662,SOCIAL_EXPLORER,1,0,0,0,1,1,1,0,0,0,1,0.5,0.0,0.0,0.0,1.0,44.17,0.6898,1,0,0,1,YES,0,2,78.17
578,430,SELECTIVE_PLANNER,1,1,0,0,0,1,1,1,0,1,0,0.5,0.2,0.0,1.0,0.0,47.33,0.3284,0,0,0,0,NO,0,0,29.33
197,802,BUDGET_CONSCIOUS,2,0,1,0,1,0,1,1,0,0,0,0.3333,0.1429,0.0,0.0,0.0,27.02,0.0,0,0,0,0,NO,0,0,9.02
149,628,CAUTIOUS_INTROVERT,0,0,1,1,1,0,1,1,0,0,0,0.5,0.125,0.0,0.0,0.0,41.67,0.3867,1,1,30523,0,NO,0,1,42.35
712,502,BUDGET_CONSCIOUS,1,1,1,0,0,0,1,2,0,0,0,0.3333,0.5,0.0,0.0,0.0,34.17,0.4487,1,1,31527,1,SAVE_ONLY,0,1,65.2
581,75,SOCIAL_EXPLORER,1,2,1,0,0,0,1,1,1,1,0,0.5,0.25,0.5,1.0,0.0,41.67,0.5928,1,1,40514,0,NO,0,1,45.85
674,66,CAUTIOUS_INTROVERT,0,0,0,1,1,1,1,1,1,0,0,0.5,0.25,0.5,0.0,0.0,55.0,0.4641,0,0,0,0,NO,0,0,37.0
558,689,SELECTIVE_PLANNER,1,0,0,0,1,1,1,0,0,0,0,0.3333,0.0,0.0,0.0,0.0,35.83,0.6675,1,1,49161,0,YES,0,2,83.04
652,192,SOCIAL_EXPLORER,2,1,1,0,0,0,1,3,1,1,0,1.0,0.6,1.0,1.0,0.0,63.67,0.8636,1,1,55322,0,YES,1,3,100.0
488,669,SOCIAL_EXPLORER,0,1,0,1,0,1,1,1,0,0,1,1.0,0.25,0.0,0.0,1.0,59.17,0.6801,1,1,41188,0,YES,0,2,100.0
904,367,PASSIVE_BROWSER,0,1,1,1,0,0,1,1,1,0,1,0.5,0.3333,0.5,0.0,1.0,50.0,0.4163,1,1,29144,0,NO,0,1,50.2
671,970,BUDGET_CONSCIOUS,1,1,0,0,0,1,1,0,0,0,0,0.5,0.0,0.0,0.0,0.0,33.33,0.354,1,0,0,0,NO,0,0,15.33
949,136,BUDGET_CONSCIOUS,1,1,0,0,0,1,1,0,0,1,0,0.5,0.0,0.0,1.0,0.0,43.33,0.5026,1,1,28677,1,SAVE_ONLY,0,1,73.37
614,39,SOCIAL_EXPLORER,0,1,0,1,0,1,1,3,2,1,0,1.0,0.6,1.0,1.0,0.0,81.17,1.0,1,1,65382,1,YES,1,3,100.0
468,278,BUDGET_CONSCIOUS,0,0,1,1,1,0,1,1,0,0,1,0.5,0.2,0.0,0.0,1.0,48.17,0.666,1,1,48072,1,YES,0,2,100.0
75,581,BUDGET_CONSCIOUS,1,2,1,0,0,0,1,1,1,1,0,0.5,0.25,0.5,1.0,0.0,41.67,0.342,0,0,0,0,NO,0,0,23.67
423,352,SOCIAL_EXPLORER,0,1,0,1,0,1,1,0,0,0,1,0.3333,0.0,0.0,0.0,1.0,40.83,0.6984,1,0,0,1,YES,0,2,74.83
238,135,SOCIAL_EXPLORER,1,2,0,0,0,1,1,1,1,0,0,1.0,0.2,1.0,0.0,0.0,51.5,0.7586,1,1,43247,1,YES,1,3,100.0
184,855,SELECTIVE_PLANNER,1,0,0,0,1,1,1,0,0,0,1,1.0,0.0,0.0,0.0,1.0,54.17,0.746,1,0,0,1,YES,1,3,100.0
324,662,SELECTIVE_PLANNER,2,2,1,0,0,0,1,0,1,1,0,0.5,0.0,1.0,1.0,0.0,35.83,0.2443,0,0,0,0,NO,0,0,17.83
163,640,CAUTIOUS_INTROVERT,2,1,2,0,0,0,1,3,1,0,1,1.0,0.6,0.5,0.0,1.0,47.83,0.4999,1,1,32194,0,NO,0,1,49.1
104,734,SOCIAL_EXPLORER,0,0,0,1,1,1,1,1,0,0,0,0.5,0.1429,0.0,0.0,0.0,47.86,0.6763,1,1,43351,0,YES,0,2,93.03
326,137,CAUTIOUS_INTROVERT,1,1,0,0,0,1,1,2,1,0,0,1.0,0.5,1.0,0.0,0.0,63.33,0.6467,1,1,36997,1,YES,0,2,100.0
731,681,CAUTIOUS_INTROVERT,1,2,1,0,0,0,1,4,1,1,1,0.5,0.8,0.5,1.0,1.0,57.67,0.7034,1,1,41510,0,YES,1,3,100.0
887,928,CAUTIOUS_INTROVERT,1,1,1,0,0,0,1,1,0,0,0,0.3333,0.1667,0.0,0.0,0.0,27.5,0.3036,1,1,27613,0,NO,0,1,27.16
69,536,SOCIAL_EXPLORER,1,0,0,0,1,1,1,1,1,0,1,0.5,0.25,0.5,0.0,1.0,54.17,0.6011,1,1,40725,1,SAVE_ONLY,0,1,88.42
700,773,SOCIAL_EXPLORER,0,0,0,1,1,1,1,0,0,0,0,0.3333,0.0,0.0,0.0,0.0,41.67,0.6676,0,0,0,0,YES,0,2,63.67
980,651,SELECTIVE_PLANNER,0,0,0,1,1,1,1,0,0,0,0,0.5,0.0,0.0,0.0,0.0,45.0,0.614,1,1,41235,0,NO,0,1,49.43
348,202,SOCIAL_EXPLORER,1,1,1,0,0,0,1,0,0,0,0,1.0,0.0,0.0,0.0,0.0,37.5,0.7006,1,1,44846,0,YES,1,3,100.0
607,565,SOCIAL_EXPLORER,1,1,1,0,0,0,1,0,0,0,0,0.3333,0.0,0.0,0.0,0.0,24.17,0.5765,1,1,34570,1,SAVE_ONLY,0,1,56.27
212,598,BUDGET_CONSCIOUS,1,0,0,0,1,1,1,2,0,0,1,0.5,0.6667,0.0,0.0,1.0,57.5,0.6685,1,0,0,1,YES,0,2,91.5
643,287,CAUTIOUS_INTROVERT,2,1,1,0,0,0,1,1,1,1,0,0.3333,0.2,1.0,1.0,0.0,42.33,0.472,0,0,0,1,SAVE_ONLY,0,1,54.33
166,185,BUDGET_CONSCIOUS,0,1,1,1,0,0,1,0,1,1,1,0.3333,0.0,0.5,1.0,1.0,50.0,0.5647,0,0,0,0,NO,0,0,32.0
1002,304,CAUTIOUS_INTROVERT,1,0,1,0,1,0,1,1,0,0,0,0.5,0.1667,0.0,0.0,0.0,36.67,0.3411,0,0,0,0,NO,0,0,18.67
695,44,BUDGET_CONSCIOUS,0,2,1,1,0,0,1,0,1,0,0,1.0,0.0,0.5,0.0,0.0,42.5,0.6386,1,0,0,0,YES,0,2,64.5
722,945,SOCIAL_EXPLORER,1,0,1,0,1,0,1,1,0,1,0,0.5,0.1667,0.0,1.0,0.0,46.67,0.7939,0,0,0,1,YES,1,3,100.0
175,352,SPONTANEOUS_ADVENTURER,0,0,1,1,1,0,1,2,1,1,0,0.3333,0.4,1.0,1.0,0.0,63.83,0.9596,1,1,62664,0,SUPER_LIKE,1,3,100.0
687,164,BUDGET_CONSCIOUS,0,1,0,1,0,1,2,0,0,0,0,0.6667,0.0,0.0,0.0,0.0,42.5,0.657,0,0,0,0,YES,0,2,64.5
612,361,BUDGET_CONSCIOUS,0,1,0,1,0,1,1,0,1,0,0,1.0,0.0,1.0,0.0,0.0,59.17,0.7966,1,0,0,0,YES,1,3,100.0
379,224,CAUTIOUS_INTROVERT,1,0,2,0,1,0,1,0,1,0,0,0.5,0.0,1.0,0.0,0.0,37.5,0.2671,0,0,0,0,NO,0,0,19.5
745,377,CAUTIOUS_INTROVERT,1,0,2,0,1,0,1,0,0,0,1,0.5,0.0,0.0,0.0,1.0,32.5,0.114,1,0,0,0,NO,0,0,14.5
398,126,SELECTIVE_PLANNER,1,0,1,0,1,0,1,1,0,0,0,1.0,0.3333,0.0,0.0,0.0,50.0,0.5511,0,0,0,1,SAVE_ONLY,0,1,62.0
727,197,BUDGET_CONSCIOUS,0,1,0,1,0,1,1,0,0,0,0,0.3333,0.0,0.0,0.0,0.0,35.83,0.4935,1,1,35294,0,NO,0,1,38.18
324,413,SELECTIVE_PLANNER,1,0,1,0,1,0,1,1,1,0,0,0.5,0.2,0.5,0.0,0.0,42.33,0.7546,1,1,43510,0,YES,1,3,100.0
295,837,CAUTIOUS_INTROVERT,1,0,0,0,1,1,1,2,0,0,0,0.3333,0.4,0.0,0.0,0.0,43.83,0.7311,1,0,0,0,YES,1,3,95.83
342,202,SOCIAL_EXPLORER,1,1,1,0,0,0,1,1,0,0,0,0.5,0.1667,0.0,0.0,0.0,30.83,0.5018,1,0,0,1,SAVE_ONLY,0,1,42.83
172,619,SOCIAL_EXPLORER,2,1,0,0,0,1,1,1,0,0,0,0.5,0.2,0.0,0.0,0.0,31.5,0.4913,0,0,0,0,NO,0,0,13.5
1001,178,SOCIAL_EXPLORER,1,0,1,0,1,0,1,1,1,0,0,1.0,0.2,1.0,0.0,0.0,57.33,0.7136,1,0,0,0,YES,1,3,100.0
817,175,SOCIAL_EXPLORER,1,2,1,0,0,0,1,3,1,1,0,0.5,0.75,1.0,1.0,0.0,56.67,0.9126,1,1,49647,0,YES,1,3,100.0
476,815,CAUTIOUS_INTROVERT,1,1,1,0,0,0,1,2,0,0,0,1.0,0.25,0.0,0.0,0.0,42.5,0.4241,1,1,27516,1,SAVE_ONLY,0,1,72.13
771,583,BUDGET_CONSCIOUS,0,0,0,1,1,1,2,1,0,1,1,1.0,0.3333,0.0,1.0,1.0,76.67,0.8711,1,1,51429,1,YES,1,3,100.0
893,609,SOCIAL_EXPLORER,1,0,2,0,1,0,1,0,0,0,0,0.3333,0.0,0.0,0.0,0.0,24.17,0.2883,1,0,0,0,NO,0,0,6.17
590,341,SOCIAL_EXPLORER,1,0,2,0,1,0,1,1,1,0,0,0.5,0.2,1.0,0.0,0.0,41.5,0.5002,1,0,0,0,NO,0,0,23.5
59,965,BUDGET_CONSCIOUS,2,1,0,0,0,1,1,0,0,1,0,1.0,0.0,0.0,1.0,0.0,47.5,0.0608,0,0,0,0,NO,0,0,29.5
239,181,SOCIAL_EXPLORER,0,0,0,1,1,1,1,0,0,0,0,0.5,0.0,0.0,0.0,0.0,45.0,0.5832,0,0,0,1,SAVE_ONLY,0,1,57.0
424,124,SOCIAL_EXPLORER,0,1,0,1,0,1,1,1,1,0,1,0.5,0.25,0.5,0.0,1.0,54.17,0.8367,1,1,46501,0,SUPER_LIKE,1,3,100.0
580,183,CAUTIOUS_INTROVERT,1,2,0,0,0,1,1,0,1,0,1,1.0,0.0,1.0,0.0,1.0,52.5,0.4942,1,1,39435,1,SAVE_ONLY,0,1,86.3
397,303,BUDGET_CONSCIOUS,1,0,0,0,1,1,1,0,0,0,0,0.5,0.0,0.0,0.0,0.0,39.17,0.4313,1,1,25810,1,SAVE_ONLY,0,1,68.2
841,265,SOCIAL_EXPLORER,0,2,0,1,0,1,1,0,0,0,0,1.0,0.0,0.0,0.0,0.0,43.33,0.4933,1,0,0,0,NO,0,0,25.33
895,498,SOCIAL_EXPLORER,0,0,1,1,1,0,1,0,1,0,0,1.0,0.0,1.0,0.0,0.0,59.17,0.7926,1,1,53676,1,YES,1,3,100.0
858,754,SOCIAL_EXPLORER,1,1,2,0,0,0,2,1,0,1,0,1.0,0.1667,0.0,1.0,0.0,45.0,0.3318,1,0,0,0,NO,0,0,27.0
31,685,CAUTIOUS_INTROVERT,1,0,0,0,1,1,1,3,1,1,0,0.5,0.6,1.0,1.0,0.0,71.17,0.9228,1,1,61962,0,YES,1,3,100.0
830,101,SPONTANEOUS_ADVENTURER,2,0,1,0,1,0,1,1,0,0,0,0.3333,0.1667,0.0,0.0,0.0,27.5,0.5813,1,1,33575,0,NO,0,1,29.25
533,866,SOCIAL_EXPLORER,2,1,1,0,0,0,1,1,0,0,0,1.0,0.1667,0.0,0.0,0.0,35.0,0.6452,1,0,0,1,YES,0,2,69.0
469,235,BUDGET_CONSCIOUS,2,1,1,0,0,0,1,1,1,0,1,1.0,0.1667,1.0,0.0,1.0,50.0,0.2795,1,0,0,0,NO,0,0,32.0
893,245,SOCIAL_EXPLORER,1,1,1,0,0,0,1,1,1,1,0,0.3333,0.1667,0.3333,1.0,0.0,40.83,0.523,1,0,0,1,SAVE_ONLY,0,1,52.83
149,128,CAUTIOUS_INTROVERT,1,1,0,0,0,1,1,2,2,0,1,1.0,0.4,1.0,0.0,1.0,66.33,0.7933,1,1,46084,0,YES,1,3,100.0
789,921,SPONTANEOUS_ADVENTURER,1,0,0,0,1,1,1,0,0,0,0,0.5,0.0,0.0,0.0,0.0,39.17,0.5256,1,0,0,1,SAVE_ONLY,0,1,51.17
124,695,SOCIAL_EXPLORER,2,1,1,0,0,0,1,1,1,0,0,0.5,0.3333,1.0,0.0,0.0,38.33,0.6929,1,1,39549,0,YES,0,2,82.17
964,169,CAUTIOUS_INTROVERT,0,2,1,1,0,0,1,0,0,1,0,0.3333,0.0,0.0,1.0,0.0,34.17,0.2491,1,0,0,0,NO,0,0,16.17
444,828,CAUTIOUS_INTROVERT,1,1,0,0,0,1,1,1,0,0,0,0.5,0.1667,0.0,0.0,0.0,36.67,0.373,0,0,0,0,NO,0,0,18.67
747,353,BUDGET_CONSCIOUS,2,0,0,0,1,1,1,0,1,0,0,1.0,0.0,0.5,0.0,0.0,48.33,0.0925,0,0,0,0,NO,0,0,30.33
161,771,SPONTANEOUS_ADVENTURER,2,1,1,0,0,0,1,1,0,0,1,0.3333,0.25,0.0,0.0,1.0,28.33,0.6924,0,0,0,1,YES,0,2,62.33
379,558,CAUTIOUS_INTROVERT,0,0,1,1,1,0,1,1,0,1,0,1.0,0.2,0.0,1.0,0.0,63.17,0.6322,1,1,35314,0,YES,0,2,100.0
928,426,BUDGET_CONSCIOUS,0,0,0,1,1,1,1,0,0,1,1,0.5,0.0,0.0,1.0,1.0,60.0,0.8646,1,1,46456,1,YES,1,3,100.0
356,622,SPONTANEOUS_ADVENTURER,0,0,0,1,1,1,1,2,1,0,0,0.5,0.4,1.0,0.0,0.0,63.0,0.8928,1,1,55033,1,SUPER_LIKE,1,3,100.0
802,973,SPONTANEOUS_ADVENTURER,2,0,1,0,1,0,1,0,1,0,1,0.3333,0.0,1.0,0.0,1.0,39.17,0.6854,1,1,51583,0,YES,0,2,87.22
532,107,SELECTIVE_PLANNER,0,0,1,1,1,0,1,2,2,1,1,1.0,0.5,1.0,1.0,1.0,84.17,1.0,1,1,54682,0,YES,1,3,100.0
193,576,SOCIAL_EXPLORER,2,1,1,0,0,0,1,3,1,1,0,0.5,0.75,1.0,1.0,0.0,56.67,0.6492,1,0,0,0,YES,0,2,78.67
919,941,SOCIAL_EXPLORER,1,2,0,0,0,1,1,3,1,1,1,0.3333,0.6,0.3333,1.0,1.0,54.5,0.6986,1,1,45759,1,YES,0,2,100.0
651,587,SELECTIVE_PLANNER,0,2,1,1,0,0,1,0,0,0,0,0.5,0.0,0.0,0.0,0.0,27.5,0.0666,1,0,0,0,NO,0,0,9.5
382,23,CAUTIOUS_INTROVERT,2,0,1,0,1,0,1,0,1,0,0,0.3333,0.0,0.5,0.0,0.0,29.17,0.2767,0,0,0,0,NO,0,0,11.17
458,796,BUDGET_CONSCIOUS,1,1,0,0,0,1,1,1,1,0,0,1.0,0.25,1.0,0.0,0.0,58.33,0.7238,0,0,0,1,YES,1,3,100.0
22,598,SOCIAL_EXPLORER,1,1,2,0,0,0,1,0,0,0,1,0.5,0.0,0.0,0.0,1.0,26.67,0.272,0,0,0,0,NO,0,0,8.67
102,153,BUDGET_CONSCIOUS,1,1,0,0,0,1,1,0,1,1,0,1.0,0.0,1.0,1.0,0.0,63.33,0.6672,1,1,48123,0,YES,0,2,100.0
318,150,BUDGET_CONSCIOUS,0,2,1,1,0,0,1,1,1,1,1,0.3333,0.1667,1.0,1.0,1.0,52.5,0.7793,1,1,45206,1,YES,1,3,100.0
783,442,SPONTANEOUS_ADVENTURER,0,0,0,1,1,1,1,0,1,1,0,0.5,0.0,0.3333,1.0,0.0,58.33,0.6761,1,1,36425,0,YES,0,2,100.0
878,514,SPONTANEOUS_ADVENTURER,1,0,1,0,1,0,1,1,0,0,1,0.5,0.1429,0.0,0.0,1.0,41.19,0.7007,1,1,46692,0,YES,1,3,100.0
506,61,SOCIAL_EXPLORER,0,1,1,1,0,0,1,1,0,0,0,1.0,0.1429,0.0,0.0,0.0,46.19,0.6627,1,1,46132,1,YES,0,2,100.0
358,950,BUDGET_CONSCIOUS,1,1,0,0,0,1,1,2,1,1,0,1.0,0.5,1.0,1.0,0.0,73.33,0.742,1,1,51608,0,YES,1,3,100.0
591,536,SOCIAL_EXPLORER,1,1,0,0,0,1,1,1,1,0,0,1.0,0.2,0.5,0.0,0.0,52.33,0.5771,1,1,35033,0,NO,0,1,54.59
397,187,BUDGET_CONSCIOUS,2,1,0,0,0,1,1,0,0,0,0,0.5,0.0,0.0,0.0,0.0,27.5,0.0153,0,0,0,0,NO,0,0,9.5
583,200,BUDGET_CONSCIOUS,0,0,1,1,1,0,1,0,0,0,0,0.3333,0.0,0.0,0.0,0.0,35.83,0.6462,1,1,47349,1,YES,0,2,94.4
152,960,SOCIAL_EXPLORER,1,1,0,0,0,1,1,1,1,1,1,0.5,0.25,0.5,1.0,1.0,58.33,0.6989,1,0,0,0,YES,0,2,80.33
825,864,SELECTIVE_PLANNER,1,0,1,0,1,0,1,2,1,1,1,1.0,0.4,1.0,1.0,1.0,76.33,1.0,1,1,56680,1,SUPER_LIKE,1,3,100.0
456,518,SOCIAL_EXPLORER,2,1,1,0,0,0,1,3,1,1,0,0.5,0.75,0.3333,1.0,0.0,50.0,0.6973,1,1,46233,1,YES,0,2,100.0
874,463,SELECTIVE_PLANNER,1,0,0,0,1,1,1,1,1,0,0,1.0,0.1667,0.5,0.0,0.0,57.5,0.8891,1,1,56303,1,SUPER_LIKE,1,3,100.0
220,699,BUDGET_CONSCIOUS,1,1,1,0,0,0,1,1,1,0,0,0.3333,0.2,1.0,0.0,0.0,38.17,0.4315,0,0,0,1,SAVE_ONLY,0,1,50.17
485,132,BUDGET_CONSCIOUS,0,2,1,1,0,0,1,0,0,0,0,1.0,0.0,0.0,0.0,0.0,37.5,0.6591,1,1,49433,1,YES,0,2,96.8
735,324,SOCIAL_EXPLORER,1,1,1,0,0,0,1,0,0,0,0,0.5,0.0,0.0,0.0,0.0,27.5,0.5429,1,1,38709,0,NO,0,1,31.05
284,13,SOCIAL_EXPLORER,1,1,0,0,0,1,0,0,0,0,0,0.0,0.0,0.0,0.0,0.0,23.33,0.3239,0,0,0,0,NO,0,0,5.33
760,445,BUDGET_CONSCIOUS,2,1,2,0,0,0,1,0,0,0,0,0.5,0.0,0.0,0.0,0.0,15.83,0.0,0,0,0,0,NO,0,0,0.0
313,153,BUDGET_CONSCIOUS,0,0,1,1,1,0,1,0,0,1,0,1.0,0.0,0.0,1.0,0.0,59.17,0.6772,1,0,0,0,YES,0,2,81.17
865,921,BUDGET_CONSCIOUS,2,0,1,0,1,0,1,0,1,0,0,0.3333,0.0,0.5,0.0,0.0,29.17,0.0,1,0,0,0,NO,0,0,11.17
333,189,SOCIAL_EXPLORER,1,1,0,0,0,1,1,1,0,0,0,0.3333,0.25,0.0,0.0,0.0,35.0,0.6778,1,1,47825,0,YES,0,2,81.74
806,479,CAUTIOUS_INTROVERT,1,1,1,0,0,0,1,2,1,1,0,0.3333,0.3333,0.5,1.0,0.0,45.83,0.6237,1,1,38886,0,YES,0,2,89.44
775,699,BUDGET_CONSCIOUS,1,0,0,0,1,1,1,0,0,0,0,1.0,0.0,0.0,0.0,0.0,49.17,0.5554,0,0,0,0,NO,0,0,31.17
108,177,SPONTANEOUS_ADVENTURER,1,0,1,0,1,0,1,0,0,0,0,0.5,0.0,0.0,0.0,0.0,33.33,0.428,0,0,0,0,NO,0,0,15.33
740,965,SPONTANEOUS_ADVENTURER,0,2,1,1,0,0,1,1,0,1,0,1.0,0.1667,0.0,1.0,0.0,50.83,0.6852,0,0,0,1,YES,0,2,84.83
271,675,BUDGET_CONSCIOUS,2,1,0,0,0,1,1,4,2,1,1,0.5,0.8,1.0,1.0,1.0,68.5,0.2542,0,0,0,0,NO,0,0,50.5
870,642,BUDGET_CONSCIOUS,1,1,0,0,0,1,1,0,0,0,0,0.5,0.0,0.0,0.0,0.0,33.33,0.3591,1,1,28487,0,NO,0,1,33.3
645,641,SPONTANEOUS_ADVENTURER,1,1,0,0,0,1,1,0,0,0,0,1.0,0.0,0.0,0.0,0.0,43.33,0.683,1,0,0,1,YES,0,2,77.33
845,1003,CAUTIOUS_INTROVERT,1,0,1,0,1,0,1,1,1,0,0,1.0,0.1667,0.5,0.0,0.0,51.67,0.369,1,0,0,0,NO,0,0,33.67
628,766,SOCIAL_EXPLORER,0,1,0,1,0,1,1,2,0,0,0,0.5,0.3333,0.0,0.0,0.0,45.83,0.5247,1,1,33942,1,SAVE_ONLY,0,1,77.71
458,847,BUDGET_CONSCIOUS,2,1,0,0,0,1,1,0,0,0,0,0.5,0.0,0.0,0.0,0.0,27.5,0.0074,0,0,0,0,NO,0,0,9.5
836,829,SOCIAL_EXPLORER,0,0,0,1,1,1,1,1,1,0,0,1.0,0.2,1.0,0.0,0.0,69.0,0.8655,1,1,54539,1,SUPER_LIKE,1,3,100.0
557,597,SELECTIVE_PLANNER,1,2,1,0,0,0,1,0,1,0,0,0.5,0.0,1.0,0.0,0.0,31.67,0.0,0,0,0,0,NO,0,0,13.67
252,187,SOCIAL_EXPLORER,0,1,1,1,0,0,1,1,0,0,0,0.3333,0.2,0.0,0.0,0.0,34.0,0.3946,1,1,28804,0,NO,0,1,34.08
483,597,BUDGET_CONSCIOUS,0,1,2,1,0,0,1,1,0,0,0,0.5,0.1429,0.0,0.0,0.0,30.36,0.5909,0,0,0,1,SAVE_ONLY,0,1,42.36
757,547,SOCIAL_EXPLORER,1,1,0,0,0,1,1,1,1,0,0,0.3333,0.25,1.0,0.0,0.0,45.0,0.7377,1,1,43717,0,YES,1,3,100.0
148,956,PASSIVE_BROWSER,1,0,0,0,1,1,1,0,0,0,0,1.0,0.0,0.0,0.0,0.0,49.17,0.4871,0,0,0,1,SAVE_ONLY,0,1,61.17
405,808,SOCIAL_EXPLORER,1,0,1,0,1,0,1,0,1,1,0,0.5,0.0,0.3333,1.0,0.0,46.67,0.5553,0,0,0,1,SAVE_ONLY,0,1,58.67
919,343,SOCIAL_EXPLORER,1,2,0,0,0,1,1,1,1,0,0,0.3333,0.1429,0.5,0.0,0.0,32.02,0.5165,1,1,29818,1,SAVE_ONLY,0,1,62.46
729,469,SOCIAL_EXPLORER,1,2,1,0,0,0,1,2,1,0,0,1.0,0.3333,1.0,0.0,0.0,48.33,0.6096,1,0,0,1,SAVE_ONLY,0,1,60.33
849,947,SELECTIVE_PLANNER,0,0,0,1,1,1,1,2,1,0,1,1.0,0.5,1.0,0.0,1.0,80.0,0.8703,1,1,55441,1,SUPER_LIKE,1,3,100.0
245,430,BUDGET_CONSCIOUS,1,0,0,0,1,1,1,1,0,1,0,0.5,0.2,0.0,1.0,0.0,53.17,0.6458,1,1,41375,1,YES,0,2,100.0
24,161,BUDGET_CONSCIOUS,2,1,1,0,0,0,1,0,0,0,1,0.5,0.0,0.0,0.0,1.0,26.67,0.0,0,0,0,0,NO,0,0,8.67
116,219,SPONTANEOUS_ADVENTURER,1,1,1,0,0,0,1,1,1,1,0,1.0,0.2,1.0,1.0,0.0,61.5,0.9983,1,1,63835,0,YES,1,3,100.0
654,302,BUDGET_CONSCIOUS,1,1,0,0,0,1,1,0,1,0,0,0.5,0.0,1.0,0.0,0.0,43.33,0.4445,0,0,0,1,SAVE_ONLY,0,1,55.33
208,828,SPONTANEOUS_ADVENTURER,1,2,0,0,0,1,1,2,1,0,1,0.3333,0.4,0.5,0.0,1.0,42.17,0.4867,1,1,27394,1,SAVE_ONLY,0,1,71.76
354,963,SOCIAL_EXPLORER,1,0,0,0,1,1,1,1,0,1,0,0.3333,0.25,0.0,1.0,0.0,50.83,0.8304,1,1,48088,0,YES,1,3,100.0
647,813,SOCIAL_EXPLORER,1,0,2,0,1,0,1,1,1,0,0,0.5,0.2,0.5,0.0,0.0,36.5,0.277,0,0,0,0,NO,0,0,18.5
368,757,BUDGET_CONSCIOUS,1,1,1,0,0,0,1,0,0,0,1,0.5,0.0,0.0,0.0,1.0,32.5,0.3423,1,1,19286,0,NO,0,1,29.25
717,278,SOCIAL_EXPLORER,1,1,1,0,0,0,1,3,0,0,1,0.5,0.5,0.0,0.0,1.0,42.5,0.6134,1,1,41084,1,SAVE_ONLY,0,1,76.88
655,290,SOCIAL_EXPLORER,1,2,1,0,0,0,1,3,1,0,0,1.0,0.75,1.0,0.0,0.0,56.67,0.7309,0,0,0,1,YES,1,3,100.0
510,231,SOCIAL_EXPLORER,1,1,1,0,0,0,1,1,0,0,1,1.0,0.2,0.0,0.0,1.0,46.5,0.7447,1,1,54890,0,YES,1,3,100.0
289,738,BUDGET_CONSCIOUS,1,0,0,0,1,1,1,1,1,0,0,0.5,0.1667,0.5,0.0,0.0,47.5,0.6077,1,1,43390,0,NO,0,1,52.69
88,938,CAUTIOUS_INTROVERT,2,0,2,0,1,0,1,0,0,1,0,0.5,0.0,0.0,1.0,0.0,31.67,0.2426,0,0,0,0,NO,0,0,13.67
897,475,CAUTIOUS_INTROVERT,0,0,0,1,1,1,1,0,1,0,0,0.5,0.0,1.0,0.0,0.0,55.0,0.6115,1,1,38019,1,SAVE_ONLY,0,1,88.31
386,929,BUDGET_CONSCIOUS,2,0,2,0,1,0,1,1,1,1,0,0.3333,0.2,1.0,1.0,0.0,42.33,0.0,0,0,0,0,NO,0,0,24.33
332,434,SOCIAL_EXPLORER,0,0,1,1,1,0,1,1,0,0,0,1.0,0.25,0.0,0.0,0.0,54.17,0.6817,1,0,0,1,YES,0,2,88.17
872,489,CAUTIOUS_INTROVERT,1,0,2,0,1,0,1,2,0,1,0,0.5,0.3333,0.0,1.0,0.0,44.17,0.4825,1,1,26684,0,NO,0,1,43.51
646,880,CAUTIOUS_INTROVERT,1,1,0,0,0,1,1,1,1,0,1,1.0,0.1667,0.5,0.0,1.0,56.67,0.6604,1,1,39998,0,YES,0,2,100.0
181,702,SOCIAL_EXPLORER,0,0,0,1,1,1,1,3,1,1,1,0.5,0.75,1.0,1.0,1.0,85.0,1.0,1,1,68161,0,YES,1,3,100.0
843,703,BUDGET_CONSCIOUS,0,1,1,1,0,0,1,2,1,0,0,0.25,0.3333,0.5,0.0,0.0,40.0,0.6135,1,1,33183,1,SAVE_ONLY,0,1,71.61
944,314,CAUTIOUS_INTROVERT,0,1,0,1,0,1,1,1,1,1,0,0.5,0.25,1.0,1.0,0.0,64.17,0.7174,1,1,50351,1,YES,1,3,100.0
503,199,SOCIAL_EXPLORER,1,2,1,0,0,0,1,1,0,0,0,0.5,0.1667,0.0,0.0,0.0,25.0,0.3256,1,1,21600,0,NO,0,1,22.56
45,304,SELECTIVE_PLANNER,1,0,0,0,1,1,1,0,0,0,0,0.5,0.0,0.0,0.0,0.0,39.17,0.6319,0,0,0,1,YES,0,2,73.17
477,473,CAUTIOUS_INTROVERT,1,1,2,0,0,0,1,3,1,1,0,1.0,0.75,1.0,1.0,0.0,66.67,0.703,1,1,40200,0,YES,1,3,100.0
771,458,BUDGET_CONSCIOUS,0,1,0,1,0,1,1,0,0,0,0,0.5,0.0,0.0,0.0,0.0,39.17,0.4705,0,0,0,0,NO,0,0,21.17
135,658,SOCIAL_EXPLORER,0,0,1,1,1,0,1,1,0,0,0,0.5,0.2,0.0,0.0,0.0,43.17,0.6907,1,1,46759,0,YES,0,2,89.54
98,302,BUDGET_CONSCIOUS,1,0,1,0,1,0,1,0,1,0,1,1.0,0.0,1.0,0.0,1.0,58.33,0.721,1,1,41349,1,YES,1,3,100.0
609,781,BUDGET_CONSCIOUS,0,1,1,1,0,0,1,0,0,0,0,0.5,0.0,0.0,0.0,0.0,33.33,0.4289,0,0,0,1,SAVE_ONLY,0,1,45.33
964,1014,CAUTIOUS_INTROVERT,2,2,2,0,0,0,1,0,0,0,1,0.5,0.0,0.0,0.0,1.0,15.0,0.0,1,1,10157,0,NO,0,0,8.55
372,760,SOCIAL_EXPLORER,1,1,0,0,0,1,1,1,1,1,0,0.5,0.2,0.5,1.0,0.0,52.33,0.8144,1,0,0,0,YES,1,3,100.0
160,53,BUDGET_CONSCIOUS,1,2,2,0,0,0,2,0,0,0,0,1.0,0.0,0.0,0.0,0.0,25.83,0.1733,1,0,0,0,NO,0,0,7.83
966,431,SELECTIVE_PLANNER,1,0,0,0,1,1,1,0,1,0,0,0.3333,0.0,0.5,0.0,0.0,40.83,0.4696,1,0,0,0,NO,0,0,22.83
700,662,SOCIAL_EXPLORER,2,1,0,0,0,1,1,1,1,0,0,0.3333,0.1667,0.5,0.0,0.0,32.5,0.5193,1,0,0,0,NO,0,0,14.5
94,786,BUDGET_CONSCIOUS,0,2,0,1,0,1,1,4,1,1,1,1.0,1.0,0.3333,1.0,1.0,81.67,0.8224,0,0,0,1,YES,1,3,100.0
1011,33,BUDGET_CONSCIOUS,0,1,1,1,0,0,1,0,0,0,0,0.5,0.0,0.0,0.0,0.0,33.33,0.4904,1,1,30754,1,SAVE_ONLY,0,1,64.09
837,478,CAUTIOUS_INTROVERT,1,0,1,0,1,0,1,0,0,0,0,0.25,0.0,0.0,0.0,0.0,28.33,0.2222,1,1,21445,0,NO,0,1,25.84
422,481,CAUTIOUS_INTROVERT,0,1,1,1,0,0,1,0,1,1,1,1.0,0.0,1.0,1.0,1.0,68.33,0.7022,1,1,41544,0,YES,1,3,100.0
443,381,SOCIAL_EXPLORER,2,0,0,0,1,1,1,0,0,0,0,1.0,0.0,0.0,0.0,0.0,43.33,0.6202,0,0,0,1,YES,0,2,77.33
281,251,SPONTANEOUS_ADVENTURER,2,1,1,0,0,0,1,0,0,0,0,1.0,0.0,0.0,0.0,0.0,31.67,0.3329,1,0,0,0,NO,0,0,13.67
165,989,CAUTIOUS_INTROVERT,2,2,1,0,0,0,1,3,2,1,1,1.0,0.75,1.0,1.0,1.0,65.83,0.9273,1,1,56330,0,SUPER_LIKE,1,3,100.0
624,1011,BUDGET_CONSCIOUS,0,1,2,1,0,0,1,2,2,1,1,0.3333,0.2857,1.0,1.0,1.0,54.88,0.6584,1,0,0,0,YES,0,2,76.88
592,661,PASSIVE_BROWSER,0,1,1,1,0,0,1,1,0,0,0,1.0,0.1667,0.0,0.0,0.0,46.67,0.19,0,0,0,0,NO,0,0,28.67
860,161,BUDGET_CONSCIOUS,2,0,1,0,1,0,1,0,0,0,0,0.5,0.0,0.0,0.0,0.0,27.5,0.075,0,0,0,0,NO,0,0,9.5
586,120,BUDGET_CONSCIOUS,1,1,1,0,0,0,1,2,1,1,1,1.0,0.5,1.0,1.0,1.0,72.5,0.7727,1,1,45905,0,YES,1,3,100.0
672,967,CAUTIOUS_INTROVERT,0,2,0,1,0,1,1,2,1,1,0,0.5,0.6667,1.0,1.0,0.0,66.67,0.9648,1,1,64138,0,YES,1,3,100.0
315,191,SOCIAL_EXPLORER,1,1,1,0,0,0,1,0,0,0,0,1.0,0.0,0.0,0.0,0.0,37.5,0.449,0,0,0,1,SAVE_ONLY,0,1,49.5
685,277,CAUTIOUS_INTROVERT,0,0,1,1,1,0,1,1,1,0,1,0.5,0.2,1.0,0.0,1.0,58.17,0.6914,1,1,38985,0,YES,0,2,100.0
17,704,SELECTIVE_PLANNER,0,0,1,1,1,0,1,0,0,0,0,0.3333,0.0,0.0,0.0,0.0,35.83,0.6629,1,1,37961,0,YES,0,2,79.12
605,588,SOCIAL_EXPLORER,0,1,1,1,0,0,1,3,1,1,1,0.5,0.75,0.5,1.0,1.0,68.33,0.8017,1,1,46538,0,YES,1,3,100.0
506,528,SOCIAL_EXPLORER,1,1,2,0,0,0,1,2,2,1,0,1.0,0.3333,1.0,1.0,0.0,58.33,0.5936,0,0,0,1,SAVE_ONLY,0,1,70.33
561,104,SOCIAL_EXPLORER,1,0,0,0,1,1,1,1,0,0,0,1.0,0.1429,0.0,0.0,0.0,52.02,0.7029,1,1,44817,0,YES,1,3,100.0
49,569,CAUTIOUS_INTROVERT,1,0,0,0,1,1,1,0,0,0,0,0.5,0.0,0.0,0.0,0.0,39.17,0.4887,1,0,0,1,SAVE_ONLY,0,1,51.17
415,900,CAUTIOUS_INTROVERT,1,2,0,0,0,1,1,2,1,1,1,0.3333,0.5,0.5,1.0,1.0,54.17,0.7202,1,1,42677,1,YES,1,3,100.0
780,157,BUDGET_CONSCIOUS,0,1,0,1,0,1,1,0,0,0,0,1.0,0.0,0.0,0.0,0.0,49.17,0.6291,0,0,0,1,YES,0,2,83.17
939,130,SELECTIVE_PLANNER,2,0,0,0,1,1,1,1,0,0,0,1.0,0.2,0.0,0.0,0.0,47.33,0.7427,1,1,44327,0,YES,1,3,100.0
424,645,SOCIAL_EXPLORER,0,2,1,1,0,0,1,0,0,0,0,1.0,0.0,0.0,0.0,0.0,37.5,0.446,1,1,38328,0,NO,0,1,40.91
373,154,SOCIAL_EXPLORER,1,2,1,0,0,0,1,0,0,0,0,1.0,0.0,0.0,0.0,0.0,31.67,0.3773,0,0,0,0,NO,0,0,13.67
243,149,BUDGET_CONSCIOUS,1,0,1,0,1,0,1,1,0,0,0,1.0,0.1429,0.0,0.0,0.0,46.19,0.3564,1,0,0,0,NO,0,0,28.19
48,860,BUDGET_CONSCIOUS,0,1,1,1,0,0,1,1,0,0,0,1.0,0.1667,0.0,0.0,0.0,46.67,0.6683,1,1,36674,1,YES,0,2,100.0
172,262,SOCIAL_EXPLORER,0,0,1,1,1,0,1,0,0,1,0,0.5,0.0,0.0,1.0,0.0,49.17,0.6865,1,1,50975,0,YES,0,2,97.01
161,822,SPONTANEOUS_ADVENTURER,0,0,1,1,1,0,1,1,0,0,0,0.5,0.2,0.0,0.0,0.0,43.17,0.6391,0,0,0,1,YES,0,2,77.17
199,652,SELECTIVE_PLANNER,0,0,1,1,1,0,1,0,0,0,0,1.0,0.0,0.0,0.0,0.0,49.17,0.6846,1,1,48655,1,YES,0,2,100.0
280,513,CAUTIOUS_INTROVERT,1,1,0,0,0,1,1,2,0,0,1,1.0,0.2857,0.0,0.0,1.0,54.05,0.8154,1,1,48796,1,YES,1,3,100.0
931,475,SPONTANEOUS_ADVENTURER,1,1,1,0,0,0,1,0,1,0,0,0.5,0.0,1.0,0.0,0.0,37.5,0.6212,1,1,39243,1,YES,0,2,93.24
425,301,SOCIAL_EXPLORER,0,0,1,1,1,0,1,1,1,0,1,0.5,0.25,0.5,0.0,1.0,54.17,0.7885,1,1,44357,1,YES,1,3,100.0
820,149,SELECTIVE_PLANNER,0,1,1,1,0,0,1,0,0,0,0,1.0,0.0,0.0,0.0,0.0,43.33,0.1502,1,0,0,0,NO,0,0,25.33
295,785,CAUTIOUS_INTROVERT,1,0,2,0,1,0,1,2,1,1,1,0.5,0.5,1.0,1.0,1.0,62.5,0.6136,1,0,0,1,SAVE_ONLY,0,1,74.5
370,316,BUDGET_CONSCIOUS,0,2,0,1,0,1,1,1,1,0,0,1.0,0.2,1.0,0.0,0.0,57.33,0.5741,1,1,31264,1,SAVE_ONLY,0,1,88.27
500,275,SPONTANEOUS_ADVENTURER,1,1,1,0,0,0,1,0,0,1,0,0.5,0.0,0.0,1.0,0.0,37.5,0.6839,1,0,0,0,YES,0,2,59.5
1004,268,SOCIAL_EXPLORER,0,1,0,1,0,1,1,1,0,0,0,0.3333,0.1667,0.0,0.0,0.0,39.17,0.658,1,1,37279,1,YES,0,2,94.22
937,881,SOCIAL_EXPLORER,0,2,2,1,0,0,1,0,0,0,0,0.5,0.0,0.0,0.0,0.0,21.67,0.0218,0,0,0,0,NO,0,0,3.67
207,834,SOCIAL_EXPLORER,0,0,0,1,1,1,1,1,0,0,0,0.25,0.25,0.0,0.0,0.0,45.0,0.6887,0,0,0,0,YES,0,2,67.0
898,455,BUDGET_CONSCIOUS,2,1,1,0,0,0,1,0,1,0,0,0.3333,0.0,1.0,0.0,0.0,28.33,0.0,0,0,0,0,NO,0,0,10.33
223,698,BUDGET_CONSCIOUS,2,1,1,0,0,0,1,0,0,0,0,0.5,0.0,0.0,0.0,0.0,21.67,0.0,0,0,0,0,NO,0,0,3.67
385,355,BUDGET_CONSCIOUS,2,2,1,0,0,0,1,2,1,1,0,0.5,0.4,1.0,1.0,0.0,43.83,0.1111,0,0,0,0,NO,0,0,25.83
552,743,SOCIAL_EXPLORER,1,2,1,0,0,0,1,0,0,0,0,0.5,0.0,0.0,0.0,0.0,21.67,0.4577,1,1,24924,1,SAVE_ONLY,0,1,50.39
667,938,BUDGET_CONSCIOUS,0,1,0,1,0,1,1,0,0,0,0,0.5,0.0,0.0,0.0,0.0,39.17,0.6246,0,0,0,1,YES,0,2,73.17
287,90,BUDGET_CONSCIOUS,1,1,1,0,0,0,1,0,0,0,0,0.5,0.0,0.0,0.0,0.0,27.5,0.1819,0,0,0,0,NO,0,0,9.5
182,849,SELECTIVE_PLANNER,1,0,0,0,1,1,1,0,0,0,0,1.0,0.0,0.0,0.0,0.0,49.17,0.7152,1,1,40769,1,YES,1,3,100.0
348,818,SOCIAL_EXPLORER,1,1,0,0,0,1,1,1,1,0,0,0.5,0.2,1.0,0.0,0.0,47.33,0.6683,0,0,0,0,YES,0,2,69.33
539,716,BUDGET_CONSCIOUS,0,2,1,1,0,0,1,0,0,0,0,0.3333,0.0,0.0,0.0,0.0,24.17,0.4728,0,0,0,1,SAVE_ONLY,0,1,36.17
683,826,BUDGET_CONSCIOUS,0,0,0,1,1,1,1,1,0,0,1,0.5,0.25,0.0,0.0,1.0,55.0,0.6944,1,1,46962,1,YES,0,2,100.0
434,806,SOCIAL_EXPLORER,0,1,1,1,0,0,1,2,2,1,1,0.5,0.3333,1.0,1.0,1.0,65.0,0.629,1,1,42365,1,YES,0,2,100.0
632,311,SPONTANEOUS_ADVENTURER,1,0,0,0,1,1,1,2,0,0,0,0.5,0.3333,0.0,0.0,0.0,45.83,0.6271,1,1,41541,1,YES,0,2,100.0
717,158,SOCIAL_EXPLORER,1,1,1,0,0,0,1,2,1,1,1,0.3333,0.4,0.5,1.0,1.0,52.17,0.5985,1,1,34429,1,SAVE_ONLY,0,1,84.22
147,915,SOCIAL_EXPLORER,0,1,0,1,0,1,1,0,0,0,0,1.0,0.0,0.0,0.0,0.0,49.17,0.694,1,1,41204,0,YES,0,2,93.59
459,1009,PASSIVE_BROWSER,1,1,1,0,0,0,1,3,1,0,0,0.3333,0.6,1.0,0.0,0.0,46.17,0.4121,1,1,35593,0,NO,0,1,48.63
416,86,SPONTANEOUS_ADVENTURER,1,1,1,0,0,0,1,1,1,0,0,0.3333,0.2,1.0,0.0,0.0,38.17,0.6837,0,0,0,0,YES,0,2,60.17
1012,79,SOCIAL_EXPLORER,0,0,1,1,1,0,1,1,1,0,1,1.0,0.1667,0.3333,0.0,1.0,60.83,0.7125,1,1,49118,0,YES,1,3,100.0
148,79,SOCIAL_EXPLORER,0,1,0,1,0,1,1,0,0,0,0,1.0,0.0,0.0,0.0,0.0,49.17,0.693,1,0,0,0,YES,0,2,71.17
160,591,BUDGET_CONSCIOUS,1,1,0,0,0,1,1,1,1,0,0,0.5,0.2,1.0,0.0,0.0,47.33,0.4858,1,1,34690,0,NO,0,1,49.47
212,222,BUDGET_CONSCIOUS,1,1,0,0,0,1,1,2,0,0,0,1.0,0.4,0.0,0.0,0.0,51.33,0.4935,1,0,0,1,SAVE_ONLY,0,1,63.33
669,238,SOCIAL_EXPLORER,1,0,0,0,1,1,1,0,0,0,1,1.0,0.0,0.0,0.0,1.0,54.17,0.6671,1,1,37379,0,YES,0,2,97.25
344,101,BUDGET_CONSCIOUS,0,1,1,1,0,0,1,2,1,0,0,0.3333,0.4,1.0,0.0,0.0,48.0,0.7181,1,0,0,0,YES,1,3,100.0
843,557,PASSIVE_BROWSER,0,1,0,1,0,1,1,1,0,1,1,0.5,0.2,0.0,1.0,1.0,58.17,0.4514,1,1,38622,0,NO,0,1,61.69
811,549,SOCIAL_EXPLORER,1,0,0,0,1,1,1,0,1,1,1,0.3333,0.0,1.0,1.0,1.0,60.83,0.6638,1,0,0,0,YES,0,2,82.83
917,509,CAUTIOUS_INTROVERT,1,2,2,0,0,0,1,0,0,0,0,1.0,0.0,0.0,0.0,0.0,25.83,0.0,1,1,11672,0,NO,0,0,19.92
650,281,SOCIAL_EXPLORER,1,1,1,0,0,0,1,1,0,0,0,1.0,0.1429,0.0,0.0,0.0,40.36,0.6675,1,1,46892,1,YES,0,2,98.77
514,531,SOCIAL_EXPLORER,1,1,2,0,0,0,1,0,0,0,0,0.3333,0.0,0.0,0.0,0.0,18.33,0.1356,0,0,0,0,NO,0,0,0.33
678,334,BUDGET_CONSCIOUS,0,2,0,1,0,1,1,2,1,1,1,0.5,0.5,1.0,1.0,1.0,68.33,0.896,1,0,0,0,SUPER_LIKE,1,3,100.0
564,761,SOCIAL_EXPLORER,1,0,0,0,1,1,1,1,0,0,1,0.25,0.1667,0.0,0.0,1.0,42.5,0.4813,1,1,37344,0,NO,0,1,45.57
918,225,BUDGET_CONSCIOUS,0,0,0,1,1,1,1,0,0,0,0,0.3333,0.0,0.0,0.0,0.0,41.67,0.5183,1,0,0,1,SAVE_ONLY,0,1,53.67
942,110,BUDGET_CONSCIOUS,2,0,1,0,1,0,1,2,1,0,0,0.5,0.4,0.5,0.0,0.0,40.5,0.0,1,0,0,0,NO,0,0,22.5
719,606,SPONTANEOUS_ADVENTURER,1,1,0,0,0,1,1,1,1,0,0,0.5,0.1667,1.0,0.0,0.0,46.67,0.7776,1,1,46887,1,YES,1,3,100.0
652,796,SOCIAL_EXPLORER,1,1,0,0,0,1,1,1,1,0,0,1.0,0.1429,1.0,0.0,0.0,56.19,0.753,1,1,39999,1,YES,1,3,100.0
939,616,SELECTIVE_PLANNER,0,0,0,1,1,1,1,0,0,0,0,0.5,0.0,0.0,0.0,0.0,45.0,0.6956,1,1,40072,0,YES,0,2,89.03
856,33,BUDGET_CONSCIOUS,0,1,0,1,0,1,1,1,0,0,1,1.0,0.2,0.0,0.0,1.0,58.17,0.7012,1,1,43969,1,YES,1,3,100.0
516,23,BUDGET_CONSCIOUS,0,1,1,1,0,0,2,0,1,0,0,0.6667,0.0,0.5,0.0,0.0,41.67,0.4799,0,0,0,1,SAVE_ONLY,0,1,53.67
846,519,SOCIAL_EXPLORER,1,1,0,0,0,1,1,2,0,1,1,1.0,1.0,0.0,1.0,1.0,78.33,0.9324,1,1,54963,0,YES,1,3,100.0
832,412,CAUTIOUS_INTROVERT,0,0,0,1,1,1,1,1,1,0,1,1.0,0.1667,1.0,0.0,1.0,73.33,0.6212,1,0,0,1,YES,0,2,100.0
543,57,CAUTIOUS_INTROVERT,0,0,0,1,1,1,1,0,0,0,0,1.0,0.0,0.0,0.0,0.0,55.0,0.6538,1,1,34935,1,YES,0,2,100.0
321,977,SOCIAL_EXPLORER,1,0,1,0,1,0,1,1,1,0,0,0.5,0.25,0.5,0.0,0.0,43.33,0.7588,1,1,41688,1,YES,1,3,100.0
333,753,SOCIAL_EXPLORER,1,2,1,0,0,0,1,0,0,0,0,1.0,0.0,0.0,0.0,0.0,31.67,0.4847,1,1,32363,0,NO,0,1,33.0
226,665,SPONTANEOUS_ADVENTURER,0,0,1,1,1,0,1,0,1,1,0,1.0,0.0,0.5,1.0,0.0,64.17,0.9079,1,1,51189,1,SUPER_LIKE,1,3,100.0
805,304,SPONTANEOUS_ADVENTURER,1,2,0,0,0,1,1,1,1,0,0,0.5,0.2,1.0,0.0,0.0,41.5,0.6244,1,1,36768,0,YES,0,2,84.37
461,76,CAUTIOUS_INTROVERT,1,1,2,0,0,0,1,0,0,0,0,0.5,0.0,0.0,0.0,0.0,21.67,0.0,0,0,0,0,NO,0,0,3.67
248,666,SOCIAL_EXPLORER,1,2,2,0,0,0,1,0,0,0,0,0.5,0.0,0.0,0.0,0.0,15.83,0.1665,0,0,0,0,NO,0,0,0.0
993,497,SOCIAL_EXPLORER,0,1,1,1,0,0,1,1,1,0,0,1.0,0.1429,0.5,0.0,0.0,51.19,0.6809,0,0,0,1,YES,0,2,85.19
130,276,BUDGET_CONSCIOUS,1,0,1,0,1,0,1,1,1,0,0,0.5,0.2,1.0,0.0,0.0,47.33,0.3561,0,0,0,0,NO,0,0,29.33
596,599,SELECTIVE_PLANNER,0,0,0,1,1,1,1,1,1,0,1,0.5,0.1667,0.5,0.0,1.0,58.33,0.8273,1,1,51357,0,YES,1,3,100.0
133,423,BUDGET_CONSCIOUS,1,1,2,0,0,0,1,2,2,1,0,0.5,0.2857,1.0,1.0,0.0,47.38,0.5445,0,0,0,0,NO,0,0,29.38
357,662,SELECTIVE_PLANNER,1,2,1,0,0,0,1,2,1,1,0,0.5,0.4,1.0,1.0,0.0,49.67,0.3462,1,1,31317,0,NO,0,1,50.63
476,990,BUDGET_CONSCIOUS,1,1,0,0,0,1,1,1,0,0,0,0.5,0.125,0.0,0.0,0.0,35.83,0.2917,0,0,0,0,NO,0,0,17.83
945,608,BUDGET_CONSCIOUS,1,0,1,0,1,0,1,1,0,1,0,0.5,0.1429,0.0,1.0,0.0,46.19,0.4216,1,0,0,0,NO,0,0,28.19
736,602,SOCIAL_EXPLORER,0,0,2,1,1,0,1,0,0,1,0,0.5,0.0,0.0,1.0,0.0,43.33,0.2883,1,1,19429,0,NO,0,1,40.13
228,954,BUDGET_CONSCIOUS,1,1,0,0,0,1,1,2,0,1,0,1.0,0.4,0.0,1.0,0.0,61.33,0.6349,1,0,0,1,YES,0,2,95.33
48,444,BUDGET_CONSCIOUS,1,0,0,0,1,1,1,0,0,0,0,1.0,0.0,0.0,0.0,0.0,49.17,0.3976,0,0,0,0,NO,0,0,31.17
295,183,CAUTIOUS_INTROVERT,1,1,0,0,0,1,1,3,0,1,1,1.0,0.75,0.0,1.0,1.0,73.33,0.8389,1,1,44378,1,SUPER_LIKE,1,3,100.0
243,70,CAUTIOUS_INTROVERT,0,1,0,1,0,1,1,2,1,1,1,0.5,0.5,0.5,1.0,1.0,69.17,0.8798,1,1,48294,0,SUPER_LIKE,1,3,100.0
833,854,SOCIAL_EXPLORER,0,0,1,1,1,0,1,3,1,1,1,0.5,0.6,0.5,1.0,1.0,71.17,1.0,1,1,64315,0,YES,1,3,100.0
684,890,SOCIAL_EXPLORER,0,1,1,1,0,0,2,1,2,1,1,1.0,0.25,1.0,1.0,1.0,73.33,0.8757,1,1,53767,0,YES,1,3,100.0
1009,696,BUDGET_CONSCIOUS,1,2,2,0,0,0,1,2,1,0,0,0.5,0.4,1.0,0.0,0.0,33.83,0.2172,0,0,0,0,NO,0,0,15.83
550,790,CAUTIOUS_INTROVERT,1,1,0,0,0,1,1,2,1,0,1,0.5,0.3333,1.0,0.0,1.0,55.0,0.8457,1,1,52194,0,SUPER_LIKE,1,3,100.0
480,159,BUDGET_CONSCIOUS,2,1,0,0,0,1,1,1,0,0,0,0.5,0.1429,0.0,0.0,0.0,30.36,0.0,0,0,0,0,NO,0,0,12.36
878,355,SPONTANEOUS_ADVENTURER,0,2,1,1,0,0,1,1,0,0,0,1.0,0.1429,0.0,0.0,0.0,40.36,0.6299,1,0,0,1,YES,0,2,74.36
632,50,SPONTANEOUS_ADVENTURER,1,1,1,0,0,0,1,0,0,0,1,1.0,0.0,0.0,0.0,1.0,42.5,0.5502,0,0,0,1,SAVE_ONLY,0,1,54.5
186,38,SOCIAL_EXPLORER,0,0,2,1,1,0,1,0,1,1,0,1.0,0.0,0.5,1.0,0.0,58.33,0.63,1,1,35165,1,YES,0,2,100.0
441,387,SOCIAL_EXPLORER,1,0,0,0,1,1,1,1,0,0,0,1.0,0.2,0.0,0.0,0.0,53.17,0.5945,1,1,44811,1,SAVE_ONLY,0,1,88.85
416,1006,SPONTANEOUS_ADVENTURER,0,0,1,1,1,0,1,3,0,0,1,0.5,0.6,0.0,0.0,1.0,56.17,0.7948,1,1,49211,1,YES,1,3,100.0
388,736,SPONTANEOUS_ADVENTURER,1,0,1,0,1,0,1,1,0,1,1,0.5,0.1429,0.0,1.0,1.0,51.19,0.6522,0,0,0,0,YES,0,2,73.19
693,1018,SOCIAL_EXPLORER,0,0,1,1,1,0,0,0,0,0,0,0.0,0.0,0.0,0.0,0.0,29.17,0.6327,0,0,0,0,YES,0,2,51.17
822,520,SOCIAL_EXPLORER,1,0,0,0,1,1,1,1,1,1,1,0.5,0.25,1.0,1.0,1.0,69.17,1.0,1,1,67225,1,SUPER_LIKE,1,3,100.0
581,710,SOCIAL_EXPLORER,0,0,0,1,1,1,1,0,0,0,0,0.5,0.0,0.0,0.0,0.0,45.0,0.6146,0,0,0,1,SAVE_ONLY,0,1,57.0
884,311,CAUTIOUS_INTROVERT,0,2,1,1,0,0,1,2,0,0,0,0.5,0.4,0.0,0.0,0.0,35.5,0.6278,0,0,0,0,YES,0,2,57.5
78,922,BUDGET_CONSCIOUS,1,0,1,0,1,0,1,1,0,0,0,0.5,0.2,0.0,0.0,0.0,37.33,0.4824,1,1,34900,1,SAVE_ONLY,0,1,69.54
918,151,BUDGET_CONSCIOUS,0,2,0,1,0,1,1,2,1,1,1,0.5,0.6667,0.5,1.0,1.0,66.67,0.669,1,0,0,0,YES,0,2,88.67
194,843,SOCIAL_EXPLORER,1,0,1,0,1,0,1,1,0,0,0,0.5,0.1667,0.0,0.0,0.0,36.67,0.4808,1,1,35127,1,SAVE_ONLY,0,1,68.96
487,443,SPONTANEOUS_ADVENTURER,1,1,0,0,0,1,1,1,1,0,0,0.5,0.2,1.0,0.0,0.0,47.33,0.6163,1,1,42286,0,NO,0,1,52.13
1006,607,CAUTIOUS_INTROVERT,0,1,2,1,0,0,1,4,0,1,1,0.5,1.0,0.0,1.0,1.0,62.5,0.6444,1,1,48217,1,YES,0,2,100.0
278,39,BUDGET_CONSCIOUS,1,1,1,0,0,0,1,1,0,0,0,1.0,0.1429,0.0,0.0,0.0,40.36,0.408,1,1,36249,0,NO,0,1,43.05
891,176,SPONTANEOUS_ADVENTURER,1,1,0,0,0,1,1,1,0,1,0,1.0,0.2,0.0,1.0,0.0,57.33,0.8825,1,1,60313,0,YES,1,3,100.0
653,162,BUDGET_CONSCIOUS,1,1,1,0,0,0,1,0,0,0,0,0.5,0.0,0.0,0.0,0.0,27.5,0.3361,0,0,0,0,NO,0,0,9.5
226,655,SPONTANEOUS_ADVENTURER,0,0,1,1,1,0,1,0,0,0,0,1.0,0.0,0.0,0.0,0.0,49.17,0.6338,1,0,0,1,YES,0,2,83.17
1007,358,BUDGET_CONSCIOUS,1,0,0,0,1,1,1,0,1,0,0,1.0,0.0,1.0,0.0,0.0,59.17,0.5177,1,1,27257,1,SAVE_ONLY,0,1,88.71
180,968,SOCIAL_EXPLORER,1,0,0,0,1,1,1,1,0,0,0,0.5,0.1429,0.0,0.0,0.0,42.02,0.5673,1,1,32017,0,NO,0,1,43.23
597,400,BUDGET_CONSCIOUS,1,1,0,0,0,1,1,1,1,0,0,0.5,0.2,1.0,0.0,0.0,47.33,0.4905,0,0,0,1,SAVE_ONLY,0,1,59.33
684,83,SOCIAL_EXPLORER,1,1,1,0,0,0,1,2,2,1,0,0.5,0.5,1.0,1.0,0.0,57.5,0.6841,1,0,0,0,YES,0,2,79.5
329,850,CAUTIOUS_INTROVERT,1,2,1,0,0,0,1,2,0,0,1,1.0,0.4,0.0,0.0,1.0,44.67,0.6718,1,1,49591,0,YES,0,2,92.03
778,775,SPONTANEOUS_ADVENTURER,1,1,0,0,0,1,1,0,0,0,0,1.0,0.0,0.0,0.0,0.0,43.33,0.637,1,1,41099,0,YES,0,2,87.71
424,119,SOCIAL_EXPLORER,0,1,0,1,0,1,1,0,1,1,0,1.0,0.0,0.5,1.0,0.0,64.17,0.701,1,0,0,0,YES,1,3,100.0
720,419,SOCIAL_EXPLORER,0,0,1,1,1,0,1,2,1,1,0,0.5,0.6667,0.5,1.0,0.0,67.5,0.6406,0,0,0,1,YES,0,2,100.0
799,727,SPONTANEOUS_ADVENTURER,2,0,1,0,1,0,2,2,0,0,0,1.0,0.4,0.0,0.0,0.0,45.5,0.6345,0,0,0,0,YES,0,2,67.5
99,27,BUDGET_CONSCIOUS,0,2,1,1,0,0,1,0,0,0,0,1.0,0.0,0.0,0.0,0.0,37.5,0.4101,1,0,0,0,NO,0,0,19.5
30,200,CAUTIOUS_INTROVERT,1,0,1,0,1,0,1,0,0,0,0,0.5,0.0,0.0,0.0,0.0,33.33,0.4656,1,0,0,1,SAVE_ONLY,0,1,45.33
655,899,SOCIAL_EXPLORER,1,2,1,0,0,0,1,1,1,0,1,1.0,0.2,1.0,0.0,1.0,50.67,0.6509,1,1,49614,1,YES,0,2,100.0
688,685,BUDGET_CONSCIOUS,1,1,2,0,0,0,2,2,1,1,1,1.0,0.5,1.0,1.0,1.0,66.67,0.5464,0,0,0,1,SAVE_ONLY,0,1,78.67
810,532,BUDGET_CONSCIOUS,1,2,0,0,0,1,1,0,0,0,1,0.3333,0.0,0.0,0.0,1.0,29.17,0.3734,0,0,0,0,NO,0,0,11.17
332,260,SOCIAL_EXPLORER,1,1,0,0,0,1,1,0,0,0,0,1.0,0.0,0.0,0.0,0.0,43.33,0.7069,1,1,42722,1,YES,1,3,100.0
326,980,SOCIAL_EXPLORER,0,1,0,1,0,1,1,2,1,1,1,0.5,0.5,0.5,1.0,1.0,69.17,0.8113,0,0,0,0,YES,1,3,100.0
368,350,BUDGET_CONSCIOUS,2,1,0,0,0,1,1,0,2,1,0,1.0,0.0,1.0,1.0,0.0,57.5,0.0818,0,0,0,0,NO,0,0,39.5
519,262,SOCIAL_EXPLORER,1,0,1,0,1,0,1,0,1,1,0,1.0,0.0,0.5,1.0,0.0,58.33,0.8365,1,1,50035,0,SUPER_LIKE,1,3,100.0
947,844,SELECTIVE_PLANNER,1,0,1,0,1,0,1,4,1,1,0,1.0,1.0,1.0,1.0,0.0,83.33,1.0,1,1,64276,0,YES,1,3,100.0
417,745,SOCIAL_EXPLORER,0,1,1,1,0,0,1,2,1,1,0,0.5,0.5,1.0,1.0,0.0,63.33,0.7139,0,0,0,0,YES,1,3,100.0
571,344,PASSIVE_BROWSER,1,0,0,0,1,1,1,0,0,0,1,1.0,0.0,0.0,0.0,1.0,54.17,0.5048,1,1,30468,0,NO,0,1,54.83
725,397,SPONTANEOUS_ADVENTURER,2,1,0,0,0,1,1,0,0,0,0,1.0,0.0,0.0,0.0,0.0,37.5,0.6485,0,0,0,0,YES,0,2,59.5
326,836,PASSIVE_BROWSER,0,1,1,1,0,0,1,1,0,0,0,1.0,0.2,0.0,0.0,0.0,47.33,0.204,1,1,19840,0,NO,0,1,44.27
284,878,SOCIAL_EXPLORER,1,1,1,0,0,0,1,2,0,0,1,1.0,0.2857,0.0,0.0,1.0,48.21,0.6588,0,0,0,0,YES,0,2,70.21
681,128,BUDGET_CONSCIOUS,1,0,1,0,1,0,1,1,0,0,0,0.5,0.1429,0.0,0.0,0.0,36.19,0.2891,1,1,29308,0,NO,0,1,36.45
410,387,BUDGET_CONSCIOUS,0,0,1,1,1,0,1,2,1,1,0,1.0,0.6667,1.0,1.0,0.0,82.5,0.8842,1,1,46854,1,SUPER_LIKE,1,3,100.0
809,384,SELECTIVE_PLANNER,0,1,1,1,0,0,1,1,0,0,0,0.3333,0.2,0.0,0.0,0.0,34.0,0.1172,0,0,0,0,NO,0,0,16.0
678,785,BUDGET_CONSCIOUS,0,1,2,1,0,0,1,0,0,0,0,0.5,0.0,0.0,0.0,0.0,27.5,0.4101,1,1,28181,0,NO,0,1,27.36
740,960,SPONTANEOUS_ADVENTURER,1,2,0,0,0,1,1,1,0,1,0,0.5,0.1667,0.0,1.0,0.0,40.83,0.4622,0,0,0,1,SAVE_ONLY,0,1,52.83
384,677,SOCIAL_EXPLORER,0,1,0,1,0,1,1,0,0,0,0,0.5,0.0,0.0,0.0,0.0,39.17,0.6189,1,1,41190,1,SAVE_ONLY,0,1,73.59
776,521,SPONTANEOUS_ADVENTURER,1,0,0,0,1,1,1,0,0,1,0,1.0,0.0,0.0,1.0,0.0,59.17,0.6424,1,1,41222,1,YES,0,2,100.0
744,29,SOCIAL_EXPLORER,0,1,0,1,0,1,1,1,0,0,0,0.5,0.2,0.0,0.0,0.0,43.17,0.7016,1,0,0,0,YES,1,3,95.17
717,144,SOCIAL_EXPLORER,1,1,1,0,0,0,1,1,0,0,0,0.3333,0.125,0.0,0.0,0.0,26.67,0.3486,0,0,0,0,NO,0,0,8.67
652,446,SOCIAL_EXPLORER,2,2,0,0,0,1,1,0,0,0,0,1.0,0.0,0.0,0.0,0.0,31.67,0.6223,1,1,42782,0,YES,0,2,76.64
59,427,BUDGET_CONSCIOUS,1,0,0,0,1,1,1,0,0,0,0,1.0,0.0,0.0,0.0,0.0,49.17,0.4639,1,1,29637,0,NO,0,1,49.54
101,780,BUDGET_CONSCIOUS,2,1,1,0,0,0,1,1,0,0,0,0.3333,0.2,0.0,0.0,0.0,22.33,0.0,0,0,0,0,NO,0,0,4.33
919,27,SOCIAL_EXPLORER,2,0,1,0,1,0,1,0,0,0,0,0.3333,0.0,0.0,0.0,0.0,24.17,0.4285,1,0,0,0,NO,0,0,6.17
826,759,BUDGET_CONSCIOUS,1,2,2,0,0,0,1,0,0,0,0,0.3333,0.0,0.0,0.0,0.0,12.5,0.1574,0,0,0,0,NO,0,0,0.0
727,26,BUDGET_CONSCIOUS,2,1,1,0,0,0,1,4,1,1,1,0.5,0.8,0.5,1.0,1.0,57.67,0.2958,0,0,0,0,NO,0,0,39.67
333,47,SOCIAL_EXPLORER,1,0,0,0,1,1,1,0,1,0,0,0.5,0.0,0.5,0.0,0.0,44.17,0.6889,1,1,39567,0,YES,0,2,88.02
61,518,BUDGET_CONSCIOUS,1,1,0,0,0,1,1,0,0,0,0,0.5,0.0,0.0,0.0,0.0,33.33,0.325,1,1,27025,0,NO,0,1,32.79
983,605,BUDGET_CONSCIOUS,1,1,1,0,0,0,1,0,1,0,0,0.5,0.0,0.5,0.0,0.0,32.5,0.4284,1,0,0,0,NO,0,0,14.5
272,683,BUDGET_CONSCIOUS,0,1,1,1,0,0,1,1,0,0,0,0.5,0.25,0.0,0.0,0.0,38.33,0.5155,0,0,0,1,SAVE_ONLY,0,1,50.33
373,469,SOCIAL_EXPLORER,2,0,1,0,1,0,1,0,0,0,0,1.0,0.0,0.0,0.0,0.0,37.5,0.689,1,1,50827,0,YES,0,2,85.29
85,763,SPONTANEOUS_ADVENTURER,0,2,0,1,0,1,1,2,0,0,0,0.5,0.5,0.0,0.0,0.0,43.33,0.5326,1,0,0,0,NO,0,0,25.33
357,46,SELECTIVE_PLANNER,1,1,1,0,0,0,1,0,0,0,0,0.5,0.0,0.0,0.0,0.0,27.5,0.0483,0,0,0,0,NO,0,0,9.5
67,897,BUDGET_CONSCIOUS,1,1,0,0,0,1,1,2,1,1,1,0.5,0.3333,1.0,1.0,1.0,65.0,0.7943,1,1,48989,1,YES,1,3,100.0
213,482,BUDGET_CONSCIOUS,2,0,1,0,1,0,1,2,1,0,0,0.3333,0.4,1.0,0.0,0.0,42.17,0.1765,1,0,0,0,NO,0,0,24.17
105,169,SOCIAL_EXPLORER,1,1,1,0,0,0,1,3,1,0,1,0.3333,0.75,1.0,0.0,1.0,54.17,0.7792,1,1,43813,0,YES,1,3,100.0
923,661,SOCIAL_EXPLORER,1,1,0,0,0,1,1,1,0,0,0,1.0,0.25,0.0,0.0,0.0,48.33,0.5757,1,1,30567,0,NO,0,1,49.03
229,408,SOCIAL_EXPLORER,2,2,0,0,0,1,2,1,0,0,0,1.0,0.1429,0.0,0.0,0.0,34.52,0.4943,1,1,33385,0,NO,0,1,36.2
714,703,BUDGET_CONSCIOUS,1,1,0,0,0,1,1,1,0,0,0,0.25,0.1667,0.0,0.0,0.0,31.67,0.3342,0,0,0,0,NO,0,0,13.67
679,464,CAUTIOUS_INTROVERT,0,1,1,1,0,0,1,2,1,1,0,1.0,0.3333,1.0,1.0,0.0,70.0,0.819,1,1,49032,0,YES,1,3,100.0
36,267,SOCIAL_EXPLORER,0,1,0,1,0,1,1,1,0,1,0,0.5,0.3333,0.0,1.0,0.0,55.83,0.7166,1,1,46449,1,YES,1,3,100.0
580,445,CAUTIOUS_INTROVERT,1,1,0,0,0,1,1,0,1,0,1,1.0,0.0,1.0,0.0,1.0,58.33,0.6627,1,1,39760,0,YES,0,2,100.0
268,952,SOCIAL_EXPLORER,0,1,0,1,0,1,1,0,0,0,0,1.0,0.0,0.0,0.0,0.0,49.17,0.6202,0,0,0,0,YES,0,2,71.17
654,326,BUDGET_CONSCIOUS,1,1,0,0,0,1,1,1,0,0,0,0.5,0.3333,0.0,0.0,0.0,40.0,0.2944,1,0,0,0,NO,0,0,22.0
453,662,SPONTANEOUS_ADVENTURER,1,0,1,0,1,0,1,1,1,0,0,0.5,0.2,1.0,0.0,0.0,47.33,0.8091,1,1,57908,0,YES,1,3,100.0
619,556,BUDGET_CONSCIOUS,0,1,1,1,0,0,1,1,0,0,0,1.0,0.25,0.0,0.0,0.0,48.33,0.7622,0,0,0,0,YES,1,3,100.0
622,1018,SPONTANEOUS_ADVENTURER,0,1,0,1,0,1,0,0,0,0,0,0.0,0.0,0.0,0.0,0.0,29.17,0.4975,1,1,40633,1,SAVE_ONLY,0,1,63.39
853,194,SOCIAL_EXPLORER,1,0,0,0,1,1,1,1,0,0,0,1.0,0.2,0.0,0.0,0.0,53.17,0.6588,1,1,45023,1,YES,0,2,100.0
371,148,CAUTIOUS_INTROVERT,1,0,0,0,1,1,1,0,2,1,0,1.0,0.0,1.0,1.0,0.0,69.17,0.7014,0,0,0,1,YES,1,3,100.0
529,685,CAUTIOUS_INTROVERT,0,1,0,1,0,1,1,1,1,0,0,0.5,0.2,1.0,0.0,0.0,53.17,0.6755,1,1,46104,1,YES,0,2,100.0
156,742,SOCIAL_EXPLORER,0,2,1,1,0,0,1,1,1,0,0,0.5,0.25,1.0,0.0,0.0,42.5,0.639,1,1,44081,1,YES,0,2,99.93
496,870,CAUTIOUS_INTROVERT,1,1,0,0,0,1,1,2,0,0,0,0.5,0.4,0.0,0.0,0.0,41.33,0.6768,0,0,0,1,YES,0,2,75.33
511,451,SOCIAL_EXPLORER,0,1,1,1,0,0,1,0,0,0,0,0.5,0.0,0.0,0.0,0.0,33.33,0.467,1,1,24946,1,SAVE_ONLY,0,1,62.06
235,985,SOCIAL_EXPLORER,1,1,0,0,0,1,1,2,1,1,0,1.0,0.5,1.0,1.0,0.0,73.33,0.9859,1,1,67402,0,YES,1,3,100.0
572,332,CAUTIOUS_INTROVERT,0,1,2,1,0,0,1,0,1,0,1,1.0,0.0,0.5,0.0,1.0,47.5,0.3098,1,0,0,0,NO,0,0,29.5
435,380,SELECTIVE_PLANNER,1,0,0,0,1,1,1,1,0,1,0,0.5,0.2,0.0,1.0,0.0,53.17,0.8323,1,1,47273,0,YES,1,3,100.0
645,706,SPONTANEOUS_ADVENTURER,0,1,1,1,0,0,1,1,1,0,0,0.5,0.2,0.3333,0.0,0.0,40.67,0.6786,1,0,0,0,YES,0,2,62.67
215,578,CAUTIOUS_INTROVERT,0,1,1,1,0,0,1,1,1,0,0,0.3333,0.25,0.5,0.0,0.0,40.0,0.3849,0,0,0,0,NO,0,0,22.0
928,94,BUDGET_CONSCIOUS,0,2,0,1,0,1,1,0,1,1,1,0.5,0.0,0.3333,1.0,1.0,51.67,0.57,1,1,31973,1,SAVE_ONLY,0,1,82.86
173,355,BUDGET_CONSCIOUS,2,1,0,0,0,1,1,0,0,0,0,1.0,0.0,0.0,0.0,0.0,37.5,0.0,0,0,0,0,NO,0,0,19.5
525,317,CAUTIOUS_INTROVERT,1,1,0,0,0,1,2,2,0,0,0,1.0,0.6667,0.0,0.0,0.0,56.67,0.67,1,0,0,0,YES,0,2,78.67
448,963,SOCIAL_EXPLORER,1,1,0,0,0,1,1,1,0,1,1,0.3333,0.1667,0.0,1.0,1.0,48.33,0.6757,1,1,47982,1,YES,0,2,100.0
299,813,CAUTIOUS_INTROVERT,1,0,0,0,1,1,1,1,1,1,1,0.5,0.2,1.0,1.0,1.0,68.17,0.8254,0,0,0,1,SUPER_LIKE,1,3,100.0
907,363,SOCIAL_EXPLORER,2,2,0,0,0,1,1,0,0,0,1,0.3333,0.0,0.0,0.0,1.0,23.33,0.5449,1,0,0,0,NO,0,0,5.33
284,954,SOCIAL_EXPLORER,0,1,2,1,0,0,1,1,0,1,0,1.0,0.2,0.0,1.0,0.0,51.5,0.6076,0,0,0,0,NO,0,0,33.5
449,824,CAUTIOUS_INTROVERT,0,1,1,1,0,0,1,2,1,0,1,1.0,0.5,1.0,0.0,1.0,68.33,0.7583,1,0,0,0,YES,1,3,100.0
22,860,SOCIAL_EXPLORER,2,0,0,0,1,1,1,0,0,0,1,1.0,0.0,0.0,0.0,1.0,48.33,0.6102,1,1,47348,0,NO,0,1,54.9
21,560,SELECTIVE_PLANNER,0,1,0,1,0,1,1,0,0,0,1,1.0,0.0,0.0,0.0,1.0,54.17,0.2732,1,0,0,0,NO,0,0,36.17
735,645,SOCIAL_EXPLORER,1,1,1,0,0,0,1,2,2,1,0,0.5,0.4,1.0,1.0,0.0,55.5,0.7303,1,1,49536,0,YES,1,3,100.0
508,489,SOCIAL_EXPLORER,0,0,0,1,1,1,1,0,0,0,0,0.5,0.0,0.0,0.0,0.0,45.0,0.6721,0,0,0,0,YES,0,2,67.0
152,904,CAUTIOUS_INTROVERT,1,0,0,0,1,1,1,0,0,0,1,1.0,0.0,0.0,0.0,1.0,54.17,0.6216,1,1,45874,0,YES,0,2,100.0
786,64,BUDGET_CONSCIOUS,1,0,1,0,1,0,1,3,1,0,0,1.0,0.6,0.5,0.0,0.0,60.33,0.7523,1,1,39941,1,YES,1,3,100.0
321,629,SOCIAL_EXPLORER,1,1,1,0,0,0,1,2,1,1,1,0.5,0.5,1.0,1.0,1.0,62.5,0.7914,1,1,53506,1,YES,1,3,100.0
312,949,BUDGET_CONSCIOUS,0,1,1,1,0,0,2,0,1,0,0,1.0,0.0,1.0,0.0,0.0,53.33,0.5589,1,1,44059,1,SAVE_ONLY,0,1,88.75
148,242,SPONTANEOUS_ADVENTURER,1,1,0,0,0,1,1,0,0,0,0,0.3333,0.0,0.0,0.0,0.0,30.0,0.6278,1,0,0,1,YES,0,2,64.0
570,51,BUDGET_CONSCIOUS,0,0,0,1,1,1,1,0,0,0,0,0.5,0.0,0.0,0.0,0.0,45.0,0.6376,0,0,0,0,YES,0,2,67.0
937,681,SOCIAL_EXPLORER,1,0,1,0,1,0,1,2,0,0,0,0.3333,0.3333,0.0,0.0,0.0,36.67,0.6915,0,0,0,0,YES,0,2,58.67
589,362,SOCIAL_EXPLORER,1,2,0,0,0,1,1,1,0,0,1,0.3333,0.1429,0.0,0.0,1.0,32.02,0.656,1,1,43992,1,YES,0,2,89.42
302,738,SOCIAL_EXPLORER,0,0,0,1,1,1,1,0,1,0,1,0.5,0.0,1.0,0.0,1.0,60.0,0.7623,1,0,0,1,YES,1,3,100.0
487,286,SPONTANEOUS_ADVENTURER,1,2,1,0,0,0,1,1,1,0,1,0.5,0.25,1.0,0.0,1.0,41.67,0.6335,1,0,0,1,YES,0,2,75.67
976,717,CAUTIOUS_INTROVERT,0,0,2,1,1,0,1,2,0,0,1,0.5,0.2857,0.0,0.0,1.0,44.05,0.3575,1,0,0,0,NO,0,0,26.05
214,139,BUDGET_CONSCIOUS,1,1,1,0,0,0,1,0,0,0,1,1.0,0.0,0.0,0.0,1.0,42.5,0.4748,1,1,29189,1,SAVE_ONLY,0,1,72.72
932,511,SPONTANEOUS_ADVENTURER,0,1,1,1,0,0,1,0,0,0,0,0.3333,0.0,0.0,0.0,0.0,30.0,0.6165,0,0,0,1,SAVE_ONLY,0,1,42.0
18,956,CAUTIOUS_INTROVERT,0,0,1,1,1,0,1,2,0,0,1,1.0,0.4,0.0,0.0,1.0,62.17,0.6599,1,0,0,0,YES,0,2,84.17
601,606,SELECTIVE_PLANNER,0,1,0,1,0,1,1,1,0,0,0,1.0,0.25,0.0,0.0,0.0,54.17,0.3712,0,0,0,0,NO,0,0,36.17
164,408,BUDGET_CONSCIOUS,0,0,0,1,1,1,1,2,1,0,0,0.3333,0.3333,0.5,0.0,0.0,53.33,0.7826,1,1,52615,0,YES,1,3,100.0
61,109,SOCIAL_EXPLORER,1,0,0,0,1,1,1,0,0,0,0,1.0,0.0,0.0,0.0,0.0,49.17,0.6886,1,1,45938,1,YES,0,2,100.0
110,586,CAUTIOUS_INTROVERT,2,0,1,0,1,0,1,2,1,1,0,1.0,0.4,0.5,1.0,0.0,60.5,0.6262,0,0,0,1,YES,0,2,94.5
856,391,BUDGET_CONSCIOUS,2,2,0,0,0,1,1,1,0,0,0,0.5,0.2,0.0,0.0,0.0,25.67,0.0,1,0,0,0,NO,0,0,7.67
880,558,CAUTIOUS_INTROVERT,0,1,1,1,0,0,1,0,0,0,0,1.0,0.0,0.0,0.0,0.0,43.33,0.3974,1,1,19957,0,NO,0,1,40.31
177,795,BUDGET_CONSCIOUS,2,2,2,0,0,0,1,0,1,1,0,1.0,0.0,0.5,1.0,0.0,35.0,0.0,0,0,0,0,NO,0,0,17.0
521,880,SPONTANEOUS_ADVENTURER,0,1,1,1,0,0,1,2,1,0,0,1.0,0.4,0.5,0.0,0.0,56.33,0.7022,1,0,0,1,YES,1,3,100.0
327,844,SPONTANEOUS_ADVENTURER,1,2,1,0,0,0,1,0,0,0,0,0.5,0.0,0.0,0.0,0.0,21.67,0.2496,1,0,0,0,NO,0,0,3.67
17,520,SELECTIVE_PLANNER,1,2,1,0,0,0,2,1,0,0,0,0.6667,0.25,0.0,0.0,0.0,30.0,0.0,0,0,0,0,NO,0,0,12.0
739,525,BUDGET_CONSCIOUS,1,1,0,0,0,1,2,0,1,1,0,1.0,0.0,0.5,1.0,0.0,58.33,0.6771,1,1,37374,0,YES,0,2,100.0
991,482,BUDGET_CONSCIOUS,2,0,1,0,1,0,1,1,0,0,1,0.3333,0.1667,0.0,0.0,1.0,32.5,0.0321,0,0,0,0,NO,0,0,14.5
944,486,CAUTIOUS_INTROVERT,0,0,1,1,1,0,1,1,1,0,1,0.5,0.1667,1.0,0.0,1.0,57.5,0.7233,1,1,46982,0,YES,1,3,100.0
257,676,CAUTIOUS_INTROVERT,0,1,0,1,0,1,1,1,1,1,0,0.3333,0.3333,1.0,1.0,0.0,62.5,0.6749,0,0,0,1,YES,0,2,96.5
152,730,SPONTANEOUS_ADVENTURER,1,1,1,0,0,0,1,0,0,0,0,1.0,0.0,0.0,0.0,0.0,37.5,0.6625,0,0,0,1,YES,0,2,71.5
993,285,SOCIAL_EXPLORER,1,2,0,0,0,1,1,3,2,0,1,1.0,0.5,1.0,0.0,1.0,62.5,0.7289,1,1,44264,0,YES,1,3,100.0
636,899,SPONTANEOUS_ADVENTURER,2,2,0,0,0,1,1,1,0,0,0,0.3333,0.1667,0.0,0.0,0.0,21.67,0.3532,0,0,0,0,NO,0,0,3.67
339,328,BUDGET_CONSCIOUS,0,2,1,1,0,0,1,1,0,0,0,1.0,0.2,0.0,0.0,0.0,41.5,0.5044,0,0,0,1,SAVE_ONLY,0,1,53.5
794,880,SELECTIVE_PLANNER,1,1,1,0,0,0,1,2,1,0,0,0.5,0.3333,0.5,0.0,0.0,39.17,0.2033,0,0,0,0,NO,0,0,21.17
664,928,SPONTANEOUS_ADVENTURER,1,1,0,0,0,1,2,2,0,0,0,1.0,0.4,0.0,0.0,0.0,51.33,0.8512,1,1,55750,0,SUPER_LIKE,1,3,100.0
952,101,SOCIAL_EXPLORER,2,1,0,0,0,1,1,3,1,0,0,0.3333,0.5,1.0,0.0,0.0,44.17,0.7482,1,1,54115,0,YES,1,3,100.0
239,11,SOCIAL_EXPLORER,0,0,1,1,1,0,0,0,0,0,0,0.0,0.0,0.0,0.0,0.0,29.17,0.5139,1,1,39945,0,NO,0,1,33.15
838,32,SOCIAL_EXPLORER,0,0,1,1,1,0,1,2,1,0,0,0.3333,0.4,1.0,0.0,0.0,53.83,0.7043,1,1,51691,0,YES,1,3,100.0
459,391,CAUTIOUS_INTROVERT,1,1,0,0,0,1,1,3,1,0,1,0.3333,0.6,1.0,0.0,1.0,57.0,0.64,0,0,0,1,YES,0,2,91.0
701,476,SOCIAL_EXPLORER,1,0,0,0,1,1,1,0,0,0,0,1.0,0.0,0.0,0.0,0.0,49.17,0.6454,1,1,40773,0,YES,0,2,93.44
253,439,CAUTIOUS_INTROVERT,2,0,1,0,1,0,1,2,1,1,1,1.0,0.2857,1.0,1.0,1.0,68.21,0.8984,1,0,0,0,SUPER_LIKE,1,3,100.0
907,649,SOCIAL_EXPLORER,2,1,0,0,0,1,1,3,1,1,1,0.25,0.75,1.0,1.0,1.0,62.5,0.7981,1,0,0,1,YES,1,3,100.0
55,802,SELECTIVE_PLANNER,0,0,0,1,1,1,1,1,1,0,0,0.5,0.1429,1.0,0.0,0.0,57.86,0.7912,1,1,42438,1,YES,1,3,100.0
970,721,SOCIAL_EXPLORER,0,1,1,1,0,0,1,0,0,0,0,0.5,0.0,0.0,0.0,0.0,33.33,0.5059,0,0,0,1,SAVE_ONLY,0,1,45.33
673,484,BUDGET_CONSCIOUS,0,1,1,1,0,0,1,1,0,0,0,0.5,0.1667,0.0,0.0,0.0,36.67,0.6448,1,1,38215,0,YES,0,2,80.05
931,48,SPONTANEOUS_ADVENTURER,2,1,0,0,0,1,1,0,0,0,0,1.0,0.0,0.0,0.0,0.0,37.5,0.6724,1,1,50827,0,YES,0,2,85.29
984,188,SOCIAL_EXPLORER,1,0,0,0,1,1,1,1,1,0,0,0.5,0.3333,0.5,0.0,0.0,50.83,0.6549,0,0,0,1,YES,0,2,84.83
227,159,SOCIAL_EXPLORER,0,0,1,1,1,0,1,1,0,0,0,0.5,0.1667,0.0,0.0,0.0,42.5,0.5752,1,1,41581,1,SAVE_ONLY,0,1,77.05
958,851,CAUTIOUS_INTROVERT,0,2,1,1,0,0,1,1,1,0,0,0.5,0.1667,1.0,0.0,0.0,40.83,0.3483,0,0,0,0,NO,0,0,22.83
354,57,SOCIAL_EXPLORER,0,1,2,1,0,0,1,1,0,0,0,1.0,0.25,0.0,0.0,0.0,42.5,0.4251,0,0,0,1,SAVE_ONLY,0,1,54.5
61,796,SOCIAL_EXPLORER,0,0,1,1,1,0,1,1,1,0,1,1.0,0.2,1.0,0.0,1.0,68.17,0.8345,0,0,0,0,YES,1,3,100.0
863,566,BUDGET_CONSCIOUS,1,0,0,0,1,1,1,4,1,1,1,1.0,0.8,1.0,1.0,1.0,90.17,0.7557,1,1,53270,0,YES,1,3,100.0
265,279,SOCIAL_EXPLORER,1,0,1,0,1,0,1,1,1,1,0,0.5,0.2,1.0,1.0,0.0,57.33,0.9119,1,0,0,0,YES,1,3,100.0
547,983,SOCIAL_EXPLORER,2,2,1,0,0,0,1,1,1,1,0,0.5,0.1667,1.0,1.0,0.0,39.17,0.6816,1,1,37281,1,YES,0,2,94.22
77,200,CAUTIOUS_INTROVERT,1,0,1,0,1,0,1,0,0,0,0,0.3333,0.0,0.0,0.0,0.0,30.0,0.4031,0,0,0,0,NO,0,0,12.0
607,612,SOCIAL_EXPLORER,1,0,1,0,1,0,1,0,0,1,0,0.5,0.0,0.0,1.0,0.0,43.33,0.6464,1,1,48216,0,YES,0,2,90.21
527,736,BUDGET_CONSCIOUS,1,2,0,0,0,1,1,3,2,1,1,0.5,0.6,1.0,1.0,1.0,64.5,0.65,1,0,0,0,YES,0,2,86.5
184,378,SELECTIVE_PLANNER,2,1,1,0,0,0,1,0,0,0,0,0.5,0.0,0.0,0.0,0.0,21.67,0.0053,0,0,0,0,NO,0,0,3.67
756,75,SOCIAL_EXPLORER,1,0,1,0,1,0,1,0,0,0,0,0.5,0.0,0.0,0.0,0.0,33.33,0.4655,1,0,0,1,SAVE_ONLY,0,1,45.33
597,1019,BUDGET_CONSCIOUS,1,1,1,0,0,0,0,0,0,0,0,0.0,0.0,0.0,0.0,0.0,17.5,0.2293,0,0,0,0,NO,0,0,0.0
97,403,BUDGET_CONSCIOUS,0,0,1,1,1,0,1,0,0,1,0,1.0,0.0,0.0,1.0,0.0,59.17,0.6571,1,1,35626,1,YES,0,2,100.0
952,420,SOCIAL_EXPLORER,0,0,0,1,1,1,1,0,0,0,0,0.5,0.0,0.0,0.0,0.0,45.0,0.5864,1,1,43394,1,SAVE_ONLY,0,1,80.19
327,484,SPONTANEOUS_ADVENTURER,2,1,1,0,0,0,1,1,0,0,0,0.5,0.1667,0.0,0.0,0.0,25.0,0.4242,1,1,27777,0,NO,0,1,24.72
508,676,SOCIAL_EXPLORER,1,1,2,0,0,0,2,1,0,0,0,0.6667,0.3333,0.0,0.0,0.0,31.67,0.2391,0,0,0,0,NO,0,0,13.67
460,316,BUDGET_CONSCIOUS,0,1,1,1,0,0,1,1,0,1,0,1.0,0.2,0.0,1.0,0.0,57.33,0.6394,0,0,0,0,YES,0,2,79.33
647,458,SOCIAL_EXPLORER,1,1,0,0,0,1,1,1,1,0,0,1.0,0.25,0.5,0.0,0.0,53.33,0.7449,1,0,0,0,YES,1,3,100.0
162,156,SPONTANEOUS_ADVENTURER,0,0,1,1,1,0,1,0,0,0,0,0.5,0.0,0.0,0.0,0.0,39.17,0.4581,0,0,0,0,NO,0,0,21.17
416,251,SPONTANEOUS_ADVENTURER,1,2,1,0,0,0,1,3,1,0,0,0.5,0.75,1.0,0.0,0.0,46.67,0.6004,1,1,44447,0,NO,0,1,52.23
488,36,SOCIAL_EXPLORER,1,0,0,0,1,1,1,1,0,0,0,0.5,0.3333,0.0,0.0,0.0,45.83,0.5677,1,1,38047,0,NO,0,1,49.15
672,663,CAUTIOUS_INTROVERT,0,0,2,1,1,0,1,1,1,0,1,0.5,0.25,1.0,0.0,1.0,53.33,0.4215,0,0,0,1,SAVE_ONLY,0,1,65.33
501,201,SOCIAL_EXPLORER,2,1,0,0,0,1,1,1,0,0,1,0.3333,0.1667,0.0,0.0,1.0,32.5,0.501,1,0,0,0,NO,0,0,14.5
179,500,CAUTIOUS_INTROVERT,0,1,1,1,0,0,1,0,1,0,0,0.5,0.0,1.0,0.0,0.0,43.33,0.525,1,1,26884,1,SAVE_ONLY,0,1,72.74
111,958,CAUTIOUS_INTROVERT,0,0,0,1,1,1,1,2,1,1,0,0.5,0.3333,1.0,1.0,0.0,71.67,0.8191,0,0,0,0,YES,1,3,100.0
399,724,SPONTANEOUS_ADVENTURER,1,0,1,0,1,0,1,1,1,0,1,0.3333,0.25,0.3333,0.0,1.0,43.33,0.6986,1,1,47003,0,YES,0,2,89.78
821,289,SPONTANEOUS_ADVENTURER,1,0,0,0,1,1,1,0,0,0,0,0.5,0.0,0.0,0.0,0.0,39.17,0.6692,1,1,50429,0,YES,0,2,86.82
76,241,SOCIAL_EXPLORER,1,1,2,0,0,0,1,2,1,0,1,0.5,0.4,0.3333,0.0,1.0,38.0,0.4432,1,0,0,1,SAVE_ONLY,0,1,50.0
527,478,BUDGET_CONSCIOUS,1,1,1,0,0,0,1,0,0,0,1,0.5,0.0,0.0,0.0,1.0,32.5,0.3605,1,0,0,0,NO,0,0,14.5
292,916,SELECTIVE_PLANNER,1,0,0,0,1,1,1,1,1,0,1,0.5,0.1667,0.5,0.0,1.0,52.5,0.8432,0,0,0,1,YES,1,3,100.0
574,66,BUDGET_CONSCIOUS,1,0,1,0,1,0,2,0,0,0,0,1.0,0.0,0.0,0.0,0.0,43.33,0.4559,1,0,0,1,SAVE_ONLY,0,1,55.33
483,181,BUDGET_CONSCIOUS,1,0,0,0,1,1,1,1,1,0,0,1.0,0.1667,1.0,0.0,0.0,62.5,0.6807,1,1,43283,1,YES,0,2,100.0
348,631,SOCIAL_EXPLORER,1,1,1,0,0,0,1,1,1,1,0,0.5,0.2,1.0,1.0,0.0,51.5,0.6636,1,1,35633,1,YES,0,2,100.0
1009,77,BUDGET_CONSCIOUS,1,1,0,0,0,1,1,0,0,0,0,0.3333,0.0,0.0,0.0,0.0,30.0,0.3359,1,0,0,0,NO,0,0,12.0
721,556,SELECTIVE_PLANNER,1,0,0,0,1,1,1,0,0,1,1,0.5,0.0,0.0,1.0,1.0,54.17,0.6222,1,0,0,1,YES,0,2,88.17
795,400,CAUTIOUS_INTROVERT,1,1,0,0,0,1,1,1,0,1,1,1.0,0.1667,0.0,1.0,1.0,61.67,0.6755,1,1,48129,0,YES,0,2,100.0
823,498,SPONTANEOUS_ADVENTURER,1,1,1,0,0,0,1,0,1,0,0,1.0,0.0,0.5,0.0,0.0,42.5,0.7207,1,0,0,1,YES,1,3,100.0
900,409,CAUTIOUS_INTROVERT,0,0,0,1,1,1,1,1,0,0,1,0.5,0.1429,0.0,0.0,1.0,52.86,0.6289,1,1,39944,0,YES,0,2,96.84
484,644,BUDGET_CONSCIOUS,1,1,2,0,0,0,1,1,0,0,0,1.0,0.1667,0.0,0.0,0.0,35.0,0.4592,0,0,0,1,SAVE_ONLY,0,1,47.0
824,979,SOCIAL_EXPLORER,2,2,2,0,0,0,1,1,1,0,0,1.0,0.2,1.0,0.0,0.0,34.0,0.3481,1,1,24186,0,NO,0,1,32.47
213,621,BUDGET_CONSCIOUS,1,1,0,0,0,1,2,2,1,0,0,1.0,0.3333,1.0,0.0,0.0,60.0,0.6972,1,0,0,1,YES,0,2,94.0
772,177,BUDGET_CONSCIOUS,0,2,2,1,0,0,1,1,0,0,1,1.0,0.2,0.0,0.0,1.0,40.67,0.6253,0,0,0,0,YES,0,2,62.67
888,471,CAUTIOUS_INTROVERT,0,1,1,1,0,0,1,3,1,0,1,0.5,0.75,1.0,0.0,1.0,63.33,0.6925,0,0,0,1,YES,0,2,97.33
615,363,BUDGET_CONSCIOUS,0,2,2,1,0,0,1,2,0,0,0,0.5,0.3333,0.0,0.0,0.0,28.33,0.393,1,0,0,0,NO,0,0,10.33
563,424,SOCIAL_EXPLORER,1,2,0,0,0,1,1,1,0,1,0,0.5,0.2,0.0,1.0,0.0,41.5,0.7521,1,1,44537,0,YES,1,3,100.0
444,778,SOCIAL_EXPLORER,0,1,0,1,0,1,1,2,1,0,0,1.0,0.3333,0.5,0.0,0.0,60.83,0.9083,1,1,57716,1,SUPER_LIKE,1,3,100.0
134,312,SOCIAL_EXPLORER,1,0,0,0,1,1,1,0,1,0,0,0.5,0.0,1.0,0.0,0.0,49.17,0.8109,1,1,45802,0,YES,1,3,100.0
469,663,BUDGET_CONSCIOUS,1,0,1,0,1,0,1,2,1,1,1,1.0,0.5,1.0,1.0,1.0,78.33,0.8535,1,1,56969,1,SUPER_LIKE,1,3,100.0
436,810,CAUTIOUS_INTROVERT,1,0,1,0,1,0,1,1,0,0,0,0.3333,0.2,0.0,0.0,0.0,34.0,0.3103,1,1,20209,0,NO,0,1,31.07
998,537,BUDGET_CONSCIOUS,1,0,1,0,1,0,1,1,1,0,0,0.5,0.2,0.5,0.0,0.0,42.33,0.406,0,0,0,0,NO,0,0,24.33
507,928,CAUTIOUS_INTROVERT,2,0,1,0,1,0,1,2,1,1,1,0.3333,0.6667,0.5,1.0,1.0,57.5,0.6604,1,1,41123,1,YES,0,2,100.0
191,803,BUDGET_CONSCIOUS,0,1,0,1,0,1,1,1,1,0,0,0.5,0.2,0.5,0.0,0.0,48.17,0.6258,0,0,0,0,YES,0,2,70.17
788,492,SPONTANEOUS_ADVENTURER,1,0,1,0,1,0,1,0,0,0,0,1.0,0.0,0.0,0.0,0.0,43.33,0.5162,0,0,0,0,NO,0,0,25.33
763,860,SELECTIVE_PLANNER,1,2,1,0,0,0,1,1,1,1,0,1.0,0.1667,1.0,1.0,0.0,55.0,0.4742,0,0,0,0,NO,0,0,37.0
988,612,SOCIAL_EXPLORER,1,0,1,0,1,0,1,0,0,1,0,0.5,0.0,0.0,1.0,0.0,43.33,0.7455,0,0,0,0,YES,1,3,95.33
643,624,CAUTIOUS_INTROVERT,2,1,0,0,0,1,1,1,1,1,1,0.3333,0.1667,0.5,1.0,1.0,47.5,0.3657,0,0,0,0,NO,0,0,29.5
709,31,BUDGET_CONSCIOUS,2,0,1,0,1,0,1,0,0,0,0,1.0,0.0,0.0,0.0,0.0,37.5,0.113,0,0,0,0,NO,0,0,19.5
288,726,CAUTIOUS_INTROVERT,0,1,1,1,0,0,1,0,0,0,0,1.0,0.0,0.0,0.0,0.0,43.33,0.5599,0,0,0,0,NO,0,0,25.33
390,386,BUDGET_CONSCIOUS,0,0,1,1,1,0,1,0,0,0,1,0.5,0.0,0.0,0.0,1.0,44.17,0.6376,0,0,0,0,YES,0,2,66.17
737,426,SOCIAL_EXPLORER,1,1,1,0,0,0,1,1,0,1,1,1.0,0.2,0.0,1.0,1.0,56.5,0.8976,1,1,60487,1,YES,1,3,100.0
292,280,SELECTIVE_PLANNER,0,2,1,1,0,0,1,0,0,0,0,1.0,0.0,0.0,0.0,0.0,37.5,0.0571,1,0,0,0,NO,0,0,19.5
917,851,CAUTIOUS_INTROVERT,0,0,1,1,1,0,1,2,0,1,1,0.5,0.6667,0.0,1.0,1.0,67.5,0.9388,1,1,50166,0,YES,1,3,100.0
716,137,BUDGET_CONSCIOUS,0,2,0,1,0,1,1,1,1,0,0,0.5,0.2,0.5,0.0,0.0,42.33,0.4296,0,0,0,1,SAVE_ONLY,0,1,54.33
249,565,SOCIAL_EXPLORER,0,1,1,1,0,0,1,0,0,0,0,0.5,0.0,0.0,0.0,0.0,33.33,0.5301,1,0,0,0,NO,0,0,15.33
719,201,SPONTANEOUS_ADVENTURER,2,2,1,0,0,0,1,0,0,0,0,0.3333,0.0,0.0,0.0,0.0,12.5,0.0407,0,0,0,0,NO,0,0,0.0
775,72,BUDGET_CONSCIOUS,2,0,1,0,1,0,1,1,0,1,1,0.5,0.2,0.0,1.0,1.0,46.5,0.206,1,0,0,0,NO,0,0,28.5
777,551,SPONTANEOUS_ADVENTURER,1,0,0,0,1,1,1,0,1,1,0,0.5,0.0,0.5,1.0,0.0,54.17,0.6757,0,0,0,1,YES,0,2,88.17
610,453,SELECTIVE_PLANNER,1,2,0,0,0,1,1,0,1,0,0,1.0,0.0,0.5,0.0,0.0,42.5,0.3182,1,0,0,0,NO,0,0,24.5
995,801,SELECTIVE_PLANNER,2,0,0,0,1,1,1,0,0,0,0,1.0,0.0,0.0,0.0,0.0,43.33,0.7744,1,1,49619,1,YES,1,3,100.0
743,539,SELECTIVE_PLANNER,1,0,1,0,1,0,1,1,0,0,0,0.3333,0.1667,0.0,0.0,0.0,33.33,0.6806,1,1,49725,1,YES,0,2,92.73
808,852,SPONTANEOUS_ADVENTURER,0,1,1,1,0,0,1,1,1,1,0,1.0,0.25,0.5,1.0,0.0,63.33,0.8767,1,1,51223,1,SUPER_LIKE,1,3,100.0
548,808,CAUTIOUS_INTROVERT,0,1,1,1,0,0,1,0,0,0,0,0.5,0.0,0.0,0.0,0.0,33.33,0.2101,1,1,20208,0,NO,0,1,30.4
789,348,SPONTANEOUS_ADVENTURER,0,0,1,1,1,0,1,1,0,0,0,1.0,0.2,0.0,0.0,0.0,53.17,0.7619,1,1,45536,1,YES,1,3,100.0
551,48,SPONTANEOUS_ADVENTURER,2,1,0,0,0,1,1,1,0,0,0,0.5,0.2,0.0,0.0,0.0,31.5,0.6575,1,0,0,0,YES,0,2,53.5
607,385,SOCIAL_EXPLORER,1,1,1,0,0,0,1,3,1,0,1,0.3333,0.6,1.0,0.0,1.0,51.17,0.6717,0,0,0,0,YES,0,2,73.17
677,698,SOCIAL_EXPLORER,1,2,0,0,0,1,1,1,1,0,0,0.5,0.2,0.3333,0.0,0.0,34.83,0.6331,0,0,0,1,YES,0,2,68.83
685,976,CAUTIOUS_INTROVERT,0,0,0,1,1,1,1,1,0,0,0,0.5,0.1667,0.0,0.0,0.0,48.33,0.6179,1,1,38084,1,SAVE_ONLY,0,1,81.66
395,298,SELECTIVE_PLANNER,1,0,0,0,1,1,1,1,0,1,0,0.5,0.1667,0.0,1.0,0.0,52.5,0.6887,1,1,41981,1,YES,0,2,100.0
400,275,CAUTIOUS_INTROVERT,1,0,2,0,1,0,1,1,1,1,0,1.0,0.3333,0.5,1.0,0.0,59.17,0.4885,0,0,0,1,SAVE_ONLY,0,1,71.17
604,502,BUDGET_CONSCIOUS,1,1,1,0,0,0,1,3,1,1,1,1.0,0.75,0.5,1.0,1.0,72.5,0.8642,1,1,54262,0,YES,1,3,100.0
621,551,BUDGET_CONSCIOUS,1,1,0,0,0,1,1,0,0,1,0,0.3333,0.0,0.0,1.0,0.0,40.0,0.3883,0,0,0,0,NO,0,0,22.0
647,202,SOCIAL_EXPLORER,1,0,1,0,1,0,1,1,0,0,0,1.0,0.2,0.0,0.0,0.0,47.33,0.6479,1,1,47061,1,YES,0,2,100.0
905,340,CAUTIOUS_INTROVERT,1,0,1,0,1,0,1,1,0,0,1,1.0,0.2,0.0,0.0,1.0,52.33,0.5552,1,1,35295,0,NO,0,1,54.68
114,739,CAUTIOUS_INTROVERT,1,1,0,0,0,1,1,1,1,1,0,0.5,0.25,0.5,1.0,0.0,53.33,0.639,0,0,0,1,YES,0,2,87.33
1010,126,SOCIAL_EXPLORER,0,1,2,1,0,0,1,1,0,0,0,1.0,0.25,0.0,0.0,0.0,42.5,0.4768,0,0,0,1,SAVE_ONLY,0,1,54.5
456,230,SOCIAL_EXPLORER,0,0,0,1,1,1,1,2,1,1,0,1.0,0.5,0.3333,1.0,0.0,78.33,1.0,1,1,61203,0,YES,1,3,100.0
779,438,CAUTIOUS_INTROVERT,0,0,2,1,1,0,1,2,0,0,1,0.5,0.4,0.0,0.0,1.0,46.33,0.265,1,0,0,0,NO,0,0,28.33
277,292,CAUTIOUS_INTROVERT,0,1,0,1,0,1,1,1,1,0,0,1.0,0.1667,0.5,0.0,0.0,57.5,0.61,1,0,0,1,SAVE_ONLY,0,1,69.5
114,254,CAUTIOUS_INTROVERT,1,1,1,0,0,0,1,0,0,0,0,1.0,0.0,0.0,0.0,0.0,37.5,0.311,1,1,26823,0,NO,0,1,36.89
193,876,SOCIAL_EXPLORER,2,2,0,0,0,1,1,1,0,0,0,1.0,0.1429,0.0,0.0,0.0,34.52,0.4028,1,0,0,0,NO,0,0,16.52
435,443,SELECTIVE_PLANNER,1,1,0,0,0,1,1,0,0,0,0,0.5,0.0,0.0,0.0,0.0,33.33,0.1452,0,0,0,0,NO,0,0,15.33
458,992,BUDGET_CONSCIOUS,2,2,1,0,0,0,1,2,1,1,0,1.0,0.5,1.0,1.0,0.0,55.83,0.1011,1,1,16254,0,NO,0,0,51.52
39,253,SOCIAL_EXPLORER,1,0,1,0,1,0,1,1,0,0,0,1.0,0.1429,0.0,0.0,0.0,46.19,0.677,0,0,0,1,YES,0,2,80.19
657,552,BUDGET_CONSCIOUS,2,2,2,0,0,0,1,2,0,0,0,1.0,0.4,0.0,0.0,0.0,28.0,0.0,0,0,0,0,NO,0,0,10.0
670,520,CAUTIOUS_INTROVERT,0,0,2,1,1,0,1,0,1,1,1,0.3333,0.0,1.0,1.0,1.0,55.0,0.4032,0,0,0,0,NO,0,0,37.0
752,1018,CAUTIOUS_INTROVERT,1,0,0,0,1,1,0,0,0,0,0,0.0,0.0,0.0,0.0,0.0,29.17,0.239,1,1,13193,0,NO,0,0,23.79
736,941,SOCIAL_EXPLORER,0,2,0,1,0,1,1,2,1,1,1,0.5,0.2857,0.3333,1.0,1.0,57.38,0.7584,1,0,0,1,YES,1,3,100.0
37,27,SOCIAL_EXPLORER,1,2,1,0,0,0,1,1,0,0,0,1.0,0.1667,0.0,0.0,0.0,35.0,0.4244,0,0,0,0,NO,0,0,17.0
468,738,BUDGET_CONSCIOUS,1,1,1,0,0,0,1,1,1,1,0,0.3333,0.25,1.0,1.0,0.0,49.17,0.3746,0,0,0,0,NO,0,0,31.17
953,409,SPONTANEOUS_ADVENTURER,0,0,1,1,1,0,1,0,0,0,1,1.0,0.0,0.0,0.0,1.0,54.17,0.6818,1,0,0,1,YES,0,2,88.17
276,584,CAUTIOUS_INTROVERT,1,1,1,0,0,0,1,0,1,0,0,0.5,0.0,1.0,0.0,0.0,37.5,0.4694,1,0,0,1,SAVE_ONLY,0,1,49.5
744,1005,SOCIAL_EXPLORER,1,0,1,0,1,0,1,1,0,0,0,1.0,0.25,0.0,0.0,0.0,48.33,0.5838,0,0,0,1,SAVE_ONLY,0,1,60.33
530,26,SELECTIVE_PLANNER,1,1,0,0,0,1,1,4,1,1,1,1.0,0.8,0.5,1.0,1.0,79.33,0.6671,1,1,45973,1,YES,0,2,100.0
143,520,BUDGET_CONSCIOUS,1,2,0,0,0,1,1,1,1,1,1,0.5,0.3333,1.0,1.0,1.0,59.17,0.4579,1,0,0,1,SAVE_ONLY,0,1,71.17
367,449,SOCIAL_EXPLORER,1,1,1,0,0,0,1,2,1,1,1,0.5,0.5,0.5,1.0,1.0,57.5,0.8035,1,1,48379,0,YES,1,3,100.0
347,158,CAUTIOUS_INTROVERT,0,2,1,1,0,0,1,0,0,0,0,0.5,0.0,0.0,0.0,0.0,27.5,0.2692,0,0,0,0,NO,0,0,9.5
304,165,SELECTIVE_PLANNER,0,2,1,1,0,0,1,1,1,0,0,1.0,0.1667,0.5,0.0,0.0,45.83,0.2777,1,0,0,0,NO,0,0,27.83
991,195,BUDGET_CONSCIOUS,0,2,1,1,0,0,1,2,0,0,0,0.5,0.3333,0.0,0.0,0.0,34.17,0.4373,1,0,0,1,SAVE_ONLY,0,1,46.17
801,150,BUDGET_CONSCIOUS,0,0,0,1,1,1,1,1,0,0,0,0.3333,0.2,0.0,0.0,0.0,45.67,0.7346,0,0,0,0,YES,1,3,97.67
246,675,CAUTIOUS_INTROVERT,1,0,1,0,1,0,1,0,0,0,0,0.5,0.0,0.0,0.0,0.0,33.33,0.4333,1,1,29086,1,SAVE_ONLY,0,1,63.51
646,450,CAUTIOUS_INTROVERT,0,0,1,1,1,0,1,1,1,0,1,1.0,0.25,1.0,0.0,1.0,69.17,0.6974,1,1,43887,0,YES,0,2,100.0
590,467,SOCIAL_EXPLORER,1,0,0,0,1,1,1,1,0,0,0,1.0,0.25,0.0,0.0,0.0,54.17,0.7829,1,0,0,0,YES,1,3,100.0
159,527,SOCIAL_EXPLORER,2,1,1,0,0,0,1,1,1,0,0,1.0,0.1429,0.3333,0.0,0.0,37.86,0.5889,0,0,0,0,NO,0,0,19.86
359,1003,SOCIAL_EXPLORER,2,0,1,0,1,0,1,0,0,0,0,1.0,0.0,0.0,0.0,0.0,37.5,0.6907,1,1,47908,1,YES,0,2,96.27
493,713,SPONTANEOUS_ADVENTURER,1,0,0,0,1,1,1,0,0,0,0,1.0,0.0,0.0,0.0,0.0,49.17,0.6747,1,1,35234,1,YES,0,2,100.0
988,257,SOCIAL_EXPLORER,0,1,2,1,0,0,1,1,0,0,1,0.5,0.2,0.0,0.0,1.0,36.5,0.2865,0,0,0,0,NO,0,0,18.5
250,649,CAUTIOUS_INTROVERT,2,1,2,0,0,0,2,2,1,1,0,1.0,0.4,1.0,1.0,0.0,53.83,0.3908,1,1,28615,0,NO,0,1,53.85
384,944,SOCIAL_EXPLORER,1,1,2,0,0,0,1,0,1,1,0,0.5,0.0,1.0,1.0,0.0,41.67,0.4951,1,0,0,1,SAVE_ONLY,0,1,53.67
840,166,BUDGET_CONSCIOUS,0,0,1,1,1,0,1,2,1,1,1,0.5,0.6667,0.5,1.0,1.0,72.5,0.9731,0,0,0,0,YES,1,3,100.0
142,295,SOCIAL_EXPLORER,0,1,2,1,0,0,1,1,0,0,1,0.5,0.125,0.0,0.0,1.0,35.0,0.2998,1,1,29347,0,NO,0,1,35.27
160,655,BUDGET_CONSCIOUS,1,2,0,0,0,1,1,0,1,0,0,0.5,0.0,1.0,0.0,0.0,37.5,0.3112,0,0,0,0,NO,0,0,19.5
398,162,SPONTANEOUS_ADVENTURER,0,1,0,1,0,1,1,0,0,0,0,1.0,0.0,0.0,0.0,0.0,49.17,0.7223,1,1,45954,1,YES,1,3,100.0
277,696,CAUTIOUS_INTROVERT,0,1,1,1,0,0,1,3,1,1,1,1.0,0.75,1.0,1.0,1.0,83.33,0.8315,1,1,55467,1,YES,1,3,100.0
178,657,BUDGET_CONSCIOUS,0,0,1,1,1,0,1,1,0,1,0,1.0,0.25,0.0,1.0,0.0,64.17,0.6516,1,0,0,0,YES,0,2,86.17
965,672,CAUTIOUS_INTROVERT,1,2,0,0,0,1,1,2,1,0,0,0.5,0.5,0.5,0.0,0.0,42.5,0.7077,0,0,0,1,YES,1,3,100.0
441,749,SOCIAL_EXPLORER,1,1,0,0,0,1,1,0,0,0,0,0.5,0.0,0.0,0.0,0.0,33.33,0.6753,1,1,47796,0,YES,0,2,80.06
87,440,CAUTIOUS_INTROVERT,0,0,2,1,1,0,1,1,1,0,0,0.3333,0.1667,1.0,0.0,0.0,43.33,0.2616,1,0,0,0,NO,0,0,25.33
169,255,SPONTANEOUS_ADVENTURER,1,1,1,0,0,0,1,2,1,0,0,0.5,0.3333,1.0,0.0,0.0,44.17,0.7252,1,1,43245,1,YES,1,3,100.0
293,399,SOCIAL_EXPLORER,0,1,0,1,0,1,1,0,0,0,0,0.5,0.0,0.0,0.0,0.0,39.17,0.4469,1,0,0,0,NO,0,0,21.17
767,606,CAUTIOUS_INTROVERT,1,1,1,0,0,0,1,2,1,1,1,0.5,0.5,1.0,1.0,1.0,62.5,0.7783,1,1,44782,0,YES,1,3,100.0
783,616,SELECTIVE_PLANNER,0,0,0,1,1,1,1,0,0,0,0,0.5,0.0,0.0,0.0,0.0,45.0,0.6014,1,1,37461,1,SAVE_ONLY,0,1,78.11
625,310,CAUTIOUS_INTROVERT,0,1,1,1,0,0,1,2,1,0,0,0.3333,0.3333,1.0,0.0,0.0,46.67,0.7193,1,0,0,1,YES,1,3,100.0
279,476,SELECTIVE_PLANNER,0,1,0,1,0,1,1,1,0,0,0,0.5,0.1667,0.0,0.0,0.0,42.5,0.1125,1,1,19452,0,NO,0,1,39.31
61,658,BUDGET_CONSCIOUS,0,1,0,1,0,1,1,0,0,0,1,0.5,0.0,0.0,0.0,1.0,44.17,0.6833,0,0,0,0,YES,0,2,66.17
399,100,SPONTANEOUS_ADVENTURER,0,2,1,1,0,0,1,1,1,0,0,0.5,0.3333,0.5,0.0,0.0,39.17,0.6406,1,1,38072,1,YES,0,2,94.5
237,421,BUDGET_CONSCIOUS,1,0,1,0,1,0,1,0,0,0,0,1.0,0.0,0.0,0.0,0.0,43.33,0.4392,1,1,25495,0,NO,0,1,42.25
703,707,SOCIAL_EXPLORER,0,1,2,1,0,0,1,0,0,0,0,0.3333,0.0,0.0,0.0,0.0,24.17,0.3168,1,1,16549,0,NO,0,0,19.96
394,479,SOCIAL_EXPLORER,1,0,0,0,1,1,1,1,0,0,0,0.5,0.2,0.0,0.0,0.0,43.17,0.4845,0,0,0,1,SAVE_ONLY,0,1,55.17
310,307,SELECTIVE_PLANNER,1,2,1,0,0,0,1,2,1,1,1,0.3333,0.5,1.0,1.0,1.0,53.33,0.3534,1,0,0,0,NO,0,0,35.33
879,234,CAUTIOUS_INTROVERT,2,1,0,0,0,1,2,0,0,0,0,0.6667,0.0,0.0,0.0,0.0,30.83,0.2186,1,1,19353,0,NO,0,1,27.6
39,324,SOCIAL_EXPLORER,1,1,1,0,0,0,1,0,0,0,0,1.0,0.0,0.0,0.0,0.0,37.5,0.6097,1,1,42507,0,NO,0,1,42.38
328,143,BUDGET_CONSCIOUS,0,2,1,1,0,0,1,0,0,0,1,1.0,0.0,0.0,0.0,1.0,42.5,0.6996,1,0,0,0,YES,0,2,64.5
267,932,SOCIAL_EXPLORER,1,1,1,0,0,0,1,0,0,0,0,0.5,0.0,0.0,0.0,0.0,27.5,0.4176,1,1,33584,0,NO,0,1,29.25
1012,78,SOCIAL_EXPLORER,2,0,1,0,1,0,1,3,1,1,1,0.5,0.75,0.5,1.0,1.0,62.5,0.8275,1,1,53101,0,YES,1,3,100.0
354,561,SOCIAL_EXPLORER,1,1,0,0,0,1,1,0,0,0,1,1.0,0.0,0.0,0.0,1.0,48.33,0.7804,1,1,46235,1,YES,1,3,100.0
500,123,SPONTANEOUS_ADVENTURER,1,0,0,0,1,1,1,0,0,0,1,0.5,0.0,0.0,0.0,1.0,44.17,0.6338,0,0,0,0,YES,0,2,66.17
446,263,BUDGET_CONSCIOUS,0,0,1,1,1,0,1,0,0,0,0,0.5,0.0,0.0,0.0,0.0,39.17,0.5006,0,0,0,1,SAVE_ONLY,0,1,51.17
970,521,SOCIAL_EXPLORER,0,2,1,1,0,0,1,1,0,0,1,1.0,0.2,0.0,0.0,1.0,46.5,0.6347,1,0,0,1,YES,0,2,80.5
799,402,SPONTANEOUS_ADVENTURER,1,2,1,0,0,0,1,0,0,0,0,0.5,0.0,0.0,0.0,0.0,21.67,0.3496,0,0,0,0,NO,0,0,3.67
137,433,BUDGET_CONSCIOUS,1,0,0,0,1,1,1,3,1,1,0,1.0,0.75,1.0,1.0,0.0,84.17,0.846,1,1,52514,0,SUPER_LIKE,1,3,100.0
185,811,BUDGET_CONSCIOUS,1,2,2,0,0,0,1,0,1,0,0,0.3333,0.0,0.5,0.0,0.0,17.5,0.1522,1,1,22249,0,NO,0,1,15.29
850,255,SPONTANEOUS_ADVENTURER,0,1,1,1,0,0,1,1,0,0,1,1.0,0.1667,0.0,0.0,1.0,51.67,0.6708,1,1,37601,0,YES,0,2,94.83
241,474,BUDGET_CONSCIOUS,0,0,0,1,1,1,1,0,0,0,0,0.5,0.0,0.0,0.0,0.0,45.0,0.5577,1,1,33701,0,NO,0,1,46.8
927,552,BUDGET_CONSCIOUS,2,1,1,0,0,0,1,2,1,1,1,0.5,0.5,1.0,1.0,1.0,56.67,0.2927,0,0,0,0,NO,0,0,38.67
389,622,BUDGET_CONSCIOUS,1,0,1,0,1,0,1,0,0,0,0,0.5,0.0,0.0,0.0,0.0,33.33,0.3322,0,0,0,0,NO,0,0,15.33
450,351,SPONTANEOUS_ADVENTURER,2,0,1,0,1,0,1,0,0,0,0,1.0,0.0,0.0,0.0,0.0,37.5,0.4116,1,1,36158,0,NO,0,1,40.16
450,307,SPONTANEOUS_ADVENTURER,0,0,1,1,1,0,1,0,1,0,0,0.5,0.0,1.0,0.0,0.0,49.17,0.6289,1,0,0,1,YES,0,2,83.17
740,48,SPONTANEOUS_ADVENTURER,2,1,0,0,0,1,1,1,0,0,0,1.0,0.1667,0.0,0.0,0.0,40.83,0.6669,1,1,37878,0,YES,0,2,84.09
196,548,SPONTANEOUS_ADVENTURER,0,1,1,1,0,0,1,2,1,1,0,0.5,0.4,1.0,1.0,0.0,61.33,0.8573,1,1,56568,0,YES,1,3,100.0
638,542,CAUTIOUS_INTROVERT,0,2,0,1,0,1,1,0,0,0,0,1.0,0.0,0.0,0.0,0.0,43.33,0.4916,0,0,0,0,NO,0,0,25.33
639,303,CAUTIOUS_INTROVERT,0,0,1,1,1,0,1,2,1,1,1,0.3333,0.5,0.5,1.0,1.0,65.83,0.6652,1,0,0,1,YES,0,2,99.83
617,149,SPONTANEOUS_ADVENTURER,1,1,1,0,0,0,1,2,1,0,1,1.0,0.4,0.3333,0.0,1.0,53.83,0.7154,1,0,0,0,YES,1,3,100.0
707,755,CAUTIOUS_INTROVERT,1,0,1,0,1,0,1,1,1,1,0,1.0,0.3333,0.3333,1.0,0.0,63.33,0.7151,1,1,38007,0,YES,1,3,100.0
483,863,BUDGET_CONSCIOUS,0,1,0,1,0,1,1,2,1,0,0,1.0,0.2857,1.0,0.0,0.0,64.88,0.9395,0,0,0,0,YES,1,3,100.0
695,828,BUDGET_CONSCIOUS,0,0,0,1,1,1,1,0,0,0,0,0.5,0.0,0.0,0.0,0.0,45.0,0.6205,0,0,0,0,YES,0,2,67.0
273,316,SOCIAL_EXPLORER,1,0,2,0,1,0,1,1,1,0,0,1.0,0.1667,1.0,0.0,0.0,50.83,0.3297,0,0,0,0,NO,0,0,32.83
776,1006,SPONTANEOUS_ADVENTURER,1,0,1,0,1,0,1,3,1,1,1,1.0,0.75,0.5,1.0,1.0,78.33,1.0,1,1,68487,1,SUPER_LIKE,1,3,100.0
854,830,SELECTIVE_PLANNER,1,1,0,0,0,1,1,2,2,1,1,1.0,0.4,1.0,1.0,1.0,76.33,0.6219,1,0,0,1,YES,0,2,100.0
944,160,CAUTIOUS_INTROVERT,2,2,2,0,0,0,1,0,1,0,0,0.5,0.0,1.0,0.0,0.0,20.0,0.0143,1,0,0,0,NO,0,0,2.0
69,384,SOCIAL_EXPLORER,0,1,0,1,0,1,1,1,1,0,0,0.3333,0.25,1.0,0.0,0.0,50.83,0.7783,1,1,49166,1,YES,1,3,100.0
345,232,BUDGET_CONSCIOUS,1,1,1,0,0,0,1,1,1,0,0,0.5,0.2,1.0,0.0,0.0,41.5,0.5151,1,0,0,1,SAVE_ONLY,0,1,53.5
363,123,BUDGET_CONSCIOUS,0,0,1,1,1,0,1,2,1,0,0,1.0,0.3333,0.3333,0.0,0.0,59.17,0.632,0,0,0,0,YES,0,2,81.17
107,592,CAUTIOUS_INTROVERT,0,1,1,1,0,0,1,0,2,0,0,1.0,0.0,1.0,0.0,0.0,53.33,0.6297,1,0,0,0,YES,0,2,75.33
190,587,SOCIAL_EXPLORER,0,1,0,1,0,1,1,0,0,0,0,0.5,0.0,0.0,0.0,0.0,39.17,0.6259,1,0,0,0,YES,0,2,61.17
340,461,CAUTIOUS_INTROVERT,1,1,0,0,0,1,1,0,0,0,0,1.0,0.0,0.0,0.0,0.0,43.33,0.4804,0,0,0,1,SAVE_ONLY,0,1,55.33
161,430,SPONTANEOUS_ADVENTURER,1,1,0,0,0,1,1,1,0,1,0,0.5,0.2,0.0,1.0,0.0,47.33,0.9009,0,0,0,0,SUPER_LIKE,1,3,100.0
881,211,CAUTIOUS_INTROVERT,1,0,1,0,1,0,1,0,0,0,0,0.5,0.0,0.0,0.0,0.0,33.33,0.3914,1,1,28524,0,NO,0,1,33.31
437,597,SPONTANEOUS_ADVENTURER,1,1,1,0,0,0,1,1,0,0,0,0.3333,0.1429,0.0,0.0,0.0,27.02,0.6724,0,0,0,0,YES,0,2,49.02
565,294,SELECTIVE_PLANNER,1,0,1,0,1,0,1,0,0,0,0,0.5,0.0,0.0,0.0,0.0,33.33,0.5421,1,1,40910,1,SAVE_ONLY,0,1,67.65
876,529,BUDGET_CONSCIOUS,1,0,2,0,1,0,1,1,1,0,0,1.0,0.1667,1.0,0.0,0.0,50.83,0.4904,1,1,38491,1,SAVE_ONLY,0,1,84.3
309,570,SOCIAL_EXPLORER,2,1,1,0,0,0,1,0,0,0,0,0.5,0.0,0.0,0.0,0.0,21.67,0.5292,0,0,0,1,SAVE_ONLY,0,1,33.67
203,50,SOCIAL_EXPLORER,1,1,0,0,0,1,1,1,0,0,0,1.0,0.1667,0.0,0.0,0.0,46.67,0.6857,0,0,0,0,YES,0,2,68.67
904,692,CAUTIOUS_INTROVERT,1,0,0,0,1,1,1,2,1,1,1,1.0,1.0,0.5,1.0,1.0,89.17,1.0,1,1,57605,1,SUPER_LIKE,1,3,100.0
269,821,SOCIAL_EXPLORER,0,0,1,1,1,0,1,1,0,0,0,0.5,0.1667,0.0,0.0,0.0,42.5,0.7327,1,1,39003,1,YES,1,3,100.0
65,324,SOCIAL_EXPLORER,0,1,1,1,0,0,1,0,0,0,0,1.0,0.0,0.0,0.0,0.0,43.33,0.5154,1,1,41586,0,NO,0,1,47.89
946,96,BUDGET_CONSCIOUS,0,2,1,1,0,0,1,2,0,1,1,1.0,0.5,0.0,1.0,1.0,62.5,0.8414,0,0,0,0,SUPER_LIKE,1,3,100.0
783,904,BUDGET_CONSCIOUS,1,0,0,0,1,1,1,1,0,0,1,1.0,0.3333,0.0,0.0,1.0,60.83,0.6798,1,1,42138,1,YES,0,2,100.0
347,314,CAUTIOUS_INTROVERT,0,1,0,1,0,1,1,0,0,0,0,0.5,0.0,0.0,0.0,0.0,39.17,0.3294,1,0,0,0,NO,0,0,21.17
767,530,CAUTIOUS_INTROVERT,1,0,1,0,1,0,1,2,1,0,0,0.5,0.4,0.5,0.0,0.0,46.33,0.6767,1,1,40708,0,YES,0,2,90.58
908,168,CAUTIOUS_INTROVERT,2,2,2,0,0,0,1,1,1,1,0,1.0,0.25,1.0,1.0,0.0,45.0,0.2869,1,0,0,0,NO,0,0,27.0
104,231,SOCIAL_EXPLORER,2,1,1,0,0,0,1,1,0,0,0,1.0,0.1429,0.0,0.0,0.0,34.52,0.4356,1,1,23074,1,SAVE_ONLY,0,1,62.6
721,466,SPONTANEOUS_ADVENTURER,1,0,0,0,1,1,1,3,1,0,1,0.5,0.5,0.5,0.0,1.0,59.17,0.905,1,1,60749,0,YES,1,3,100.0
33,555,BUDGET_CONSCIOUS,0,0,1,1,1,0,1,1,1,0,0,0.5,0.25,1.0,0.0,0.0,54.17,0.5574,1,1,43961,1,SAVE_ONLY,0,1,89.56
556,925,BUDGET_CONSCIOUS,1,1,0,0,0,1,1,0,0,0,1,1.0,0.0,0.0,0.0,1.0,48.33,0.5862,0,0,0,1,SAVE_ONLY,0,1,60.33
519,520,SOCIAL_EXPLORER,0,1,0,1,0,1,1,1,1,0,0,0.5,0.3333,0.5,0.0,0.0,50.83,0.6313,1,0,0,0,YES,0,2,72.83
245,321,BUDGET_CONSCIOUS,0,1,1,1,0,0,1,0,0,0,0,0.3333,0.0,0.0,0.0,0.0,30.0,0.5802,1,1,43301,0,NO,0,1,35.16
339,988,BUDGET_CONSCIOUS,1,1,2,0,0,0,1,2,1,0,1,0.5,0.3333,1.0,0.0,1.0,43.33,0.4467,1,0,0,0,NO,0,0,25.33
1002,956,CAUTIOUS_INTROVERT,0,1,1,1,0,0,1,0,1,1,1,0.5,0.0,0.3333,1.0,1.0,51.67,0.5824,1,1,41464,1,SAVE_ONLY,0,1,86.18
313,541,BUDGET_CONSCIOUS,0,0,1,1,1,0,1,1,1,1,0,1.0,0.1667,1.0,1.0,0.0,72.5,0.9609,1,0,0,0,YES,1,3,100.0
300,34,SOCIAL_EXPLORER,2,0,1,0,1,0,1,1,1,0,1,1.0,0.1429,0.5,0.0,1.0,50.36,0.6113,1,1,34371,1,SAVE_ONLY,0,1,82.39
213,591,BUDGET_CONSCIOUS,1,1,1,0,0,0,1,4,1,0,1,0.5,1.0,1.0,0.0,1.0,62.5,0.52,1,0,0,0,NO,0,0,44.5
204,19,SOCIAL_EXPLORER,1,1,1,0,0,0,1,0,0,0,0,1.0,0.0,0.0,0.0,0.0,37.5,0.501,1,0,0,0,NO,0,0,19.5
351,473,BUDGET_CONSCIOUS,1,1,0,0,0,1,1,1,0,0,0,1.0,0.1667,0.0,0.0,0.0,46.67,0.5769,1,1,38460,1,SAVE_ONLY,0,1,80.13
887,52,CAUTIOUS_INTROVERT,0,1,1,1,0,0,1,1,0,0,1,0.5,0.1429,0.0,0.0,1.0,41.19,0.3609,1,0,0,0,NO,0,0,23.19
895,278,SPONTANEOUS_ADVENTURER,1,1,0,0,0,1,1,0,0,1,0,1.0,0.0,0.0,1.0,0.0,53.33,0.6551,0,0,0,1,YES,0,2,87.33
371,742,CAUTIOUS_INTROVERT,0,1,0,1,0,1,1,0,0,0,0,1.0,0.0,0.0,0.0,0.0,49.17,0.45,1,0,0,0,NO,0,0,31.17
932,397,CAUTIOUS_INTROVERT,1,0,0,0,1,1,1,0,0,0,0,0.5,0.0,0.0,0.0,0.0,39.17,0.444,1,0,0,1,SAVE_ONLY,0,1,51.17
440,869,SOCIAL_EXPLORER,1,1,0,0,0,1,1,1,0,0,0,0.5,0.25,0.0,0.0,0.0,38.33,0.5504,1,0,0,1,SAVE_ONLY,0,1,50.33
634,650,SELECTIVE_PLANNER,0,2,1,1,0,0,1,1,0,0,0,0.5,0.1429,0.0,0.0,0.0,30.36,0.0709,1,0,0,0,NO,0,0,12.36
24,291,BUDGET_CONSCIOUS,2,0,1,0,1,0,1,0,0,0,0,1.0,0.0,0.0,0.0,0.0,37.5,0.0,0,0,0,0,NO,0,0,19.5
961,187,BUDGET_CONSCIOUS,1,1,0,0,0,1,1,1,0,0,0,0.3333,0.1667,0.0,0.0,0.0,33.33,0.3441,0,0,0,0,NO,0,0,15.33
141,745,SOCIAL_EXPLORER,0,2,2,1,0,0,1,1,1,1,1,0.5,0.1667,1.0,1.0,1.0,50.0,0.5911,1,1,42418,0,NO,0,1,54.85
31,857,CAUTIOUS_INTROVERT,1,1,1,0,0,0,1,0,0,0,0,1.0,0.0,0.0,0.0,0.0,37.5,0.3642,0,0,0,0,NO,0,0,19.5
162,1010,SPONTANEOUS_ADVENTURER,1,0,1,0,1,0,1,0,0,0,0,1.0,0.0,0.0,0.0,0.0,43.33,0.741,1,0,0,0,YES,1,3,95.33
91,565,SOCIAL_EXPLORER,0,0,1,1,1,0,1,1,1,1,0,0.5,0.1667,0.5,1.0,0.0,57.5,0.8763,1,1,52472,0,SUPER_LIKE,1,3,100.0
572,777,CAUTIOUS_INTROVERT,0,0,1,1,1,0,1,2,0,0,1,1.0,0.6667,0.0,0.0,1.0,67.5,0.8468,1,1,46788,0,YES,1,3,100.0
151,469,BUDGET_CONSCIOUS,0,2,1,1,0,0,1,1,0,1,0,1.0,0.1667,0.0,1.0,0.0,50.83,0.6263,1,1,46350,0,YES,0,2,97.05
179,526,CAUTIOUS_INTROVERT,1,0,1,0,1,0,1,1,0,0,0,1.0,0.1667,0.0,0.0,0.0,46.67,0.3565,1,1,21601,0,NO,0,1,44.23
808,86,SPONTANEOUS_ADVENTURER,1,1,1,0,0,0,1,1,1,0,0,0.5,0.25,0.5,0.0,0.0,37.5,0.7077,1,1,43214,0,YES,1,3,100.0
793,738,BUDGET_CONSCIOUS,1,1,1,0,0,0,2,2,1,0,0,1.0,0.5,1.0,0.0,0.0,57.5,0.4942,1,0,0,1,SAVE_ONLY,0,1,69.5
949,152,BUDGET_CONSCIOUS,2,0,0,0,1,1,1,0,0,1,0,0.5,0.0,0.0,1.0,0.0,43.33,0.0,1,0,0,0,NO,0,0,25.33
982,422,BUDGET_CONSCIOUS,1,0,1,0,1,0,1,1,1,1,0,0.3333,0.25,1.0,1.0,0.0,55.0,0.565,1,1,31910,1,SAVE_ONLY,0,1,86.17
31,482,CAUTIOUS_INTROVERT,0,1,0,1,0,1,1,1,1,0,0,0.5,0.1429,1.0,0.0,0.0,52.02,0.5429,1,0,0,1,SAVE_ONLY,0,1,64.02
663,313,SOCIAL_EXPLORER,0,1,1,1,0,0,1,0,0,0,0,1.0,0.0,0.0,0.0,0.0,43.33,0.5673,1,1,38801,0,NO,0,1,46.91
172,74,SOCIAL_EXPLORER,1,1,0,0,0,1,1,2,1,0,1,0.5,0.3333,0.3333,0.0,1.0,48.33,0.6407,1,1,45559,1,YES,0,2,100.0
953,258,SPONTANEOUS_ADVENTURER,1,1,1,0,0,0,1,0,1,0,0,1.0,0.0,0.3333,0.0,0.0,40.83,0.6231,0,0,0,0,YES,0,2,62.83
26,533,CAUTIOUS_INTROVERT,0,0,1,1,1,0,1,2,0,0,0,1.0,0.25,0.0,0.0,0.0,54.17,0.5744,1,0,0,1,SAVE_ONLY,0,1,66.17
127,891,CAUTIOUS_INTROVERT,0,1,1,1,0,0,1,1,0,1,1,1.0,0.3333,0.0,1.0,1.0,65.0,0.6376,1,0,0,0,YES,0,2,87.0
992,581,SELECTIVE_PLANNER,1,2,1,0,0,0,1,0,0,0,0,0.5,0.0,0.0,0.0,0.0,21.67,0.1374,1,1,8570,0,NO,0,0,14.67
628,138,SOCIAL_EXPLORER,2,0,0,0,1,1,1,1,0,0,0,0.5,0.1429,0.0,0.0,0.0,36.19,0.6109,1,1,31786,1,SAVE_ONLY,0,1,67.32
641,933,SPONTANEOUS_ADVENTURER,0,0,0,1,1,1,1,0,0,0,0,1.0,0.0,0.0,0.0,0.0,55.0,0.6581,1,1,47187,0,YES,0,2,100.0
453,636,SPONTANEOUS_ADVENTURER,1,0,0,0,1,1,1,0,0,0,0,0.3333,0.0,0.0,0.0,0.0,35.83,0.6615,1,1,46932,1,YES,0,2,94.26
808,194,SPONTANEOUS_ADVENTURER,1,1,1,0,0,0,1,0,0,0,0,1.0,0.0,0.0,0.0,0.0,37.5,0.6871,1,0,0,1,YES,0,2,71.5
132,760,BUDGET_CONSCIOUS,0,0,1,1,1,0,1,0,0,0,1,0.5,0.0,0.0,0.0,1.0,44.17,0.6592,1,0,0,0,YES,0,2,66.17
711,239,BUDGET_CONSCIOUS,1,0,0,0,1,1,1,2,1,0,0,0.3333,0.2857,0.5,0.0,0.0,46.55,0.4513,1,1,26043,1,SAVE_ONLY,0,1,75.67
411,444,BUDGET_CONSCIOUS,1,1,1,0,0,0,1,1,0,0,0,0.5,0.1667,0.0,0.0,0.0,30.83,0.4302,1,1,33295,0,NO,0,1,32.48
325,705,SOCIAL_EXPLORER,0,0,1,1,1,0,1,0,0,0,1,0.3333,0.0,0.0,0.0,1.0,40.83,0.6935,1,0,0,0,YES,0,2,62.83
275,379,BUDGET_CONSCIOUS,1,1,2,0,0,0,1,0,1,0,0,1.0,0.0,0.5,0.0,0.0,36.67,0.4373,1,1,29128,1,SAVE_ONLY,0,1,66.86
674,324,PASSIVE_BROWSER,1,1,0,0,0,1,1,1,1,1,1,1.0,0.25,1.0,1.0,1.0,73.33,0.5782,1,0,0,0,NO,0,0,55.33
256,206,CAUTIOUS_INTROVERT,0,0,1,1,1,0,1,1,1,1,0,0.5,0.2,1.0,1.0,0.0,63.17,0.5233,0,0,0,1,SAVE_ONLY,0,1,75.17
679,466,CAUTIOUS_INTROVERT,2,1,1,0,0,0,1,0,0,0,0,1.0,0.0,0.0,0.0,0.0,31.67,0.3978,1,1,24882,0,NO,0,1,30.38
935,270,SPONTANEOUS_ADVENTURER,0,0,1,1,1,0,1,2,1,0,0,0.5,0.3333,1.0,0.0,0.0,55.83,0.9449,1,1,64891,0,YES,1,3,100.0
109,73,BUDGET_CONSCIOUS,0,0,1,1,1,0,1,0,1,1,1,0.5,0.0,1.0,1.0,1.0,64.17,0.7724,1,1,48532,0,YES,1,3,100.0
675,503,PASSIVE_BROWSER,1,1,1,0,0,0,1,2,0,0,0,0.5,0.25,0.0,0.0,0.0,32.5,0.0422,0,0,0,0,NO,0,0,14.5
647,286,SOCIAL_EXPLORER,1,1,2,0,0,0,1,0,1,0,1,1.0,0.0,0.5,0.0,1.0,41.67,0.3489,1,0,0,0,NO,0,0,23.67
936,158,CAUTIOUS_INTROVERT,1,1,0,0,0,1,1,1,0,0,0,0.5,0.25,0.0,0.0,0.0,38.33,0.3265,1,1,27500,0,NO,0,1,37.95
888,732,CAUTIOUS_INTROVERT,1,0,0,0,1,1,1,2,1,0,0,0.5,0.5,1.0,0.0,0.0,59.17,0.7439,1,1,51973,0,YES,1,3,100.0
937,258,SOCIAL_EXPLORER,0,1,2,1,0,0,1,1,0,0,0,0.5,0.25,0.0,0.0,0.0,32.5,0.4107,0,0,0,0,NO,0,0,14.5
420,856,SOCIAL_EXPLORER,2,1,1,0,0,0,1,1,1,0,0,0.5,0.1667,0.3333,0.0,0.0,28.33,0.6282,1,1,34255,1,YES,0,2,82.32
471,85,SPONTANEOUS_ADVENTURER,0,1,0,1,0,1,1,0,0,0,0,0.5,0.0,0.0,0.0,0.0,39.17,0.704,1,1,51566,0,YES,1,3,100.0
785,574,BUDGET_CONSCIOUS,0,0,2,1,1,0,2,1,0,0,0,1.0,0.2,0.0,0.0,0.0,47.33,0.6742,1,1,36902,0,YES,0,2,90.25
264,215,SOCIAL_EXPLORER,1,1,2,0,0,0,1,2,1,1,0,0.3333,0.5,0.5,1.0,0.0,43.33,0.441,1,0,0,0,NO,0,0,25.33
457,805,SOCIAL_EXPLORER,0,0,1,1,1,0,1,0,0,0,0,0.5,0.0,0.0,0.0,0.0,39.17,0.5395,1,1,43073,1,SAVE_ONLY,0,1,74.25
339,771,BUDGET_CONSCIOUS,0,1,2,1,0,0,1,0,0,0,0,0.5,0.0,0.0,0.0,0.0,27.5,0.3173,1,1,23841,0,NO,0,1,25.84
627,734,SOCIAL_EXPLORER,0,1,0,1,0,1,1,1,0,0,0,0.5,0.2,0.0,0.0,0.0,43.17,0.6761,1,0,0,0,YES,0,2,65.17
454,502,SELECTIVE_PLANNER,0,1,0,1,0,1,1,0,1,1,0,1.0,0.0,0.3333,1.0,0.0,62.5,0.3307,1,0,0,0,NO,0,0,44.5
390,116,BUDGET_CONSCIOUS,2,1,0,0,0,1,1,2,1,1,0,1.0,0.3333,1.0,1.0,0.0,64.17,0.1473,1,0,0,0,NO,0,0,46.17
361,465,BUDGET_CONSCIOUS,1,0,0,0,1,1,1,0,0,0,0,0.5,0.0,0.0,0.0,0.0,39.17,0.4615,0,0,0,1,SAVE_ONLY,0,1,51.17
11,81,PASSIVE_BROWSER,1,1,1,0,0,0,0,0,0,0,0,0.0,0.0,0.0,0.0,0.0,17.5,0.0,0,0,0,0,NO,0,0,0.0
221,289,SOCIAL_EXPLORER,2,0,1,0,1,0,1,1,1,0,0,1.0,0.2,0.5,0.0,0.0,46.5,0.5874,1,1,45991,0,NO,0,1,52.6
100,258,SOCIAL_EXPLORER,1,1,2,0,0,0,1,0,0,0,0,1.0,0.0,0.0,0.0,0.0,31.67,0.3435,1,1,31875,0,NO,0,1,32.83
613,953,SOCIAL_EXPLORER,1,2,1,0,0,0,1,3,0,1,1,1.0,0.75,0.0,1.0,1.0,61.67,0.9166,1,1,52860,0,YES,1,3,100.0
844,795,SOCIAL_EXPLORER,1,0,2,0,1,0,1,3,0,0,1,1.0,0.5,0.0,0.0,1.0,52.5,0.4474,0,0,0,1,SAVE_ONLY,0,1,64.5
811,753,SOCIAL_EXPLORER,0,2,1,1,0,0,1,3,1,1,0,0.5,0.75,1.0,1.0,0.0,62.5,0.8622,1,1,55933,1,SUPER_LIKE,1,3,100.0
478,41,SELECTIVE_PLANNER,0,0,1,1,1,0,1,2,1,1,0,0.5,0.5,1.0,1.0,0.0,69.17,0.8391,1,1,44228,0,YES,1,3,100.0
325,103,SOCIAL_EXPLORER,1,0,2,0,1,0,1,2,1,1,0,0.5,0.5,1.0,1.0,0.0,57.5,0.6334,0,0,0,0,YES,0,2,79.5
37,699,SOCIAL_EXPLORER,0,1,1,1,0,0,1,1,1,0,0,1.0,0.25,1.0,0.0,0.0,58.33,0.7827,1,1,56722,1,YES,1,3,100.0
773,668,SOCIAL_EXPLORER,0,1,0,1,0,1,1,0,0,0,0,0.5,0.0,0.0,0.0,0.0,39.17,0.6478,1,1,47970,1,YES,0,2,97.96
86,974,SOCIAL_EXPLORER,0,0,2,1,1,0,1,0,1,0,0,0.3333,0.0,1.0,0.0,0.0,40.0,0.3244,1,1,29047,0,NO,0,1,40.17
1003,525,BUDGET_CONSCIOUS,1,0,1,0,1,0,1,2,2,1,1,0.5,0.5,1.0,1.0,1.0,68.33,0.6357,1,1,44940,0,YES,0,2,100.0
722,956,SOCIAL_EXPLORER,1,0,1,0,1,0,1,2,2,1,1,1.0,0.5,1.0,1.0,1.0,78.33,0.8746,1,1,54918,0,YES,1,3,100.0
60,534,SELECTIVE_PLANNER,1,0,1,0,1,0,1,1,2,0,1,0.5,0.25,1.0,0.0,1.0,53.33,0.6739,1,1,44642,1,YES,0,2,100.0
928,839,BUDGET_CONSCIOUS,1,2,1,0,0,0,1,1,1,0,0,0.5,0.1667,0.3333,0.0,0.0,28.33,0.1483,0,0,0,0,NO,0,0,10.33
207,365,SOCIAL_EXPLORER,1,0,1,0,1,0,1,0,1,1,1,0.3333,0.0,0.3333,1.0,1.0,48.33,0.6992,1,1,44975,1,YES,0,2,100.0
401,486,SPONTANEOUS_ADVENTURER,0,1,0,1,0,1,2,2,1,1,1,1.0,0.5,0.5,1.0,1.0,79.17,0.9781,1,1,58236,1,SUPER_LIKE,1,3,100.0
898,609,BUDGET_CONSCIOUS,0,1,0,1,0,1,1,0,0,0,0,0.3333,0.0,0.0,0.0,0.0,35.83,0.5772,1,1,37690,1,SAVE_ONLY,0,1,69.02
938,275,BUDGET_CONSCIOUS,0,1,0,1,0,1,1,0,0,1,0,1.0,0.0,0.0,1.0,0.0,59.17,0.7339,1,1,49423,0,YES,1,3,100.0
404,471,SELECTIVE_PLANNER,1,1,0,0,0,1,1,0,1,0,0,0.5,0.0,0.5,0.0,0.0,38.33,0.2891,1,1,23146,0,NO,0,1,36.43
507,813,CAUTIOUS_INTROVERT,0,1,0,1,0,1,1,0,0,0,0,0.3333,0.0,0.0,0.0,0.0,35.83,0.4199,1,1,36432,0,NO,0,1,38.58
112,145,CAUTIOUS_INTROVERT,1,1,1,0,0,0,1,2,1,1,1,0.3333,0.2857,0.3333,1.0,1.0,48.21,0.6699,0,0,0,1,YES,0,2,82.21
548,240,CAUTIOUS_INTROVERT,0,1,0,1,0,1,1,2,0,1,0,0.5,0.5,0.0,1.0,0.0,59.17,0.7914,0,0,0,0,YES,1,3,100.0
797,1009,SPONTANEOUS_ADVENTURER,1,0,1,0,1,0,1,0,0,0,0,0.5,0.0,0.0,0.0,0.0,33.33,0.5738,1,1,33364,0,NO,0,1,35.01
997,198,BUDGET_CONSCIOUS,0,1,2,1,0,0,1,2,1,0,1,0.5,0.3333,1.0,0.0,1.0,49.17,0.6756,1,0,0,0,YES,0,2,71.17
145,654,BUDGET_CONSCIOUS,0,1,0,1,0,1,1,1,0,0,0,0.3333,0.1667,0.0,0.0,0.0,39.17,0.6452,0,0,0,1,YES,0,2,73.17
77,335,CAUTIOUS_INTROVERT,1,1,1,0,0,0,1,1,1,1,1,0.5,0.1667,0.5,1.0,1.0,50.83,0.4822,0,0,0,1,SAVE_ONLY,0,1,62.83
136,772,SELECTIVE_PLANNER,1,0,1,0,1,0,1,1,0,0,0,1.0,0.2,0.0,0.0,0.0,47.33,0.6778,0,0,0,0,YES,0,2,69.33
941,38,SOCIAL_EXPLORER,0,0,2,1,1,0,1,3,1,1,1,1.0,0.75,0.3333,1.0,1.0,76.67,0.5705,1,1,37363,0,NO,0,1,79.75
848,267,SOCIAL_EXPLORER,0,2,0,1,0,1,1,1,0,1,0,0.3333,0.2,0.0,1.0,0.0,44.0,0.6222,0,0,0,1,YES,0,2,78.0
207,514,SOCIAL_EXPLORER,0,1,0,1,0,1,2,2,1,1,1,0.6667,0.5,0.5,1.0,1.0,72.5,1.0,1,1,61348,0,YES,1,3,100.0
673,460,BUDGET_CONSCIOUS,0,1,0,1,0,1,1,0,0,0,0,0.5,0.0,0.0,0.0,0.0,39.17,0.688,1,1,44560,1,YES,0,2,96.77
462,471,BUDGET_CONSCIOUS,1,1,0,0,0,1,1,2,1,0,0,0.5,0.6667,1.0,0.0,0.0,56.67,0.5547,1,0,0,1,SAVE_ONLY,0,1,68.67
625,478,CAUTIOUS_INTROVERT,0,0,1,1,1,0,1,2,1,0,0,0.3333,0.5,1.0,0.0,0.0,55.83,0.5778,1,0,0,1,SAVE_ONLY,0,1,67.83
356,325,SPONTANEOUS_ADVENTURER,0,0,1,1,1,0,1,1,1,1,0,0.5,0.2,1.0,1.0,0.0,63.17,0.7948,1,1,53974,1,YES,1,3,100.0
391,739,SELECTIVE_PLANNER,2,0,1,0,1,0,2,0,0,0,1,1.0,0.0,0.0,0.0,1.0,42.5,0.6549,1,0,0,0,YES,0,2,64.5
327,409,SPONTANEOUS_ADVENTURER,0,0,1,1,1,0,1,0,0,0,0,0.5,0.0,0.0,0.0,0.0,39.17,0.5211,1,0,0,1,SAVE_ONLY,0,1,51.17
611,38,SOCIAL_EXPLORER,0,2,2,1,0,0,1,2,1,0,1,1.0,0.6667,0.5,0.0,1.0,55.0,0.3891,0,0,0,0,NO,0,0,37.0
843,470,BUDGET_CONSCIOUS,1,1,0,0,0,1,1,3,1,1,1,0.5,0.75,0.3333,1.0,1.0,66.67,0.6224,1,0,0,0,YES,0,2,88.67
303,359,SELECTIVE_PLANNER,1,0,1,0,1,0,1,0,0,0,0,0.5,0.0,0.0,0.0,0.0,33.33,0.3952,1,1,34786,0,NO,0,1,35.51
236,783,CAUTIOUS_INTROVERT,1,1,1,0,0,0,1,0,0,1,0,1.0,0.0,0.0,1.0,0.0,47.5,0.4793,1,0,0,1,SAVE_ONLY,0,1,59.5
675,709,CAUTIOUS_INTROVERT,2,0,0,0,1,1,1,2,2,1,1,1.0,0.2857,1.0,1.0,1.0,74.05,0.8997,1,1,59278,0,SUPER_LIKE,1,3,100.0
296,453,BUDGET_CONSCIOUS,1,1,0,0,0,1,1,2,1,1,1,1.0,0.5,1.0,1.0,1.0,78.33,0.8549,1,1,58355,0,SUPER_LIKE,1,3,100.0
760,640,BUDGET_CONSCIOUS,0,0,0,1,1,1,1,0,0,0,0,0.5,0.0,0.0,0.0,0.0,45.0,0.4907,0,0,0,0,NO,0,0,27.0
389,266,BUDGET_CONSCIOUS,1,1,1,0,0,0,1,0,0,0,0,0.5,0.0,0.0,0.0,0.0,27.5,0.2277,0,0,0,0,NO,0,0,9.5
478,322,SELECTIVE_PLANNER,1,0,1,0,1,0,1,0,0,0,0,0.5,0.0,0.0,0.0,0.0,33.33,0.6671,1,1,47627,0,YES,0,2,80.0
591,442,SOCIAL_EXPLORER,1,0,1,0,1,0,1,0,0,0,0,0.5,0.0,0.0,0.0,0.0,33.33,0.6267,1,1,35798,1,YES,0,2,87.86
481,750,SPONTANEOUS_ADVENTURER,0,1,1,1,0,0,1,1,0,0,0,1.0,0.1667,0.0,0.0,0.0,46.67,0.6743,0,0,0,1,YES,0,2,80.67
362,444,SOCIAL_EXPLORER,1,1,1,0,0,0,1,1,1,0,0,0.5,0.1429,0.5,0.0,0.0,35.36,0.5944,0,0,0,1,SAVE_ONLY,0,1,47.36
788,823,SPONTANEOUS_ADVENTURER,1,0,0,0,1,1,1,0,0,0,0,1.0,0.0,0.0,0.0,0.0,49.17,0.6809,1,0,0,0,YES,0,2,71.17
1006,17,CAUTIOUS_INTROVERT,1,2,1,0,0,0,1,3,1,1,1,0.3333,0.75,1.0,1.0,1.0,58.33,0.8085,1,0,0,1,YES,1,3,100.0
51,576,BUDGET_CONSCIOUS,0,1,0,1,0,1,1,1,1,1,1,0.5,0.25,0.5,1.0,1.0,64.17,0.6442,1,1,45269,1,YES,0,2,100.0
550,623,CAUTIOUS_INTROVERT,0,0,2,1,1,0,2,2,0,0,0,0.6667,0.3333,0.0,0.0,0.0,43.33,0.444,0,0,0,1,SAVE_ONLY,0,1,55.33
858,215,SOCIAL_EXPLORER,1,0,2,0,1,0,1,1,1,0,0,0.3333,0.2,0.3333,0.0,0.0,31.5,0.1477,0,0,0,0,NO,0,0,13.5
864,32,SOCIAL_EXPLORER,1,0,1,0,1,0,1,0,0,0,0,0.5,0.0,0.0,0.0,0.0,33.33,0.6512,1,0,0,1,YES,0,2,67.33
451,788,CAUTIOUS_INTROVERT,0,1,0,1,0,1,1,0,1,1,0,1.0,0.0,0.5,1.0,0.0,64.17,0.6831,1,1,37290,1,YES,0,2,100.0
547,553,SOCIAL_EXPLORER,2,0,1,0,1,0,1,0,0,0,0,0.5,0.0,0.0,0.0,0.0,27.5,0.4457,1,0,0,1,SAVE_ONLY,0,1,39.5
296,157,PASSIVE_BROWSER,0,1,0,1,0,1,1,0,0,0,0,1.0,0.0,0.0,0.0,0.0,49.17,0.4163,0,0,0,0,NO,0,0,31.17
325,645,SOCIAL_EXPLORER,1,0,1,0,1,0,1,0,0,0,1,1.0,0.0,0.0,0.0,1.0,48.33,0.6731,1,1,39271,1,YES,0,2,100.0
422,101,CAUTIOUS_INTROVERT,1,0,2,0,1,0,1,1,1,0,0,0.3333,0.2,1.0,0.0,0.0,38.17,0.2386,1,0,0,0,NO,0,0,20.17
585,959,BUDGET_CONSCIOUS,2,0,1,0,1,0,1,0,0,0,0,0.5,0.0,0.0,0.0,0.0,27.5,0.0,0,0,0,0,NO,0,0,9.5
691,593,BUDGET_CONSCIOUS,2,2,1,0,0,0,1,2,1,1,0,1.0,0.3333,1.0,1.0,0.0,52.5,0.3135,0,0,0,0,NO,0,0,34.5
914,632,CAUTIOUS_INTROVERT,0,1,1,1,0,0,1,1,0,0,0,0.5,0.1429,0.0,0.0,0.0,36.19,0.3836,1,0,0,0,NO,0,0,18.19
639,617,CAUTIOUS_INTROVERT,0,1,1,1,0,0,1,1,0,0,0,0.5,0.2,0.0,0.0,0.0,37.33,0.3364,0,0,0,0,NO,0,0,19.33
201,883,BUDGET_CONSCIOUS,1,2,0,0,0,1,1,0,0,0,1,0.5,0.0,0.0,0.0,1.0,32.5,0.46,0,0,0,1,SAVE_ONLY,0,1,44.5
26,634,CAUTIOUS_INTROVERT,1,1,0,0,0,1,1,2,1,0,1,0.5,0.2857,0.5,0.0,1.0,49.05,0.6785,0,0,0,0,YES,0,2,71.05
973,434,BUDGET_CONSCIOUS,1,0,1,0,1,0,1,0,0,0,1,0.5,0.0,0.0,0.0,1.0,38.33,0.2554,0,0,0,0,NO,0,0,20.33
940,114,SELECTIVE_PLANNER,0,1,1,1,0,0,1,1,1,0,0,0.5,0.1667,0.5,0.0,0.0,41.67,0.3206,1,0,0,0,NO,0,0,23.67
808,913,SPONTANEOUS_ADVENTURER,1,1,1,0,0,0,1,2,1,0,0,0.5,0.4,0.5,0.0,0.0,40.5,0.7571,1,1,43252,1,YES,1,3,100.0
621,302,SELECTIVE_PLANNER,0,0,0,1,1,1,1,1,1,0,0,0.5,0.2,1.0,0.0,0.0,59.0,0.712,1,1,45771,0,YES,1,3,100.0
167,420,CAUTIOUS_INTROVERT,0,1,2,1,0,0,2,3,2,1,0,1.0,0.75,1.0,1.0,0.0,72.5,0.6423,0,0,0,0,YES,0,2,94.5
261,554,BUDGET_CONSCIOUS,0,1,2,1,0,0,1,0,1,0,0,0.5,0.0,0.5,0.0,0.0,32.5,0.3816,1,1,19125,0,NO,0,1,29.19
557,391,SELECTIVE_PLANNER,1,0,0,0,1,1,1,0,0,0,0,0.5,0.0,0.0,0.0,0.0,39.17,0.6719,0,0,0,0,YES,0,2,61.17
148,653,BUDGET_CONSCIOUS,2,0,1,0,1,0,1,0,0,0,1,0.5,0.0,0.0,0.0,1.0,32.5,0.0,1,0,0,0,NO,0,0,14.5
201,179,BUDGET_CONSCIOUS,1,1,2,0,0,0,1,0,0,0,0,0.5,0.0,0.0,0.0,0.0,21.67,0.2103,1,0,0,0,NO,0,0,3.67
203,1002,SOCIAL_EXPLORER,1,0,2,0,1,0,1,3,1,1,0,0.5,0.75,0.5,1.0,0.0,57.5,0.6669,1,1,35709,0,YES,0,2,100.0
348,951,SOCIAL_EXPLORER,0,2,1,1,0,0,1,1,1,0,0,1.0,0.25,1.0,0.0,0.0,52.5,0.8585,0,0,0,0,YES,1,3,100.0
112,17,CAUTIOUS_INTROVERT,1,2,1,0,0,0,2,3,1,1,1,0.6667,0.75,0.5,1.0,1.0,60.0,0.7756,1,1,54317,1,YES,1,3,100.0
709,70,BUDGET_CONSCIOUS,1,1,0,0,0,1,1,2,2,1,1,0.5,0.5,1.0,1.0,1.0,68.33,0.7132,1,1,41964,1,YES,1,3,100.0
120,897,SOCIAL_EXPLORER,0,1,2,1,0,0,1,0,0,0,0,1.0,0.0,0.0,0.0,0.0,37.5,0.315,1,0,0,0,NO,0,0,19.5
585,574,BUDGET_CONSCIOUS,0,0,0,1,1,1,1,0,0,0,0,0.5,0.0,0.0,0.0,0.0,45.0,0.6708,1,0,0,0,YES,0,2,67.0
985,809,SOCIAL_EXPLORER,0,2,1,1,0,0,1,2,0,0,0,0.5,0.4,0.0,0.0,0.0,35.5,0.6959,0,0,0,0,YES,0,2,57.5
857,89,SELECTIVE_PLANNER,1,0,1,0,1,0,1,0,0,0,0,1.0,0.0,0.0,0.0,0.0,43.33,0.7437,1,0,0,0,YES,1,3,95.33
238,285,SOCIAL_EXPLORER,0,0,0,1,1,1,1,0,1,0,1,1.0,0.0,0.5,0.0,1.0,65.0,0.99,1,1,57787,1,SUPER_LIKE,1,3,100.0
70,193,SELECTIVE_PLANNER,1,0,1,0,1,0,1,2,1,1,1,0.5,0.5,0.5,1.0,1.0,63.33,0.8383,1,0,0,0,YES,1,3,100.0
609,648,BUDGET_CONSCIOUS,0,0,1,1,1,0,2,4,1,1,0,1.0,0.8,1.0,1.0,0.0,85.17,0.9968,1,1,54577,0,YES,1,3,100.0
985,567,SOCIAL_EXPLORER,0,1,1,1,0,0,1,1,0,0,0,1.0,0.1667,0.0,0.0,0.0,46.67,0.6265,1,1,37649,1,YES,0,2,100.0
761,462,SOCIAL_EXPLORER,1,0,1,0,1,0,1,1,1,0,1,0.3333,0.25,0.5,0.0,1.0,45.0,0.7491,1,0,0,0,YES,1,3,97.0
927,282,BUDGET_CONSCIOUS,0,1,1,1,0,0,1,0,0,0,0,0.5,0.0,0.0,0.0,0.0,33.33,0.3636,0,0,0,0,NO,0,0,15.33
197,100,BUDGET_CONSCIOUS,2,1,0,0,0,1,1,0,0,0,0,0.5,0.0,0.0,0.0,0.0,27.5,0.0,0,0,0,0,NO,0,0,9.5
286,422,BUDGET_CONSCIOUS,1,2,0,0,0,1,1,1,1,0,0,1.0,0.3333,1.0,0.0,0.0,54.17,0.6259,0,0,0,0,YES,0,2,76.17
273,123,SOCIAL_EXPLORER,1,2,1,0,0,0,1,0,0,0,0,1.0,0.0,0.0,0.0,0.0,31.67,0.6248,1,1,40675,0,YES,0,2,75.91
213,78,BUDGET_CONSCIOUS,0,0,0,1,1,1,1,1,0,0,0,0.3333,0.1429,0.0,0.0,0.0,44.52,0.6227,0,0,0,1,YES,0,2,78.52
100,837,SOCIAL_EXPLORER,0,1,2,1,0,0,1,0,0,0,1,0.3333,0.0,0.0,0.0,1.0,29.17,0.1737,1,0,0,0,NO,0,0,11.17
261,810,BUDGET_CONSCIOUS,0,2,1,1,0,0,1,1,1,0,0,0.25,0.2,0.5,0.0,0.0,31.5,0.5554,1,1,36525,1,SAVE_ONLY,0,1,64.28
833,37,SOCIAL_EXPLORER,0,1,0,1,0,1,1,1,0,0,0,0.5,0.1667,0.0,0.0,0.0,42.5,0.6385,0,0,0,0,YES,0,2,64.5
912,648,SOCIAL_EXPLORER,1,2,1,0,0,0,1,2,0,0,0,0.5,0.4,0.0,0.0,0.0,29.67,0.4378,1,0,0,1,SAVE_ONLY,0,1,41.67
143,37,BUDGET_CONSCIOUS,1,0,0,0,1,1,1,1,1,1,0,1.0,0.25,1.0,1.0,0.0,74.17,0.8013,1,1,47595,1,YES,1,3,100.0
796,815,SOCIAL_EXPLORER,0,1,0,1,0,1,1,2,0,0,1,1.0,0.3333,0.0,0.0,1.0,60.83,0.891,0,0,0,0,YES,1,3,100.0
1008,932,BUDGET_CONSCIOUS,1,1,0,0,0,1,1,0,0,0,0,0.3333,0.0,0.0,0.0,0.0,30.0,0.4457,1,1,28321,0,NO,0,1,29.91
261,999,BUDGET_CONSCIOUS,1,2,0,0,0,1,1,1,1,0,0,0.5,0.2,0.5,0.0,0.0,36.5,0.4376,0,0,0,1,SAVE_ONLY,0,1,48.5
606,650,SPONTANEOUS_ADVENTURER,0,1,1,1,0,0,1,0,0,0,1,1.0,0.0,0.0,0.0,1.0,48.33,0.7896,1,1,55444,1,YES,1,3,100.0
540,430,BUDGET_CONSCIOUS,1,1,1,0,0,0,1,2,1,0,0,1.0,0.5,1.0,0.0,0.0,57.5,0.623,0,0,0,0,YES,0,2,79.5
400,527,CAUTIOUS_INTROVERT,1,1,2,0,0,0,1,1,1,1,1,1.0,0.25,0.5,1.0,1.0,56.67,0.4597,1,0,0,1,SAVE_ONLY,0,1,68.67
816,681,SELECTIVE_PLANNER,2,0,0,0,1,1,1,1,1,1,0,0.5,0.1429,0.5,1.0,0.0,51.19,0.6386,1,0,0,0,YES,0,2,73.19
726,584,SPONTANEOUS_ADVENTURER,0,0,0,1,1,1,1,0,0,0,0,1.0,0.0,0.0,0.0,0.0,55.0,0.6897,1,1,39135,0,YES,0,2,98.7
535,202,BUDGET_CONSCIOUS,2,1,0,0,0,1,1,0,0,0,0,0.5,0.0,0.0,0.0,0.0,27.5,0.0124,0,0,0,0,NO,0,0,9.5
820,615,SELECTIVE_PLANNER,2,0,1,0,1,0,1,2,0,1,0,0.5,0.4,0.0,1.0,0.0,45.5,0.7652,1,1,51686,1,YES,1,3,100.0
682,159,CAUTIOUS_INTROVERT,0,1,1,1,0,0,1,3,2,1,1,0.3333,0.6,1.0,1.0,1.0,67.0,0.8162,1,1,56281,1,YES,1,3,100.0
136,470,SELECTIVE_PLANNER,1,0,0,0,1,1,1,1,1,1,1,1.0,0.25,0.3333,1.0,1.0,72.5,1.0,1,1,58000,1,YES,1,3,100.0
272,855,BUDGET_CONSCIOUS,1,1,0,0,0,1,1,1,1,1,1,1.0,0.3333,1.0,1.0,1.0,75.0,0.8228,1,0,0,1,YES,1,3,100.0
969,251,CAUTIOUS_INTROVERT,1,1,2,0,0,0,1,0,0,0,0,0.3333,0.0,0.0,0.0,0.0,18.33,0.0,0,0,0,0,NO,0,0,0.33
549,446,BUDGET_CONSCIOUS,0,0,0,1,1,1,1,0,0,0,0,0.5,0.0,0.0,0.0,0.0,45.0,0.4788,0,0,0,1,SAVE_ONLY,0,1,57.0
807,417,SOCIAL_EXPLORER,1,1,1,0,0,0,1,1,0,0,0,0.5,0.1667,0.0,0.0,0.0,30.83,0.5542,1,0,0,0,NO,0,0,12.83
564,257,SOCIAL_EXPLORER,1,0,2,0,1,0,1,2,0,0,1,0.3333,0.5,0.0,0.0,1.0,39.17,0.3607,1,1,32161,0,NO,0,1,40.43
95,825,CAUTIOUS_INTROVERT,0,2,1,1,0,0,1,1,1,1,0,0.5,0.1667,0.5,1.0,0.0,45.83,0.5897,1,1,33383,0,NO,0,1,47.51
310,689,SELECTIVE_PLANNER,1,0,0,0,1,1,1,1,1,0,0,0.25,0.1667,1.0,0.0,0.0,47.5,0.6641,0,0,0,0,YES,0,2,69.5
625,864,CAUTIOUS_INTROVERT,1,1,2,0,0,0,1,0,0,0,0,0.5,0.0,0.0,0.0,0.0,21.67,0.1194,1,1,16283,0,NO,0,0,17.37
872,527,CAUTIOUS_INTROVERT,1,2,2,0,0,0,1,1,1,0,0,0.5,0.1667,0.5,0.0,0.0,24.17,0.0,1,0,0,0,NO,0,0,6.17
190,439,SOCIAL_EXPLORER,1,0,2,0,1,0,1,2,1,0,0,1.0,0.3333,1.0,0.0,0.0,54.17,0.6056,1,1,44726,1,SAVE_ONLY,0,1,89.82
395,614,SPONTANEOUS_ADVENTURER,0,1,1,1,0,0,1,1,0,0,0,0.5,0.1429,0.0,0.0,0.0,36.19,0.6362,1,1,39801,1,YES,0,2,92.12
108,176,SPONTANEOUS_ADVENTURER,0,1,0,1,0,1,1,1,1,0,0,0.5,0.1667,0.5,0.0,0.0,47.5,0.6756,1,1,44710,0,YES,0,2,93.15
708,314,CAUTIOUS_INTROVERT,0,1,0,1,0,1,1,1,1,1,0,0.3333,0.3333,1.0,1.0,0.0,62.5,0.6639,0,0,0,0,YES,0,2,84.5
679,938,CAUTIOUS_INTROVERT,2,2,2,0,0,0,1,0,0,0,0,1.0,0.0,0.0,0.0,0.0,20.0,0.0,0,0,0,0,NO,0,0,2.0
293,698,SOCIAL_EXPLORER,0,1,1,1,0,0,1,2,2,1,0,0.5,0.4,1.0,1.0,0.0,61.33,0.8805,1,1,59556,1,YES,1,3,100.0
729,842,SOCIAL_EXPLORER,0,0,0,1,1,1,1,2,1,0,0,0.5,0.4,1.0,0.0,0.0,63.0,0.6975,1,1,48282,0,YES,0,2,100.0
17,396,SELECTIVE_PLANNER,1,1,1,0,0,0,2,0,0,0,0,0.6667,0.0,0.0,0.0,0.0,30.83,0.1933,0,0,0,0,NO,0,0,12.83
673,485,BUDGET_CONSCIOUS,0,2,1,1,0,0,1,0,0,0,0,0.5,0.0,0.0,0.0,0.0,27.5,0.2911,1,1,26261,0,NO,0,1,26.69
170,192,SOCIAL_EXPLORER,2,1,1,0,0,0,1,2,0,0,0,1.0,0.3333,0.0,0.0,0.0,38.33,0.6923,0,0,0,0,YES,0,2,60.33
414,38,CAUTIOUS_INTROVERT,0,1,0,1,0,1,1,1,1,0,1,1.0,0.25,0.5,0.0,1.0,64.17,0.7848,1,1,41488,0,YES,1,3,100.0
153,636,SOCIAL_EXPLORER,1,1,1,0,0,0,1,0,0,1,0,0.3333,0.0,0.0,1.0,0.0,34.17,0.4689,1,1,24011,0,NO,0,1,32.57
891,537,SPONTANEOUS_ADVENTURER,1,0,0,0,1,1,1,0,0,0,0,0.5,0.0,0.0,0.0,0.0,39.17,0.5239,1,1,35486,1,SAVE_ONLY,0,1,71.59
928,27,BUDGET_CONSCIOUS,0,0,0,1,1,1,1,2,1,0,0,0.5,0.4,0.3333,0.0,0.0,56.33,0.6722,1,1,35324,0,YES,0,2,98.69
1001,193,SOCIAL_EXPLORER,1,0,0,0,1,1,1,1,0,0,0,1.0,0.1429,0.0,0.0,0.0,52.02,0.6293,1,0,0,1,YES,0,2,86.02
303,420,BUDGET_CONSCIOUS,1,0,1,0,1,0,1,3,1,1,0,0.3333,0.75,0.5,1.0,0.0,60.0,0.6857,1,1,38542,1,YES,0,2,100.0
320,654,SPONTANEOUS_ADVENTURER,2,0,0,0,1,1,1,1,0,0,0,0.3333,0.2,0.0,0.0,0.0,34.0,0.5327,1,1,36914,0,NO,0,1,36.92
145,657,BUDGET_CONSCIOUS,0,1,1,1,0,0,1,2,0,1,1,0.5,0.3333,0.0,1.0,1.0,55.0,0.656,1,0,0,0,YES,0,2,77.0
391,100,SELECTIVE_PLANNER,0,0,1,1,1,0,1,1,1,1,1,0.5,0.25,1.0,1.0,1.0,69.17,0.9549,1,1,53506,0,YES,1,3,100.0
1012,1002,SOCIAL_EXPLORER,1,2,2,0,0,0,1,0,0,0,1,0.5,0.0,0.0,0.0,1.0,20.83,0.0112,0,0,0,0,NO,0,0,2.83
745,130,CAUTIOUS_INTROVERT,1,1,1,0,0,0,1,3,1,0,1,0.5,0.75,1.0,0.0,1.0,57.5,0.5941,1,0,0,1,SAVE_ONLY,0,1,69.5
320,272,SPONTANEOUS_ADVENTURER,2,1,0,0,0,1,1,1,0,0,0,0.5,0.2,0.0,0.0,0.0,31.5,0.6207,0,0,0,0,YES,0,2,53.5
327,595,SPONTANEOUS_ADVENTURER,1,1,1,0,0,0,1,0,0,0,0,0.5,0.0,0.0,0.0,0.0,27.5,0.3541,0,0,0,0,NO,0,0,9.5
630,909,BUDGET_CONSCIOUS,0,0,0,1,1,1,1,0,0,0,1,1.0,0.0,0.0,0.0,1.0,60.0,0.6457,1,0,0,0,YES,0,2,82.0
397,550,BUDGET_CONSCIOUS,2,0,1,0,1,0,1,1,1,0,0,0.5,0.2,1.0,0.0,0.0,41.5,0.0,1,0,0,0,NO,0,0,23.5
899,411,BUDGET_CONSCIOUS,0,2,1,1,0,0,1,1,0,0,0,0.5,0.2,0.0,0.0,0.0,31.5,0.4607,1,1,23797,0,NO,0,1,29.83
835,132,SPONTANEOUS_ADVENTURER,1,2,0,0,0,1,1,1,1,0,0,1.0,0.1429,0.5,0.0,0.0,45.36,0.6797,1,1,50687,0,YES,0,2,93.1
286,570,BUDGET_CONSCIOUS,0,2,1,1,0,0,1,1,0,0,1,0.5,0.25,0.0,0.0,1.0,37.5,0.6699,0,0,0,0,YES,0,2,59.5
190,472,SOCIAL_EXPLORER,0,0,0,1,1,1,1,1,0,1,0,0.5,0.1429,0.0,1.0,0.0,57.86,0.8336,1,1,46743,0,YES,1,3,100.0
864,75,SOCIAL_EXPLORER,2,0,1,0,1,0,1,2,1,1,0,1.0,0.4,0.5,1.0,0.0,60.5,0.7032,1,1,50949,0,YES,1,3,100.0
1008,909,BUDGET_CONSCIOUS,0,2,0,1,0,1,1,0,0,0,0,0.5,0.0,0.0,0.0,0.0,33.33,0.6259,0,0,0,0,YES,0,2,55.33
334,873,BUDGET_CONSCIOUS,2,0,2,0,1,0,1,2,1,1,1,0.3333,0.6667,1.0,1.0,1.0,56.67,0.2987,1,1,18981,0,NO,0,1,53.31
382,123,CAUTIOUS_INTROVERT,2,0,1,0,1,0,1,0,0,0,0,1.0,0.0,0.0,0.0,0.0,37.5,0.2793,0,0,0,0,NO,0,0,19.5
181,718,SOCIAL_EXPLORER,1,1,0,0,0,1,1,2,1,0,1,0.5,0.5,1.0,0.0,1.0,58.33,0.667,1,1,48635,1,YES,0,2,100.0
419,270,CAUTIOUS_INTROVERT,1,1,2,0,0,0,1,1,0,0,0,0.5,0.1667,0.0,0.0,0.0,25.0,0.1738,0,0,0,0,NO,0,0,7.0
748,583,BUDGET_CONSCIOUS,0,0,2,1,1,0,1,1,0,0,1,0.3333,0.3333,0.0,0.0,1.0,41.67,0.4685,0,0,0,1,SAVE_ONLY,0,1,53.67
351,105,BUDGET_CONSCIOUS,1,1,0,0,0,1,1,1,0,0,0,0.5,0.1667,0.0,0.0,0.0,36.67,0.2486,1,0,0,0,NO,0,0,18.67
430,213,BUDGET_CONSCIOUS,1,1,0,0,0,1,1,2,1,0,0,0.5,0.4,1.0,0.0,0.0,51.33,0.5939,1,1,41850,0,NO,0,1,55.98
301,375,SOCIAL_EXPLORER,1,1,1,0,0,0,1,0,0,0,1,0.5,0.0,0.0,0.0,1.0,32.5,0.3354,0,0,0,0,NO,0,0,14.5
389,436,BUDGET_CONSCIOUS,1,0,2,0,1,0,1,0,0,0,1,0.5,0.0,0.0,0.0,1.0,32.5,0.3613,1,1,18595,0,NO,0,1,29.01
481,471,BUDGET_CONSCIOUS,0,0,0,1,1,1,1,2,1,1,0,1.0,0.4,1.0,1.0,0.0,83.0,1.0,1,1,67610,1,YES,1,3,100.0
478,58,SPONTANEOUS_ADVENTURER,0,1,1,1,0,0,1,2,1,0,1,0.5,0.5,0.5,0.0,1.0,53.33,0.7554,0,0,0,0,YES,1,3,100.0
364,365,BUDGET_CONSCIOUS,0,1,1,1,0,0,1,0,0,0,0,1.0,0.0,0.0,0.0,0.0,43.33,0.684,0,0,0,0,YES,0,2,65.33
317,855,BUDGET_CONSCIOUS,1,0,1,0,1,0,1,1,0,0,0,0.5,0.3333,0.0,0.0,0.0,40.0,0.4216,1,1,26140,1,SAVE_ONLY,0,1,69.15
483,598,BUDGET_CONSCIOUS,1,0,2,0,1,0,1,1,1,0,1,0.5,0.2,1.0,0.0,1.0,46.5,0.3905,1,1,27637,0,NO,0,1,46.17
441,767,SOCIAL_EXPLORER,1,1,2,0,0,0,1,1,0,0,0,0.5,0.1667,0.0,0.0,0.0,25.0,0.1347,0,0,0,0,NO,0,0,7.0
761,766,SOCIAL_EXPLORER,1,2,1,0,0,0,1,1,1,1,1,0.5,0.2,0.3333,1.0,1.0,44.0,0.6396,1,0,0,0,YES,0,2,66.0
926,91,BUDGET_CONSCIOUS,2,1,2,0,0,0,1,1,0,0,0,0.5,0.1429,0.0,0.0,0.0,18.69,0.0,0,0,0,0,NO,0,0,0.69
589,472,SOCIAL_EXPLORER,0,1,0,1,0,1,2,4,0,1,1,1.0,0.8,0.0,1.0,1.0,80.17,0.9241,1,1,48911,0,YES,1,3,100.0
66,885,SOCIAL_EXPLORER,1,0,0,0,1,1,1,1,1,0,0,0.3333,0.2,0.5,0.0,0.0,44.83,0.6845,0,0,0,0,YES,0,2,66.83
714,682,BUDGET_CONSCIOUS,2,1,2,0,0,0,1,1,1,0,0,0.25,0.2,0.3333,0.0,0.0,18.17,0.0,1,0,0,0,NO,0,0,0.17
684,464,SOCIAL_EXPLORER,1,1,1,0,0,0,1,0,1,1,0,0.5,0.0,0.5,1.0,0.0,42.5,0.5126,1,1,37547,0,NO,0,1,45.64
680,531,SELECTIVE_PLANNER,0,1,1,1,0,0,1,2,1,0,0,0.3333,0.3333,1.0,0.0,0.0,46.67,0.2228,0,0,0,0,NO,0,0,28.67
962,822,CAUTIOUS_INTROVERT,0,1,2,1,0,0,1,2,1,1,0,1.0,0.5,1.0,1.0,0.0,67.5,0.5194,0,0,0,1,SAVE_ONLY,0,1,79.5
440,204,SOCIAL_EXPLORER,1,0,0,0,1,1,1,0,0,0,0,0.5,0.0,0.0,0.0,0.0,39.17,0.5866,1,1,36464,1,SAVE_ONLY,0,1,71.93
842,718,SOCIAL_EXPLORER,1,0,0,0,1,1,1,1,1,0,0,0.3333,0.2,1.0,0.0,0.0,49.83,0.835,1,1,44809,0,SUPER_LIKE,1,3,100.0
778,48,SPONTANEOUS_ADVENTURER,1,1,0,0,0,1,1,0,0,0,0,1.0,0.0,0.0,0.0,0.0,43.33,0.7272,1,1,40297,1,YES,1,3,100.0
173,858,BUDGET_CONSCIOUS,1,0,2,0,1,0,1,1,1,0,0,0.5,0.1429,0.3333,0.0,0.0,33.69,0.4333,1,0,0,1,SAVE_ONLY,0,1,45.69
270,620,SOCIAL_EXPLORER,0,2,2,1,0,0,1,0,0,0,0,0.3333,0.0,0.0,0.0,0.0,18.33,0.0594,0,0,0,0,NO,0,0,0.33
76,431,SOCIAL_EXPLORER,1,1,1,0,0,0,1,0,0,0,0,0.5,0.0,0.0,0.0,0.0,27.5,0.5041,0,0,0,1,SAVE_ONLY,0,1,39.5
170,272,SOCIAL_EXPLORER,2,1,1,0,0,0,1,1,0,0,0,1.0,0.1667,0.0,0.0,0.0,35.0,0.5876,0,0,0,0,NO,0,0,17.0
451,22,SELECTIVE_PLANNER,1,1,1,0,0,0,1,0,1,0,0,1.0,0.0,0.5,0.0,0.0,42.5,0.2537,1,0,0,0,NO,0,0,24.5
932,675,BUDGET_CONSCIOUS,1,0,0,0,1,1,1,1,1,1,1,0.5,0.1667,0.5,1.0,1.0,62.5,0.6982,1,1,44374,0,YES,0,2,100.0
279,288,SELECTIVE_PLANNER,0,1,1,1,0,0,1,0,1,0,0,0.5,0.0,1.0,0.0,0.0,43.33,0.3137,1,0,0,0,NO,0,0,25.33
642,136,CAUTIOUS_INTROVERT,0,0,1,1,1,0,1,2,0,1,1,1.0,0.6667,0.0,1.0,1.0,77.5,0.9918,1,1,67693,1,SUPER_LIKE,1,3,100.0
193,503,SOCIAL_EXPLORER,1,2,0,0,0,1,1,1,0,0,0,0.5,0.125,0.0,0.0,0.0,30.0,0.4176,0,0,0,0,NO,0,0,12.0
54,795,CAUTIOUS_INTROVERT,0,0,0,1,1,1,1,2,0,0,0,1.0,0.2857,0.0,0.0,0.0,60.71,0.6463,0,0,0,1,YES,0,2,94.71
691,70,BUDGET_CONSCIOUS,1,0,1,0,1,0,1,0,0,0,0,0.5,0.0,0.0,0.0,0.0,33.33,0.3152,0,0,0,0,NO,0,0,15.33
958,341,CAUTIOUS_INTROVERT,1,0,0,0,1,1,1,2,1,1,0,0.5,0.4,1.0,1.0,0.0,67.17,0.7398,1,1,45438,0,YES,1,3,100.0
851,142,SELECTIVE_PLANNER,0,2,1,1,0,0,1,1,1,0,1,0.3333,0.1429,1.0,0.0,1.0,42.02,0.2588,1,1,23228,0,NO,0,1,40.15
577,109,SOCIAL_EXPLORER,1,1,1,0,0,0,1,1,1,1,1,1.0,0.2,0.5,1.0,1.0,61.5,0.846,1,1,59741,0,SUPER_LIKE,1,3,100.0
1006,239,CAUTIOUS_INTROVERT,0,1,2,1,0,0,1,1,1,1,1,0.5,0.1429,0.5,1.0,1.0,50.36,0.1978,0,0,0,0,NO,0,0,32.36
715,181,SOCIAL_EXPLORER,0,1,0,1,0,1,1,3,1,1,0,0.5,0.75,1.0,1.0,0.0,74.17,0.9387,0,0,0,0,YES,1,3,100.0
899,985,BUDGET_CONSCIOUS,1,2,1,0,0,0,1,2,1,1,1,1.0,0.5,1.0,1.0,1.0,66.67,0.7493,1,1,44913,1,YES,1,3,100.0
63,882,SPONTANEOUS_ADVENTURER,0,0,0,1,1,1,1,0,0,0,0,0.3333,0.0,0.0,0.0,0.0,41.67,0.5915,1,1,40547,1,SAVE_ONLY,0,1,75.86
664,184,SOCIAL_EXPLORER,1,1,0,0,0,1,1,2,1,1,0,0.5,0.3333,0.5,1.0,0.0,55.0,0.8694,1,1,57596,0,SUPER_LIKE,1,3,100.0
814,816,BUDGET_CONSCIOUS,2,2,0,0,0,1,1,0,0,0,1,1.0,0.0,0.0,0.0,1.0,36.67,0.0765,0,0,0,0,NO,0,0,18.67
508,949,SOCIAL_EXPLORER,2,1,1,0,0,0,1,1,0,1,0,0.3333,0.25,0.0,1.0,0.0,33.33,0.4662,1,0,0,1,SAVE_ONLY,0,1,45.33
91,172,SOCIAL_EXPLORER,0,1,0,1,0,1,1,0,0,0,0,0.5,0.0,0.0,0.0,0.0,39.17,0.4959,1,1,26658,0,NO,0,1,38.5
441,507,SOCIAL_EXPLORER,1,1,2,0,0,0,1,1,0,0,0,0.5,0.2,0.0,0.0,0.0,25.67,0.2606,0,0,0,0,NO,0,0,7.67
873,894,SOCIAL_EXPLORER,1,0,1,0,1,0,2,3,1,1,1,1.0,1.0,1.0,1.0,1.0,88.33,1.0,1,1,62798,0,YES,1,3,100.0
682,622,CAUTIOUS_INTROVERT,1,0,1,0,1,0,1,0,0,0,0,0.3333,0.0,0.0,0.0,0.0,30.0,0.2434,0,0,0,0,NO,0,0,12.0
977,521,SELECTIVE_PLANNER,0,2,0,1,0,1,1,1,1,0,0,1.0,0.2,0.5,0.0,0.0,52.33,0.2772,1,1,24770,0,NO,0,1,51.0
746,774,SOCIAL_EXPLORER,2,1,0,0,0,1,1,0,1,1,0,0.5,0.0,1.0,1.0,0.0,47.5,0.8213,1,1,46482,0,YES,1,3,100.0
270,239,SOCIAL_EXPLORER,0,1,0,1,0,1,1,1,0,0,0,0.3333,0.1429,0.0,0.0,0.0,38.69,0.6337,1,1,40238,0,YES,0,2,82.77
98,266,BUDGET_CONSCIOUS,1,0,1,0,1,0,1,2,1,1,0,1.0,0.3333,1.0,1.0,0.0,70.0,0.676,1,1,38279,1,YES,0,2,100.0
162,480,SPONTANEOUS_ADVENTURER,1,2,0,0,0,1,1,0,0,0,0,0.5,0.0,0.0,0.0,0.0,27.5,0.3248,0,0,0,0,NO,0,0,9.5
756,322,SOCIAL_EXPLORER,1,1,0,0,0,1,1,0,0,0,0,0.5,0.0,0.0,0.0,0.0,33.33,0.4228,0,0,0,1,SAVE_ONLY,0,1,45.33
327,915,SPONTANEOUS_ADVENTURER,1,1,1,0,0,0,1,1,1,1,1,0.5,0.25,0.5,1.0,1.0,52.5,0.723,1,1,49828,1,YES,1,3,100.0
106,951,SOCIAL_EXPLORER,0,0,1,1,1,0,1,0,0,0,0,0.5,0.0,0.0,0.0,0.0,39.17,0.6319,0,0,0,1,YES,0,2,73.17
63,688,SOCIAL_EXPLORER,2,1,1,0,0,0,1,1,0,0,0,0.5,0.1429,0.0,0.0,0.0,24.52,0.3291,0,0,0,0,NO,0,0,6.52
557,971,SELECTIVE_PLANNER,1,0,1,0,1,0,1,0,0,0,0,1.0,0.0,0.0,0.0,0.0,43.33,0.7595,0,0,0,1,YES,1,3,100.0
517,348,SPONTANEOUS_ADVENTURER,1,0,1,0,1,0,1,2,1,0,1,1.0,0.4,1.0,0.0,1.0,66.33,1.0,1,1,63047,1,SUPER_LIKE,1,3,100.0
321,895,SOCIAL_EXPLORER,1,1,1,0,0,0,1,1,1,0,1,0.5,0.3333,1.0,0.0,1.0,49.17,0.6702,1,1,47559,0,YES,0,2,95.82
878,672,SPONTANEOUS_ADVENTURER,1,0,1,0,1,0,1,1,0,0,0,0.5,0.1429,0.0,0.0,0.0,36.19,0.7918,0,0,0,1,YES,1,3,100.0
474,329,BUDGET_CONSCIOUS,2,2,0,0,0,1,1,1,0,0,0,0.5,0.1111,0.0,0.0,0.0,23.89,0.0,1,0,0,0,NO,0,0,5.89
369,981,SOCIAL_EXPLORER,1,0,0,0,1,1,1,1,1,1,0,0.3333,0.25,1.0,1.0,0.0,60.83,0.7862,1,1,48592,1,YES,1,3,100.0
523,117,SPONTANEOUS_ADVENTURER,0,1,1,1,0,0,1,0,0,0,0,0.5,0.0,0.0,0.0,0.0,33.33,0.5331,0,0,0,1,SAVE_ONLY,0,1,45.33
414,986,CAUTIOUS_INTROVERT,1,1,0,0,0,1,1,1,1,1,0,1.0,0.3333,1.0,1.0,0.0,70.0,0.6619,1,1,40940,0,YES,0,2,100.0
397,459,BUDGET_CONSCIOUS,1,0,0,0,1,1,1,2,1,0,0,0.5,0.4,1.0,0.0,0.0,57.17,0.4996,1,1,34391,0,NO,0,1,59.21
242,970,SPONTANEOUS_ADVENTURER,0,2,1,1,0,0,1,0,0,0,0,0.3333,0.0,0.0,0.0,0.0,24.17,0.2023,0,0,0,0,NO,0,0,6.17
968,790,SOCIAL_EXPLORER,0,1,2,1,0,0,1,1,0,1,0,0.5,0.1429,0.0,1.0,0.0,40.36,0.4619,1,0,0,1,SAVE_ONLY,0,1,52.36
517,897,SPONTANEOUS_ADVENTURER,1,1,1,0,0,0,1,2,1,0,0,1.0,0.2857,1.0,0.0,0.0,53.21,0.8233,1,1,56482,0,YES,1,3,100.0
136,402,SELECTIVE_PLANNER,0,0,1,1,1,0,1,1,1,0,0,1.0,0.2,0.5,0.0,0.0,58.17,0.844,1,1,55996,0,YES,1,3,100.0
463,972,PASSIVE_BROWSER,0,1,1,1,0,0,1,1,0,0,0,1.0,0.1667,0.0,0.0,0.0,46.67,0.1869,1,0,0,0,NO,0,0,28.67
181,319,SOCIAL_EXPLORER,0,1,0,1,0,1,1,1,0,0,0,1.0,0.1667,0.0,0.0,0.0,52.5,0.8245,1,0,0,0,YES,1,3,100.0
793,156,BUDGET_CONSCIOUS,1,0,2,0,1,0,1,0,1,0,0,0.3333,0.0,1.0,0.0,0.0,34.17,0.3902,0,0,0,0,NO,0,0,16.17
677,504,SOCIAL_EXPLORER,0,0,1,1,1,0,1,0,0,0,0,0.5,0.0,0.0,0.0,0.0,39.17,0.5405,1,1,35035,1,SAVE_ONLY,0,1,71.43
39,876,SOCIAL_EXPLORER,1,1,0,0,0,1,1,2,0,0,0,1.0,0.3333,0.0,0.0,0.0,50.0,0.6535,0,0,0,1,YES,0,2,84.0
246,226,CAUTIOUS_INTROVERT,0,1,1,1,0,0,1,0,0,0,0,0.5,0.0,0.0,0.0,0.0,33.33,0.3473,1,0,0,0,NO,0,0,15.33
129,273,SOCIAL_EXPLORER,0,2,0,1,0,1,1,0,1,0,0,1.0,0.0,1.0,0.0,0.0,53.33,0.7639,0,0,0,0,YES,1,3,100.0
305,431,SOCIAL_EXPLORER,2,1,1,0,0,0,1,1,0,0,0,0.5,0.2,0.0,0.0,0.0,25.67,0.3853,1,1,31113,0,NO,0,1,26.56
842,394,SOCIAL_EXPLORER,0,1,1,1,0,0,1,2,1,0,1,0.5,0.5,1.0,0.0,1.0,58.33,0.8239,1,1,52448,1,YES,1,3,100.0
812,228,BUDGET_CONSCIOUS,0,0,1,1,1,0,1,1,0,0,0,1.0,0.1429,0.0,0.0,0.0,52.02,0.6657,1,1,43574,1,YES,0,2,100.0
563,889,SOCIAL_EXPLORER,0,0,0,1,1,1,2,0,1,1,0,1.0,0.0,0.3333,1.0,0.0,68.33,0.9183,1,1,64058,0,YES,1,3,100.0
445,372,CAUTIOUS_INTROVERT,1,0,2,0,1,0,1,0,0,0,0,1.0,0.0,0.0,0.0,0.0,37.5,0.0826,0,0,0,0,NO,0,0,19.5
614,115,SOCIAL_EXPLORER,1,2,1,0,0,0,1,0,0,0,0,1.0,0.0,0.0,0.0,0.0,31.67,0.6351,1,1,43797,1,YES,0,2,89.0
420,121,SOCIAL_EXPLORER,1,1,1,0,0,0,1,0,2,0,1,0.5,0.0,1.0,0.0,1.0,42.5,0.6501,1,0,0,1,YES,0,2,76.5
223,175,BUDGET_CONSCIOUS,1,1,0,0,0,1,1,2,1,1,1,0.5,0.4,1.0,1.0,1.0,66.33,0.7517,1,1,42852,0,YES,1,3,100.0
212,916,BUDGET_CONSCIOUS,2,1,1,0,0,0,1,2,0,0,1,0.5,0.5,0.0,0.0,1.0,36.67,0.1028,1,0,0,0,NO,0,0,18.67
940,30,SELECTIVE_PLANNER,0,1,1,1,0,0,1,4,1,1,0,0.5,1.0,0.5,1.0,0.0,68.33,0.3637,1,1,21634,0,NO,0,1,65.9
409,622,CAUTIOUS_INTROVERT,1,0,1,0,1,0,1,2,1,0,0,1.0,0.4,1.0,0.0,0.0,61.33,0.8702,1,1,53818,0,YES,1,3,100.0
367,476,SOCIAL_EXPLORER,1,1,1,0,0,0,1,0,0,0,0,0.5,0.0,0.0,0.0,0.0,27.5,0.3692,0,0,0,0,NO,0,0,9.5
233,537,SOCIAL_EXPLORER,0,2,1,1,0,0,1,1,1,0,1,0.5,0.3333,0.5,0.0,1.0,44.17,0.7312,0,0,0,0,YES,1,3,96.17
460,151,BUDGET_CONSCIOUS,0,1,1,1,0,0,1,1,2,1,0,1.0,0.2,1.0,1.0,0.0,67.33,0.8677,1,1,57540,1,SUPER_LIKE,1,3,100.0
306,325,SOCIAL_EXPLORER,1,2,0,0,0,1,1,0,0,0,0,1.0,0.0,0.0,0.0,0.0,37.5,0.6763,1,1,39064,1,YES,0,2,93.17
479,492,PASSIVE_BROWSER,2,1,1,0,0,0,1,1,0,0,0,0.5,0.2,0.0,0.0,0.0,25.67,0.0345,0,0,0,0,NO,0,0,7.67
609,576,BUDGET_CONSCIOUS,0,1,1,1,0,0,1,3,0,1,1,0.3333,0.6,0.0,1.0,1.0,57.0,0.6475,0,0,0,0,YES,0,2,79.0
962,245,CAUTIOUS_INTROVERT,0,0,1,1,1,0,1,2,0,0,0,0.5,0.5,0.0,0.0,0.0,49.17,0.6549,1,1,44429,0,YES,0,2,94.72
836,322,SOCIAL_EXPLORER,1,1,0,0,0,1,1,0,0,0,0,1.0,0.0,0.0,0.0,0.0,43.33,0.5132,0,0,0,0,NO,0,0,25.33
859,257,BUDGET_CONSCIOUS,1,2,1,0,0,0,1,0,0,0,0,1.0,0.0,0.0,0.0,0.0,31.67,0.3867,1,1,21350,0,NO,0,1,29.14
838,170,SOCIAL_EXPLORER,1,2,0,0,0,1,1,1,0,0,1,0.5,0.1429,0.0,0.0,1.0,35.36,0.6075,0,0,0,1,SAVE_ONLY,0,1,47.36
477,513,CAUTIOUS_INTROVERT,0,1,0,1,0,1,1,1,0,0,0,1.0,0.1429,0.0,0.0,0.0,52.02,0.528,0,0,0,1,SAVE_ONLY,0,1,64.02
974,882,CAUTIOUS_INTROVERT,0,0,1,1,1,0,1,1,1,0,0,0.25,0.25,1.0,0.0,0.0,49.17,0.4259,0,0,0,1,SAVE_ONLY,0,1,61.17
161,882,SPONTANEOUS_ADVENTURER,0,1,0,1,0,1,1,0,0,0,0,0.25,0.0,0.0,0.0,0.0,34.17,0.6615,1,0,0,1,YES,0,2,68.17
25,842,SOCIAL_EXPLORER,0,2,0,1,0,1,1,0,0,0,0,0.5,0.0,0.0,0.0,0.0,33.33,0.6774,1,1,41539,1,YES,0,2,89.87
473,645,SOCIAL_EXPLORER,1,1,1,0,0,0,1,0,0,0,0,1.0,0.0,0.0,0.0,0.0,37.5,0.6683,1,1,47464,1,YES,0,2,96.11
555,855,BUDGET_CONSCIOUS,1,1,1,0,0,0,1,0,1,1,0,0.5,0.0,1.0,1.0,0.0,47.5,0.5068,1,0,0,1,SAVE_ONLY,0,1,59.5
470,238,SELECTIVE_PLANNER,0,0,1,1,1,0,1,0,0,0,1,1.0,0.0,0.0,0.0,1.0,54.17,0.6794,1,1,41368,1,YES,0,2,100.0
369,288,SOCIAL_EXPLORER,1,0,2,0,1,0,1,1,1,0,1,0.5,0.25,1.0,0.0,1.0,47.5,0.5684,1,1,39777,0,NO,0,1,51.42
326,680,SELECTIVE_PLANNER,1,1,0,0,0,1,1,0,0,0,0,0.5,0.0,0.0,0.0,0.0,33.33,0.1687,0,0,0,0,NO,0,0,15.33
152,466,SELECTIVE_PLANNER,2,0,0,0,1,1,1,2,0,0,1,1.0,0.5,0.0,0.0,1.0,58.33,0.8789,1,1,49754,0,YES,1,3,100.0
900,868,CAUTIOUS_INTROVERT,2,0,1,0,1,0,1,0,0,0,1,0.3333,0.0,0.0,0.0,1.0,29.17,0.2327,1,1,18168,0,NO,0,1,25.53
514,547,SOCIAL_EXPLORER,1,2,0,0,0,1,1,0,0,0,1,0.3333,0.0,0.0,0.0,1.0,29.17,0.5467,1,1,36665,0,NO,0,1,32.0
705,162,SPONTANEOUS_ADVENTURER,0,0,0,1,1,1,1,3,1,1,0,0.3333,0.75,0.5,1.0,0.0,71.67,0.8808,1,1,54225,0,SUPER_LIKE,1,3,100.0
21,57,SELECTIVE_PLANNER,1,0,1,0,1,0,1,0,0,0,0,1.0,0.0,0.0,0.0,0.0,43.33,0.5248,1,0,0,0,NO,0,0,25.33
833,603,SOCIAL_EXPLORER,0,0,1,1,1,0,1,0,1,1,0,0.3333,0.0,0.5,1.0,0.0,50.83,0.6119,1,1,45018,1,SAVE_ONLY,0,1,86.59
173,970,BUDGET_CONSCIOUS,1,1,2,0,0,0,1,2,1,1,0,1.0,0.4,0.5,1.0,0.0,54.67,0.654,1,0,0,1,YES,0,2,88.67
879,907,BUDGET_CONSCIOUS,0,1,1,1,0,0,1,2,1,1,0,0.25,0.3333,1.0,1.0,0.0,55.0,0.5502,0,0,0,0,NO,0,0,37.0
623,332,SOCIAL_EXPLORER,1,0,0,0,1,1,1,1,1,0,1,0.3333,0.2,0.5,0.0,1.0,49.83,0.6528,1,0,0,0,YES,0,2,71.83
667,298,BUDGET_CONSCIOUS,2,0,1,0,1,0,1,2,0,0,0,0.5,0.5,0.0,0.0,0.0,37.5,0.0688,0,0,0,0,NO,0,0,19.5
194,245,SOCIAL_EXPLORER,0,0,1,1,1,0,1,1,1,0,0,0.5,0.2,0.5,0.0,0.0,48.17,0.6926,1,1,46533,0,YES,0,2,94.46
76,148,SOCIAL_EXPLORER,1,0,1,0,1,0,1,1,0,0,0,0.5,0.1667,0.0,0.0,0.0,36.67,0.6652,1,1,44832,1,YES,0,2,94.36
844,571,SOCIAL_EXPLORER,0,1,1,1,0,0,1,0,0,0,0,1.0,0.0,0.0,0.0,0.0,43.33,0.4894,1,1,34175,0,NO,0,1,45.29
820,432,SELECTIVE_PLANNER,2,2,1,0,0,0,1,1,1,1,0,1.0,0.25,1.0,1.0,0.0,50.83,0.2959,0,0,0,0,NO,0,0,32.83
67,497,BUDGET_CONSCIOUS,1,1,1,0,0,0,1,2,1,1,0,0.5,0.4,1.0,1.0,0.0,55.5,0.5004,1,1,26636,0,NO,0,1,54.82
348,591,SOCIAL_EXPLORER,0,1,0,1,0,1,1,1,1,0,0,1.0,0.2,1.0,0.0,0.0,63.17,0.7401,1,1,48783,0,YES,1,3,100.0
373,108,SOCIAL_EXPLORER,1,0,1,0,1,0,1,1,0,0,0,0.5,0.1667,0.0,0.0,0.0,36.67,0.701,1,0,0,1,YES,1,3,100.0
154,696,SELECTIVE_PLANNER,0,0,1,1,1,0,1,1,1,0,0,1.0,0.1667,1.0,0.0,0.0,62.5,0.6765,1,0,0,1,YES,0,2,96.5
202,156,CAUTIOUS_INTROVERT,1,1,1,0,0,0,1,0,0,0,0,0.5,0.0,0.0,0.0,0.0,27.5,0.0624,0,0,0,0,NO,0,0,9.5
117,276,CAUTIOUS_INTROVERT,1,0,0,0,1,1,1,1,1,0,0,0.3333,0.25,1.0,0.0,0.0,50.83,0.4912,1,1,27730,0,NO,0,1,50.54
52,622,SPONTANEOUS_ADVENTURER,0,0,0,1,1,1,1,1,0,0,1,1.0,0.1667,0.0,0.0,1.0,63.33,0.96,1,1,65805,1,YES,1,3,100.0
948,251,SPONTANEOUS_ADVENTURER,2,2,1,0,0,0,1,0,0,0,0,0.3333,0.0,0.0,0.0,0.0,12.5,0.1776,0,0,0,0,NO,0,0,0.0
576,893,BUDGET_CONSCIOUS,1,1,1,0,0,0,2,0,0,0,0,1.0,0.0,0.0,0.0,0.0,37.5,0.5232,1,1,31119,1,SAVE_ONLY,0,1,68.39
251,810,BUDGET_CONSCIOUS,0,2,1,1,0,0,1,1,1,1,0,0.3333,0.2,1.0,1.0,0.0,48.17,0.7341,1,0,0,0,YES,1,3,100.0
659,226,BUDGET_CONSCIOUS,1,1,0,0,0,1,1,0,1,1,0,1.0,0.0,0.3333,1.0,0.0,56.67,0.6031,1,1,44714,0,NO,0,1,62.32
37,815,SOCIAL_EXPLORER,0,0,0,1,1,1,1,2,0,0,0,1.0,0.3333,0.0,0.0,0.0,61.67,0.8267,1,1,58897,1,YES,1,3,100.0
453,501,SPONTANEOUS_ADVENTURER,1,1,1,0,0,0,1,0,1,0,0,0.5,0.0,1.0,0.0,0.0,37.5,0.7,1,1,36899,0,YES,0,2,80.41
703,473,SOCIAL_EXPLORER,0,1,0,1,0,1,1,3,1,1,0,0.3333,0.6,1.0,1.0,0.0,67.83,0.8171,1,1,56439,1,YES,1,3,100.0
921,592,SPONTANEOUS_ADVENTURER,1,1,0,0,0,1,1,0,0,0,0,0.5,0.0,0.0,0.0,0.0,33.33,0.3758,1,1,22762,0,NO,0,1,31.3
732,648,BUDGET_CONSCIOUS,0,0,1,1,1,0,1,0,0,0,0,0.5,0.0,0.0,0.0,0.0,39.17,0.6661,1,1,44599,0,YES,0,2,84.78
384,607,SOCIAL_EXPLORER,0,0,0,1,1,1,1,1,1,0,0,0.3333,0.2,1.0,0.0,0.0,55.67,0.6081,1,1,40308,0,NO,0,1,59.78
560,438,SELECTIVE_PLANNER,1,0,1,0,1,0,1,2,1,0,0,0.5,0.2857,1.0,0.0,0.0,49.05,0.7214,1,1,43493,1,YES,1,3,100.0
834,688,SOCIAL_EXPLORER,1,1,0,0,0,1,1,0,0,0,0,0.3333,0.0,0.0,0.0,0.0,30.0,0.6348,0,0,0,0,YES,0,2,52.0
562,621,SOCIAL_EXPLORER,0,1,1,1,0,0,1,1,1,0,0,0.5,0.1667,1.0,0.0,0.0,46.67,0.8164,1,0,0,0,YES,1,3,98.67
443,21,PASSIVE_BROWSER,1,1,0,0,0,1,1,0,0,0,0,1.0,0.0,0.0,0.0,0.0,43.33,0.4321,0,0,0,1,SAVE_ONLY,0,1,55.33
348,391,SOCIAL_EXPLORER,1,2,1,0,0,0,1,2,1,1,1,0.5,0.6667,1.0,1.0,1.0,60.0,0.6598,1,1,46048,1,YES,0,2,100.0
253,36,SELECTIVE_PLANNER,0,0,1,1,1,0,1,0,0,0,0,0.5,0.0,0.0,0.0,0.0,39.17,0.4487,0,0,0,1,SAVE_ONLY,0,1,51.17
472,123,SOCIAL_EXPLORER,1,1,1,0,0,0,1,1,2,0,0,0.5,0.125,1.0,0.0,0.0,40.0,0.7416,1,0,0,0,YES,1,3,92.0
133,886,BUDGET_CONSCIOUS,1,1,0,0,0,1,1,1,0,0,0,0.5,0.1429,0.0,0.0,0.0,36.19,0.2411,1,0,0,0,NO,0,0,18.19
515,716,SOCIAL_EXPLORER,2,0,1,0,1,0,1,2,1,1,0,0.3333,0.5,0.5,1.0,0.0,49.17,0.7629,1,1,40390,0,YES,1,3,100.0
846,278,SOCIAL_EXPLORER,2,2,1,0,0,0,1,1,0,1,1,1.0,0.2,0.0,1.0,1.0,44.83,0.7877,1,1,53698,1,YES,1,3,100.0
618,800,CAUTIOUS_INTROVERT,0,1,0,1,0,1,1,1,0,0,0,1.0,0.25,0.0,0.0,0.0,54.17,0.6901,1,1,48567,1,YES,0,2,100.0
71,986,SELECTIVE_PLANNER,2,2,1,0,0,0,1,1,1,0,0,1.0,0.25,1.0,0.0,0.0,40.83,0.1241,0,0,0,0,NO,0,0,22.83
83,845,BUDGET_CONSCIOUS,1,0,1,0,1,0,1,1,1,0,0,1.0,0.1667,0.5,0.0,0.0,51.67,0.6513,1,1,48231,1,YES,0,2,100.0
987,254,SOCIAL_EXPLORER,1,1,1,0,0,0,1,0,0,0,0,1.0,0.0,0.0,0.0,0.0,37.5,0.5193,1,1,29218,0,NO,0,1,37.73
781,255,BUDGET_CONSCIOUS,1,0,1,0,1,0,1,1,0,0,1,1.0,0.1429,0.0,0.0,1.0,51.19,0.6286,0,0,0,0,YES,0,2,73.19
799,434,SPONTANEOUS_ADVENTURER,1,1,0,0,0,1,1,0,0,0,1,0.5,0.0,0.0,0.0,1.0,38.33,0.6629,1,0,0,1,YES,0,2,72.33
577,387,SOCIAL_EXPLORER,1,1,0,0,0,1,1,1,0,0,0,1.0,0.25,0.0,0.0,0.0,48.33,0.7039,1,1,39120,0,YES,1,3,100.0
283,561,SOCIAL_EXPLORER,0,0,0,1,1,1,1,2,2,1,0,0.5,0.3333,1.0,1.0,0.0,71.67,0.9881,1,1,68171,0,YES,1,3,100.0
798,540,SPONTANEOUS_ADVENTURER,1,1,1,0,0,0,1,2,1,0,0,1.0,0.4,1.0,0.0,0.0,55.5,0.929,1,1,61039,1,YES,1,3,100.0
144,212,SPONTANEOUS_ADVENTURER,2,1,1,0,0,0,1,0,0,0,0,0.5,0.0,0.0,0.0,0.0,21.67,0.4016,0,0,0,0,NO,0,0,3.67
243,77,SPONTANEOUS_ADVENTURER,0,0,1,1,1,0,1,1,0,0,0,0.5,0.1429,0.0,0.0,0.0,42.02,0.6819,1,1,45383,0,YES,0,2,87.9
491,412,CAUTIOUS_INTROVERT,0,2,0,1,0,1,1,2,0,0,0,1.0,0.4,0.0,0.0,0.0,51.33,0.729,1,0,0,0,YES,1,3,100.0
490,370,BUDGET_CONSCIOUS,0,2,0,1,0,1,1,2,0,0,0,0.5,0.5,0.0,0.0,0.0,43.33,0.5022,1,1,34817,0,NO,0,1,45.52
155,524,SPONTANEOUS_ADVENTURER,0,2,1,1,0,0,1,1,1,1,1,0.5,0.3333,1.0,1.0,1.0,59.17,0.8102,1,1,52854,1,YES,1,3,100.0
733,873,SOCIAL_EXPLORER,1,1,0,0,0,1,1,1,0,0,0,0.3333,0.2,0.0,0.0,0.0,34.0,0.6647,1,0,0,0,YES,0,2,56.0
553,120,BUDGET_CONSCIOUS,1,2,1,0,0,0,1,2,0,1,0,1.0,0.5,0.0,1.0,0.0,51.67,0.4175,1,0,0,0,NO,0,0,33.67
367,432,SOCIAL_EXPLORER,1,2,0,0,0,1,1,0,0,0,0,0.5,0.0,0.0,0.0,0.0,27.5,0.5374,1,1,39993,1,SAVE_ONLY,0,1,61.5
914,907,CAUTIOUS_INTROVERT,0,1,2,1,0,0,2,0,0,0,0,0.6667,0.0,0.0,0.0,0.0,30.83,0.1461,0,0,0,0,NO,0,0,12.83
813,458,CAUTIOUS_INTROVERT,2,1,2,0,0,0,1,1,1,1,0,0.5,0.25,1.0,1.0,0.0,40.83,0.3355,0,0,0,0,NO,0,0,22.83
909,486,BUDGET_CONSCIOUS,2,2,0,0,0,1,1,1,0,0,1,0.5,0.2,0.0,0.0,1.0,30.67,0.0,0,0,0,0,NO,0,0,12.67
649,35,BUDGET_CONSCIOUS,0,0,2,1,1,0,1,0,0,0,0,0.3333,0.0,0.0,0.0,0.0,30.0,0.3997,1,1,26542,0,NO,0,1,29.29
949,299,BUDGET_CONSCIOUS,1,0,1,0,1,0,1,2,1,0,1,0.5,0.5,1.0,0.0,1.0,58.33,0.611,1,0,0,1,SAVE_ONLY,0,1,70.33
422,820,CAUTIOUS_INTROVERT,1,2,1,0,0,0,1,0,0,0,0,1.0,0.0,0.0,0.0,0.0,31.67,0.1956,1,0,0,0,NO,0,0,13.67
259,407,CAUTIOUS_INTROVERT,0,2,1,1,0,0,1,2,1,1,0,1.0,0.3333,0.5,1.0,0.0,59.17,0.6912,0,0,0,0,YES,0,2,81.17
146,445,BUDGET_CONSCIOUS,2,0,2,0,1,0,1,0,1,0,0,0.3333,0.0,1.0,0.0,0.0,28.33,0.0302,0,0,0,0,NO,0,0,10.33
115,712,SELECTIVE_PLANNER,2,2,1,0,0,0,1,1,0,0,0,0.3333,0.2,0.0,0.0,0.0,16.5,0.0023,0,0,0,0,NO,0,0,0.0
692,143,BUDGET_CONSCIOUS,0,1,1,1,0,0,1,1,1,0,0,1.0,0.3333,0.5,0.0,0.0,55.0,0.8402,1,1,54125,0,YES,1,3,100.0
39,235,SOCIAL_EXPLORER,1,0,0,0,1,1,1,1,0,0,0,1.0,0.1667,0.0,0.0,0.0,52.5,0.7609,0,0,0,1,YES,1,3,100.0
579,675,SOCIAL_EXPLORER,1,0,1,0,1,0,1,1,0,0,0,1.0,0.125,0.0,0.0,0.0,45.83,0.7501,1,1,52299,1,YES,1,3,100.0
119,693,SOCIAL_EXPLORER,1,0,0,0,1,1,1,0,0,0,1,0.5,0.0,0.0,0.0,1.0,44.17,0.4976,1,0,0,1,SAVE_ONLY,0,1,56.17
550,388,CAUTIOUS_INTROVERT,0,1,1,1,0,0,1,1,1,0,0,0.5,0.1667,0.5,0.0,0.0,41.67,0.4088,1,0,0,0,NO,0,0,23.67
238,441,SOCIAL_EXPLORER,1,1,0,0,0,1,1,0,0,0,0,1.0,0.0,0.0,0.0,0.0,43.33,0.5808,1,0,0,0,NO,0,0,25.33
781,27,BUDGET_CONSCIOUS,0,1,0,1,0,1,1,0,0,0,0,1.0,0.0,0.0,0.0,0.0,49.17,0.7077,1,1,52527,0,YES,1,3,100.0
354,301,SOCIAL_EXPLORER,1,0,1,0,1,0,1,0,0,0,0,0.5,0.0,0.0,0.0,0.0,33.33,0.5036,1,1,30027,1,SAVE_ONLY,0,1,63.84
25,991,SOCIAL_EXPLORER,1,0,1,0,1,0,1,1,0,0,0,0.5,0.1667,0.0,0.0,0.0,36.67,0.5407,1,1,40130,1,SAVE_ONLY,0,1,70.72
338,755,SOCIAL_EXPLORER,0,0,0,1,1,1,1,1,0,0,0,0.5,0.25,0.0,0.0,0.0,50.0,0.6894,1,1,38306,1,YES,0,2,100.0
909,187,BUDGET_CONSCIOUS,2,0,0,0,1,1,1,0,0,0,0,0.5,0.0,0.0,0.0,0.0,33.33,0.0,1,0,0,0,NO,0,0,15.33
99,859,BUDGET_CONSCIOUS,0,2,1,1,0,0,1,1,0,0,0,1.0,0.25,0.0,0.0,0.0,42.5,0.5169,0,0,0,1,SAVE_ONLY,0,1,54.5
874,589,SELECTIVE_PLANNER,0,1,1,1,0,0,1,1,0,0,0,0.5,0.1667,0.0,0.0,0.0,36.67,0.1564,1,1,17872,0,NO,0,0,32.93
325,191,SOCIAL_EXPLORER,1,2,0,0,0,1,1,1,1,0,0,1.0,0.3333,0.5,0.0,0.0,49.17,0.838,1,1,46834,0,YES,1,3,100.0
175,676,SPONTANEOUS_ADVENTURER,0,1,1,1,0,0,2,2,1,1,1,0.6667,0.5,1.0,1.0,1.0,71.67,1.0,1,1,63085,0,YES,1,3,100.0
581,564,SOCIAL_EXPLORER,1,2,0,0,0,1,1,0,0,0,0,0.25,0.0,0.0,0.0,0.0,22.5,0.5193,1,1,28456,0,NO,0,1,22.46
53,290,CAUTIOUS_INTROVERT,1,2,1,0,0,0,1,0,0,0,0,0.5,0.0,0.0,0.0,0.0,21.67,0.3299,0,0,0,0,NO,0,0,3.67
102,286,BUDGET_CONSCIOUS,0,0,2,1,1,0,1,0,0,0,0,1.0,0.0,0.0,0.0,0.0,43.33,0.7179,1,1,45688,0,YES,1,3,100.0
150,822,BUDGET_CONSCIOUS,2,2,1,0,0,0,1,3,1,1,1,0.3333,0.75,1.0,1.0,1.0,52.5,0.3101,0,0,0,0,NO,0,0,34.5
513,880,CAUTIOUS_INTROVERT,1,0,0,0,1,1,1,1,0,0,0,1.0,0.125,0.0,0.0,0.0,51.67,0.5623,1,0,0,1,SAVE_ONLY,0,1,63.67
994,64,CAUTIOUS_INTROVERT,0,1,0,1,0,1,1,1,0,0,0,0.5,0.1429,0.0,0.0,0.0,42.02,0.5306,1,1,35846,1,SAVE_ONLY,0,1,74.57
50,397,SOCIAL_EXPLORER,1,0,1,0,1,0,1,0,0,0,0,1.0,0.0,0.0,0.0,0.0,43.33,0.6567,1,1,39748,0,YES,0,2,87.24
253,917,SPONTANEOUS_ADVENTURER,1,1,1,0,0,0,1,1,0,0,0,1.0,0.2,0.0,0.0,0.0,41.5,0.5413,1,0,0,0,NO,0,0,23.5
398,751,SELECTIVE_PLANNER,1,0,1,0,1,0,1,1,0,0,1,1.0,0.2,0.0,0.0,1.0,52.33,0.6548,1,0,0,1,YES,0,2,86.33
894,447,SPONTANEOUS_ADVENTURER,1,0,1,0,1,0,1,2,0,0,0,0.5,0.4,0.0,0.0,0.0,41.33,0.6443,1,1,42466,1,YES,0,2,98.19
119,570,SOCIAL_EXPLORER,2,1,1,0,0,0,1,1,0,1,0,0.5,0.2,0.0,1.0,0.0,35.67,0.5876,1,1,42539,1,SAVE_ONLY,0,1,70.56
621,225,CAUTIOUS_INTROVERT,1,1,1,0,0,0,1,1,1,0,1,0.3333,0.1667,1.0,0.0,1.0,42.5,0.2118,0,0,0,0,NO,0,0,24.5
83,705,BUDGET_CONSCIOUS,1,1,0,0,0,1,1,3,2,1,1,0.3333,0.75,1.0,1.0,1.0,70.0,0.5597,0,0,0,1,SAVE_ONLY,0,1,82.0
177,915,BUDGET_CONSCIOUS,1,1,0,0,0,1,1,0,1,1,1,1.0,0.0,0.3333,1.0,1.0,61.67,0.645,0,0,0,1,YES,0,2,95.67
788,349,SPONTANEOUS_ADVENTURER,0,0,1,1,1,0,1,0,0,0,0,1.0,0.0,0.0,0.0,0.0,49.17,0.7363,1,1,40970,0,YES,1,3,100.0
395,500,SELECTIVE_PLANNER,0,1,0,1,0,1,1,2,1,1,1,0.3333,0.5,1.0,1.0,1.0,70.83,0.6258,1,1,41664,1,YES,0,2,100.0
831,197,CAUTIOUS_INTROVERT,1,0,2,0,1,0,1,1,1,0,0,0.5,0.1429,0.5,0.0,0.0,35.36,0.0802,0,0,0,0,NO,0,0,17.36
661,136,SOCIAL_EXPLORER,0,2,1,1,0,0,1,0,0,0,0,1.0,0.0,0.0,0.0,0.0,37.5,0.6883,1,1,47617,0,YES,0,2,84.17
766,60,SPONTANEOUS_ADVENTURER,0,2,0,1,0,1,1,1,2,0,1,1.0,0.25,1.0,0.0,1.0,63.33,0.5866,1,0,0,1,SAVE_ONLY,0,1,75.33
308,578,CAUTIOUS_INTROVERT,1,0,1,0,1,0,1,0,0,0,0,0.5,0.0,0.0,0.0,0.0,33.33,0.2168,0,0,0,0,NO,0,0,15.33
414,403,CAUTIOUS_INTROVERT,1,1,1,0,0,0,1,2,1,0,1,1.0,0.5,1.0,0.0,1.0,62.5,0.6823,1,1,48004,0,YES,0,2,100.0
300,148,SOCIAL_EXPLORER,0,1,1,1,0,0,1,0,0,0,0,1.0,0.0,0.0,0.0,0.0,43.33,0.6704,0,0,0,1,YES,0,2,77.33
890,831,SPONTANEOUS_ADVENTURER,0,0,1,1,1,0,1,1,1,0,0,0.5,0.2,0.5,0.0,0.0,48.17,0.6395,1,1,39485,0,YES,0,2,91.99
394,211,BUDGET_CONSCIOUS,1,1,0,0,0,1,1,2,1,0,0,0.5,0.5,1.0,0.0,0.0,53.33,0.4771,1,1,34186,0,NO,0,1,55.3
418,696,SOCIAL_EXPLORER,0,1,0,1,0,1,1,1,0,0,0,0.5,0.1667,0.0,0.0,0.0,42.5,0.7405,1,1,46787,1,YES,1,3,100.0
122,133,BUDGET_CONSCIOUS,0,1,0,1,0,1,1,2,1,1,0,0.5,0.5,0.5,1.0,0.0,64.17,0.8785,1,1,46375,0,YES,1,3,100.0
439,553,BUDGET_CONSCIOUS,0,1,1,1,0,0,1,1,0,0,0,1.0,0.125,0.0,0.0,0.0,45.83,0.6545,1,1,38487,1,YES,0,2,100.0
591,599,SOCIAL_EXPLORER,0,1,1,1,0,0,1,1,1,0,0,0.5,0.1667,0.5,0.0,0.0,41.67,0.4816,0,0,0,0,NO,0,0,23.67
815,356,SOCIAL_EXPLORER,0,2,1,1,0,0,1,3,0,0,1,0.5,0.5,0.0,0.0,1.0,42.5,0.6762,1,1,44814,1,YES,0,2,100.0
479,420,SOCIAL_EXPLORER,0,0,1,1,1,0,2,3,1,1,0,1.0,0.75,0.5,1.0,0.0,79.17,0.9753,1,1,53351,1,YES,1,3,100.0
939,414,BUDGET_CONSCIOUS,1,0,1,0,1,0,1,1,0,0,1,1.0,0.3333,0.0,0.0,1.0,55.0,0.6667,1,1,35224,1,YES,0,2,100.0
50,335,SOCIAL_EXPLORER,1,1,1,0,0,0,1,0,0,0,0,1.0,0.0,0.0,0.0,0.0,37.5,0.6316,1,1,35340,0,YES,0,2,79.87
848,863,SOCIAL_EXPLORER,2,2,0,0,0,1,1,2,0,0,0,0.3333,0.2857,0.0,0.0,0.0,24.05,0.5726,1,1,31977,1,SAVE_ONLY,0,1,55.24
820,649,SELECTIVE_PLANNER,2,1,1,0,0,0,1,0,0,0,0,0.5,0.0,0.0,0.0,0.0,21.67,0.1565,0,0,0,0,NO,0,0,3.67
58,426,CAUTIOUS_INTROVERT,1,2,1,0,0,0,1,4,1,1,1,1.0,1.0,0.5,1.0,1.0,71.67,0.9049,1,1,62689,0,YES,1,3,100.0
977,97,SELECTIVE_PLANNER,1,0,1,0,1,0,1,0,0,0,0,1.0,0.0,0.0,0.0,0.0,43.33,0.5706,0,0,0,1,SAVE_ONLY,0,1,55.33
606,664,CAUTIOUS_INTROVERT,0,0,0,1,1,1,1,1,0,0,0,0.5,0.1667,0.0,0.0,0.0,48.33,0.4773,1,0,0,1,SAVE_ONLY,0,1,60.33
671,36,BUDGET_CONSCIOUS,2,0,0,0,1,1,1,2,0,1,0,0.3333,0.6667,0.0,1.0,0.0,53.33,0.2543,0,0,0,0,NO,0,0,35.33
441,47,SOCIAL_EXPLORER,0,1,0,1,0,1,1,1,2,1,0,0.5,0.1667,1.0,1.0,0.0,62.5,0.9167,1,1,54340,0,YES,1,3,100.0
591,936,SOCIAL_EXPLORER,0,0,1,1,1,0,1,3,1,1,1,1.0,0.75,1.0,1.0,1.0,89.17,0.9696,1,1,60590,1,YES,1,3,100.0
273,565,SOCIAL_EXPLORER,1,0,1,0,1,0,1,0,0,0,0,0.5,0.0,0.0,0.0,0.0,33.33,0.6053,1,1,34495,1,SAVE_ONLY,0,1,65.4
794,454,SELECTIVE_PLANNER,1,0,0,0,1,1,1,0,0,0,0,0.5,0.0,0.0,0.0,0.0,39.17,0.5158,1,0,0,1,SAVE_ONLY,0,1,51.17
532,155,SELECTIVE_PLANNER,0,2,0,1,0,1,1,0,0,0,1,0.5,0.0,0.0,0.0,1.0,38.33,0.217,1,0,0,0,NO,0,0,20.33
811,74,SOCIAL_EXPLORER,0,0,0,1,1,1,1,1,1,0,0,0.5,0.1429,0.5,0.0,0.0,52.86,0.6384,1,0,0,1,YES,0,2,86.86
434,812,SELECTIVE_PLANNER,1,0,0,0,1,1,1,0,2,1,0,1.0,0.0,1.0,1.0,0.0,69.17,0.8221,1,0,0,0,YES,1,3,100.0
173,201,BUDGET_CONSCIOUS,0,1,2,1,0,0,1,4,1,1,0,0.5,1.0,0.5,1.0,0.0,62.5,0.6331,0,0,0,1,YES,0,2,96.5
734,910,SOCIAL_EXPLORER,2,1,2,0,0,0,1,1,0,0,0,0.3333,0.1667,0.0,0.0,0.0,15.83,0.0,0,0,0,0,NO,0,0,0.0
156,469,SOCIAL_EXPLORER,1,0,1,0,1,0,1,1,1,0,0,0.5,0.2,1.0,0.0,0.0,47.33,0.6405,1,1,38990,0,YES,0,2,90.98
873,556,SOCIAL_EXPLORER,2,1,1,0,0,0,1,1,0,0,0,0.5,0.2,0.0,0.0,0.0,25.67,0.5707,1,1,37695,0,NO,0,1,28.86
225,343,BUDGET_CONSCIOUS,1,2,0,0,0,1,1,1,1,1,1,0.5,0.1667,1.0,1.0,1.0,55.83,0.4908,1,1,27009,1,SAVE_ONLY,0,1,85.28
698,940,SOCIAL_EXPLORER,1,2,1,0,0,0,1,3,1,1,1,0.3333,0.75,0.5,1.0,1.0,53.33,0.7472,1,1,45993,1,YES,1,3,100.0
179,944,CAUTIOUS_INTROVERT,1,1,0,0,0,1,1,1,1,1,0,1.0,0.2,1.0,1.0,0.0,67.33,0.6742,1,1,47478,0,YES,0,2,100.0
796,884,SOCIAL_EXPLORER,0,1,2,1,0,0,1,1,1,0,0,1.0,0.2,1.0,0.0,0.0,51.5,0.4331,0,0,0,1,SAVE_ONLY,0,1,63.5
23,32,BUDGET_CONSCIOUS,1,2,0,0,0,1,2,0,1,0,0,0.6667,0.0,0.5,0.0,0.0,35.83,0.3404,1,1,32142,0,NO,0,1,37.08
331,154,CAUTIOUS_INTROVERT,0,1,1,1,0,0,1,0,0,0,0,0.5,0.0,0.0,0.0,0.0,33.33,0.2049,0,0,0,0,NO,0,0,15.33
1013,282,CAUTIOUS_INTROVERT,1,0,2,0,1,0,1,0,0,0,0,0.5,0.0,0.0,0.0,0.0,27.5,0.1801,0,0,0,0,NO,0,0,9.5
603,776,SOCIAL_EXPLORER,1,1,0,0,0,1,1,0,0,0,0,0.5,0.0,0.0,0.0,0.0,33.33,0.6523,0,0,0,1,YES,0,2,67.33
517,287,SPONTANEOUS_ADVENTURER,2,1,0,0,0,1,1,0,0,0,1,0.5,0.0,0.0,0.0,1.0,32.5,0.6318,1,0,0,1,YES,0,2,66.5
592,277,CAUTIOUS_INTROVERT,0,0,0,1,1,1,1,0,0,1,0,1.0,0.0,0.0,1.0,0.0,65.0,0.7697,1,0,0,1,YES,1,3,100.0
155,163,SPONTANEOUS_ADVENTURER,1,1,1,0,0,0,1,0,1,0,0,0.5,0.0,0.5,0.0,0.0,32.5,0.5818,1,1,33971,0,NO,0,1,34.39
352,309,SOCIAL_EXPLORER,1,1,0,0,0,1,1,0,0,0,1,0.5,0.0,0.0,0.0,1.0,38.33,0.6655,1,1,36266,0,YES,0,2,81.02
137,763,BUDGET_CONSCIOUS,1,0,0,0,1,1,1,1,0,0,0,1.0,0.1667,0.0,0.0,0.0,52.5,0.6607,1,1,40455,0,YES,0,2,96.66
617,308,SPONTANEOUS_ADVENTURER,0,2,1,1,0,0,1,1,0,0,1,1.0,0.2,0.0,0.0,1.0,46.5,0.6639,1,1,39548,0,YES,0,2,90.34
29,161,SOCIAL_EXPLORER,0,0,1,1,1,0,1,1,0,0,0,0.3333,0.2,0.0,0.0,0.0,39.83,0.672,1,0,0,0,YES,0,2,61.83
459,158,PASSIVE_BROWSER,1,1,0,0,0,1,1,1,0,0,0,0.3333,0.1667,0.0,0.0,0.0,33.33,0.1832,0,0,0,0,NO,0,0,15.33
492,529,BUDGET_CONSCIOUS,1,0,0,0,1,1,1,0,1,0,0,1.0,0.0,1.0,0.0,0.0,59.17,0.7069,1,1,44034,0,YES,1,3,100.0
513,982,CAUTIOUS_INTROVERT,2,1,1,0,0,0,1,1,0,0,0,0.3333,0.1429,0.0,0.0,0.0,21.19,0.1835,0,0,0,0,NO,0,0,3.19
131,234,CAUTIOUS_INTROVERT,1,0,1,0,1,0,1,2,2,1,1,0.3333,0.3333,1.0,1.0,1.0,61.67,0.6551,0,0,0,1,YES,0,2,95.67
631,715,BUDGET_CONSCIOUS,1,1,1,0,0,0,2,2,1,1,0,1.0,0.3333,1.0,1.0,0.0,64.17,0.6212,1,1,42782,0,YES,0,2,100.0
712,874,BUDGET_CONSCIOUS,1,1,1,0,0,0,1,1,1,1,0,0.3333,0.25,1.0,1.0,0.0,49.17,0.4855,0,0,0,1,SAVE_ONLY,0,1,61.17
135,417,SOCIAL_EXPLORER,0,1,1,1,0,0,1,3,1,1,0,1.0,0.75,1.0,1.0,0.0,78.33,0.9153,1,1,48501,0,SUPER_LIKE,1,3,100.0
85,104,SPONTANEOUS_ADVENTURER,1,0,1,0,1,0,1,1,0,0,0,0.5,0.1667,0.0,0.0,0.0,36.67,0.6447,1,1,40894,1,YES,0,2,92.98
457,765,SOCIAL_EXPLORER,1,2,0,0,0,1,1,0,0,0,0,0.3333,0.0,0.0,0.0,0.0,24.17,0.3079,1,0,0,0,NO,0,0,6.17
81,938,SOCIAL_EXPLORER,2,0,0,0,1,1,1,0,1,0,0,0.5,0.0,0.5,0.0,0.0,38.33,0.623,1,1,37493,0,YES,0,2,81.45
449,251,SOCIAL_EXPLORER,2,1,1,0,0,0,1,2,1,0,0,1.0,0.4,1.0,0.0,0.0,49.67,0.6962,0,0,0,1,YES,0,2,83.67
678,673,BUDGET_CONSCIOUS,0,0,1,1,1,0,1,2,1,0,1,0.5,0.4,1.0,0.0,1.0,62.17,0.761,1,0,0,0,YES,1,3,100.0
178,635,BUDGET_CONSCIOUS,0,2,0,1,0,1,1,1,1,0,1,0.3333,0.3333,1.0,0.0,1.0,51.67,0.5674,1,1,43906,1,SAVE_ONLY,0,1,87.04
986,340,BUDGET_CONSCIOUS,1,1,0,0,0,1,1,0,1,0,0,1.0,0.0,0.5,0.0,0.0,48.33,0.5669,1,1,44089,0,NO,0,1,53.76
895,67,SPONTANEOUS_ADVENTURER,1,1,1,0,0,0,1,1,1,0,0,0.5,0.2,1.0,0.0,0.0,41.5,0.637,1,0,0,0,YES,0,2,63.5
399,359,SPONTANEOUS_ADVENTURER,0,1,1,1,0,0,1,1,1,1,1,0.5,0.3333,0.5,1.0,1.0,60.0,0.824,0,0,0,0,YES,1,3,100.0
148,537,SOCIAL_EXPLORER,1,1,0,0,0,1,1,0,0,0,0,0.5,0.0,0.0,0.0,0.0,33.33,0.4552,0,0,0,1,SAVE_ONLY,0,1,45.33
955,423,BUDGET_CONSCIOUS,1,1,1,0,0,0,1,1,0,0,0,0.5,0.1667,0.0,0.0,0.0,30.83,0.2967,0,0,0,0,NO,0,0,12.83
86,881,SOCIAL_EXPLORER,1,1,2,0,0,0,1,0,0,0,0,0.5,0.0,0.0,0.0,0.0,21.67,0.2233,0,0,0,0,NO,0,0,3.67
203,138,SOCIAL_EXPLORER,2,1,1,0,0,0,1,1,0,1,0,1.0,0.1667,0.0,1.0,0.0,45.0,0.6366,0,0,0,0,YES,0,2,67.0
335,276,SPONTANEOUS_ADVENTURER,1,1,1,0,0,0,1,2,1,1,1,0.5,0.6667,0.5,1.0,1.0,60.83,0.8972,1,1,54177,0,YES,1,3,100.0
214,733,BUDGET_CONSCIOUS,1,1,0,0,0,1,1,3,0,1,0,0.5,1.0,0.0,1.0,0.0,63.33,0.7798,1,0,0,1,YES,1,3,100.0
430,68,CAUTIOUS_INTROVERT,0,1,1,1,0,0,1,1,0,1,0,0.5,0.2,0.0,1.0,0.0,47.33,0.5253,1,1,32077,1,SAVE_ONLY,0,1,78.56
863,190,BUDGET_CONSCIOUS,1,1,0,0,0,1,1,2,1,0,1,1.0,0.3333,1.0,0.0,1.0,65.0,0.6594,1,1,35369,0,YES,0,2,100.0
56,272,BUDGET_CONSCIOUS,0,1,1,1,0,0,1,0,1,0,0,0.5,0.0,0.5,0.0,0.0,38.33,0.6643,1,0,0,1,YES,0,2,72.33
120,348,SOCIAL_EXPLORER,0,0,0,1,1,1,1,0,0,0,1,1.0,0.0,0.0,0.0,1.0,60.0,0.6569,0,0,0,0,YES,0,2,82.0
609,639,BUDGET_CONSCIOUS,1,1,0,0,0,1,2,2,1,1,0,1.0,0.3333,0.5,1.0,0.0,65.0,0.5158,0,0,0,1,SAVE_ONLY,0,1,77.0
575,357,BUDGET_CONSCIOUS,0,1,0,1,0,1,1,0,0,0,0,0.5,0.0,0.0,0.0,0.0,39.17,0.5606,1,1,43542,0,NO,0,1,44.41
812,588,BUDGET_CONSCIOUS,1,1,0,0,0,1,1,0,0,0,0,1.0,0.0,0.0,0.0,0.0,43.33,0.3511,0,0,0,0,NO,0,0,25.33
534,752,SOCIAL_EXPLORER,1,1,1,0,0,0,2,3,2,1,1,1.0,0.75,1.0,1.0,1.0,77.5,0.9567,1,0,0,0,SUPER_LIKE,1,3,100.0
587,497,SOCIAL_EXPLORER,0,1,1,1,0,0,1,0,0,0,0,0.5,0.0,0.0,0.0,0.0,33.33,0.6121,1,1,46340,1,SAVE_ONLY,0,1,69.55
590,280,SOCIAL_EXPLORER,0,0,2,1,1,0,1,1,0,0,0,1.0,0.1667,0.0,0.0,0.0,46.67,0.4923,1,1,27414,0,NO,0,1,46.26
544,178,BUDGET_CONSCIOUS,0,2,0,1,0,1,1,1,0,0,0,1.0,0.25,0.0,0.0,0.0,48.33,0.6704,1,0,0,0,YES,0,2,70.33
186,476,SOCIAL_EXPLORER,1,1,1,0,0,0,1,1,0,0,0,1.0,0.1667,0.0,0.0,0.0,40.83,0.6067,1,1,32294,0,NO,0,1,42.13
255,185,CAUTIOUS_INTROVERT,1,1,0,0,0,1,1,0,1,0,1,0.5,0.0,0.5,0.0,1.0,43.33,0.425,1,0,0,1,SAVE_ONLY,0,1,55.33
603,186,PASSIVE_BROWSER,0,1,1,1,0,0,1,0,0,0,1,0.5,0.0,0.0,0.0,1.0,38.33,0.2785,0,0,0,0,NO,0,0,20.33
362,985,SOCIAL_EXPLORER,1,2,0,0,0,1,1,1,1,0,0,0.5,0.1667,0.5,0.0,0.0,35.83,0.6253,1,1,33928,1,YES,0,2,89.7
218,924,SOCIAL_EXPLORER,0,2,1,1,0,0,1,0,0,0,1,1.0,0.0,0.0,0.0,1.0,42.5,0.7489,1,1,45532,1,YES,1,3,100.0
166,884,BUDGET_CONSCIOUS,1,1,1,0,0,0,1,1,0,0,0,0.5,0.25,0.0,0.0,0.0,32.5,0.2438,0,0,0,0,NO,0,0,14.5
1003,107,BUDGET_CONSCIOUS,1,1,1,0,0,0,1,0,2,1,0,1.0,0.0,1.0,1.0,0.0,57.5,0.6965,1,1,47921,0,YES,0,2,100.0
800,212,CAUTIOUS_INTROVERT,2,0,0,0,1,1,1,1,0,1,0,1.0,0.2,0.0,1.0,0.0,57.33,0.456,0,0,0,1,SAVE_ONLY,0,1,69.33
1002,700,CAUTIOUS_INTROVERT,1,1,2,0,0,0,1,0,1,1,1,0.3333,0.0,0.3333,1.0,1.0,36.67,0.2281,0,0,0,0,NO,0,0,18.67
746,489,SOCIAL_EXPLORER,0,1,0,1,0,1,1,1,1,1,0,1.0,0.1667,1.0,1.0,0.0,72.5,0.9265,1,1,61947,1,YES,1,3,100.0
162,692,SPONTANEOUS_ADVENTURER,1,1,0,0,0,1,1,1,0,0,0,1.0,0.25,0.0,0.0,0.0,48.33,0.8774,1,1,54539,0,SUPER_LIKE,1,3,100.0
924,279,SELECTIVE_PLANNER,1,0,0,0,1,1,1,1,1,1,0,0.5,0.2,1.0,1.0,0.0,63.17,0.7477,1,1,41432,0,YES,1,3,100.0
766,269,SPONTANEOUS_ADVENTURER,1,1,1,0,0,0,1,2,2,0,1,1.0,0.4,1.0,0.0,1.0,60.5,0.7992,1,0,0,1,YES,1,3,100.0
42,119,CAUTIOUS_INTROVERT,1,1,2,0,0,0,1,0,0,0,0,0.5,0.0,0.0,0.0,0.0,21.67,0.0,0,0,0,0,NO,0,0,3.67
376,80,CAUTIOUS_INTROVERT,1,2,0,0,0,1,1,4,1,1,1,0.25,0.8,0.5,1.0,1.0,58.5,0.8128,1,1,55356,0,YES,1,3,100.0
506,778,SOCIAL_EXPLORER,0,0,1,1,1,0,1,0,0,0,0,1.0,0.0,0.0,0.0,0.0,49.17,0.6473,1,1,41927,0,YES,0,2,93.84
297,635,BUDGET_CONSCIOUS,0,1,1,1,0,0,1,0,1,0,1,0.3333,0.0,1.0,0.0,1.0,45.0,0.6758,1,1,38715,1,YES,0,2,100.0
113,352,CAUTIOUS_INTROVERT,0,2,2,1,0,0,2,0,0,0,1,1.0,0.0,0.0,0.0,1.0,36.67,0.2984,1,0,0,0,NO,0,0,18.67
292,174,SELECTIVE_PLANNER,0,0,0,1,1,1,1,2,1,1,1,0.5,0.5,0.5,1.0,1.0,75.0,1.0,1,1,55049,0,SUPER_LIKE,1,3,100.0
783,645,SPONTANEOUS_ADVENTURER,0,1,0,1,0,1,1,0,0,0,0,1.0,0.0,0.0,0.0,0.0,49.17,0.5243,1,1,28026,1,SAVE_ONLY,0,1,78.98
114,649,CAUTIOUS_INTROVERT,1,0,2,0,1,0,1,0,0,0,0,0.5,0.0,0.0,0.0,0.0,27.5,0.0802,1,0,0,0,NO,0,0,9.5
526,804,BUDGET_CONSCIOUS,0,0,1,1,1,0,1,1,0,1,0,1.0,0.1429,0.0,1.0,0.0,62.02,0.7779,1,1,56112,0,YES,1,3,100.0
387,1019,BUDGET_CONSCIOUS,1,0,1,0,1,0,0,0,0,0,0,0.0,0.0,0.0,0.0,0.0,23.33,0.2601,1,1,12675,0,NO,0,0,17.77
211,520,SPONTANEOUS_ADVENTURER,1,0,1,0,1,0,1,1,1,0,0,0.3333,0.25,1.0,0.0,0.0,45.0,0.7107,1,1,51261,0,YES,1,3,100.0
601,950,SELECTIVE_PLANNER,1,0,0,0,1,1,1,1,0,0,0,1.0,0.25,0.0,0.0,0.0,54.17,0.8217,1,1,53092,0,YES,1,3,100.0
591,898,SOCIAL_EXPLORER,1,0,2,0,1,0,1,2,1,1,0,0.5,0.5,1.0,1.0,0.0,57.5,0.669,1,1,42504,1,YES,0,2,100.0
39,780,SOCIAL_EXPLORER,1,0,1,0,1,0,1,1,0,0,0,1.0,0.2,0.0,0.0,0.0,47.33,0.626,1,0,0,0,YES,0,2,69.33
802,936,BUDGET_CONSCIOUS,1,0,0,0,1,1,1,0,1,0,0,0.5,0.0,1.0,0.0,0.0,49.17,0.4227,0,0,0,0,NO,0,0,31.17
332,176,SOCIAL_EXPLORER,0,0,1,1,1,0,1,0,1,0,0,1.0,0.0,0.5,0.0,0.0,54.17,0.6544,1,1,44507,1,YES,0,2,100.0
335,823,SPONTANEOUS_ADVENTURER,0,0,0,1,1,1,1,2,2,1,1,1.0,0.6667,1.0,1.0,1.0,93.33,1.0,1,1,55646,1,YES,1,3,100.0
797,911,SPONTANEOUS_ADVENTURER,0,2,1,1,0,0,1,0,0,0,0,1.0,0.0,0.0,0.0,0.0,37.5,0.4314,0,0,0,0,NO,0,0,19.5
579,86,SOCIAL_EXPLORER,1,0,0,0,1,1,1,1,1,0,1,0.5,0.2,1.0,0.0,1.0,58.17,0.6336,1,0,0,0,YES,0,2,80.17
853,796,SOCIAL_EXPLORER,0,0,0,1,1,1,1,1,0,0,1,1.0,0.2,0.0,0.0,1.0,64.0,0.9462,1,1,59662,0,YES,1,3,100.0
960,436,SELECTIVE_PLANNER,0,2,1,1,0,0,1,0,0,1,1,0.5,0.0,0.0,1.0,1.0,42.5,0.31,0,0,0,0,NO,0,0,24.5
245,993,SPONTANEOUS_ADVENTURER,1,1,1,0,0,0,1,1,0,1,0,0.5,0.1429,0.0,1.0,0.0,40.36,0.773,1,1,47035,1,YES,1,3,100.0
218,35,SOCIAL_EXPLORER,1,1,2,0,0,0,1,1,0,0,0,0.5,0.2,0.0,0.0,0.0,25.67,0.2783,1,1,17976,0,NO,0,0,21.96
126,119,CAUTIOUS_INTROVERT,0,0,2,1,1,0,1,1,1,0,0,1.0,0.25,1.0,0.0,0.0,58.33,0.3523,1,1,32402,0,NO,0,1,59.67
978,796,BUDGET_CONSCIOUS,1,0,2,0,1,0,1,3,1,1,1,0.5,0.6,0.5,1.0,1.0,59.5,0.5507,0,0,0,1,SAVE_ONLY,0,1,71.5
537,872,SPONTANEOUS_ADVENTURER,0,0,1,1,1,0,1,0,0,0,0,0.3333,0.0,0.0,0.0,0.0,35.83,0.6367,1,0,0,0,YES,0,2,57.83
559,278,SOCIAL_EXPLORER,1,1,1,0,0,0,1,2,0,0,1,1.0,0.3333,0.0,0.0,1.0,49.17,0.7474,1,0,0,0,YES,1,3,100.0
632,1003,SPONTANEOUS_ADVENTURER,2,1,0,0,0,1,1,0,0,0,0,1.0,0.0,0.0,0.0,0.0,37.5,0.6861,1,0,0,1,YES,0,2,71.5
939,983,PASSIVE_BROWSER,2,1,0,0,0,1,1,0,0,0,0,1.0,0.0,0.0,0.0,0.0,37.5,0.2237,0,0,0,0,NO,0,0,19.5
90,341,SOCIAL_EXPLORER,1,2,2,0,0,0,1,3,0,0,1,0.5,0.6,0.0,0.0,1.0,32.83,0.4219,1,1,21714,1,SAVE_ONLY,0,1,60.43
440,183,SOCIAL_EXPLORER,0,1,2,1,0,0,1,2,1,1,1,0.5,0.5,1.0,1.0,1.0,62.5,0.6878,1,1,48710,0,YES,0,2,100.0
993,681,SOCIAL_EXPLORER,1,2,1,0,0,0,1,1,0,0,0,0.5,0.1111,0.0,0.0,0.0,23.89,0.4529,1,1,23149,0,NO,0,1,21.99
578,454,SELECTIVE_PLANNER,1,0,0,0,1,1,1,1,0,1,1,0.5,0.25,0.0,1.0,1.0,59.17,0.8683,1,1,45837,0,YES,1,3,100.0
334,987,BUDGET_CONSCIOUS,1,1,2,0,0,0,1,0,0,0,0,0.5,0.0,0.0,0.0,0.0,21.67,0.1322,1,1,6990,0,NO,0,0,14.12
957,372,SOCIAL_EXPLORER,0,1,0,1,0,1,1,1,0,0,0,0.3333,0.2,0.0,0.0,0.0,39.83,0.6499,1,1,40672,0,YES,0,2,84.07
583,403,BUDGET_CONSCIOUS,0,1,1,1,0,0,1,1,0,0,0,0.5,0.2,0.0,0.0,0.0,37.33,0.4568,0,0,0,1,SAVE_ONLY,0,1,49.33
646,85,CAUTIOUS_INTROVERT,1,0,1,0,1,0,1,0,0,0,0,0.5,0.0,0.0,0.0,0.0,33.33,0.3997,1,1,29498,0,NO,0,1,33.65
592,715,BUDGET_CONSCIOUS,0,1,1,1,0,0,1,1,0,0,0,0.5,0.1429,0.0,0.0,0.0,36.19,0.6202,1,0,0,1,YES,0,2,70.19
930,592,SPONTANEOUS_ADVENTURER,1,1,0,0,0,1,1,1,0,1,0,1.0,0.1429,0.0,1.0,0.0,56.19,0.958,1,1,52699,0,SUPER_LIKE,1,3,100.0
735,474,SOCIAL_EXPLORER,1,1,2,0,0,0,1,2,2,1,0,0.3333,0.2857,1.0,1.0,0.0,44.05,0.4319,0,0,0,1,SAVE_ONLY,0,1,56.05
373,140,SOCIAL_EXPLORER,1,1,1,0,0,0,1,0,0,0,0,1.0,0.0,0.0,0.0,0.0,37.5,0.7189,0,0,0,1,YES,1,3,100.0
650,142,SOCIAL_EXPLORER,0,0,0,1,1,1,1,1,0,0,0,0.5,0.125,0.0,0.0,0.0,47.5,0.6897,1,1,37727,0,YES,0,2,90.7
777,832,SPONTANEOUS_ADVENTURER,0,0,1,1,1,0,1,1,0,0,0,1.0,0.25,0.0,0.0,0.0,54.17,0.6832,1,1,37929,1,YES,0,2,100.0
748,632,BUDGET_CONSCIOUS,2,1,1,0,0,0,1,0,0,0,0,0.5,0.0,0.0,0.0,0.0,21.67,0.0,0,0,0,0,NO,0,0,3.67
238,330,SOCIAL_EXPLORER,1,0,1,0,1,0,1,1,1,0,0,0.5,0.2,1.0,0.0,0.0,47.33,0.7881,1,1,46090,1,YES,1,3,100.0
37,518,SOCIAL_EXPLORER,1,2,1,0,0,0,1,0,0,0,0,0.5,0.0,0.0,0.0,0.0,21.67,0.454,0,0,0,1,SAVE_ONLY,0,1,33.67
222,449,CAUTIOUS_INTROVERT,1,1,1,0,0,0,1,3,1,0,0,1.0,0.6,1.0,0.0,0.0,59.5,0.8122,1,1,55141,1,YES,1,3,100.0
316,177,BUDGET_CONSCIOUS,0,2,2,1,0,0,1,0,0,1,0,1.0,0.0,0.0,1.0,0.0,41.67,0.7075,1,1,45648,1,YES,1,3,100.0
203,391,SOCIAL_EXPLORER,0,0,1,1,1,0,1,1,0,0,0,0.5,0.1667,0.0,0.0,0.0,42.5,0.5569,1,1,29667,0,NO,0,1,42.88
575,117,SELECTIVE_PLANNER,1,0,1,0,1,0,1,0,0,0,0,0.3333,0.0,0.0,0.0,0.0,30.0,0.5615,1,0,0,1,SAVE_ONLY,0,1,42.0
270,729,SOCIAL_EXPLORER,0,2,0,1,0,1,1,2,1,0,0,0.5,0.3333,1.0,0.0,0.0,50.0,0.6246,1,1,36695,1,YES,0,2,100.0
996,768,SPONTANEOUS_ADVENTURER,1,0,1,0,1,0,1,1,0,1,0,0.5,0.1667,0.0,1.0,0.0,46.67,0.6355,1,0,0,1,YES,0,2,80.67
410,876,BUDGET_CONSCIOUS,0,1,1,1,0,0,1,1,1,1,0,1.0,0.1667,1.0,1.0,0.0,66.67,0.8727,1,0,0,0,SUPER_LIKE,1,3,100.0
234,426,BUDGET_CONSCIOUS,0,0,0,1,1,1,1,0,0,0,0,0.3333,0.0,0.0,0.0,0.0,41.67,0.6385,0,0,0,0,YES,0,2,63.67
773,428,SOCIAL_EXPLORER,1,0,2,0,1,0,1,2,1,1,0,0.3333,1.0,0.5,1.0,0.0,59.17,0.6308,0,0,0,1,YES,0,2,93.17
832,225,CAUTIOUS_INTROVERT,1,0,2,0,1,0,1,2,1,1,0,0.5,0.5,1.0,1.0,0.0,57.5,0.3755,0,0,0,0,NO,0,0,39.5
270,135,SOCIAL_EXPLORER,0,0,0,1,1,1,1,2,1,1,1,0.5,0.3333,1.0,1.0,1.0,76.67,1.0,1,1,66354,0,YES,1,3,100.0
831,471,CAUTIOUS_INTROVERT,0,0,1,1,1,0,1,0,0,0,0,1.0,0.0,0.0,0.0,0.0,49.17,0.6262,0,0,0,0,YES,0,2,71.17
791,349,BUDGET_CONSCIOUS,1,0,1,0,1,0,1,1,1,1,0,1.0,0.2,1.0,1.0,0.0,67.33,0.6908,0,0,0,1,YES,0,2,100.0
896,588,SOCIAL_EXPLORER,1,1,1,0,0,0,1,3,1,1,1,1.0,0.75,0.5,1.0,1.0,72.5,1.0,1,1,59524,0,SUPER_LIKE,1,3,100.0
599,259,SELECTIVE_PLANNER,0,2,1,1,0,0,1,0,0,0,0,0.5,0.0,0.0,0.0,0.0,27.5,0.1815,0,0,0,0,NO,0,0,9.5
726,621,SPONTANEOUS_ADVENTURER,1,1,0,0,0,1,1,0,0,0,0,0.5,0.0,0.0,0.0,0.0,33.33,0.5641,1,1,29151,1,SAVE_ONLY,0,1,63.53
746,140,SOCIAL_EXPLORER,1,0,1,0,1,0,1,0,0,0,1,1.0,0.0,0.0,0.0,1.0,48.33,0.602,1,1,32498,1,SAVE_ONLY,0,1,79.7
398,944,SPONTANEOUS_ADVENTURER,1,1,1,0,0,0,1,0,0,0,1,1.0,0.0,0.0,0.0,1.0,42.5,0.6963,1,1,50171,0,YES,0,2,90.06
879,172,BUDGET_CONSCIOUS,0,0,1,1,1,0,1,1,0,0,0,0.3333,0.1429,0.0,0.0,0.0,38.69,0.6686,1,1,38135,0,YES,0,2,82.04
100,705,SOCIAL_EXPLORER,1,2,1,0,0,0,1,0,0,0,1,0.3333,0.0,0.0,0.0,1.0,23.33,0.5496,0,0,0,1,SAVE_ONLY,0,1,35.33
78,56,BUDGET_CONSCIOUS,0,2,1,1,0,0,1,2,1,1,1,0.3333,0.5,0.5,1.0,1.0,54.17,0.5462,0,0,0,0,NO,0,0,36.17
130,254,BUDGET_CONSCIOUS,0,1,0,1,0,1,1,0,0,0,0,1.0,0.0,0.0,0.0,0.0,49.17,0.5474,1,1,40544,1,SAVE_ONLY,0,1,83.36
925,945,SPONTANEOUS_ADVENTURER,0,1,0,1,0,1,1,1,0,0,0,0.5,0.125,0.0,0.0,0.0,41.67,0.5526,1,1,40264,1,SAVE_ONLY,0,1,75.76
626,632,SOCIAL_EXPLORER,1,0,1,0,1,0,1,1,0,0,0,1.0,0.2,0.0,0.0,0.0,47.33,0.6548,1,1,38630,1,YES,0,2,100.0
961,223,CAUTIOUS_INTROVERT,1,0,0,0,1,1,1,2,1,1,0,0.5,0.4,1.0,1.0,0.0,67.17,0.8844,0,0,0,0,YES,1,3,100.0
826,595,BUDGET_CONSCIOUS,1,1,2,0,0,0,1,1,1,0,0,1.0,0.2,1.0,0.0,0.0,45.67,0.3143,0,0,0,0,NO,0,0,27.67
636,496,SPONTANEOUS_ADVENTURER,1,2,1,0,0,0,1,0,0,0,0,0.3333,0.0,0.0,0.0,0.0,18.33,0.1916,0,0,0,0,NO,0,0,0.33
26,993,SOCIAL_EXPLORER,1,1,1,0,0,0,1,4,1,1,1,1.0,0.6667,0.5,1.0,1.0,70.83,0.9665,1,1,64201,0,SUPER_LIKE,1,3,100.0
719,926,SPONTANEOUS_ADVENTURER,2,1,1,0,0,0,1,2,1,0,0,0.3333,0.3333,1.0,0.0,0.0,35.0,0.6769,1,1,49838,1,YES,0,2,94.44
210,356,SOCIAL_EXPLORER,0,1,1,1,0,0,1,4,1,1,1,0.5,1.0,1.0,1.0,1.0,78.33,0.9692,1,1,55870,1,YES,1,3,100.0
823,1009,SPONTANEOUS_ADVENTURER,2,0,1,0,1,0,1,1,1,0,0,0.5,0.25,0.5,0.0,0.0,37.5,0.5626,0,0,0,1,SAVE_ONLY,0,1,49.5
947,339,SELECTIVE_PLANNER,2,0,1,0,1,0,1,1,0,0,0,1.0,0.1429,0.0,0.0,0.0,40.36,0.6592,1,1,45222,1,YES,0,2,98.19
1006,627,CAUTIOUS_INTROVERT,1,1,2,0,0,0,1,0,0,0,0,1.0,0.0,0.0,0.0,0.0,31.67,0.2637,0,0,0,0,NO,0,0,13.67
542,284,CAUTIOUS_INTROVERT,1,1,2,0,0,0,1,0,0,0,0,1.0,0.0,0.0,0.0,0.0,31.67,0.1279,0,0,0,0,NO,0,0,13.67
253,854,BUDGET_CONSCIOUS,1,0,0,0,1,1,1,0,0,0,0,1.0,0.0,0.0,0.0,0.0,49.17,0.57,0,0,0,0,NO,0,0,31.17
506,208,SOCIAL_EXPLORER,0,0,1,1,1,0,1,4,2,1,0,0.5,0.8,1.0,1.0,0.0,75.17,1.0,1,1,63992,0,YES,1,3,100.0
412,778,CAUTIOUS_INTROVERT,0,0,1,1,1,0,1,3,1,0,0,1.0,0.6,0.5,0.0,0.0,66.17,0.9122,0,0,0,0,YES,1,3,100.0
915,160,SOCIAL_EXPLORER,1,1,0,0,0,1,1,0,0,1,0,0.5,0.0,0.0,1.0,0.0,43.33,0.7219,1,0,0,0,YES,1,3,95.33
512,846,SOCIAL_EXPLORER,0,1,1,1,0,0,1,1,0,0,1,0.5,0.2,0.0,0.0,1.0,42.33,0.7532,1,1,51776,0,YES,1,3,100.0
118,913,SOCIAL_EXPLORER,2,0,0,0,1,1,1,0,0,0,0,0.3333,0.0,0.0,0.0,0.0,30.0,0.3556,0,0,0,0,NO,0,0,12.0
934,802,BUDGET_CONSCIOUS,2,1,1,0,0,0,1,1,0,0,1,0.5,0.1667,0.0,0.0,1.0,30.0,0.0,0,0,0,0,NO,0,0,12.0
554,655,BUDGET_CONSCIOUS,1,1,2,0,0,0,1,1,1,0,0,1.0,0.2,1.0,0.0,0.0,45.67,0.424,0,0,0,1,SAVE_ONLY,0,1,57.67
52,778,SPONTANEOUS_ADVENTURER,0,0,0,1,1,1,1,1,0,0,0,1.0,0.1429,0.0,0.0,0.0,57.86,0.9108,1,1,48137,0,SUPER_LIKE,1,3,100.0
497,651,CAUTIOUS_INTROVERT,0,1,0,1,0,1,1,0,1,0,0,1.0,0.0,1.0,0.0,0.0,59.17,0.6931,1,1,46634,0,YES,0,2,100.0
303,510,SPONTANEOUS_ADVENTURER,0,1,1,1,0,0,1,0,0,0,0,0.5,0.0,0.0,0.0,0.0,33.33,0.3939,1,1,31031,0,NO,0,1,34.19
436,637,CAUTIOUS_INTROVERT,0,0,0,1,1,1,1,0,0,1,1,1.0,0.0,0.0,1.0,1.0,70.0,0.6514,0,0,0,1,YES,0,2,100.0
100,186,SOCIAL_EXPLORER,1,0,0,0,1,1,1,0,1,0,1,1.0,0.0,1.0,0.0,1.0,64.17,0.8496,1,1,47935,0,SUPER_LIKE,1,3,100.0
954,744,CAUTIOUS_INTROVERT,1,1,2,0,0,0,1,1,1,0,1,1.0,0.25,0.5,0.0,1.0,46.67,0.1656,0,0,0,0,NO,0,0,28.67
324,46,SELECTIVE_PLANNER,0,1,1,1,0,0,1,0,0,0,0,0.5,0.0,0.0,0.0,0.0,33.33,0.0437,0,0,0,0,NO,0,0,15.33
473,353,SOCIAL_EXPLORER,1,0,1,0,1,0,1,0,1,0,0,1.0,0.0,0.5,0.0,0.0,48.33,0.6724,1,0,0,0,YES,0,2,70.33
150,696,BUDGET_CONSCIOUS,1,0,1,0,1,0,1,3,1,0,1,0.3333,0.6,1.0,0.0,1.0,57.0,0.4852,1,0,0,0,NO,0,0,39.0
22,328,SOCIAL_EXPLORER,2,0,1,0,1,0,1,0,2,0,0,1.0,0.0,1.0,0.0,0.0,47.5,0.6671,1,0,0,0,YES,0,2,69.5
663,265,SOCIAL_EXPLORER,0,2,0,1,0,1,1,2,1,0,1,1.0,0.5,1.0,0.0,1.0,68.33,0.8231,1,1,54618,0,YES,1,3,100.0
388,520,SPONTANEOUS_ADVENTURER,1,0,1,0,1,0,1,1,1,0,0,0.5,0.25,0.5,0.0,0.0,43.33,0.8238,1,1,57636,0,YES,1,3,100.0
120,975,SOCIAL_EXPLORER,1,1,1,0,0,0,1,0,1,0,0,1.0,0.0,1.0,0.0,0.0,47.5,0.6987,1,1,36973,1,YES,0,2,100.0
507,209,CAUTIOUS_INTROVERT,1,2,2,0,0,0,1,0,1,1,1,0.5,0.0,0.5,1.0,1.0,35.83,0.2244,0,0,0,0,NO,0,0,17.83
958,932,CAUTIOUS_INTROVERT,0,1,1,1,0,0,1,0,0,0,0,0.5,0.0,0.0,0.0,0.0,33.33,0.3451,1,1,24191,0,NO,0,1,31.8
930,639,SPONTANEOUS_ADVENTURER,1,1,1,0,0,0,1,1,0,0,0,0.5,0.1667,0.0,0.0,0.0,30.83,0.6455,1,1,45187,1,YES,0,2,88.65
644,452,CAUTIOUS_INTROVERT,0,0,1,1,1,0,1,0,0,0,0,1.0,0.0,0.0,0.0,0.0,49.17,0.566,0,0,0,1,SAVE_ONLY,0,1,61.17
833,990,SOCIAL_EXPLORER,0,1,1,1,0,0,1,1,0,0,0,0.3333,0.1429,0.0,0.0,0.0,32.86,0.4982,0,0,0,1,SAVE_ONLY,0,1,44.86
167,721,CAUTIOUS_INTROVERT,1,1,1,0,0,0,1,0,0,0,0,0.3333,0.0,0.0,0.0,0.0,24.17,0.1204,0,0,0,0,NO,0,0,6.17
172,407,SOCIAL_EXPLORER,1,1,1,0,0,0,1,0,0,0,0,0.5,0.0,0.0,0.0,0.0,27.5,0.4801,0,0,0,1,SAVE_ONLY,0,1,39.5
388,401,SPONTANEOUS_ADVENTURER,0,1,0,1,0,1,1,1,2,1,1,0.5,0.25,1.0,1.0,1.0,69.17,1.0,1,1,61143,0,SUPER_LIKE,1,3,100.0
484,240,BUDGET_CONSCIOUS,1,1,2,0,0,0,1,0,0,0,0,1.0,0.0,0.0,0.0,0.0,31.67,0.4247,0,0,0,1,SAVE_ONLY,0,1,43.67
424,516,SOCIAL_EXPLORER,2,1,2,0,0,0,1,0,1,1,0,0.5,0.0,0.5,1.0,0.0,30.83,0.2864,1,0,0,0,NO,0,0,12.83
681,335,BUDGET_CONSCIOUS,2,2,0,0,0,1,1,1,0,0,0,0.5,0.1429,0.0,0.0,0.0,24.52,0.0,0,0,0,0,NO,0,0,6.52
343,996,SOCIAL_EXPLORER,1,2,1,0,0,0,1,1,0,0,0,1.0,0.1429,0.0,0.0,0.0,34.52,0.5287,0,0,0,1,SAVE_ONLY,0,1,46.52
54,357,CAUTIOUS_INTROVERT,1,0,1,0,1,0,1,2,1,1,1,1.0,0.3333,1.0,1.0,1.0,75.0,0.7919,1,0,0,0,YES,1,3,100.0
378,49,BUDGET_CONSCIOUS,1,0,2,0,1,0,1,2,1,0,0,0.5,0.2857,1.0,0.0,0.0,43.21,0.3959,1,0,0,0,NO,0,0,25.21
226,786,SPONTANEOUS_ADVENTURER,1,0,0,0,1,1,1,0,0,1,0,1.0,0.0,0.0,1.0,0.0,59.17,0.6487,1,1,41321,0,YES,0,2,100.0
385,350,BUDGET_CONSCIOUS,2,1,0,0,0,1,1,0,0,0,0,0.5,0.0,0.0,0.0,0.0,27.5,0.0,0,0,0,0,NO,0,0,9.5
173,47,BUDGET_CONSCIOUS,1,1,2,0,0,0,1,2,2,1,0,0.5,0.4,1.0,1.0,0.0,49.67,0.3746,1,1,21069,0,NO,0,1,47.04
97,365,BUDGET_CONSCIOUS,0,1,1,1,0,0,1,0,1,1,0,1.0,0.0,0.3333,1.0,0.0,56.67,0.831,1,1,59190,0,YES,1,3,100.0
787,998,SOCIAL_EXPLORER,2,1,2,0,0,0,1,0,1,0,0,0.5,0.0,0.5,0.0,0.0,20.83,0.1244,1,0,0,0,NO,0,0,2.83
176,28,SOCIAL_EXPLORER,0,1,0,1,0,1,1,1,1,1,0,0.5,0.1429,0.5,1.0,0.0,57.02,0.791,1,1,47570,1,YES,1,3,100.0
1007,819,BUDGET_CONSCIOUS,0,0,1,1,1,0,1,1,1,0,0,0.5,0.25,1.0,0.0,0.0,54.17,0.6899,1,1,36727,1,YES,0,2,100.0
607,488,SOCIAL_EXPLORER,0,0,0,1,1,1,1,1,1,0,1,0.5,0.2,0.5,0.0,1.0,59.0,0.7242,1,1,50787,1,YES,1,3,100.0
990,464,SELECTIVE_PLANNER,1,1,0,0,0,1,1,1,0,0,0,0.5,0.1429,0.0,0.0,0.0,36.19,0.1667,0,0,0,0,NO,0,0,18.19
876,732,BUDGET_CONSCIOUS,0,0,2,1,1,0,1,0,1,1,0,1.0,0.0,1.0,1.0,0.0,63.33,0.8002,0,0,0,0,YES,1,3,100.0
123,372,BUDGET_CONSCIOUS,1,1,1,0,0,0,1,1,2,1,0,1.0,0.1667,1.0,1.0,0.0,60.83,0.6067,1,1,46462,0,NO,0,1,67.09
269,851,SOCIAL_EXPLORER,0,1,1,1,0,0,1,2,1,1,1,0.5,0.4,0.5,1.0,1.0,61.33,0.8317,1,1,49120,1,YES,1,3,100.0
688,74,BUDGET_CONSCIOUS,1,0,0,0,1,1,1,0,1,0,0,0.5,0.0,0.5,0.0,0.0,44.17,0.4419,0,0,0,1,SAVE_ONLY,0,1,56.17
351,402,BUDGET_CONSCIOUS,1,2,2,0,0,0,1,2,1,1,1,1.0,0.4,1.0,1.0,1.0,58.83,0.6193,1,1,41055,0,NO,0,1,63.2
231,69,BUDGET_CONSCIOUS,1,1,1,0,0,0,1,1,0,0,1,0.5,0.1667,0.0,0.0,1.0,35.83,0.3666,0,0,0,0,NO,0,0,17.83
304,722,SELECTIVE_PLANNER,0,1,1,1,0,0,1,0,0,0,0,1.0,0.0,0.0,0.0,0.0,43.33,0.2808,1,1,29027,0,NO,0,1,43.49
807,199,SOCIAL_EXPLORER,0,0,1,1,1,0,1,0,0,0,0,0.5,0.0,0.0,0.0,0.0,39.17,0.4585,1,1,35489,1,SAVE_ONLY,0,1,71.59
677,78,SOCIAL_EXPLORER,1,2,1,0,0,0,1,1,0,0,0,0.5,0.1667,0.0,0.0,0.0,25.0,0.3619,0,0,0,0,NO,0,0,7.0
183,791,CAUTIOUS_INTROVERT,2,0,1,0,1,0,1,0,1,0,0,1.0,0.0,1.0,0.0,0.0,47.5,0.5418,1,1,33508,0,NO,0,1,49.23
414,82,CAUTIOUS_INTROVERT,1,1,0,0,0,1,1,1,1,0,1,1.0,0.1667,0.5,0.0,1.0,56.67,0.6319,1,1,36049,1,YES,0,2,100.0
649,168,BUDGET_CONSCIOUS,0,1,0,1,0,1,1,1,1,1,1,0.5,0.25,1.0,1.0,1.0,69.17,0.7862,1,1,54228,1,YES,1,3,100.0
296,89,SOCIAL_EXPLORER,0,1,1,1,0,0,1,2,0,0,0,1.0,0.5,0.0,0.0,0.0,53.33,0.4498,1,0,0,1,SAVE_ONLY,0,1,65.33
538,70,SOCIAL_EXPLORER,0,1,1,1,0,0,1,1,2,1,0,0.3333,0.25,1.0,1.0,0.0,55.0,0.8379,1,1,51733,0,YES,1,3,100.0
121,507,SELECTIVE_PLANNER,1,2,1,0,0,0,1,1,0,1,0,0.5,0.3333,0.0,1.0,0.0,38.33,0.0711,0,0,0,0,NO,0,0,20.33
1005,685,CAUTIOUS_INTROVERT,0,0,1,1,1,0,1,1,1,1,0,0.5,0.25,1.0,1.0,0.0,64.17,0.5842,0,0,0,1,SAVE_ONLY,0,1,76.17
484,889,BUDGET_CONSCIOUS,1,1,0,0,0,1,1,1,0,0,1,0.5,0.1667,0.0,0.0,1.0,41.67,0.5114,0,0,0,1,SAVE_ONLY,0,1,53.67
989,356,BUDGET_CONSCIOUS,1,2,0,0,0,1,1,1,1,0,1,0.5,0.1429,0.5,0.0,1.0,40.36,0.2888,1,1,18095,0,NO,0,1,36.69
473,865,SOCIAL_EXPLORER,1,1,0,0,0,1,1,1,1,0,1,0.5,0.2,1.0,0.0,1.0,52.33,0.6074,0,0,0,0,NO,0,0,34.33
734,426,SOCIAL_EXPLORER,2,0,1,0,1,0,1,1,0,1,1,0.5,0.1429,0.0,1.0,1.0,45.36,0.711,0,0,0,0,YES,1,3,97.36
177,370,BUDGET_CONSCIOUS,0,0,2,1,1,0,1,0,0,0,0,1.0,0.0,0.0,0.0,0.0,43.33,0.4453,1,0,0,0,NO,0,0,25.33
440,756,SOCIAL_EXPLORER,1,1,0,0,0,1,1,3,0,1,1,0.3333,1.0,0.0,1.0,1.0,65.0,0.9488,1,1,54151,0,SUPER_LIKE,1,3,100.0
747,900,BUDGET_CONSCIOUS,2,1,1,0,0,0,1,1,0,0,0,0.5,0.2,0.0,0.0,0.0,25.67,0.0371,0,0,0,0,NO,0,0,7.67
941,313,SOCIAL_EXPLORER,0,1,1,1,0,0,1,0,0,0,0,1.0,0.0,0.0,0.0,0.0,43.33,0.6912,1,0,0,0,YES,0,2,65.33
173,860,BUDGET_CONSCIOUS,0,1,2,1,0,0,1,1,0,0,0,1.0,0.1429,0.0,0.0,0.0,40.36,0.6155,0,0,0,1,SAVE_ONLY,0,1,52.36
573,443,CAUTIOUS_INTROVERT,1,1,1,0,0,0,1,0,0,0,0,0.5,0.0,0.0,0.0,0.0,27.5,0.2446,1,1,24921,0,NO,0,1,26.22
588,268,SPONTANEOUS_ADVENTURER,1,0,1,0,1,0,1,0,0,0,0,1.0,0.0,0.0,0.0,0.0,43.33,0.7498,1,0,0,0,YES,1,3,95.33
798,213,SELECTIVE_PLANNER,1,1,0,0,0,1,1,3,1,1,0,0.5,0.6,1.0,1.0,0.0,65.33,0.3476,0,0,0,0,NO,0,0,47.33
610,438,SELECTIVE_PLANNER,0,1,1,1,0,0,1,3,1,1,1,0.5,0.6,0.5,1.0,1.0,65.33,0.5735,1,0,0,0,NO,0,0,47.33
117,13,CAUTIOUS_INTROVERT,0,1,2,1,0,0,0,0,0,0,0,0.0,0.0,0.0,0.0,0.0,17.5,0.0,0,0,0,0,NO,0,0,0.0
379,979,CAUTIOUS_INTROVERT,1,2,0,0,0,1,1,0,0,0,1,1.0,0.0,0.0,0.0,1.0,42.5,0.4543,0,0,0,1,SAVE_ONLY,0,1,54.5
487,30,SPONTANEOUS_ADVENTURER,0,1,1,1,0,0,1,1,0,1,0,0.5,0.1667,0.0,1.0,0.0,46.67,0.8615,1,1,56334,1,YES,1,3,100.0
782,217,CAUTIOUS_INTROVERT,0,0,1,1,1,0,1,0,2,0,0,1.0,0.0,1.0,0.0,0.0,59.17,0.4555,0,0,0,1,SAVE_ONLY,0,1,71.17
274,1014,BUDGET_CONSCIOUS,0,0,0,1,1,1,1,3,1,1,1,0.5,1.0,1.0,1.0,1.0,90.0,1.0,1,1,63589,1,YES,1,3,100.0
666,777,CAUTIOUS_INTROVERT,1,2,1,0,0,0,1,1,1,0,1,1.0,0.1667,0.5,0.0,1.0,45.0,0.5716,1,1,41862,0,NO,0,1,49.65
200,284,BUDGET_CONSCIOUS,1,0,1,0,1,0,1,2,1,0,0,0.5,0.5,0.5,0.0,0.0,48.33,0.418,0,0,0,0,NO,0,0,30.33
522,432,SOCIAL_EXPLORER,1,1,0,0,0,1,1,0,0,0,0,0.3333,0.0,0.0,0.0,0.0,30.0,0.5498,0,0,0,0,NO,0,0,12.0
913,640,BUDGET_CONSCIOUS,0,1,0,1,0,1,1,3,1,0,0,0.5,0.6,1.0,0.0,0.0,61.17,0.8085,1,1,57138,1,YES,1,3,100.0
760,818,BUDGET_CONSCIOUS,0,1,0,1,0,1,1,0,0,0,0,0.3333,0.0,0.0,0.0,0.0,35.83,0.5764,0,0,0,1,SAVE_ONLY,0,1,47.83
173,938,BUDGET_CONSCIOUS,0,1,2,1,0,0,1,0,0,0,0,1.0,0.0,0.0,0.0,0.0,37.5,0.6209,0,0,0,1,YES,0,2,71.5
742,763,SELECTIVE_PLANNER,0,0,0,1,1,1,1,1,1,0,0,1.0,0.2,1.0,0.0,0.0,69.0,1.0,1,1,64995,0,YES,1,3,100.0
552,944,SOCIAL_EXPLORER,0,0,2,1,1,0,1,1,1,1,0,1.0,0.1667,1.0,1.0,0.0,66.67,0.6862,1,1,49221,0,YES,0,2,100.0
372,547,SOCIAL_EXPLORER,1,1,0,0,0,1,1,0,0,0,0,0.5,0.0,0.0,0.0,0.0,33.33,0.5958,0,0,0,1,SAVE_ONLY,0,1,45.33
641,318,PASSIVE_BROWSER,1,1,1,0,0,0,1,2,1,1,0,1.0,0.3333,1.0,1.0,0.0,64.17,0.6383,1,0,0,0,YES,0,2,86.17
258,267,CAUTIOUS_INTROVERT,1,1,2,0,0,0,1,0,0,0,0,1.0,0.0,0.0,0.0,0.0,31.67,0.0924,0,0,0,0,NO,0,0,13.67
26,617,SOCIAL_EXPLORER,1,1,0,0,0,1,1,3,1,1,1,1.0,0.6,0.5,1.0,1.0,75.33,1.0,1,1,63383,1,YES,1,3,100.0
242,518,SPONTANEOUS_ADVENTURER,1,0,0,0,1,1,1,1,0,1,0,0.25,0.1667,0.0,1.0,0.0,47.5,0.6913,0,0,0,0,YES,0,2,69.5
593,150,SPONTANEOUS_ADVENTURER,2,2,0,0,0,1,1,2,1,1,1,0.3333,0.3333,1.0,1.0,1.0,50.0,0.6399,1,0,0,0,YES,0,2,72.0
892,695,BUDGET_CONSCIOUS,0,1,0,1,0,1,1,1,0,0,0,1.0,0.2,0.0,0.0,0.0,53.17,0.5732,0,0,0,1,SAVE_ONLY,0,1,65.17
921,499,SPONTANEOUS_ADVENTURER,1,0,1,0,1,0,1,1,1,1,1,0.3333,0.25,0.5,1.0,1.0,55.0,0.87,1,1,61527,0,SUPER_LIKE,1,3,100.0
904,319,BUDGET_CONSCIOUS,0,1,1,1,0,0,1,2,0,1,1,1.0,0.5,0.0,1.0,1.0,68.33,0.7606,1,1,49194,0,YES,1,3,100.0
558,99,SELECTIVE_PLANNER,1,0,1,0,1,0,1,0,0,0,0,1.0,0.0,0.0,0.0,0.0,43.33,0.6765,1,1,41716,0,YES,0,2,87.93
370,131,BUDGET_CONSCIOUS,1,0,0,0,1,1,1,0,0,0,0,1.0,0.0,0.0,0.0,0.0,49.17,0.4436,1,1,27351,0,NO,0,1,48.74
636,70,SPONTANEOUS_ADVENTURER,1,2,0,0,0,1,1,2,1,1,0,0.25,0.5,0.5,1.0,0.0,47.5,0.6134,0,0,0,0,NO,0,0,29.5
479,461,SOCIAL_EXPLORER,0,1,1,1,0,0,1,2,1,1,1,0.5,0.6667,1.0,1.0,1.0,71.67,0.7121,1,1,52127,1,YES,1,3,100.0
381,353,BUDGET_CONSCIOUS,2,0,0,0,1,1,1,1,0,0,0,1.0,0.3333,0.0,0.0,0.0,50.0,0.1183,0,0,0,0,NO,0,0,32.0
279,536,SELECTIVE_PLANNER,2,2,1,0,0,0,1,1,1,0,0,0.5,0.3333,0.5,0.0,0.0,27.5,0.2,1,0,0,0,NO,0,0,9.5
175,713,SPONTANEOUS_ADVENTURER,0,0,0,1,1,1,1,0,0,0,0,0.5,0.0,0.0,0.0,0.0,45.0,0.7363,1,1,41281,0,YES,1,3,100.0
274,685,BUDGET_CONSCIOUS,1,1,2,0,0,0,1,0,1,1,0,0.3333,0.0,1.0,1.0,0.0,38.33,0.5068,1,1,28391,0,NO,0,1,38.27
83,529,BUDGET_CONSCIOUS,1,1,1,0,0,0,1,1,0,0,0,1.0,0.2,0.0,0.0,0.0,41.5,0.4702,1,1,35141,0,NO,0,1,43.8
688,417,BUDGET_CONSCIOUS,1,1,1,0,0,0,1,2,1,1,0,0.5,0.5,1.0,1.0,0.0,57.5,0.4987,0,0,0,1,SAVE_ONLY,0,1,69.5
518,583,BUDGET_CONSCIOUS,0,1,1,1,0,0,1,1,1,0,1,0.3333,0.25,0.5,0.0,1.0,45.0,0.7023,1,1,50544,0,YES,1,3,100.0
673,899,BUDGET_CONSCIOUS,0,0,0,1,1,1,1,1,1,0,1,0.5,0.2,1.0,0.0,1.0,64.0,0.6677,1,0,0,0,YES,0,2,86.0
658,175,SPONTANEOUS_ADVENTURER,0,0,0,1,1,1,1,1,0,0,0,0.3333,0.2,0.0,0.0,0.0,45.67,0.6908,1,1,42045,0,YES,0,2,90.39
407,115,SELECTIVE_PLANNER,1,0,0,0,1,1,1,0,0,0,0,1.0,0.0,0.0,0.0,0.0,49.17,0.6302,0,0,0,0,YES,0,2,71.17
405,639,SOCIAL_EXPLORER,1,1,2,0,0,0,2,1,1,0,0,1.0,0.25,0.3333,0.0,0.0,40.0,0.3818,0,0,0,0,NO,0,0,22.0
142,570,SOCIAL_EXPLORER,1,0,1,0,1,0,1,2,0,0,1,0.3333,0.3333,0.0,0.0,1.0,41.67,0.7024,1,1,46097,1,YES,1,3,100.0
453,995,SPONTANEOUS_ADVENTURER,1,2,0,0,0,1,1,1,1,0,1,1.0,0.2,1.0,0.0,1.0,56.5,0.6721,0,0,0,0,YES,0,2,78.5
899,282,BUDGET_CONSCIOUS,0,2,1,1,0,0,1,0,0,0,0,1.0,0.0,0.0,0.0,0.0,37.5,0.4563,0,0,0,1,SAVE_ONLY,0,1,49.5
751,537,CAUTIOUS_INTROVERT,1,1,1,0,0,0,1,1,1,0,1,0.5,0.2,0.5,0.0,1.0,41.5,0.4985,0,0,0,1,SAVE_ONLY,0,1,53.5
668,188,SOCIAL_EXPLORER,1,1,0,0,0,1,1,2,1,1,1,0.5,0.4,0.5,1.0,1.0,61.33,0.6906,1,1,41673,0,YES,0,2,100.0
773,812,SOCIAL_EXPLORER,2,0,1,0,1,0,1,1,2,1,1,0.5,0.25,1.0,1.0,1.0,57.5,0.6565,1,0,0,0,YES,0,2,79.5
505,396,CAUTIOUS_INTROVERT,1,0,0,0,1,1,1,3,0,1,1,0.3333,0.75,0.0,1.0,1.0,65.83,0.6819,1,1,48766,0,YES,0,2,100.0
345,320,BUDGET_CONSCIOUS,2,1,0,0,0,1,1,0,0,0,0,0.3333,0.0,0.0,0.0,0.0,24.17,0.0,0,0,0,0,NO,0,0,6.17
593,516,SPONTANEOUS_ADVENTURER,2,1,1,0,0,0,1,2,1,0,1,0.5,0.4,1.0,0.0,1.0,44.67,0.7914,1,1,43869,1,YES,1,3,100.0
557,317,SELECTIVE_PLANNER,1,0,1,0,1,0,1,0,0,1,0,0.5,0.0,0.0,1.0,0.0,43.33,0.777,1,0,0,0,YES,1,3,95.33
